UF;nom_mun;Ano;transferencia;VL_CONSOLIDADO;cod_ibge;Código SIAFI
MG;Abadia dos Dourados;2025;AJUSTE FUNDEB - FPE;-9,95;3100104;4001
MG;Abadia dos Dourados;2025;AJUSTE FUNDEB - FPM;-29,88;3100104;4001
MG;Abadia dos Dourados;2025;AJUSTE FUNDEB - ICME;-97,31;3100104;4001
MG;Abadia dos Dourados;2025;AJUSTE FUNDEB - IPIE;-0,92;3100104;4001
MG;Abadia dos Dourados;2025;AJUSTE FUNDEB - IPVA;-15,03;3100104;4001
MG;Abadia dos Dourados;2025;AJUSTE FUNDEB - ITCMD;-2,52;3100104;4001
MG;Abadia dos Dourados;2025;AJUSTE FUNDEB - ITR;-0,31;3100104;4001
MG;Abadia dos Dourados;2025;FUNDEB - FPE;235848,61;3100104;4001
MG;Abadia dos Dourados;2025;FUNDEB - FPM;726580,3;3100104;4001
MG;Abadia dos Dourados;2025;FUNDEB - FUNDEB - FTI;68193,63;3100104;4001
MG;Abadia dos Dourados;2025;FUNDEB - ICMS;2303682,3;3100104;4001
MG;Abadia dos Dourados;2025;FUNDEB - IPI-EXP;29324,78;3100104;4001
MG;Abadia dos Dourados;2025;FUNDEB - IPVA;334553,08;3100104;4001
MG;Abadia dos Dourados;2025;FUNDEB - ITCMD;57902,67;3100104;4001
MG;Abadia dos Dourados;2025;FUNDEB - ITR;8318,03;3100104;4001
MG;Abaeté;2025;AJUSTE FUNDEB - FPE;-36,76;3100203;4003
MG;Abaeté;2025;AJUSTE FUNDEB - FPM;-110,16;3100203;4003
MG;Abaeté;2025;AJUSTE FUNDEB - ICME;-358,77;3100203;4003
MG;Abaeté;2025;AJUSTE FUNDEB - IPIE;-3,41;3100203;4003
MG;Abaeté;2025;AJUSTE FUNDEB - IPVA;-55,08;3100203;4003
MG;Abaeté;2025;AJUSTE FUNDEB - ITCMD;-9,28;3100203;4003
MG;Abaeté;2025;AJUSTE FUNDEB - ITR;-1,2;3100203;4003
MG;Abaeté;2025;FUNDEB - COUN VAAT;964998,13;3100203;4003
MG;Abaeté;2025;FUNDEB - FPE;1008669,46;3100203;4003
MG;Abaeté;2025;FUNDEB - FPM;3107414,15;3100203;4003
MG;Abaeté;2025;FUNDEB - FUNDEB - FTI;24229,51;3100203;4003
MG;Abaeté;2025;FUNDEB - ICMS;9836702,42;3100203;4003
MG;Abaeté;2025;FUNDEB - IPI-EXP;125415,23;3100203;4003
MG;Abaeté;2025;FUNDEB - IPVA;1430706,88;3100203;4003
MG;Abaeté;2025;FUNDEB - ITCMD;247433,08;3100203;4003
MG;Abaeté;2025;FUNDEB - ITR;35525,93;3100203;4003
MG;Abre Campo;2025;AJUSTE FUNDEB - AJUSTE FUNDEB VAAR;-19630,05;3100302;4005
MG;Abre Campo;2025;AJUSTE FUNDEB - FPE;-13,65;3100302;4005
MG;Abre Campo;2025;AJUSTE FUNDEB - FPM;-40,9;3100302;4005
MG;Abre Campo;2025;AJUSTE FUNDEB - ICME;-133,17;3100302;4005
MG;Abre Campo;2025;AJUSTE FUNDEB - IPIE;-1,26;3100302;4005
MG;Abre Campo;2025;AJUSTE FUNDEB - IPVA;-20,52;3100302;4005
MG;Abre Campo;2025;AJUSTE FUNDEB - ITCMD;-3,44;3100302;4005
MG;Abre Campo;2025;AJUSTE FUNDEB - ITR;-0,46;3100302;4005
MG;Abre Campo;2025;FUNDEB - COUN VAAR;288805,38;3100302;4005
MG;Abre Campo;2025;FUNDEB - FPE;385968,71;3100302;4005
MG;Abre Campo;2025;FUNDEB - FPM;1189056,21;3100302;4005
MG;Abre Campo;2025;FUNDEB - ICMS;3767640,31;3100302;4005
MG;Abre Campo;2025;FUNDEB - IPI-EXP;47990,29;3100302;4005
MG;Abre Campo;2025;FUNDEB - IPVA;547426,79;3100302;4005
MG;Abre Campo;2025;FUNDEB - ITCMD;94608,05;3100302;4005
MG;Abre Campo;2025;FUNDEB - ITR;13576,8;3100302;4005
MG;Acaiaca;2025;AJUSTE FUNDEB - FPE;-8,88;3100401;4007
MG;Acaiaca;2025;AJUSTE FUNDEB - FPM;-26,69;3100401;4007
MG;Acaiaca;2025;AJUSTE FUNDEB - ICME;-87,1;3100401;4007
MG;Acaiaca;2025;AJUSTE FUNDEB - IPIE;-0,85;3100401;4007
MG;Acaiaca;2025;AJUSTE FUNDEB - IPVA;-13,3;3100401;4007
MG;Acaiaca;2025;AJUSTE FUNDEB - ITCMD;-2,27;3100401;4007
MG;Acaiaca;2025;AJUSTE FUNDEB - ITR;-0,29;3100401;4007
MG;Acaiaca;2025;FUNDEB - FPE;212414,68;3100401;4007
MG;Acaiaca;2025;FUNDEB - FPM;654387,22;3100401;4007
MG;Acaiaca;2025;FUNDEB - FUNDEB - FTI;23776,35;3100401;4007
MG;Acaiaca;2025;FUNDEB - ICMS;2073446,27;3100401;4007
MG;Acaiaca;2025;FUNDEB - IPI-EXP;26411,1;3100401;4007
MG;Acaiaca;2025;FUNDEB - IPVA;301309,35;3100401;4007
MG;Acaiaca;2025;FUNDEB - ITCMD;52144,52;3100401;4007
MG;Acaiaca;2025;FUNDEB - ITR;7490,38;3100401;4007
MG;Açucena;2025;AJUSTE FUNDEB - AJUSTE FUNDEB VAAR;-5877,8;3100500;4009
MG;Açucena;2025;AJUSTE FUNDEB - FPE;-11,2;3100500;4009
MG;Açucena;2025;AJUSTE FUNDEB - FPM;-33,74;3100500;4009
MG;Açucena;2025;AJUSTE FUNDEB - ICME;-109,59;3100500;4009
MG;Açucena;2025;AJUSTE FUNDEB - IPIE;-1,07;3100500;4009
MG;Açucena;2025;AJUSTE FUNDEB - IPVA;-16,88;3100500;4009
MG;Açucena;2025;AJUSTE FUNDEB - ITCMD;-2,78;3100500;4009
MG;Açucena;2025;AJUSTE FUNDEB - ITR;-0,33;3100500;4009
MG;Açucena;2025;FUNDEB - COUN VAAR;23990,54;3100500;4009
MG;Açucena;2025;FUNDEB - FPE;266730,3;3100500;4009
MG;Açucena;2025;FUNDEB - FPM;821717,76;3100500;4009
MG;Açucena;2025;FUNDEB - FUNDEB - FTI;113859,8;3100500;4009
MG;Açucena;2025;FUNDEB - ICMS;2607289,29;3100500;4009
MG;Açucena;2025;FUNDEB - IPI-EXP;33164,53;3100500;4009
MG;Açucena;2025;FUNDEB - IPVA;378383,97;3100500;4009
MG;Açucena;2025;FUNDEB - ITCMD;65535,87;3100500;4009
MG;Açucena;2025;FUNDEB - ITR;9419,41;3100500;4009
MG;Água Boa;2025;AJUSTE FUNDEB - AJUSTE FUNDEB VAAT;32913,48;3100609;4011
MG;Água Boa;2025;AJUSTE FUNDEB - FPE;-15,76;3100609;4011
MG;Água Boa;2025;AJUSTE FUNDEB - FPM;-47,28;3100609;4011
MG;Água Boa;2025;AJUSTE FUNDEB - ICME;-153,88;3100609;4011
MG;Água Boa;2025;AJUSTE FUNDEB - IPIE;-1,54;3100609;4011
MG;Água Boa;2025;AJUSTE FUNDEB - IPVA;-23,7;3100609;4011
MG;Água Boa;2025;AJUSTE FUNDEB - ITCMD;-4;3100609;4011
MG;Água Boa;2025;AJUSTE FUNDEB - ITR;-0,51;3100609;4011
MG;Água Boa;2025;FUNDEB - COUN VAAT;79801,43;3100609;4011
MG;Água Boa;2025;FUNDEB - FPE;393732,31;3100609;4011
MG;Água Boa;2025;FUNDEB - FPM;1212973,54;3100609;4011
MG;Água Boa;2025;FUNDEB - ICMS;3846075,74;3100609;4011
MG;Água Boa;2025;FUNDEB - IPI-EXP;48955,62;3100609;4011
MG;Água Boa;2025;FUNDEB - IPVA;558583,95;3100609;4011
MG;Água Boa;2025;FUNDEB - ITCMD;96812,33;3100609;4011
MG;Água Boa;2025;FUNDEB - ITR;13921,57;3100609;4011
MG;Água Comprida;2025;AJUSTE FUNDEB - FPE;-4,71;3100708;4013
MG;Água Comprida;2025;AJUSTE FUNDEB - FPM;-14,28;3100708;4013
MG;Água Comprida;2025;AJUSTE FUNDEB - ICME;-46,22;3100708;4013
MG;Água Comprida;2025;AJUSTE FUNDEB - IPIE;-0,43;3100708;4013
MG;Água Comprida;2025;AJUSTE FUNDEB - IPVA;-7,15;3100708;4013
MG;Água Comprida;2025;AJUSTE FUNDEB - ITCMD;-1,13;3100708;4013
MG;Água Comprida;2025;AJUSTE FUNDEB - ITR;-0,16;3100708;4013
MG;Água Comprida;2025;FUNDEB - FPE;102768,78;3100708;4013
MG;Água Comprida;2025;FUNDEB - FPM;316600,42;3100708;4013
MG;Água Comprida;2025;FUNDEB - ICMS;1002658,04;3100708;4013
MG;Água Comprida;2025;FUNDEB - IPI-EXP;12778;3100708;4013
MG;Água Comprida;2025;FUNDEB - IPVA;145783,44;3100708;4013
MG;Água Comprida;2025;FUNDEB - ITCMD;25241,07;3100708;4013
MG;Água Comprida;2025;FUNDEB - ITR;3626,99;3100708;4013
MG;Aguanil;2025;AJUSTE FUNDEB - AJUSTE FUNDEB VAAT;-3637,35;3100807;4015
MG;Aguanil;2025;AJUSTE FUNDEB - FPE;-10,8;3100807;4015
MG;Aguanil;2025;AJUSTE FUNDEB - FPM;-32,38;3100807;4015
MG;Aguanil;2025;AJUSTE FUNDEB - ICME;-105,37;3100807;4015
MG;Aguanil;2025;AJUSTE FUNDEB - IPIE;-1,03;3100807;4015
MG;Aguanil;2025;AJUSTE FUNDEB - IPVA;-16,21;3100807;4015
MG;Aguanil;2025;AJUSTE FUNDEB - ITCMD;-2,69;3100807;4015
MG;Aguanil;2025;AJUSTE FUNDEB - ITR;-0,34;3100807;4015
MG;Aguanil;2025;FUNDEB - COUN VAAT;3637,35;3100807;4015
MG;Aguanil;2025;FUNDEB - FPE;283585,02;3100807;4015
MG;Aguanil;2025;FUNDEB - FPM;873642,1;3100807;4015
MG;Aguanil;2025;FUNDEB - FUNDEB - FTI;137134,92;3100807;4015
MG;Aguanil;2025;FUNDEB - ICMS;2766037,77;3100807;4015
MG;Aguanil;2025;FUNDEB - IPI-EXP;35260,17;3100807;4015
MG;Aguanil;2025;FUNDEB - IPVA;402225,47;3100807;4015
MG;Aguanil;2025;FUNDEB - ITCMD;69535,61;3100807;4015
MG;Aguanil;2025;FUNDEB - ITR;9981,02;3100807;4015
MG;Águas Formosas;2025;AJUSTE FUNDEB - FPE;-24,21;3100906;4017
MG;Águas Formosas;2025;AJUSTE FUNDEB - FPM;-72,63;3100906;4017
MG;Águas Formosas;2025;AJUSTE FUNDEB - ICME;-236,4;3100906;4017
MG;Águas Formosas;2025;AJUSTE FUNDEB - IPIE;-2,22;3100906;4017
MG;Águas Formosas;2025;AJUSTE FUNDEB - IPVA;-36,22;3100906;4017
MG;Águas Formosas;2025;AJUSTE FUNDEB - ITCMD;-6,12;3100906;4017
MG;Águas Formosas;2025;AJUSTE FUNDEB - ITR;-0,76;3100906;4017
MG;Águas Formosas;2025;FUNDEB - FPE;609147,18;3100906;4017
MG;Águas Formosas;2025;FUNDEB - FPM;1876603,47;3100906;4017
MG;Águas Formosas;2025;FUNDEB - FUNDEB - FTI;148556,88;3100906;4017
MG;Águas Formosas;2025;FUNDEB - ICMS;5942110,35;3100906;4017
MG;Águas Formosas;2025;FUNDEB - IPI-EXP;75739,69;3100906;4017
MG;Águas Formosas;2025;FUNDEB - IPVA;864072,27;3100906;4017
MG;Águas Formosas;2025;FUNDEB - ITCMD;149534,49;3100906;4017
MG;Águas Formosas;2025;FUNDEB - ITR;21479,93;3100906;4017
MG;Águas Vermelhas;2025;AJUSTE FUNDEB - AJUSTE FUNDEB VAAR;-192,5;3101003;4019
MG;Águas Vermelhas;2025;AJUSTE FUNDEB - AJUSTE FUNDEB VAAT;55227,46;3101003;4019
MG;Águas Vermelhas;2025;AJUSTE FUNDEB - FPE;-29,32;3101003;4019
MG;Águas Vermelhas;2025;AJUSTE FUNDEB - FPM;-87,85;3101003;4019
MG;Águas Vermelhas;2025;AJUSTE FUNDEB - ICME;-286,03;3101003;4019
MG;Águas Vermelhas;2025;AJUSTE FUNDEB - IPIE;-2,74;3101003;4019
MG;Águas Vermelhas;2025;AJUSTE FUNDEB - IPVA;-44,12;3101003;4019
MG;Águas Vermelhas;2025;AJUSTE FUNDEB - ITCMD;-7,39;3101003;4019
MG;Águas Vermelhas;2025;AJUSTE FUNDEB - ITR;-0,95;3101003;4019
MG;Águas Vermelhas;2025;FUNDEB - COUN VAAR;26163,44;3101003;4019
MG;Águas Vermelhas;2025;FUNDEB - COUN VAAT;2608303,46;3101003;4019
MG;Águas Vermelhas;2025;FUNDEB - FPE;806851,25;3101003;4019
MG;Águas Vermelhas;2025;FUNDEB - FPM;2485671,51;3101003;4019
MG;Águas Vermelhas;2025;FUNDEB - FUNDEB - FTI;276333,91;3101003;4019
MG;Águas Vermelhas;2025;FUNDEB - ICMS;7846344,85;3101003;4019
MG;Águas Vermelhas;2025;FUNDEB - IPI-EXP;100321,66;3101003;4019
MG;Águas Vermelhas;2025;FUNDEB - IPVA;1144470,73;3101003;4019
MG;Águas Vermelhas;2025;FUNDEB - ITCMD;197977,16;3101003;4019
MG;Águas Vermelhas;2025;FUNDEB - ITR;28430,02;3101003;4019
MG;Aimorés;2025;AJUSTE FUNDEB - AJUSTE FUNDEB VAAR;-40731,76;3101102;4021
MG;Aimorés;2025;AJUSTE FUNDEB - AJUSTE FUNDEB VAAT;84995,25;3101102;4021
MG;Aimorés;2025;AJUSTE FUNDEB - FPE;-46,53;3101102;4021
MG;Aimorés;2025;AJUSTE FUNDEB - FPM;-139,6;3101102;4021
MG;Aimorés;2025;AJUSTE FUNDEB - ICME;-454,27;3101102;4021
MG;Aimorés;2025;AJUSTE FUNDEB - IPIE;-4,33;3101102;4021
MG;Aimorés;2025;AJUSTE FUNDEB - IPVA;-69,84;3101102;4021
MG;Aimorés;2025;AJUSTE FUNDEB - ITCMD;-11,74;3101102;4021
MG;Aimorés;2025;AJUSTE FUNDEB - ITR;-1,53;3101102;4021
MG;Aimorés;2025;FUNDEB - COUN VAAR;587127,81;3101102;4021
MG;Aimorés;2025;FUNDEB - COUN VAAT;255782,83;3101102;4021
MG;Aimorés;2025;FUNDEB - FPE;1147221,36;3101102;4021
MG;Aimorés;2025;FUNDEB - FPM;3534251,94;3101102;4021
MG;Aimorés;2025;FUNDEB - FUNDEB - FTI;315853,97;3101102;4021
MG;Aimorés;2025;FUNDEB - ICMS;11185325,93;3101102;4021
MG;Aimorés;2025;FUNDEB - IPI-EXP;142642,36;3101102;4021
MG;Aimorés;2025;FUNDEB - IPVA;1627427,12;3101102;4021
MG;Aimorés;2025;FUNDEB - ITCMD;281826,95;3101102;4021
MG;Aimorés;2025;FUNDEB - ITR;40502,42;3101102;4021
MG;Aiuruoca;2025;AJUSTE FUNDEB - AJUSTE FUNDEB VAAR;-6617,45;3101201;4023
MG;Aiuruoca;2025;AJUSTE FUNDEB - FPE;-8,94;3101201;4023
MG;Aiuruoca;2025;AJUSTE FUNDEB - FPM;-26,94;3101201;4023
MG;Aiuruoca;2025;AJUSTE FUNDEB - ICME;-87,62;3101201;4023
MG;Aiuruoca;2025;AJUSTE FUNDEB - IPIE;-0,8;3101201;4023
MG;Aiuruoca;2025;AJUSTE FUNDEB - IPVA;-13,56;3101201;4023
MG;Aiuruoca;2025;AJUSTE FUNDEB - ITCMD;-2,33;3101201;4023
MG;Aiuruoca;2025;AJUSTE FUNDEB - ITR;-0,29;3101201;4023
MG;Aiuruoca;2025;FUNDEB - COUN VAAR;105872,03;3101201;4023
MG;Aiuruoca;2025;FUNDEB - FPE;209873,03;3101201;4023
MG;Aiuruoca;2025;FUNDEB - FPM;646557,11;3101201;4023
MG;Aiuruoca;2025;FUNDEB - FUNDEB - FTI;46493,98;3101201;4023
MG;Aiuruoca;2025;FUNDEB - ICMS;2053848,79;3101201;4023
MG;Aiuruoca;2025;FUNDEB - IPI-EXP;26095,02;3101201;4023
MG;Aiuruoca;2025;FUNDEB - IPVA;297698,19;3101201;4023
MG;Aiuruoca;2025;FUNDEB - ITCMD;51508,08;3101201;4023
MG;Aiuruoca;2025;FUNDEB - ITR;7397,77;3101201;4023
MG;Alagoa;2025;AJUSTE FUNDEB - AJUSTE FUNDEB VAAR;-5583,23;3101300;4025
MG;Alagoa;2025;AJUSTE FUNDEB - FPE;-8,05;3101300;4025
MG;Alagoa;2025;AJUSTE FUNDEB - FPM;-24,16;3101300;4025
MG;Alagoa;2025;AJUSTE FUNDEB - ICME;-78,71;3101300;4025
MG;Alagoa;2025;AJUSTE FUNDEB - IPIE;-0,68;3101300;4025
MG;Alagoa;2025;AJUSTE FUNDEB - IPVA;-12,19;3101300;4025
MG;Alagoa;2025;AJUSTE FUNDEB - ITCMD;-2,04;3101300;4025
MG;Alagoa;2025;AJUSTE FUNDEB - ITR;-0,25;3101300;4025
MG;Alagoa;2025;FUNDEB - COUN VAAR;89325,63;3101300;4025
MG;Alagoa;2025;FUNDEB - FPE;169632,91;3101300;4025
MG;Alagoa;2025;FUNDEB - FPM;522589,12;3101300;4025
MG;Alagoa;2025;FUNDEB - ICMS;1657582,23;3101300;4025
MG;Alagoa;2025;FUNDEB - IPI-EXP;21091,66;3101300;4025
MG;Alagoa;2025;FUNDEB - IPVA;240694,06;3101300;4025
MG;Alagoa;2025;FUNDEB - ITCMD;41787,47;3101300;4025
MG;Alagoa;2025;FUNDEB - ITR;6016,3;3101300;4025
MG;Albertina;2025;AJUSTE FUNDEB - AJUSTE FUNDEB VAAR;-5974,02;3101409;4027
MG;Albertina;2025;AJUSTE FUNDEB - FPE;-13,36;3101409;4027
MG;Albertina;2025;AJUSTE FUNDEB - FPM;-39,85;3101409;4027
MG;Albertina;2025;AJUSTE FUNDEB - ICME;-129,72;3101409;4027
MG;Albertina;2025;AJUSTE FUNDEB - IPIE;-1,2;3101409;4027
MG;Albertina;2025;AJUSTE FUNDEB - IPVA;-19,82;3101409;4027
MG;Albertina;2025;AJUSTE FUNDEB - ITCMD;-3,38;3101409;4027
MG;Albertina;2025;AJUSTE FUNDEB - ITR;-0,44;3101409;4027
MG;Albertina;2025;FUNDEB - COUN VAAR;24501,15;3101409;4027
MG;Albertina;2025;FUNDEB - FPE;305789,81;3101409;4027
MG;Albertina;2025;FUNDEB - FPM;942048,52;3101409;4027
MG;Albertina;2025;FUNDEB - ICMS;2980051,59;3101409;4027
MG;Albertina;2025;FUNDEB - IPI-EXP;38021,06;3101409;4027
MG;Albertina;2025;FUNDEB - IPVA;433716,6;3101409;4027
MG;Albertina;2025;FUNDEB - ITCMD;74973,57;3101409;4027
MG;Albertina;2025;FUNDEB - ITR;10760,89;3101409;4027
MG;Além Paraíba;2025;AJUSTE FUNDEB - FPE;-69,51;3101508;4029
MG;Além Paraíba;2025;AJUSTE FUNDEB - FPM;-208,41;3101508;4029
MG;Além Paraíba;2025;AJUSTE FUNDEB - ICME;-678,1;3101508;4029
MG;Além Paraíba;2025;AJUSTE FUNDEB - IPIE;-6,49;3101508;4029
MG;Além Paraíba;2025;AJUSTE FUNDEB - IPVA;-104,23;3101508;4029
MG;Além Paraíba;2025;AJUSTE FUNDEB - ITCMD;-17,57;3101508;4029
MG;Além Paraíba;2025;AJUSTE FUNDEB - ITR;-2,34;3101508;4029
MG;Além Paraíba;2025;FUNDEB - COUN VAAT;323522,43;3101508;4029
MG;Além Paraíba;2025;FUNDEB - FPE;1690995,31;3101508;4029
MG;Além Paraíba;2025;FUNDEB - FPM;5209459,61;3101508;4029
MG;Além Paraíba;2025;FUNDEB - FUNDEB - FTI;495098,26;3101508;4029
MG;Além Paraíba;2025;FUNDEB - ICMS;16488856,97;3101508;4029
MG;Além Paraíba;2025;FUNDEB - IPI-EXP;210253,74;3101508;4029
MG;Além Paraíba;2025;FUNDEB - IPVA;2398610,39;3101508;4029
MG;Além Paraíba;2025;FUNDEB - ITCMD;414988,82;3101508;4029
MG;Além Paraíba;2025;FUNDEB - ITR;59599,91;3101508;4029
MG;Alfenas;2025;AJUSTE FUNDEB - FPE;-134,6;3101607;4031
MG;Alfenas;2025;AJUSTE FUNDEB - FPM;-403,45;3101607;4031
MG;Alfenas;2025;AJUSTE FUNDEB - ICME;-1313,07;3101607;4031
MG;Alfenas;2025;AJUSTE FUNDEB - IPIE;-12,56;3101607;4031
MG;Alfenas;2025;AJUSTE FUNDEB - IPVA;-201,89;3101607;4031
MG;Alfenas;2025;AJUSTE FUNDEB - ITCMD;-34,04;3101607;4031
MG;Alfenas;2025;AJUSTE FUNDEB - ITR;-4,41;3101607;4031
MG;Alfenas;2025;FUNDEB - FPE;3379504,77;3101607;4031
MG;Alfenas;2025;FUNDEB - FPM;10411260,95;3101607;4031
MG;Alfenas;2025;FUNDEB - ICMS;32957975,54;3101607;4031
MG;Alfenas;2025;FUNDEB - IPI-EXP;420198,35;3101607;4031
MG;Alfenas;2025;FUNDEB - IPVA;4793852,41;3101607;4031
MG;Alfenas;2025;FUNDEB - ITCMD;829693,34;3101607;4031
MG;Alfenas;2025;FUNDEB - ITR;119189,69;3101607;4031
MG;Alfredo Vasconcelos;2025;AJUSTE FUNDEB - AJUSTE FUNDEB VAAR;-8880,3;3101631;2681
MG;Alfredo Vasconcelos;2025;AJUSTE FUNDEB - FPE;-11,41;3101631;2681
MG;Alfredo Vasconcelos;2025;AJUSTE FUNDEB - FPM;-34,15;3101631;2681
MG;Alfredo Vasconcelos;2025;AJUSTE FUNDEB - ICME;-111,08;3101631;2681
MG;Alfredo Vasconcelos;2025;AJUSTE FUNDEB - IPIE;-1,06;3101631;2681
MG;Alfredo Vasconcelos;2025;AJUSTE FUNDEB - IPVA;-17,07;3101631;2681
MG;Alfredo Vasconcelos;2025;AJUSTE FUNDEB - ITCMD;-2,87;3101631;2681
MG;Alfredo Vasconcelos;2025;AJUSTE FUNDEB - ITR;-0,35;3101631;2681
MG;Alfredo Vasconcelos;2025;FUNDEB - COUN VAAR;142075,05;3101631;2681
MG;Alfredo Vasconcelos;2025;FUNDEB - FPE;278615,21;3101631;2681
MG;Alfredo Vasconcelos;2025;FUNDEB - FPM;858331,49;3101631;2681
MG;Alfredo Vasconcelos;2025;FUNDEB - ICMS;2721180,98;3101631;2681
MG;Alfredo Vasconcelos;2025;FUNDEB - IPI-EXP;34642,25;3101631;2681
MG;Alfredo Vasconcelos;2025;FUNDEB - IPVA;395209,85;3101631;2681
MG;Alfredo Vasconcelos;2025;FUNDEB - ITCMD;68385,72;3101631;2681
MG;Alfredo Vasconcelos;2025;FUNDEB - ITR;9822,43;3101631;2681
MG;Almenara;2025;AJUSTE FUNDEB - AJUSTE FUNDEB VAAR;-163544,89;3101706;4033
MG;Almenara;2025;AJUSTE FUNDEB - FPE;-94,55;3101706;4033
MG;Almenara;2025;AJUSTE FUNDEB - FPM;-283,56;3101706;4033
MG;Almenara;2025;AJUSTE FUNDEB - ICME;-922,8;3101706;4033
MG;Almenara;2025;AJUSTE FUNDEB - IPIE;-8,85;3101706;4033
MG;Almenara;2025;AJUSTE FUNDEB - IPVA;-141,89;3101706;4033
MG;Almenara;2025;AJUSTE FUNDEB - ITCMD;-23,86;3101706;4033
MG;Almenara;2025;AJUSTE FUNDEB - ITR;-3,08;3101706;4033
MG;Almenara;2025;FUNDEB - COUN VAAR;1954285,28;3101706;4033
MG;Almenara;2025;FUNDEB - COUN VAAT;236737,67;3101706;4033
MG;Almenara;2025;FUNDEB - FPE;2236335,78;3101706;4033
MG;Almenara;2025;FUNDEB - FPM;6889493,43;3101706;4033
MG;Almenara;2025;FUNDEB - FUNDEB - FTI;770357,68;3101706;4033
MG;Almenara;2025;FUNDEB - ICMS;21846240,95;3101706;4033
MG;Almenara;2025;FUNDEB - IPI-EXP;278059,88;3101706;4033
MG;Almenara;2025;FUNDEB - IPVA;3172258,2;3101706;4033
MG;Almenara;2025;FUNDEB - ITCMD;549035,58;3101706;4033
MG;Almenara;2025;FUNDEB - ITR;78871,66;3101706;4033
MG;Alpercata;2025;AJUSTE FUNDEB - FPE;-18,35;3101805;4035
MG;Alpercata;2025;AJUSTE FUNDEB - FPM;-55;3101805;4035
MG;Alpercata;2025;AJUSTE FUNDEB - ICME;-178,87;3101805;4035
MG;Alpercata;2025;AJUSTE FUNDEB - IPIE;-1,71;3101805;4035
MG;Alpercata;2025;AJUSTE FUNDEB - IPVA;-27,48;3101805;4035
MG;Alpercata;2025;AJUSTE FUNDEB - ITCMD;-4,64;3101805;4035
MG;Alpercata;2025;AJUSTE FUNDEB - ITR;-0,58;3101805;4035
MG;Alpercata;2025;FUNDEB - FPE;444763,45;3101805;4035
MG;Alpercata;2025;FUNDEB - FPM;1370185,5;3101805;4035
MG;Alpercata;2025;FUNDEB - ICMS;4345749,36;3101805;4035
MG;Alpercata;2025;FUNDEB - IPI-EXP;55300,65;3101805;4035
MG;Alpercata;2025;FUNDEB - IPVA;630882,8;3101805;4035
MG;Alpercata;2025;FUNDEB - ITCMD;109156,68;3101805;4035
MG;Alpercata;2025;FUNDEB - ITR;15677,51;3101805;4035
MG;Alpinópolis;2025;AJUSTE FUNDEB - AJUSTE FUNDEB VAAR;-10196,45;3101904;4037
MG;Alpinópolis;2025;AJUSTE FUNDEB - FPE;-26,44;3101904;4037
MG;Alpinópolis;2025;AJUSTE FUNDEB - FPM;-79,3;3101904;4037
MG;Alpinópolis;2025;AJUSTE FUNDEB - ICME;-258,02;3101904;4037
MG;Alpinópolis;2025;AJUSTE FUNDEB - IPIE;-2,49;3101904;4037
MG;Alpinópolis;2025;AJUSTE FUNDEB - IPVA;-39,82;3101904;4037
MG;Alpinópolis;2025;AJUSTE FUNDEB - ITCMD;-6,75;3101904;4037
MG;Alpinópolis;2025;AJUSTE FUNDEB - ITR;-0,89;3101904;4037
MG;Alpinópolis;2025;FUNDEB - COUN VAAR;55861,7;3101904;4037
MG;Alpinópolis;2025;FUNDEB - FPE;741871,89;3101904;4037
MG;Alpinópolis;2025;FUNDEB - FPM;2285489,24;3101904;4037
MG;Alpinópolis;2025;FUNDEB - ICMS;7231236,73;3101904;4037
MG;Alpinópolis;2025;FUNDEB - IPI-EXP;92242,34;3101904;4037
MG;Alpinópolis;2025;FUNDEB - IPVA;1052265,7;3101904;4037
MG;Alpinópolis;2025;FUNDEB - ITCMD;181959,44;3101904;4037
MG;Alpinópolis;2025;FUNDEB - ITR;26122,87;3101904;4037
MG;Alterosa;2025;AJUSTE FUNDEB - AJUSTE FUNDEB VAAR;-22270,75;3102001;4039
MG;Alterosa;2025;AJUSTE FUNDEB - FPE;-33,64;3102001;4039
MG;Alterosa;2025;AJUSTE FUNDEB - FPM;-100,92;3102001;4039
MG;Alterosa;2025;AJUSTE FUNDEB - ICME;-328,38;3102001;4039
MG;Alterosa;2025;AJUSTE FUNDEB - IPIE;-3,19;3102001;4039
MG;Alterosa;2025;AJUSTE FUNDEB - IPVA;-50,35;3102001;4039
MG;Alterosa;2025;AJUSTE FUNDEB - ITCMD;-8,49;3102001;4039
MG;Alterosa;2025;AJUSTE FUNDEB - ITR;-1,1;3102001;4039
MG;Alterosa;2025;FUNDEB - COUN VAAR;356307,31;3102001;4039
MG;Alterosa;2025;FUNDEB - FPE;726764,01;3102001;4039
MG;Alterosa;2025;FUNDEB - FPM;2238946,41;3102001;4039
MG;Alterosa;2025;FUNDEB - FUNDEB - FTI;110986,8;3102001;4039
MG;Alterosa;2025;FUNDEB - ICMS;7097163,99;3102001;4039
MG;Alterosa;2025;FUNDEB - IPI-EXP;90363,87;3102001;4039
MG;Alterosa;2025;FUNDEB - IPVA;1031010,43;3102001;4039
MG;Alterosa;2025;FUNDEB - ITCMD;178612,27;3102001;4039
MG;Alterosa;2025;FUNDEB - ITR;25676,15;3102001;4039
MG;Alto Caparaó;2025;AJUSTE FUNDEB - FPE;-14,75;3102050;564
MG;Alto Caparaó;2025;AJUSTE FUNDEB - FPM;-44,12;3102050;564
MG;Alto Caparaó;2025;AJUSTE FUNDEB - ICME;-143,76;3102050;564
MG;Alto Caparaó;2025;AJUSTE FUNDEB - IPIE;-1,34;3102050;564
MG;Alto Caparaó;2025;AJUSTE FUNDEB - IPVA;-22,19;3102050;564
MG;Alto Caparaó;2025;AJUSTE FUNDEB - ITCMD;-3,77;3102050;564
MG;Alto Caparaó;2025;AJUSTE FUNDEB - ITR;-0,52;3102050;564
MG;Alto Caparaó;2025;FUNDEB - FPE;364606,64;3102050;564
MG;Alto Caparaó;2025;FUNDEB - FPM;1123245,83;3102050;564
MG;Alto Caparaó;2025;FUNDEB - ICMS;3555684,51;3102050;564
MG;Alto Caparaó;2025;FUNDEB - IPI-EXP;45334,16;3102050;564
MG;Alto Caparaó;2025;FUNDEB - IPVA;517194,88;3102050;564
MG;Alto Caparaó;2025;FUNDEB - ITCMD;89508,81;3102050;564
MG;Alto Caparaó;2025;FUNDEB - ITR;12857,94;3102050;564
MG;Alto Jequitibá;2025;AJUSTE FUNDEB - AJUSTE FUNDEB VAAT;23742,71;3153509;5069
MG;Alto Jequitibá;2025;AJUSTE FUNDEB - FPE;-11,68;3153509;5069
MG;Alto Jequitibá;2025;AJUSTE FUNDEB - FPM;-34,96;3153509;5069
MG;Alto Jequitibá;2025;AJUSTE FUNDEB - ICME;-113,74;3153509;5069
MG;Alto Jequitibá;2025;AJUSTE FUNDEB - IPIE;-1,08;3153509;5069
MG;Alto Jequitibá;2025;AJUSTE FUNDEB - IPVA;-17,38;3153509;5069
MG;Alto Jequitibá;2025;AJUSTE FUNDEB - ITCMD;-2,92;3153509;5069
MG;Alto Jequitibá;2025;AJUSTE FUNDEB - ITR;-0,37;3153509;5069
MG;Alto Jequitibá;2025;FUNDEB - COUN VAAT;1003994,49;3153509;5069
MG;Alto Jequitibá;2025;FUNDEB - FPE;383777,09;3153509;5069
MG;Alto Jequitibá;2025;FUNDEB - FPM;1182304,43;3153509;5069
MG;Alto Jequitibá;2025;FUNDEB - FUNDEB - FTI;38150,01;3153509;5069
MG;Alto Jequitibá;2025;FUNDEB - ICMS;3736164,14;3153509;5069
MG;Alto Jequitibá;2025;FUNDEB - IPI-EXP;47717,8;3153509;5069
MG;Alto Jequitibá;2025;FUNDEB - IPVA;544323,92;3153509;5069
MG;Alto Jequitibá;2025;FUNDEB - ITCMD;94082,14;3153509;5069
MG;Alto Jequitibá;2025;FUNDEB - ITR;13502,36;3153509;5069
MG;Alto Rio Doce;2025;AJUSTE FUNDEB - FPE;-15,14;3102100;4041
MG;Alto Rio Doce;2025;AJUSTE FUNDEB - FPM;-45,32;3102100;4041
MG;Alto Rio Doce;2025;AJUSTE FUNDEB - ICME;-147,47;3102100;4041
MG;Alto Rio Doce;2025;AJUSTE FUNDEB - IPIE;-1,39;3102100;4041
MG;Alto Rio Doce;2025;AJUSTE FUNDEB - IPVA;-22,67;3102100;4041
MG;Alto Rio Doce;2025;AJUSTE FUNDEB - ITCMD;-3,88;3102100;4041
MG;Alto Rio Doce;2025;AJUSTE FUNDEB - ITR;-0,51;3102100;4041
MG;Alto Rio Doce;2025;FUNDEB - FPE;395545,88;3102100;4041
MG;Alto Rio Doce;2025;FUNDEB - FPM;1218560,68;3102100;4041
MG;Alto Rio Doce;2025;FUNDEB - ICMS;3861986,15;3102100;4041
MG;Alto Rio Doce;2025;FUNDEB - IPI-EXP;49181,1;3102100;4041
MG;Alto Rio Doce;2025;FUNDEB - IPVA;561063,76;3102100;4041
MG;Alto Rio Doce;2025;FUNDEB - ITCMD;97066,2;3102100;4041
MG;Alto Rio Doce;2025;FUNDEB - ITR;13939,98;3102100;4041
MG;Alvarenga;2025;AJUSTE FUNDEB - FPE;-8,65;3102209;4043
MG;Alvarenga;2025;AJUSTE FUNDEB - FPM;-25,82;3102209;4043
MG;Alvarenga;2025;AJUSTE FUNDEB - ICME;-84,07;3102209;4043
MG;Alvarenga;2025;AJUSTE FUNDEB - IPIE;-0,84;3102209;4043
MG;Alvarenga;2025;AJUSTE FUNDEB - IPVA;-12,98;3102209;4043
MG;Alvarenga;2025;AJUSTE FUNDEB - ITCMD;-2,15;3102209;4043
MG;Alvarenga;2025;AJUSTE FUNDEB - ITR;-0,28;3102209;4043
MG;Alvarenga;2025;FUNDEB - FPE;217522,63;3102209;4043
MG;Alvarenga;2025;FUNDEB - FPM;670123,27;3102209;4043
MG;Alvarenga;2025;FUNDEB - FUNDEB - FTI;148863,9;3102209;4043
MG;Alvarenga;2025;FUNDEB - ICMS;2120062,64;3102209;4043
MG;Alvarenga;2025;FUNDEB - IPI-EXP;27046,19;3102209;4043
MG;Alvarenga;2025;FUNDEB - IPVA;308550,2;3102209;4043
MG;Alvarenga;2025;FUNDEB - ITCMD;53388,44;3102209;4043
MG;Alvarenga;2025;FUNDEB - ITR;7668,09;3102209;4043
MG;Alvinópolis;2025;AJUSTE FUNDEB - AJUSTE FUNDEB VAAT;39682,21;3102308;4045
MG;Alvinópolis;2025;AJUSTE FUNDEB - FPE;-18,49;3102308;4045
MG;Alvinópolis;2025;AJUSTE FUNDEB - FPM;-55,46;3102308;4045
MG;Alvinópolis;2025;AJUSTE FUNDEB - ICME;-180,58;3102308;4045
MG;Alvinópolis;2025;AJUSTE FUNDEB - IPIE;-1,7;3102308;4045
MG;Alvinópolis;2025;AJUSTE FUNDEB - IPVA;-27,77;3102308;4045
MG;Alvinópolis;2025;AJUSTE FUNDEB - ITCMD;-4,66;3102308;4045
MG;Alvinópolis;2025;AJUSTE FUNDEB - ITR;-0,64;3102308;4045
MG;Alvinópolis;2025;FUNDEB - COUN VAAT;1062909,9;3102308;4045
MG;Alvinópolis;2025;FUNDEB - FPE;543161,95;3102308;4045
MG;Alvinópolis;2025;FUNDEB - FPM;1673322,36;3102308;4045
MG;Alvinópolis;2025;FUNDEB - FUNDEB - FTI;113246,69;3102308;4045
MG;Alvinópolis;2025;FUNDEB - ICMS;5289978,67;3102308;4045
MG;Alvinópolis;2025;FUNDEB - IPI-EXP;67535,25;3102308;4045
MG;Alvinópolis;2025;FUNDEB - IPVA;770488,38;3102308;4045
MG;Alvinópolis;2025;FUNDEB - ITCMD;133369,18;3102308;4045
MG;Alvinópolis;2025;FUNDEB - ITR;19160,95;3102308;4045
MG;Alvorada de Minas;2025;AJUSTE FUNDEB - AJUSTE FUNDEB VAAR;-5272,2;3102407;4047
MG;Alvorada de Minas;2025;AJUSTE FUNDEB - FPE;-5,64;3102407;4047
MG;Alvorada de Minas;2025;AJUSTE FUNDEB - FPM;-16,92;3102407;4047
MG;Alvorada de Minas;2025;AJUSTE FUNDEB - ICME;-54,93;3102407;4047
MG;Alvorada de Minas;2025;AJUSTE FUNDEB - IPIE;-0,5;3102407;4047
MG;Alvorada de Minas;2025;AJUSTE FUNDEB - IPVA;-8,53;3102407;4047
MG;Alvorada de Minas;2025;AJUSTE FUNDEB - ITCMD;-1,45;3102407;4047
MG;Alvorada de Minas;2025;AJUSTE FUNDEB - ITR;-0,2;3102407;4047
MG;Alvorada de Minas;2025;FUNDEB - COUN VAAR;84349,29;3102407;4047
MG;Alvorada de Minas;2025;FUNDEB - FPE;194814,5;3102407;4047
MG;Alvorada de Minas;2025;FUNDEB - FPM;600166,21;3102407;4047
MG;Alvorada de Minas;2025;FUNDEB - ICMS;1898694,37;3102407;4047
MG;Alvorada de Minas;2025;FUNDEB - IPI-EXP;24222,73;3102407;4047
MG;Alvorada de Minas;2025;FUNDEB - IPVA;276264,27;3102407;4047
MG;Alvorada de Minas;2025;FUNDEB - ITCMD;47660,12;3102407;4047
MG;Alvorada de Minas;2025;FUNDEB - ITR;6830,8;3102407;4047
MG;Amparo do Serra;2025;AJUSTE FUNDEB - AJUSTE FUNDEB VAAR;-5218,71;3102506;4049
MG;Amparo do Serra;2025;AJUSTE FUNDEB - FPE;-9,96;3102506;4049
MG;Amparo do Serra;2025;AJUSTE FUNDEB - FPM;-29,8;3102506;4049
MG;Amparo do Serra;2025;AJUSTE FUNDEB - ICME;-96,83;3102506;4049
MG;Amparo do Serra;2025;AJUSTE FUNDEB - IPIE;-0,94;3102506;4049
MG;Amparo do Serra;2025;AJUSTE FUNDEB - IPVA;-14,86;3102506;4049
MG;Amparo do Serra;2025;AJUSTE FUNDEB - ITCMD;-2,52;3102506;4049
MG;Amparo do Serra;2025;AJUSTE FUNDEB - ITR;-0,32;3102506;4049
MG;Amparo do Serra;2025;FUNDEB - COUN VAAR;83494,03;3102506;4049
MG;Amparo do Serra;2025;FUNDEB - FPE;222228,25;3102506;4049
MG;Amparo do Serra;2025;FUNDEB - FPM;684619,82;3102506;4049
MG;Amparo do Serra;2025;FUNDEB - FUNDEB - FTI;79709,94;3102506;4049
MG;Amparo do Serra;2025;FUNDEB - ICMS;2171650,09;3102506;4049
MG;Amparo do Serra;2025;FUNDEB - IPI-EXP;27631,26;3102506;4049
MG;Amparo do Serra;2025;FUNDEB - IPVA;315266,65;3102506;4049
MG;Amparo do Serra;2025;FUNDEB - ITCMD;54629,25;3102506;4049
MG;Amparo do Serra;2025;FUNDEB - ITR;7854,45;3102506;4049
MG;Andradas;2025;AJUSTE FUNDEB - AJUSTE FUNDEB VAAR;-100357,45;3102605;4051
MG;Andradas;2025;AJUSTE FUNDEB - FPE;-71,05;3102605;4051
MG;Andradas;2025;AJUSTE FUNDEB - FPM;-213,09;3102605;4051
MG;Andradas;2025;AJUSTE FUNDEB - ICME;-693,73;3102605;4051
MG;Andradas;2025;AJUSTE FUNDEB - IPIE;-6,62;3102605;4051
MG;Andradas;2025;AJUSTE FUNDEB - IPVA;-106,63;3102605;4051
MG;Andradas;2025;AJUSTE FUNDEB - ITCMD;-17,99;3102605;4051
MG;Andradas;2025;AJUSTE FUNDEB - ITR;-2,29;3102605;4051
MG;Andradas;2025;FUNDEB - COUN VAAR;1486702,82;3102605;4051
MG;Andradas;2025;FUNDEB - FPE;1720398,84;3102605;4051
MG;Andradas;2025;FUNDEB - FPM;5300043,29;3102605;4051
MG;Andradas;2025;FUNDEB - FUNDEB - FTI;276225,47;3102605;4051
MG;Andradas;2025;FUNDEB - ICMS;16776205,62;3102605;4051
MG;Andradas;2025;FUNDEB - IPI-EXP;213909,63;3102605;4051
MG;Andradas;2025;FUNDEB - IPVA;2440298,94;3102605;4051
MG;Andradas;2025;FUNDEB - ITCMD;422165,25;3102605;4051
MG;Andradas;2025;FUNDEB - ITR;60626,84;3102605;4051
MG;Andrelândia;2025;AJUSTE FUNDEB - AJUSTE FUNDEB VAAR;-14511,42;3102803;4055
MG;Andrelândia;2025;AJUSTE FUNDEB - FPE;-27,62;3102803;4055
MG;Andrelândia;2025;AJUSTE FUNDEB - FPM;-82,93;3102803;4055
MG;Andrelândia;2025;AJUSTE FUNDEB - ICME;-269,49;3102803;4055
MG;Andrelândia;2025;AJUSTE FUNDEB - IPIE;-2,59;3102803;4055
MG;Andrelândia;2025;AJUSTE FUNDEB - IPVA;-41,56;3102803;4055
MG;Andrelândia;2025;AJUSTE FUNDEB - ITCMD;-7,01;3102803;4055
MG;Andrelândia;2025;AJUSTE FUNDEB - ITR;-0,87;3102803;4055
MG;Andrelândia;2025;FUNDEB - COUN VAAR;232167,07;3102803;4055
MG;Andrelândia;2025;FUNDEB - FPE;655920,37;3102803;4055
MG;Andrelândia;2025;FUNDEB - FPM;2020697,87;3102803;4055
MG;Andrelândia;2025;FUNDEB - FUNDEB - FTI;211863,35;3102803;4055
MG;Andrelândia;2025;FUNDEB - ICMS;6401281,51;3102803;4055
MG;Andrelândia;2025;FUNDEB - IPI-EXP;81555,35;3102803;4055
MG;Andrelândia;2025;FUNDEB - IPVA;930416,08;3102803;4055
MG;Andrelândia;2025;FUNDEB - ITCMD;161008,91;3102803;4055
MG;Andrelândia;2025;FUNDEB - ITR;23127,47;3102803;4055
MG;Angelândia;2025;AJUSTE FUNDEB - AJUSTE FUNDEB VAAR;-2438,25;3102852;566
MG;Angelândia;2025;AJUSTE FUNDEB - AJUSTE FUNDEB VAAT;35287,94;3102852;566
MG;Angelândia;2025;AJUSTE FUNDEB - FPE;-18,15;3102852;566
MG;Angelândia;2025;AJUSTE FUNDEB - FPM;-54,32;3102852;566
MG;Angelândia;2025;AJUSTE FUNDEB - ICME;-176,87;3102852;566
MG;Angelândia;2025;AJUSTE FUNDEB - IPIE;-1,73;3102852;566
MG;Angelândia;2025;AJUSTE FUNDEB - IPVA;-27,25;3102852;566
MG;Angelândia;2025;AJUSTE FUNDEB - ITCMD;-4,53;3102852;566
MG;Angelândia;2025;AJUSTE FUNDEB - ITR;-0,55;3102852;566
MG;Angelândia;2025;FUNDEB - COUN VAAR;17324,83;3102852;566
MG;Angelândia;2025;FUNDEB - COUN VAAT;1128690,99;3102852;566
MG;Angelândia;2025;FUNDEB - FPE;485518,62;3102852;566
MG;Angelândia;2025;FUNDEB - FPM;1495740,26;3102852;566
MG;Angelândia;2025;FUNDEB - FUNDEB - FTI;172708,7;3102852;566
MG;Angelândia;2025;FUNDEB - ICMS;4736615,89;3102852;566
MG;Angelândia;2025;FUNDEB - IPI-EXP;60368,05;3102852;566
MG;Angelândia;2025;FUNDEB - IPVA;688732,7;3102852;566
MG;Angelândia;2025;FUNDEB - ITCMD;119241,62;3102852;566
MG;Angelândia;2025;FUNDEB - ITR;17133,74;3102852;566
MG;Antônio Carlos;2025;AJUSTE FUNDEB - FPE;-13,84;3102902;4057
MG;Antônio Carlos;2025;AJUSTE FUNDEB - FPM;-41,55;3102902;4057
MG;Antônio Carlos;2025;AJUSTE FUNDEB - ICME;-135,38;3102902;4057
MG;Antônio Carlos;2025;AJUSTE FUNDEB - IPIE;-1,32;3102902;4057
MG;Antônio Carlos;2025;AJUSTE FUNDEB - IPVA;-20,77;3102902;4057
MG;Antônio Carlos;2025;AJUSTE FUNDEB - ITCMD;-3,45;3102902;4057
MG;Antônio Carlos;2025;AJUSTE FUNDEB - ITR;-0,45;3102902;4057
MG;Antônio Carlos;2025;FUNDEB - FPE;366433,05;3102902;4057
MG;Antônio Carlos;2025;FUNDEB - FPM;1128872,58;3102902;4057
MG;Antônio Carlos;2025;FUNDEB - FUNDEB - FTI;78529,12;3102902;4057
MG;Antônio Carlos;2025;FUNDEB - ICMS;3572884,63;3102902;4057
MG;Antônio Carlos;2025;FUNDEB - IPI-EXP;45561,28;3102902;4057
MG;Antônio Carlos;2025;FUNDEB - IPVA;519796,76;3102902;4057
MG;Antônio Carlos;2025;FUNDEB - ITCMD;89980,3;3102902;4057
MG;Antônio Carlos;2025;FUNDEB - ITR;12927,86;3102902;4057
MG;Antônio Dias;2025;AJUSTE FUNDEB - FPE;-11,11;3103009;4059
MG;Antônio Dias;2025;AJUSTE FUNDEB - FPM;-33,24;3103009;4059
MG;Antônio Dias;2025;AJUSTE FUNDEB - ICME;-108,18;3103009;4059
MG;Antônio Dias;2025;AJUSTE FUNDEB - IPIE;-1,08;3103009;4059
MG;Antônio Dias;2025;AJUSTE FUNDEB - IPVA;-16,56;3103009;4059
MG;Antônio Dias;2025;AJUSTE FUNDEB - ITCMD;-2,72;3103009;4059
MG;Antônio Dias;2025;AJUSTE FUNDEB - ITR;-0,4;3103009;4059
MG;Antônio Dias;2025;FUNDEB - FPE;254901,23;3103009;4059
MG;Antônio Dias;2025;FUNDEB - FPM;785275,73;3103009;4059
MG;Antônio Dias;2025;FUNDEB - ICMS;2491250;3103009;4059
MG;Antônio Dias;2025;FUNDEB - IPI-EXP;31693,73;3103009;4059
MG;Antônio Dias;2025;FUNDEB - IPVA;361553,97;3103009;4059
MG;Antônio Dias;2025;FUNDEB - ITCMD;62527,87;3103009;4059
MG;Antônio Dias;2025;FUNDEB - ITR;8977,53;3103009;4059
MG;Antônio Prado de Minas;2025;AJUSTE FUNDEB - AJUSTE FUNDEB VAAR;-5372,4;3103108;4061
MG;Antônio Prado de Minas;2025;AJUSTE FUNDEB - FPE;-2,98;3103108;4061
MG;Antônio Prado de Minas;2025;AJUSTE FUNDEB - FPM;-8,94;3103108;4061
MG;Antônio Prado de Minas;2025;AJUSTE FUNDEB - ICME;-28,97;3103108;4061
MG;Antônio Prado de Minas;2025;AJUSTE FUNDEB - IPIE;-0,27;3103108;4061
MG;Antônio Prado de Minas;2025;AJUSTE FUNDEB - IPVA;-4,34;3103108;4061
MG;Antônio Prado de Minas;2025;AJUSTE FUNDEB - ITCMD;-0,79;3103108;4061
MG;Antônio Prado de Minas;2025;AJUSTE FUNDEB - ITR;-0,11;3103108;4061
MG;Antônio Prado de Minas;2025;FUNDEB - COUN VAAR;76348,3;3103108;4061
MG;Antônio Prado de Minas;2025;FUNDEB - FPE;75501,44;3103108;4061
MG;Antônio Prado de Minas;2025;FUNDEB - FPM;232597,71;3103108;4061
MG;Antônio Prado de Minas;2025;FUNDEB - FUNDEB - FTI;10794,28;3103108;4061
MG;Antônio Prado de Minas;2025;FUNDEB - ICMS;736620,12;3103108;4061
MG;Antônio Prado de Minas;2025;FUNDEB - IPI-EXP;9387,65;3103108;4061
MG;Antônio Prado de Minas;2025;FUNDEB - IPVA;107087,18;3103108;4061
MG;Antônio Prado de Minas;2025;FUNDEB - ITCMD;18511,21;3103108;4061
MG;Antônio Prado de Minas;2025;FUNDEB - ITR;2656,87;3103108;4061
MG;Araçaí;2025;AJUSTE FUNDEB - AJUSTE FUNDEB VAAR;-5668,56;3103207;4063
MG;Araçaí;2025;AJUSTE FUNDEB - FPE;-7,49;3103207;4063
MG;Araçaí;2025;AJUSTE FUNDEB - FPM;-22,45;3103207;4063
MG;Araçaí;2025;AJUSTE FUNDEB - ICME;-73,27;3103207;4063
MG;Araçaí;2025;AJUSTE FUNDEB - IPIE;-0,69;3103207;4063
MG;Araçaí;2025;AJUSTE FUNDEB - IPVA;-11,2;3103207;4063
MG;Araçaí;2025;AJUSTE FUNDEB - ITCMD;-1,9;3103207;4063
MG;Araçaí;2025;AJUSTE FUNDEB - ITR;-0,21;3103207;4063
MG;Araçaí;2025;FUNDEB - COUN VAAR;78373,91;3103207;4063
MG;Araçaí;2025;FUNDEB - FPE;171586,92;3103207;4063
MG;Araçaí;2025;FUNDEB - FPM;528608,91;3103207;4063
MG;Araçaí;2025;FUNDEB - ICMS;1677387,26;3103207;4063
MG;Araçaí;2025;FUNDEB - IPI-EXP;21334,66;3103207;4063
MG;Araçaí;2025;FUNDEB - IPVA;243410,76;3103207;4063
MG;Araçaí;2025;FUNDEB - ITCMD;42153,72;3103207;4063
MG;Araçaí;2025;FUNDEB - ITR;6058,22;3103207;4063
MG;Aracitaba;2025;AJUSTE FUNDEB - AJUSTE FUNDEB VAAR;-2410,58;3103306;4065
MG;Aracitaba;2025;AJUSTE FUNDEB - FPE;-2,67;3103306;4065
MG;Aracitaba;2025;AJUSTE FUNDEB - FPM;-8,07;3103306;4065
MG;Aracitaba;2025;AJUSTE FUNDEB - ICME;-26,41;3103306;4065
MG;Aracitaba;2025;AJUSTE FUNDEB - IPIE;-0,25;3103306;4065
MG;Aracitaba;2025;AJUSTE FUNDEB - IPVA;-3,93;3103306;4065
MG;Aracitaba;2025;AJUSTE FUNDEB - ITCMD;-0,68;3103306;4065
MG;Aracitaba;2025;AJUSTE FUNDEB - ITR;-0,08;3103306;4065
MG;Aracitaba;2025;FUNDEB - COUN VAAR;38566,78;3103306;4065
MG;Aracitaba;2025;FUNDEB - FPE;79260,4;3103306;4065
MG;Aracitaba;2025;FUNDEB - FPM;244177,96;3103306;4065
MG;Aracitaba;2025;FUNDEB - FUNDEB - FTI;28784,74;3103306;4065
MG;Aracitaba;2025;FUNDEB - ICMS;772435,94;3103306;4065
MG;Aracitaba;2025;FUNDEB - IPI-EXP;9855,02;3103306;4065
MG;Aracitaba;2025;FUNDEB - IPVA;112414,05;3103306;4065
MG;Aracitaba;2025;FUNDEB - ITCMD;19423,04;3103306;4065
MG;Aracitaba;2025;FUNDEB - ITR;2786,82;3103306;4065
MG;Araçuaí;2025;AJUSTE FUNDEB - AJUSTE FUNDEB VAAR;-58335,68;3103405;4067
MG;Araçuaí;2025;AJUSTE FUNDEB - FPE;-42,45;3103405;4067
MG;Araçuaí;2025;AJUSTE FUNDEB - FPM;-127,19;3103405;4067
MG;Araçuaí;2025;AJUSTE FUNDEB - ICME;-413,64;3103405;4067
MG;Araçuaí;2025;AJUSTE FUNDEB - IPIE;-3,96;3103405;4067
MG;Araçuaí;2025;AJUSTE FUNDEB - IPVA;-63,77;3103405;4067
MG;Araçuaí;2025;AJUSTE FUNDEB - ITCMD;-10,65;3103405;4067
MG;Araçuaí;2025;AJUSTE FUNDEB - ITR;-1,42;3103405;4067
MG;Araçuaí;2025;FUNDEB - COUN VAAR;868206,5;3103405;4067
MG;Araçuaí;2025;FUNDEB - FPE;1058848,08;3103405;4067
MG;Araçuaí;2025;FUNDEB - FPM;3261999,78;3103405;4067
MG;Araçuaí;2025;FUNDEB - FUNDEB - FTI;57329,2;3103405;4067
MG;Araçuaí;2025;FUNDEB - ICMS;10336489,86;3103405;4067
MG;Araçuaí;2025;FUNDEB - IPI-EXP;131654,27;3103405;4067
MG;Araçuaí;2025;FUNDEB - IPVA;1501946,58;3103405;4067
MG;Araçuaí;2025;FUNDEB - ITCMD;259878,08;3103405;4067
MG;Araçuaí;2025;FUNDEB - ITR;37325,59;3103405;4067
MG;Araguari;2025;AJUSTE FUNDEB - FPE;-187,53;3103504;4069
MG;Araguari;2025;AJUSTE FUNDEB - FPM;-562,66;3103504;4069
MG;Araguari;2025;AJUSTE FUNDEB - ICME;-1831,09;3103504;4069
MG;Araguari;2025;AJUSTE FUNDEB - IPIE;-17,54;3103504;4069
MG;Araguari;2025;AJUSTE FUNDEB - IPVA;-281,65;3103504;4069
MG;Araguari;2025;AJUSTE FUNDEB - ITCMD;-47,45;3103504;4069
MG;Araguari;2025;AJUSTE FUNDEB - ITR;-6,15;3103504;4069
MG;Araguari;2025;FUNDEB - FPE;4806231,24;3103504;4069
MG;Araguari;2025;FUNDEB - FPM;14806586,13;3103504;4069
MG;Araguari;2025;FUNDEB - FUNDEB - FTI;1025921,99;3103504;4069
MG;Araguari;2025;FUNDEB - ICMS;46819055,48;3103504;4069
MG;Araguari;2025;FUNDEB - IPI-EXP;597593,64;3103504;4069
MG;Araguari;2025;FUNDEB - IPVA;6817352,44;3103504;4069
MG;Araguari;2025;FUNDEB - ITCMD;1179300,1;3103504;4069
MG;Araguari;2025;FUNDEB - ITR;169349,82;3103504;4069
MG;Arantina;2025;AJUSTE FUNDEB - FPE;-9,7;3103603;4071
MG;Arantina;2025;AJUSTE FUNDEB - FPM;-29,08;3103603;4071
MG;Arantina;2025;AJUSTE FUNDEB - ICME;-94,74;3103603;4071
MG;Arantina;2025;AJUSTE FUNDEB - IPIE;-0,87;3103603;4071
MG;Arantina;2025;AJUSTE FUNDEB - IPVA;-14,62;3103603;4071
MG;Arantina;2025;AJUSTE FUNDEB - ITCMD;-2,47;3103603;4071
MG;Arantina;2025;AJUSTE FUNDEB - ITR;-0,37;3103603;4071
MG;Arantina;2025;FUNDEB - FPE;217293,21;3103603;4071
MG;Arantina;2025;FUNDEB - FPM;669416,55;3103603;4071
MG;Arantina;2025;FUNDEB - FUNDEB - FTI;4318,5;3103603;4071
MG;Arantina;2025;FUNDEB - ICMS;2123490,7;3103603;4071
MG;Arantina;2025;FUNDEB - IPI-EXP;27017,64;3103603;4071
MG;Arantina;2025;FUNDEB - IPVA;308320,14;3103603;4071
MG;Arantina;2025;FUNDEB - ITCMD;53529,12;3103603;4071
MG;Arantina;2025;FUNDEB - ITR;7706,9;3103603;4071
MG;Araponga;2025;AJUSTE FUNDEB - AJUSTE FUNDEB VAAR;-8025,03;3103702;4073
MG;Araponga;2025;AJUSTE FUNDEB - FPE;-9,16;3103702;4073
MG;Araponga;2025;AJUSTE FUNDEB - FPM;-27,56;3103702;4073
MG;Araponga;2025;AJUSTE FUNDEB - ICME;-89,83;3103702;4073
MG;Araponga;2025;AJUSTE FUNDEB - IPIE;-0,83;3103702;4073
MG;Araponga;2025;AJUSTE FUNDEB - IPVA;-13,8;3103702;4073
MG;Araponga;2025;AJUSTE FUNDEB - ITCMD;-2,27;3103702;4073
MG;Araponga;2025;AJUSTE FUNDEB - ITR;-0,29;3103702;4073
MG;Araponga;2025;FUNDEB - COUN VAAR;110954,55;3103702;4073
MG;Araponga;2025;FUNDEB - FPE;227735,24;3103702;4073
MG;Araponga;2025;FUNDEB - FPM;701585,3;3103702;4073
MG;Araponga;2025;FUNDEB - ICMS;2223465,52;3103702;4073
MG;Araponga;2025;FUNDEB - IPI-EXP;28315,94;3103702;4073
MG;Araponga;2025;FUNDEB - IPVA;323025,85;3103702;4073
MG;Araponga;2025;FUNDEB - ITCMD;55872,97;3103702;4073
MG;Araponga;2025;FUNDEB - ITR;8022,89;3103702;4073
MG;Araporã;2025;AJUSTE FUNDEB - AJUSTE FUNDEB VAAR;-7251,47;3103751;2903
MG;Araporã;2025;AJUSTE FUNDEB - FPE;-35,07;3103751;2903
MG;Araporã;2025;AJUSTE FUNDEB - FPM;-105,05;3103751;2903
MG;Araporã;2025;AJUSTE FUNDEB - ICME;-341,99;3103751;2903
MG;Araporã;2025;AJUSTE FUNDEB - IPIE;-3,25;3103751;2903
MG;Araporã;2025;AJUSTE FUNDEB - IPVA;-52,57;3103751;2903
MG;Araporã;2025;AJUSTE FUNDEB - ITCMD;-8,81;3103751;2903
MG;Araporã;2025;AJUSTE FUNDEB - ITR;-1,11;3103751;2903
MG;Araporã;2025;FUNDEB - COUN VAAR;69881,06;3103751;2903
MG;Araporã;2025;FUNDEB - FPE;888150,31;3103751;2903
MG;Araporã;2025;FUNDEB - FPM;2736130,03;3103751;2903
MG;Araporã;2025;FUNDEB - FUNDEB - FTI;106324,6;3103751;2903
MG;Araporã;2025;FUNDEB - ICMS;8653846,01;3103751;2903
MG;Araporã;2025;FUNDEB - IPI-EXP;110430,18;3103751;2903
MG;Araporã;2025;FUNDEB - IPVA;1259815,68;3103751;2903
MG;Araporã;2025;FUNDEB - ITCMD;217981,37;3103751;2903
MG;Araporã;2025;FUNDEB - ITR;31307,91;3103751;2903
MG;Arapuá;2025;AJUSTE FUNDEB - AJUSTE FUNDEB VAAR;-3810,27;3103801;4075
MG;Arapuá;2025;AJUSTE FUNDEB - FPE;-5,42;3103801;4075
MG;Arapuá;2025;AJUSTE FUNDEB - FPM;-16,45;3103801;4075
MG;Arapuá;2025;AJUSTE FUNDEB - ICME;-53,4;3103801;4075
MG;Arapuá;2025;AJUSTE FUNDEB - IPIE;-0,49;3103801;4075
MG;Arapuá;2025;AJUSTE FUNDEB - IPVA;-8,3;3103801;4075
MG;Arapuá;2025;AJUSTE FUNDEB - ITCMD;-1,43;3103801;4075
MG;Arapuá;2025;AJUSTE FUNDEB - ITR;-0,17;3103801;4075
MG;Arapuá;2025;FUNDEB - COUN VAAR;60960,38;3103801;4075
MG;Arapuá;2025;FUNDEB - FPE;140178,09;3103801;4075
MG;Arapuá;2025;FUNDEB - FPM;431847,5;3103801;4075
MG;Arapuá;2025;FUNDEB - ICMS;1366743,23;3103801;4075
MG;Arapuá;2025;FUNDEB - IPI-EXP;17429,38;3103801;4075
MG;Arapuá;2025;FUNDEB - IPVA;198821,66;3103801;4075
MG;Arapuá;2025;FUNDEB - ITCMD;34369,29;3103801;4075
MG;Arapuá;2025;FUNDEB - ITR;4933,03;3103801;4075
MG;Araújos;2025;AJUSTE FUNDEB - AJUSTE FUNDEB VAAT;38254,11;3103900;4077
MG;Araújos;2025;AJUSTE FUNDEB - FPE;-21,17;3103900;4077
MG;Araújos;2025;AJUSTE FUNDEB - FPM;-63,59;3103900;4077
MG;Araújos;2025;AJUSTE FUNDEB - ICME;-206,72;3103900;4077
MG;Araújos;2025;AJUSTE FUNDEB - IPIE;-1,98;3103900;4077
MG;Araújos;2025;AJUSTE FUNDEB - IPVA;-31,65;3103900;4077
MG;Araújos;2025;AJUSTE FUNDEB - ITCMD;-5,34;3103900;4077
MG;Araújos;2025;AJUSTE FUNDEB - ITR;-0,72;3103900;4077
MG;Araújos;2025;FUNDEB - COUN VAAT;839143,5;3103900;4077
MG;Araújos;2025;FUNDEB - FPE;554853,84;3103900;4077
MG;Araújos;2025;FUNDEB - FPM;1709341,59;3103900;4077
MG;Araújos;2025;FUNDEB - FUNDEB - FTI;169791,55;3103900;4077
MG;Araújos;2025;FUNDEB - ICMS;5410641,39;3103900;4077
MG;Araújos;2025;FUNDEB - IPI-EXP;68989;3103900;4077
MG;Araújos;2025;FUNDEB - IPVA;787041,8;3103900;4077
MG;Araújos;2025;FUNDEB - ITCMD;136174,4;3103900;4077
MG;Araújos;2025;FUNDEB - ITR;19557,78;3103900;4077
MG;Araxá;2025;AJUSTE FUNDEB - AJUSTE FUNDEB VAAR;-126897,92;3104007;4079
MG;Araxá;2025;AJUSTE FUNDEB - FPE;-265,54;3104007;4079
MG;Araxá;2025;AJUSTE FUNDEB - FPM;-796,06;3104007;4079
MG;Araxá;2025;AJUSTE FUNDEB - ICME;-2590,62;3104007;4079
MG;Araxá;2025;AJUSTE FUNDEB - IPIE;-24,74;3104007;4079
MG;Araxá;2025;AJUSTE FUNDEB - IPVA;-398,25;3104007;4079
MG;Araxá;2025;AJUSTE FUNDEB - ITCMD;-67,17;3104007;4079
MG;Araxá;2025;AJUSTE FUNDEB - ITR;-8,67;3104007;4079
MG;Araxá;2025;FUNDEB - COUN VAAR;3303856,28;3104007;4079
MG;Araxá;2025;FUNDEB - FPE;7280304,37;3104007;4079
MG;Araxá;2025;FUNDEB - FPM;22428478,3;3104007;4079
MG;Araxá;2025;FUNDEB - FUNDEB - FTI;823041,9;3104007;4079
MG;Araxá;2025;FUNDEB - ICMS;70824556,62;3104007;4079
MG;Araxá;2025;FUNDEB - IPI-EXP;905213,1;3104007;4079
MG;Araxá;2025;FUNDEB - IPVA;10326376,42;3104007;4079
MG;Araxá;2025;FUNDEB - ITCMD;1785739,4;3104007;4079
MG;Araxá;2025;FUNDEB - ITR;256377,15;3104007;4079
MG;Arceburgo;2025;AJUSTE FUNDEB - AJUSTE FUNDEB VAAT;44762,34;3104106;4081
MG;Arceburgo;2025;AJUSTE FUNDEB - FPE;-552,34;3104106;4081
MG;Arceburgo;2025;AJUSTE FUNDEB - FPM;-1699,52;3104106;4081
MG;Arceburgo;2025;AJUSTE FUNDEB - ICME;-5482,27;3104106;4081
MG;Arceburgo;2025;AJUSTE FUNDEB - IPIE;-69;3104106;4081
MG;Arceburgo;2025;AJUSTE FUNDEB - IPVA;-877,33;3104106;4081
MG;Arceburgo;2025;AJUSTE FUNDEB - ITCMD;-126,34;3104106;4081
MG;Arceburgo;2025;AJUSTE FUNDEB - ITR;-20,49;3104106;4081
MG;Arceburgo;2025;FUNDEB - COUN VAAT;48009;3104106;4081
MG;Arceburgo;2025;FUNDEB - FPE;543071,22;3104106;4081
MG;Arceburgo;2025;FUNDEB - FPM;1673042,7;3104106;4081
MG;Arceburgo;2025;FUNDEB - FUNDEB - FTI;35282,31;3104106;4081
MG;Arceburgo;2025;FUNDEB - ICMS;5305044,87;3104106;4081
MG;Arceburgo;2025;FUNDEB - IPI-EXP;67525;3104106;4081
MG;Arceburgo;2025;FUNDEB - IPVA;770589,85;3104106;4081
MG;Arceburgo;2025;FUNDEB - ITCMD;133622,86;3104106;4081
MG;Arceburgo;2025;FUNDEB - ITR;19226,61;3104106;4081
MG;Arcos;2025;AJUSTE FUNDEB - FPE;-70,4;3104205;4083
MG;Arcos;2025;AJUSTE FUNDEB - FPM;-211,19;3104205;4083
MG;Arcos;2025;AJUSTE FUNDEB - ICME;-686,97;3104205;4083
MG;Arcos;2025;AJUSTE FUNDEB - IPIE;-6,53;3104205;4083
MG;Arcos;2025;AJUSTE FUNDEB - IPVA;-105,8;3104205;4083
MG;Arcos;2025;AJUSTE FUNDEB - ITCMD;-17,83;3104205;4083
MG;Arcos;2025;AJUSTE FUNDEB - ITR;-2,32;3104205;4083
MG;Arcos;2025;FUNDEB - FPE;1792939,63;3104205;4083
MG;Arcos;2025;FUNDEB - FPM;5523520,08;3104205;4083
MG;Arcos;2025;FUNDEB - FUNDEB - FTI;387915,79;3104205;4083
MG;Arcos;2025;FUNDEB - ICMS;17491556,72;3104205;4083
MG;Arcos;2025;FUNDEB - IPI-EXP;222929,17;3104205;4083
MG;Arcos;2025;FUNDEB - IPVA;2543157,36;3104205;4083
MG;Arcos;2025;FUNDEB - ITCMD;439889,42;3104205;4083
MG;Arcos;2025;FUNDEB - ITR;63165;3104205;4083
MG;Areado;2025;AJUSTE FUNDEB - AJUSTE FUNDEB VAAR;-3625,3;3104304;4085
MG;Areado;2025;AJUSTE FUNDEB - FPE;-25,62;3104304;4085
MG;Areado;2025;AJUSTE FUNDEB - FPM;-76,87;3104304;4085
MG;Areado;2025;AJUSTE FUNDEB - ICME;-250,05;3104304;4085
MG;Areado;2025;AJUSTE FUNDEB - IPIE;-2,35;3104304;4085
MG;Areado;2025;AJUSTE FUNDEB - IPVA;-38,4;3104304;4085
MG;Areado;2025;AJUSTE FUNDEB - ITCMD;-6,48;3104304;4085
MG;Areado;2025;AJUSTE FUNDEB - ITR;-0,88;3104304;4085
MG;Areado;2025;FUNDEB - COUN VAAR;22524,43;3104304;4085
MG;Areado;2025;FUNDEB - FPE;583993,15;3104304;4085
MG;Areado;2025;FUNDEB - FPM;1799111,38;3104304;4085
MG;Areado;2025;FUNDEB - FUNDEB - FTI;144438,49;3104304;4085
MG;Areado;2025;FUNDEB - ICMS;5710221,29;3104304;4085
MG;Areado;2025;FUNDEB - IPI-EXP;72612,08;3104304;4085
MG;Areado;2025;FUNDEB - IPVA;828447,7;3104304;4085
MG;Areado;2025;FUNDEB - ITCMD;143475,76;3104304;4085
MG;Areado;2025;FUNDEB - ITR;20620,56;3104304;4085
MG;Argirita;2025;AJUSTE FUNDEB - AJUSTE FUNDEB VAAR;-1431,12;3104403;4087
MG;Argirita;2025;AJUSTE FUNDEB - FPE;-9,82;3104403;4087
MG;Argirita;2025;AJUSTE FUNDEB - FPM;-29,47;3104403;4087
MG;Argirita;2025;AJUSTE FUNDEB - ICME;-95,98;3104403;4087
MG;Argirita;2025;AJUSTE FUNDEB - IPIE;-0,9;3104403;4087
MG;Argirita;2025;AJUSTE FUNDEB - IPVA;-14,85;3104403;4087
MG;Argirita;2025;AJUSTE FUNDEB - ITCMD;-2,46;3104403;4087
MG;Argirita;2025;AJUSTE FUNDEB - ITR;-0,38;3104403;4087
MG;Argirita;2025;FUNDEB - COUN VAAR;17793,52;3104403;4087
MG;Argirita;2025;FUNDEB - FPE;209359,07;3104403;4087
MG;Argirita;2025;FUNDEB - FPM;644973,76;3104403;4087
MG;Argirita;2025;FUNDEB - ICMS;2046154,5;3104403;4087
MG;Argirita;2025;FUNDEB - IPI-EXP;26031,15;3104403;4087
MG;Argirita;2025;FUNDEB - IPVA;297005,95;3104403;4087
MG;Argirita;2025;FUNDEB - ITCMD;51458,01;3104403;4087
MG;Argirita;2025;FUNDEB - ITR;7397,75;3104403;4087
MG;Aricanduva;2025;AJUSTE FUNDEB - AJUSTE FUNDEB VAAT;20124,22;3104452;568
MG;Aricanduva;2025;AJUSTE FUNDEB - FPE;-10,16;3104452;568
MG;Aricanduva;2025;AJUSTE FUNDEB - FPM;-30,39;3104452;568
MG;Aricanduva;2025;AJUSTE FUNDEB - ICME;-98,99;3104452;568
MG;Aricanduva;2025;AJUSTE FUNDEB - IPIE;-0,9;3104452;568
MG;Aricanduva;2025;AJUSTE FUNDEB - IPVA;-15,22;3104452;568
MG;Aricanduva;2025;AJUSTE FUNDEB - ITCMD;-2,56;3104452;568
MG;Aricanduva;2025;AJUSTE FUNDEB - ITR;-0,3;3104452;568
MG;Aricanduva;2025;FUNDEB - COUN VAAT;98868,48;3104452;568
MG;Aricanduva;2025;FUNDEB - FPE;272016,56;3104452;568
MG;Aricanduva;2025;FUNDEB - FPM;838003,08;3104452;568
MG;Aricanduva;2025;FUNDEB - FUNDEB - FTI;153180,69;3104452;568
MG;Aricanduva;2025;FUNDEB - ICMS;2651266,38;3104452;568
MG;Aricanduva;2025;FUNDEB - IPI-EXP;33821,79;3104452;568
MG;Aricanduva;2025;FUNDEB - IPVA;385868,8;3104452;568
MG;Aricanduva;2025;FUNDEB - ITCMD;66805,49;3104452;568
MG;Aricanduva;2025;FUNDEB - ITR;9599,16;3104452;568
MG;Arinos;2025;AJUSTE FUNDEB - FPE;-33,58;3104502;4089
MG;Arinos;2025;AJUSTE FUNDEB - FPM;-100,75;3104502;4089
MG;Arinos;2025;AJUSTE FUNDEB - ICME;-327,95;3104502;4089
MG;Arinos;2025;AJUSTE FUNDEB - IPIE;-3,08;3104502;4089
MG;Arinos;2025;AJUSTE FUNDEB - IPVA;-50,55;3104502;4089
MG;Arinos;2025;AJUSTE FUNDEB - ITCMD;-8,47;3104502;4089
MG;Arinos;2025;AJUSTE FUNDEB - ITR;-1,12;3104502;4089
MG;Arinos;2025;FUNDEB - FPE;915881,16;3104502;4089
MG;Arinos;2025;FUNDEB - FPM;2821560,66;3104502;4089
MG;Arinos;2025;FUNDEB - FUNDEB - FTI;206041,73;3104502;4089
MG;Arinos;2025;FUNDEB - ICMS;8945736,55;3104502;4089
MG;Arinos;2025;FUNDEB - IPI-EXP;113878,17;3104502;4089
MG;Arinos;2025;FUNDEB - IPVA;1299123,6;3104502;4089
MG;Arinos;2025;FUNDEB - ITCMD;224730,59;3104502;4089
MG;Arinos;2025;FUNDEB - ITR;32271,93;3104502;4089
MG;Astolfo Dutra;2025;AJUSTE FUNDEB - AJUSTE FUNDEB VAAR;-36420,07;3104601;4091
MG;Astolfo Dutra;2025;AJUSTE FUNDEB - FPE;-23,56;3104601;4091
MG;Astolfo Dutra;2025;AJUSTE FUNDEB - FPM;-70,77;3104601;4091
MG;Astolfo Dutra;2025;AJUSTE FUNDEB - ICME;-230,15;3104601;4091
MG;Astolfo Dutra;2025;AJUSTE FUNDEB - IPIE;-2,15;3104601;4091
MG;Astolfo Dutra;2025;AJUSTE FUNDEB - IPVA;-35,18;3104601;4091
MG;Astolfo Dutra;2025;AJUSTE FUNDEB - ITCMD;-5,84;3104601;4091
MG;Astolfo Dutra;2025;AJUSTE FUNDEB - ITR;-0,78;3104601;4091
MG;Astolfo Dutra;2025;FUNDEB - COUN VAAR;545931,86;3104601;4091
MG;Astolfo Dutra;2025;FUNDEB - FPE;559356,92;3104601;4091
MG;Astolfo Dutra;2025;FUNDEB - FPM;1723214,28;3104601;4091
MG;Astolfo Dutra;2025;FUNDEB - FUNDEB - FTI;212655,26;3104601;4091
MG;Astolfo Dutra;2025;FUNDEB - ICMS;5455066,01;3104601;4091
MG;Astolfo Dutra;2025;FUNDEB - IPI-EXP;69548,89;3104601;4091
MG;Astolfo Dutra;2025;FUNDEB - IPVA;793429,2;3104601;4091
MG;Astolfo Dutra;2025;FUNDEB - ITCMD;137279,53;3104601;4091
MG;Astolfo Dutra;2025;FUNDEB - ITR;19716,49;3104601;4091
MG;Ataléia;2025;AJUSTE FUNDEB - FPE;-17,65;3104700;4093
MG;Ataléia;2025;AJUSTE FUNDEB - FPM;-53,05;3104700;4093
MG;Ataléia;2025;AJUSTE FUNDEB - ICME;-172,79;3104700;4093
MG;Ataléia;2025;AJUSTE FUNDEB - IPIE;-1,58;3104700;4093
MG;Ataléia;2025;AJUSTE FUNDEB - IPVA;-26,77;3104700;4093
MG;Ataléia;2025;AJUSTE FUNDEB - ITCMD;-4,45;3104700;4093
MG;Ataléia;2025;AJUSTE FUNDEB - ITR;-0,57;3104700;4093
MG;Ataléia;2025;FUNDEB - FPE;465379,15;3104700;4093
MG;Ataléia;2025;FUNDEB - FPM;1433696,43;3104700;4093
MG;Ataléia;2025;FUNDEB - FUNDEB - FTI;101757,75;3104700;4093
MG;Ataléia;2025;FUNDEB - ICMS;4539768,5;3104700;4093
MG;Ataléia;2025;FUNDEB - IPI-EXP;57863,96;3104700;4093
MG;Ataléia;2025;FUNDEB - IPVA;660177,84;3104700;4093
MG;Ataléia;2025;FUNDEB - ITCMD;114324,16;3104700;4093
MG;Ataléia;2025;FUNDEB - ITR;16429,86;3104700;4093
MG;Augusto de Lima;2025;AJUSTE FUNDEB - AJUSTE FUNDEB VAAR;-19608,62;3104809;4095
MG;Augusto de Lima;2025;AJUSTE FUNDEB - FPE;-13,41;3104809;4095
MG;Augusto de Lima;2025;AJUSTE FUNDEB - FPM;-40,26;3104809;4095
MG;Augusto de Lima;2025;AJUSTE FUNDEB - ICME;-131,09;3104809;4095
MG;Augusto de Lima;2025;AJUSTE FUNDEB - IPIE;-1,3;3104809;4095
MG;Augusto de Lima;2025;AJUSTE FUNDEB - IPVA;-20,05;3104809;4095
MG;Augusto de Lima;2025;AJUSTE FUNDEB - ITCMD;-3,44;3104809;4095
MG;Augusto de Lima;2025;AJUSTE FUNDEB - ITR;-0,42;3104809;4095
MG;Augusto de Lima;2025;FUNDEB - COUN VAAR;292279,23;3104809;4095
MG;Augusto de Lima;2025;FUNDEB - FPE;314361,82;3104809;4095
MG;Augusto de Lima;2025;FUNDEB - FPM;968456,27;3104809;4095
MG;Augusto de Lima;2025;FUNDEB - FUNDEB - FTI;67039,84;3104809;4095
MG;Augusto de Lima;2025;FUNDEB - ICMS;3071052,29;3104809;4095
MG;Augusto de Lima;2025;FUNDEB - IPI-EXP;39086,9;3104809;4095
MG;Augusto de Lima;2025;FUNDEB - IPVA;445924,61;3104809;4095
MG;Augusto de Lima;2025;FUNDEB - ITCMD;77178,3;3104809;4095
MG;Augusto de Lima;2025;FUNDEB - ITR;11087,06;3104809;4095
MG;Baependi;2025;AJUSTE FUNDEB - AJUSTE FUNDEB VAAR;-52867,11;3104908;4097
MG;Baependi;2025;AJUSTE FUNDEB - FPE;-31,21;3104908;4097
MG;Baependi;2025;AJUSTE FUNDEB - FPM;-93,47;3104908;4097
MG;Baependi;2025;AJUSTE FUNDEB - ICME;-303,96;3104908;4097
MG;Baependi;2025;AJUSTE FUNDEB - IPIE;-2,79;3104908;4097
MG;Baependi;2025;AJUSTE FUNDEB - IPVA;-46,69;3104908;4097
MG;Baependi;2025;AJUSTE FUNDEB - ITCMD;-7,86;3104908;4097
MG;Baependi;2025;AJUSTE FUNDEB - ITR;-1,06;3104908;4097
MG;Baependi;2025;FUNDEB - COUN VAAR;819166,05;3104908;4097
MG;Baependi;2025;FUNDEB - FPE;813287,48;3104908;4097
MG;Baependi;2025;FUNDEB - FPM;2505499,73;3104908;4097
MG;Baependi;2025;FUNDEB - FUNDEB - FTI;176850,25;3104908;4097
MG;Baependi;2025;FUNDEB - ICMS;7940819,01;3104908;4097
MG;Baependi;2025;FUNDEB - IPI-EXP;101121,92;3104908;4097
MG;Baependi;2025;FUNDEB - IPVA;1153603;3104908;4097
MG;Baependi;2025;FUNDEB - ITCMD;199562,33;3104908;4097
MG;Baependi;2025;FUNDEB - ITR;28658,22;3104908;4097
MG;Baldim;2025;AJUSTE FUNDEB - AJUSTE FUNDEB VAAR;-9720,08;3105004;4099
MG;Baldim;2025;AJUSTE FUNDEB - FPE;-14,74;3105004;4099
MG;Baldim;2025;AJUSTE FUNDEB - FPM;-44,25;3105004;4099
MG;Baldim;2025;AJUSTE FUNDEB - ICME;-144,04;3105004;4099
MG;Baldim;2025;AJUSTE FUNDEB - IPIE;-1,36;3105004;4099
MG;Baldim;2025;AJUSTE FUNDEB - IPVA;-22,05;3105004;4099
MG;Baldim;2025;AJUSTE FUNDEB - ITCMD;-3,73;3105004;4099
MG;Baldim;2025;AJUSTE FUNDEB - ITR;-0,46;3105004;4099
MG;Baldim;2025;FUNDEB - COUN VAAR;155511,18;3105004;4099
MG;Baldim;2025;FUNDEB - FPE;309364,03;3105004;4099
MG;Baldim;2025;FUNDEB - FPM;953059,63;3105004;4099
MG;Baldim;2025;FUNDEB - ICMS;3026788,8;3105004;4099
MG;Baldim;2025;FUNDEB - IPI-EXP;38465,48;3105004;4099
MG;Baldim;2025;FUNDEB - IPVA;438880,04;3105004;4099
MG;Baldim;2025;FUNDEB - ITCMD;76043,75;3105004;4099
MG;Baldim;2025;FUNDEB - ITR;10932,82;3105004;4099
MG;Bambuí;2025;AJUSTE FUNDEB - AJUSTE FUNDEB VAAR;-28237,35;3105103;4101
MG;Bambuí;2025;AJUSTE FUNDEB - FPE;-35,04;3105103;4101
MG;Bambuí;2025;AJUSTE FUNDEB - FPM;-105,12;3105103;4101
MG;Bambuí;2025;AJUSTE FUNDEB - ICME;-342,16;3105103;4101
MG;Bambuí;2025;AJUSTE FUNDEB - IPIE;-3,33;3105103;4101
MG;Bambuí;2025;AJUSTE FUNDEB - IPVA;-52,67;3105103;4101
MG;Bambuí;2025;AJUSTE FUNDEB - ITCMD;-8,83;3105103;4101
MG;Bambuí;2025;AJUSTE FUNDEB - ITR;-1,17;3105103;4101
MG;Bambuí;2025;FUNDEB - COUN VAAR;463247,38;3105103;4101
MG;Bambuí;2025;FUNDEB - FPE;856939,33;3105103;4101
MG;Bambuí;2025;FUNDEB - FPM;2639978,15;3105103;4101
MG;Bambuí;2025;FUNDEB - ICMS;8358051,58;3105103;4101
MG;Bambuí;2025;FUNDEB - IPI-EXP;106549,48;3105103;4101
MG;Bambuí;2025;FUNDEB - IPVA;1215601,15;3105103;4101
MG;Bambuí;2025;FUNDEB - ITCMD;210439,16;3105103;4101
MG;Bambuí;2025;FUNDEB - ITR;30235,75;3105103;4101
MG;Bandeira;2025;AJUSTE FUNDEB - FPE;-8,32;3105202;4103
MG;Bandeira;2025;AJUSTE FUNDEB - FPM;-25,03;3105202;4103
MG;Bandeira;2025;AJUSTE FUNDEB - ICME;-81,15;3105202;4103
MG;Bandeira;2025;AJUSTE FUNDEB - IPIE;-0,75;3105202;4103
MG;Bandeira;2025;AJUSTE FUNDEB - IPVA;-12,4;3105202;4103
MG;Bandeira;2025;AJUSTE FUNDEB - ITCMD;-2,05;3105202;4103
MG;Bandeira;2025;AJUSTE FUNDEB - ITR;-0,27;3105202;4103
MG;Bandeira;2025;FUNDEB - FPE;181368,59;3105202;4103
MG;Bandeira;2025;FUNDEB - FPM;558743,29;3105202;4103
MG;Bandeira;2025;FUNDEB - ICMS;1775800,1;3105202;4103
MG;Bandeira;2025;FUNDEB - IPI-EXP;22550,83;3105202;4103
MG;Bandeira;2025;FUNDEB - IPVA;257295,44;3105202;4103
MG;Bandeira;2025;FUNDEB - ITCMD;44574,63;3105202;4103
MG;Bandeira;2025;FUNDEB - ITR;6407,83;3105202;4103
MG;Bandeira do Sul;2025;AJUSTE FUNDEB - AJUSTE FUNDEB VAAR;-25127,78;3105301;4105
MG;Bandeira do Sul;2025;AJUSTE FUNDEB - AJUSTE FUNDEB VAAT;30055,09;3105301;4105
MG;Bandeira do Sul;2025;AJUSTE FUNDEB - FPE;-545,95;3105301;4105
MG;Bandeira do Sul;2025;AJUSTE FUNDEB - FPM;-1680,68;3105301;4105
MG;Bandeira do Sul;2025;AJUSTE FUNDEB - ICME;-5420,01;3105301;4105
MG;Bandeira do Sul;2025;AJUSTE FUNDEB - IPIE;-68,36;3105301;4105
MG;Bandeira do Sul;2025;AJUSTE FUNDEB - IPVA;-867,72;3105301;4105
MG;Bandeira do Sul;2025;AJUSTE FUNDEB - ITCMD;-124,75;3105301;4105
MG;Bandeira do Sul;2025;AJUSTE FUNDEB - ITR;-20,22;3105301;4105
MG;Bandeira do Sul;2025;FUNDEB - COUN VAAR;353748,32;3105301;4105
MG;Bandeira do Sul;2025;FUNDEB - COUN VAAT;438431,08;3105301;4105
MG;Bandeira do Sul;2025;FUNDEB - FPE;421021,26;3105301;4105
MG;Bandeira do Sul;2025;FUNDEB - FPM;1297042,84;3105301;4105
MG;Bandeira do Sul;2025;FUNDEB - FUNDEB - FTI;112520,62;3105301;4105
MG;Bandeira do Sul;2025;FUNDEB - ICMS;4102065,06;3105301;4105
MG;Bandeira do Sul;2025;FUNDEB - IPI-EXP;52349,62;3105301;4105
MG;Bandeira do Sul;2025;FUNDEB - IPVA;597319,86;3105301;4105
MG;Bandeira do Sul;2025;FUNDEB - ITCMD;103367,28;3105301;4105
MG;Bandeira do Sul;2025;FUNDEB - ITR;14852,8;3105301;4105
MG;Barão de Cocais;2025;AJUSTE FUNDEB - FPE;-75,34;3105400;4107
MG;Barão de Cocais;2025;AJUSTE FUNDEB - FPM;-225,76;3105400;4107
MG;Barão de Cocais;2025;AJUSTE FUNDEB - ICME;-735,22;3105400;4107
MG;Barão de Cocais;2025;AJUSTE FUNDEB - IPIE;-7,09;3105400;4107
MG;Barão de Cocais;2025;AJUSTE FUNDEB - IPVA;-113,27;3105400;4107
MG;Barão de Cocais;2025;AJUSTE FUNDEB - ITCMD;-19,05;3105400;4107
MG;Barão de Cocais;2025;AJUSTE FUNDEB - ITR;-2,5;3105400;4107
MG;Barão de Cocais;2025;FUNDEB - FPE;1792791,68;3105400;4107
MG;Barão de Cocais;2025;FUNDEB - FPM;5523064,31;3105400;4107
MG;Barão de Cocais;2025;FUNDEB - FUNDEB - FTI;131778,39;3105400;4107
MG;Barão de Cocais;2025;FUNDEB - ICMS;17499481,04;3105400;4107
MG;Barão de Cocais;2025;FUNDEB - IPI-EXP;222910,8;3105400;4107
MG;Barão de Cocais;2025;FUNDEB - IPVA;2543159,6;3105400;4107
MG;Barão de Cocais;2025;FUNDEB - ITCMD;440290,83;3105400;4107
MG;Barão de Cocais;2025;FUNDEB - ITR;63263,93;3105400;4107
MG;Barão de Monte Alto;2025;AJUSTE FUNDEB - AJUSTE FUNDEB VAAR;-5672,57;3105509;4109
MG;Barão de Monte Alto;2025;AJUSTE FUNDEB - AJUSTE FUNDEB VAAT;26323,52;3105509;4109
MG;Barão de Monte Alto;2025;AJUSTE FUNDEB - FPE;-17,48;3105509;4109
MG;Barão de Monte Alto;2025;AJUSTE FUNDEB - FPM;-52,38;3105509;4109
MG;Barão de Monte Alto;2025;AJUSTE FUNDEB - ICME;-170,75;3105509;4109
MG;Barão de Monte Alto;2025;AJUSTE FUNDEB - IPIE;-1,62;3105509;4109
MG;Barão de Monte Alto;2025;AJUSTE FUNDEB - IPVA;-26,21;3105509;4109
MG;Barão de Monte Alto;2025;AJUSTE FUNDEB - ITCMD;-4,54;3105509;4109
MG;Barão de Monte Alto;2025;AJUSTE FUNDEB - ITR;-0,57;3105509;4109
MG;Barão de Monte Alto;2025;FUNDEB - COUN VAAR;19263,35;3105509;4109
MG;Barão de Monte Alto;2025;FUNDEB - COUN VAAT;171774,61;3105509;4109
MG;Barão de Monte Alto;2025;FUNDEB - FPE;350884,87;3105509;4109
MG;Barão de Monte Alto;2025;FUNDEB - FPM;1080973,29;3105509;4109
MG;Barão de Monte Alto;2025;FUNDEB - ICMS;3423552,79;3105509;4109
MG;Barão de Monte Alto;2025;FUNDEB - IPI-EXP;43628,03;3105509;4109
MG;Barão de Monte Alto;2025;FUNDEB - IPVA;497795,67;3105509;4109
MG;Barão de Monte Alto;2025;FUNDEB - ITCMD;86274,58;3105509;4109
MG;Barão de Monte Alto;2025;FUNDEB - ITR;12406,01;3105509;4109
MG;Barbacena;2025;AJUSTE FUNDEB - AJUSTE FUNDEB VAAR;145128,86;3105608;4111
MG;Barbacena;2025;AJUSTE FUNDEB - FPE;-158,76;3105608;4111
MG;Barbacena;2025;AJUSTE FUNDEB - FPM;-476,16;3105608;4111
MG;Barbacena;2025;AJUSTE FUNDEB - ICME;-1549,35;3105608;4111
MG;Barbacena;2025;AJUSTE FUNDEB - IPIE;-14,81;3105608;4111
MG;Barbacena;2025;AJUSTE FUNDEB - IPVA;-238,1;3105608;4111
MG;Barbacena;2025;AJUSTE FUNDEB - ITCMD;-40,18;3105608;4111
MG;Barbacena;2025;AJUSTE FUNDEB - ITR;-5,19;3105608;4111
MG;Barbacena;2025;FUNDEB - COUN VAAR;328379,75;3105608;4111
MG;Barbacena;2025;FUNDEB - FPE;4208000,7;3105608;4111
MG;Barbacena;2025;FUNDEB - FPM;12963613,52;3105608;4111
MG;Barbacena;2025;FUNDEB - FUNDEB - FTI;856964,32;3105608;4111
MG;Barbacena;2025;FUNDEB - ICMS;41038226,12;3105608;4111
MG;Barbacena;2025;FUNDEB - IPI-EXP;523211,28;3105608;4111
MG;Barbacena;2025;FUNDEB - IPVA;5968674,19;3105608;4111
MG;Barbacena;2025;FUNDEB - ITCMD;1032257,35;3105608;4111
MG;Barbacena;2025;FUNDEB - ITR;148210,09;3105608;4111
MG;Barra Longa;2025;AJUSTE FUNDEB - AJUSTE FUNDEB VAAR;-3183,14;3105707;4113
MG;Barra Longa;2025;AJUSTE FUNDEB - FPE;-6,17;3105707;4113
MG;Barra Longa;2025;AJUSTE FUNDEB - FPM;-18,52;3105707;4113
MG;Barra Longa;2025;AJUSTE FUNDEB - ICME;-60,04;3105707;4113
MG;Barra Longa;2025;AJUSTE FUNDEB - IPIE;-0,58;3105707;4113
MG;Barra Longa;2025;AJUSTE FUNDEB - IPVA;-9,16;3105707;4113
MG;Barra Longa;2025;AJUSTE FUNDEB - ITCMD;-1,52;3105707;4113
MG;Barra Longa;2025;AJUSTE FUNDEB - ITR;-0,18;3105707;4113
MG;Barra Longa;2025;FUNDEB - COUN VAAR;50926,4;3105707;4113
MG;Barra Longa;2025;FUNDEB - FPE;139874,29;3105707;4113
MG;Barra Longa;2025;FUNDEB - FPM;430911,61;3105707;4113
MG;Barra Longa;2025;FUNDEB - ICMS;1366151,9;3105707;4113
MG;Barra Longa;2025;FUNDEB - IPI-EXP;17391,54;3105707;4113
MG;Barra Longa;2025;FUNDEB - IPVA;198431,52;3105707;4113
MG;Barra Longa;2025;FUNDEB - ITCMD;34379,01;3105707;4113
MG;Barra Longa;2025;FUNDEB - ITR;4942,39;3105707;4113
MG;Barroso;2025;AJUSTE FUNDEB - AJUSTE FUNDEB VAAR;-60798,2;3105905;4117
MG;Barroso;2025;AJUSTE FUNDEB - FPE;-40,07;3105905;4117
MG;Barroso;2025;AJUSTE FUNDEB - FPM;-120,25;3105905;4117
MG;Barroso;2025;AJUSTE FUNDEB - ICME;-391,13;3105905;4117
MG;Barroso;2025;AJUSTE FUNDEB - IPIE;-3,75;3105905;4117
MG;Barroso;2025;AJUSTE FUNDEB - IPVA;-60,15;3105905;4117
MG;Barroso;2025;AJUSTE FUNDEB - ITCMD;-10,11;3105905;4117
MG;Barroso;2025;AJUSTE FUNDEB - ITR;-1,3;3105905;4117
MG;Barroso;2025;FUNDEB - COUN VAAR;902744,77;3105905;4117
MG;Barroso;2025;FUNDEB - FPE;935295,62;3105905;4117
MG;Barroso;2025;FUNDEB - FPM;2881370,97;3105905;4117
MG;Barroso;2025;FUNDEB - FUNDEB - FTI;323034,08;3105905;4117
MG;Barroso;2025;FUNDEB - ICMS;9124759,91;3105905;4117
MG;Barroso;2025;FUNDEB - IPI-EXP;116292,11;3105905;4117
MG;Barroso;2025;FUNDEB - IPVA;1326808,48;3105905;4117
MG;Barroso;2025;FUNDEB - ITCMD;229797,06;3105905;4117
MG;Barroso;2025;FUNDEB - ITR;33028,05;3105905;4117
MG;Bela Vista de Minas;2025;AJUSTE FUNDEB - AJUSTE FUNDEB VAAR;-25661,74;3106002;4119
MG;Bela Vista de Minas;2025;AJUSTE FUNDEB - FPE;-14,18;3106002;4119
MG;Bela Vista de Minas;2025;AJUSTE FUNDEB - FPM;-42,63;3106002;4119
MG;Bela Vista de Minas;2025;AJUSTE FUNDEB - ICME;-138,43;3106002;4119
MG;Bela Vista de Minas;2025;AJUSTE FUNDEB - IPIE;-1,34;3106002;4119
MG;Bela Vista de Minas;2025;AJUSTE FUNDEB - IPVA;-21,31;3106002;4119
MG;Bela Vista de Minas;2025;AJUSTE FUNDEB - ITCMD;-3,58;3106002;4119
MG;Bela Vista de Minas;2025;AJUSTE FUNDEB - ITR;-0,46;3106002;4119
MG;Bela Vista de Minas;2025;FUNDEB - COUN VAAR;380821,11;3106002;4119
MG;Bela Vista de Minas;2025;FUNDEB - FPE;368499,41;3106002;4119
MG;Bela Vista de Minas;2025;FUNDEB - FPM;1135238,56;3106002;4119
MG;Bela Vista de Minas;2025;FUNDEB - ICMS;3596543,64;3106002;4119
MG;Bela Vista de Minas;2025;FUNDEB - IPI-EXP;45818,2;3106002;4119
MG;Bela Vista de Minas;2025;FUNDEB - IPVA;522679,91;3106002;4119
MG;Bela Vista de Minas;2025;FUNDEB - ITCMD;90388,27;3106002;4119
MG;Bela Vista de Minas;2025;FUNDEB - ITR;12977,11;3106002;4119
MG;Belmiro Braga;2025;AJUSTE FUNDEB - AJUSTE FUNDEB VAAR;3554,53;3106101;4121
MG;Belmiro Braga;2025;AJUSTE FUNDEB - FPE;-5,79;3106101;4121
MG;Belmiro Braga;2025;AJUSTE FUNDEB - FPM;-17,23;3106101;4121
MG;Belmiro Braga;2025;AJUSTE FUNDEB - ICME;-56,05;3106101;4121
MG;Belmiro Braga;2025;AJUSTE FUNDEB - IPIE;-0,51;3106101;4121
MG;Belmiro Braga;2025;AJUSTE FUNDEB - IPVA;-8,52;3106101;4121
MG;Belmiro Braga;2025;AJUSTE FUNDEB - ITCMD;-1,41;3106101;4121
MG;Belmiro Braga;2025;AJUSTE FUNDEB - ITR;-0,18;3106101;4121
MG;Belmiro Braga;2025;FUNDEB - COUN VAAR;8021,47;3106101;4121
MG;Belmiro Braga;2025;FUNDEB - FPE;157657,54;3106101;4121
MG;Belmiro Braga;2025;FUNDEB - FPM;485696,42;3106101;4121
MG;Belmiro Braga;2025;FUNDEB - ICMS;1537301,73;3106101;4121
MG;Belmiro Braga;2025;FUNDEB - IPI-EXP;19602,71;3106101;4121
MG;Belmiro Braga;2025;FUNDEB - IPVA;223676,94;3106101;4121
MG;Belmiro Braga;2025;FUNDEB - ITCMD;38785,65;3106101;4121
MG;Belmiro Braga;2025;FUNDEB - ITR;5579,25;3106101;4121
MG;Belo Horizonte;2025;AJUSTE FUNDEB - AJUSTE FUNDEB VAAR;2567724,13;3106200;4123
MG;Belo Horizonte;2025;AJUSTE FUNDEB - FPE;-12668,81;3106200;4123
MG;Belo Horizonte;2025;AJUSTE FUNDEB - FPM;-38683,47;3106200;4123
MG;Belo Horizonte;2025;AJUSTE FUNDEB - ICME;-125106,74;3106200;4123
MG;Belo Horizonte;2025;AJUSTE FUNDEB - IPIE;-1460,25;3106200;4123
MG;Belo Horizonte;2025;AJUSTE FUNDEB - IPVA;-19783,32;3106200;4123
MG;Belo Horizonte;2025;AJUSTE FUNDEB - ITCMD;-2991,04;3106200;4123
MG;Belo Horizonte;2025;AJUSTE FUNDEB - ITR;-452,49;3106200;4123
MG;Belo Horizonte;2025;FUNDEB - COUN VAAR;5565369,48;3106200;4123
MG;Belo Horizonte;2025;FUNDEB - FPE;107506319,3;3106200;4123
MG;Belo Horizonte;2025;FUNDEB - FPM;331195377,2;3106200;4123
MG;Belo Horizonte;2025;FUNDEB - FUNDEB - FTI;1544931,7;3106200;4123
MG;Belo Horizonte;2025;FUNDEB - ICMS;1048506860;3106200;4123
MG;Belo Horizonte;2025;FUNDEB - IPI-EXP;13367057,43;3106200;4123
MG;Belo Horizonte;2025;FUNDEB - IPVA;152493277,8;3106200;4123
MG;Belo Horizonte;2025;FUNDEB - ITCMD;26379623,72;3106200;4123
MG;Belo Horizonte;2025;FUNDEB - ITR;3788303,5;3106200;4123
MG;Belo Oriente;2025;AJUSTE FUNDEB - AJUSTE FUNDEB VAAR;-54360,26;3106309;4125
MG;Belo Oriente;2025;AJUSTE FUNDEB - FPE;-81,98;3106309;4125
MG;Belo Oriente;2025;AJUSTE FUNDEB - FPM;-245,8;3106309;4125
MG;Belo Oriente;2025;AJUSTE FUNDEB - ICME;-799,95;3106309;4125
MG;Belo Oriente;2025;AJUSTE FUNDEB - IPIE;-7,7;3106309;4125
MG;Belo Oriente;2025;AJUSTE FUNDEB - IPVA;-123,02;3106309;4125
MG;Belo Oriente;2025;AJUSTE FUNDEB - ITCMD;-20,78;3106309;4125
MG;Belo Oriente;2025;AJUSTE FUNDEB - ITR;-2,66;3106309;4125
MG;Belo Oriente;2025;FUNDEB - COUN VAAR;937233,48;3106309;4125
MG;Belo Oriente;2025;FUNDEB - FPE;1986854,56;3106309;4125
MG;Belo Oriente;2025;FUNDEB - FPM;6120914,97;3106309;4125
MG;Belo Oriente;2025;FUNDEB - FUNDEB - FTI;404743,95;3106309;4125
MG;Belo Oriente;2025;FUNDEB - ICMS;19392427,43;3106309;4125
MG;Belo Oriente;2025;FUNDEB - IPI-EXP;247040,07;3106309;4125
MG;Belo Oriente;2025;FUNDEB - IPVA;2818333,98;3106309;4125
MG;Belo Oriente;2025;FUNDEB - ITCMD;487717,46;3106309;4125
MG;Belo Oriente;2025;FUNDEB - ITR;70056,5;3106309;4125
MG;Belo Vale;2025;AJUSTE FUNDEB - AJUSTE FUNDEB VAAR;-1636,21;3106408;4127
MG;Belo Vale;2025;AJUSTE FUNDEB - FPE;-16,31;3106408;4127
MG;Belo Vale;2025;AJUSTE FUNDEB - FPM;-48,89;3106408;4127
MG;Belo Vale;2025;AJUSTE FUNDEB - ICME;-159,01;3106408;4127
MG;Belo Vale;2025;AJUSTE FUNDEB - IPIE;-1,53;3106408;4127
MG;Belo Vale;2025;AJUSTE FUNDEB - IPVA;-24,58;3106408;4127
MG;Belo Vale;2025;AJUSTE FUNDEB - ITCMD;-4,16;3106408;4127
MG;Belo Vale;2025;AJUSTE FUNDEB - ITR;-0,55;3106408;4127
MG;Belo Vale;2025;FUNDEB - COUN VAAR;13606,71;3106408;4127
MG;Belo Vale;2025;FUNDEB - FPE;411663,95;3106408;4127
MG;Belo Vale;2025;FUNDEB - FPM;1268215,67;3106408;4127
MG;Belo Vale;2025;FUNDEB - FUNDEB - FTI;85566,58;3106408;4127
MG;Belo Vale;2025;FUNDEB - ICMS;4012199;3106408;4127
MG;Belo Vale;2025;FUNDEB - IPI-EXP;51185,15;3106408;4127
MG;Belo Vale;2025;FUNDEB - IPVA;583904,29;3106408;4127
MG;Belo Vale;2025;FUNDEB - ITCMD;100975,53;3106408;4127
MG;Belo Vale;2025;FUNDEB - ITR;14497,07;3106408;4127
MG;Berilo;2025;AJUSTE FUNDEB - AJUSTE FUNDEB VAAR;-6982,92;3106507;4129
MG;Berilo;2025;AJUSTE FUNDEB - FPE;-10,68;3106507;4129
MG;Berilo;2025;AJUSTE FUNDEB - FPM;-32,02;3106507;4129
MG;Berilo;2025;AJUSTE FUNDEB - ICME;-104,38;3106507;4129
MG;Berilo;2025;AJUSTE FUNDEB - IPIE;-0,97;3106507;4129
MG;Berilo;2025;AJUSTE FUNDEB - IPVA;-16,03;3106507;4129
MG;Berilo;2025;AJUSTE FUNDEB - ITCMD;-2,73;3106507;4129
MG;Berilo;2025;AJUSTE FUNDEB - ITR;-0,33;3106507;4129
MG;Berilo;2025;FUNDEB - COUN VAAR;111719,25;3106507;4129
MG;Berilo;2025;FUNDEB - FPE;268072,87;3106507;4129
MG;Berilo;2025;FUNDEB - FPM;825853,83;3106507;4129
MG;Berilo;2025;FUNDEB - FUNDEB - FTI;106640,24;3106507;4129
MG;Berilo;2025;FUNDEB - ICMS;2619706,02;3106507;4129
MG;Berilo;2025;FUNDEB - IPI-EXP;33331,45;3106507;4129
MG;Berilo;2025;FUNDEB - IPVA;380275,94;3106507;4129
MG;Berilo;2025;FUNDEB - ITCMD;65839,75;3106507;4129
MG;Berilo;2025;FUNDEB - ITR;9460,64;3106507;4129
MG;Berizal;2025;AJUSTE FUNDEB - AJUSTE FUNDEB VAAR;-8029,02;3106655;570
MG;Berizal;2025;AJUSTE FUNDEB - FPE;-9,58;3106655;570
MG;Berizal;2025;AJUSTE FUNDEB - FPM;-28,92;3106655;570
MG;Berizal;2025;AJUSTE FUNDEB - ICME;-94,22;3106655;570
MG;Berizal;2025;AJUSTE FUNDEB - IPIE;-0,9;3106655;570
MG;Berizal;2025;AJUSTE FUNDEB - IPVA;-14,45;3106655;570
MG;Berizal;2025;AJUSTE FUNDEB - ITCMD;-2,42;3106655;570
MG;Berizal;2025;AJUSTE FUNDEB - ITR;-0,35;3106655;570
MG;Berizal;2025;FUNDEB - COUN VAAR;117687,04;3106655;570
MG;Berizal;2025;FUNDEB - COUN VAAT;65018,26;3106655;570
MG;Berizal;2025;FUNDEB - FPE;255337,09;3106655;570
MG;Berizal;2025;FUNDEB - FPM;786618,51;3106655;570
MG;Berizal;2025;FUNDEB - ICMS;2488966,9;3106655;570
MG;Berizal;2025;FUNDEB - IPI-EXP;31747,91;3106655;570
MG;Berizal;2025;FUNDEB - IPVA;362192,99;3106655;570
MG;Berizal;2025;FUNDEB - ITCMD;62677,65;3106655;570
MG;Berizal;2025;FUNDEB - ITR;9003,07;3106655;570
MG;Bertópolis;2025;AJUSTE FUNDEB - FPE;-8,66;3106606;4131
MG;Bertópolis;2025;AJUSTE FUNDEB - FPM;-26,12;3106606;4131
MG;Bertópolis;2025;AJUSTE FUNDEB - ICME;-84,93;3106606;4131
MG;Bertópolis;2025;AJUSTE FUNDEB - IPIE;-0,82;3106606;4131
MG;Bertópolis;2025;AJUSTE FUNDEB - IPVA;-13,27;3106606;4131
MG;Bertópolis;2025;AJUSTE FUNDEB - ITCMD;-2,11;3106606;4131
MG;Bertópolis;2025;AJUSTE FUNDEB - ITR;-0,32;3106606;4131
MG;Bertópolis;2025;FUNDEB - FPE;193763,9;3106606;4131
MG;Bertópolis;2025;FUNDEB - FPM;596929,71;3106606;4131
MG;Bertópolis;2025;FUNDEB - ICMS;1890079,82;3106606;4131
MG;Bertópolis;2025;FUNDEB - IPI-EXP;24092,06;3106606;4131
MG;Bertópolis;2025;FUNDEB - IPVA;274905;3106606;4131
MG;Bertópolis;2025;FUNDEB - ITCMD;47672,38;3106606;4131
MG;Bertópolis;2025;FUNDEB - ITR;6857,94;3106606;4131
MG;Betim;2025;AJUSTE FUNDEB - AJUSTE FUNDEB VAAR;751460,63;3106705;4133
MG;Betim;2025;AJUSTE FUNDEB - FPE;-2293,28;3106705;4133
MG;Betim;2025;AJUSTE FUNDEB - FPM;-6959,68;3106705;4133
MG;Betim;2025;AJUSTE FUNDEB - ICME;-22555,49;3106705;4133
MG;Betim;2025;AJUSTE FUNDEB - IPIE;-247,09;3106705;4133
MG;Betim;2025;AJUSTE FUNDEB - IPVA;-3533,27;3106705;4133
MG;Betim;2025;AJUSTE FUNDEB - ITCMD;-554,6;3106705;4133
MG;Betim;2025;AJUSTE FUNDEB - ITR;-79,7;3106705;4133
MG;Betim;2025;FUNDEB - COUN VAAR;1021884,27;3106705;4133
MG;Betim;2025;FUNDEB - FPE;29416510,99;3106705;4133
MG;Betim;2025;FUNDEB - FPM;90623625,89;3106705;4133
MG;Betim;2025;FUNDEB - FUNDEB - FTI;7725855,33;3106705;4133
MG;Betim;2025;FUNDEB - ICMS;286959597,4;3106705;4133
MG;Betim;2025;FUNDEB - IPI-EXP;3657570,29;3106705;4133
MG;Betim;2025;FUNDEB - IPVA;41727696,58;3106705;4133
MG;Betim;2025;FUNDEB - ITCMD;7221922,74;3106705;4133
MG;Betim;2025;FUNDEB - ITR;1037467,92;3106705;4133
MG;Bias Fortes;2025;AJUSTE FUNDEB - AJUSTE FUNDEB VAAR;-3452,6;3106804;4135
MG;Bias Fortes;2025;AJUSTE FUNDEB - FPE;-4,87;3106804;4135
MG;Bias Fortes;2025;AJUSTE FUNDEB - FPM;-14,59;3106804;4135
MG;Bias Fortes;2025;AJUSTE FUNDEB - ICME;-47,31;3106804;4135
MG;Bias Fortes;2025;AJUSTE FUNDEB - IPIE;-0,44;3106804;4135
MG;Bias Fortes;2025;AJUSTE FUNDEB - IPVA;-7,35;3106804;4135
MG;Bias Fortes;2025;AJUSTE FUNDEB - ITCMD;-1,19;3106804;4135
MG;Bias Fortes;2025;AJUSTE FUNDEB - ITR;-0,16;3106804;4135
MG;Bias Fortes;2025;FUNDEB - COUN VAAR;55237,6;3106804;4135
MG;Bias Fortes;2025;FUNDEB - FPE;119838,55;3106804;4135
MG;Bias Fortes;2025;FUNDEB - FPM;369187,31;3106804;4135
MG;Bias Fortes;2025;FUNDEB - ICMS;1170623,87;3106804;4135
MG;Bias Fortes;2025;FUNDEB - IPI-EXP;14900,39;3106804;4135
MG;Bias Fortes;2025;FUNDEB - IPVA;169996,73;3106804;4135
MG;Bias Fortes;2025;FUNDEB - ITCMD;29431,18;3106804;4135
MG;Bias Fortes;2025;FUNDEB - ITR;4228,89;3106804;4135
MG;Bicas;2025;AJUSTE FUNDEB - AJUSTE FUNDEB VAAR;-1700,35;3106903;4137
MG;Bicas;2025;AJUSTE FUNDEB - FPE;-34,03;3106903;4137
MG;Bicas;2025;AJUSTE FUNDEB - FPM;-102,02;3106903;4137
MG;Bicas;2025;AJUSTE FUNDEB - ICME;-332,2;3106903;4137
MG;Bicas;2025;AJUSTE FUNDEB - IPIE;-3,15;3106903;4137
MG;Bicas;2025;AJUSTE FUNDEB - IPVA;-51,1;3106903;4137
MG;Bicas;2025;AJUSTE FUNDEB - ITCMD;-8,59;3106903;4137
MG;Bicas;2025;AJUSTE FUNDEB - ITR;-1,15;3106903;4137
MG;Bicas;2025;FUNDEB - COUN VAAR;23682,29;3106903;4137
MG;Bicas;2025;FUNDEB - FPE;819045,12;3106903;4137
MG;Bicas;2025;FUNDEB - FPM;2523237,28;3106903;4137
MG;Bicas;2025;FUNDEB - FUNDEB - FTI;89766,07;3106903;4137
MG;Bicas;2025;FUNDEB - ICMS;7989595,55;3106903;4137
MG;Bicas;2025;FUNDEB - IPI-EXP;101837,81;3106903;4137
MG;Bicas;2025;FUNDEB - IPVA;1161821,19;3106903;4137
MG;Bicas;2025;FUNDEB - ITCMD;201080,92;3106903;4137
MG;Bicas;2025;FUNDEB - ITR;28886,22;3106903;4137
MG;Biquinhas;2025;AJUSTE FUNDEB - FPE;-7;3107000;4139
MG;Biquinhas;2025;AJUSTE FUNDEB - FPM;-21,12;3107000;4139
MG;Biquinhas;2025;AJUSTE FUNDEB - ICME;-68,68;3107000;4139
MG;Biquinhas;2025;AJUSTE FUNDEB - IPIE;-0,67;3107000;4139
MG;Biquinhas;2025;AJUSTE FUNDEB - IPVA;-10,55;3107000;4139
MG;Biquinhas;2025;AJUSTE FUNDEB - ITCMD;-1,7;3107000;4139
MG;Biquinhas;2025;AJUSTE FUNDEB - ITR;-0,22;3107000;4139
MG;Biquinhas;2025;FUNDEB - FPE;177877,8;3107000;4139
MG;Biquinhas;2025;FUNDEB - FPM;547989,25;3107000;4139
MG;Biquinhas;2025;FUNDEB - ICMS;1734342,34;3107000;4139
MG;Biquinhas;2025;FUNDEB - IPI-EXP;22116,85;3107000;4139
MG;Biquinhas;2025;FUNDEB - IPVA;252301,59;3107000;4139
MG;Biquinhas;2025;FUNDEB - ITCMD;43630,2;3107000;4139
MG;Biquinhas;2025;FUNDEB - ITR;6263,91;3107000;4139
MG;Boa Esperança;2025;AJUSTE FUNDEB - AJUSTE FUNDEB VAAR;-1315,39;3107109;4141
MG;Boa Esperança;2025;AJUSTE FUNDEB - FPE;-76,68;3107109;4141
MG;Boa Esperança;2025;AJUSTE FUNDEB - FPM;-229,95;3107109;4141
MG;Boa Esperança;2025;AJUSTE FUNDEB - ICME;-748,45;3107109;4141
MG;Boa Esperança;2025;AJUSTE FUNDEB - IPIE;-7,09;3107109;4141
MG;Boa Esperança;2025;AJUSTE FUNDEB - IPVA;-115,06;3107109;4141
MG;Boa Esperança;2025;AJUSTE FUNDEB - ITCMD;-19,44;3107109;4141
MG;Boa Esperança;2025;AJUSTE FUNDEB - ITR;-2,51;3107109;4141
MG;Boa Esperança;2025;FUNDEB - COUN VAAR;62021,3;3107109;4141
MG;Boa Esperança;2025;FUNDEB - COUN VAAT;3631991,25;3107109;4141
MG;Boa Esperança;2025;FUNDEB - FPE;2205084,9;3107109;4141
MG;Boa Esperança;2025;FUNDEB - FPM;6793218,66;3107109;4141
MG;Boa Esperança;2025;FUNDEB - FUNDEB - FTI;427801,54;3107109;4141
MG;Boa Esperança;2025;FUNDEB - ICMS;21477748,45;3107109;4141
MG;Boa Esperança;2025;FUNDEB - IPI-EXP;274174,2;3107109;4141
MG;Boa Esperança;2025;FUNDEB - IPVA;3127387,64;3107109;4141
MG;Boa Esperança;2025;FUNDEB - ITCMD;540246,73;3107109;4141
MG;Boa Esperança;2025;FUNDEB - ITR;77503,86;3107109;4141
MG;Bocaina de Minas;2025;AJUSTE FUNDEB - AJUSTE FUNDEB VAAR;-13810,44;3107208;4143
MG;Bocaina de Minas;2025;AJUSTE FUNDEB - FPE;-9,99;3107208;4143
MG;Bocaina de Minas;2025;AJUSTE FUNDEB - FPM;-29,96;3107208;4143
MG;Bocaina de Minas;2025;AJUSTE FUNDEB - ICME;-97,74;3107208;4143
MG;Bocaina de Minas;2025;AJUSTE FUNDEB - IPIE;-0,93;3107208;4143
MG;Bocaina de Minas;2025;AJUSTE FUNDEB - IPVA;-14,93;3107208;4143
MG;Bocaina de Minas;2025;AJUSTE FUNDEB - ITCMD;-2,55;3107208;4143
MG;Bocaina de Minas;2025;AJUSTE FUNDEB - ITR;-0,33;3107208;4143
MG;Bocaina de Minas;2025;FUNDEB - COUN VAAR;211578,54;3107208;4143
MG;Bocaina de Minas;2025;FUNDEB - FPE;227308,92;3107208;4143
MG;Bocaina de Minas;2025;FUNDEB - FPM;700272,02;3107208;4143
MG;Bocaina de Minas;2025;FUNDEB - ICMS;2221203,78;3107208;4143
MG;Bocaina de Minas;2025;FUNDEB - IPI-EXP;28262,98;3107208;4143
MG;Bocaina de Minas;2025;FUNDEB - IPVA;322469,07;3107208;4143
MG;Bocaina de Minas;2025;FUNDEB - ITCMD;55867,31;3107208;4143
MG;Bocaina de Minas;2025;FUNDEB - ITR;8031,41;3107208;4143
MG;Bocaiúva;2025;AJUSTE FUNDEB - AJUSTE FUNDEB VAAR;-48746,12;3107307;4145
MG;Bocaiúva;2025;AJUSTE FUNDEB - AJUSTE FUNDEB VAAT;-61590,49;3107307;4145
MG;Bocaiúva;2025;AJUSTE FUNDEB - FPE;-72,86;3107307;4145
MG;Bocaiúva;2025;AJUSTE FUNDEB - FPM;-218,34;3107307;4145
MG;Bocaiúva;2025;AJUSTE FUNDEB - ICME;-710,98;3107307;4145
MG;Bocaiúva;2025;AJUSTE FUNDEB - IPIE;-6,81;3107307;4145
MG;Bocaiúva;2025;AJUSTE FUNDEB - IPVA;-109,4;3107307;4145
MG;Bocaiúva;2025;AJUSTE FUNDEB - ITCMD;-18,44;3107307;4145
MG;Bocaiúva;2025;AJUSTE FUNDEB - ITR;-2,38;3107307;4145
MG;Bocaiúva;2025;FUNDEB - COUN VAAR;779884,7;3107307;4145
MG;Bocaiúva;2025;FUNDEB - COUN VAAT;61590,49;3107307;4145
MG;Bocaiúva;2025;FUNDEB - FPE;1770595,57;3107307;4145
MG;Bocaiúva;2025;FUNDEB - FPM;5454684,53;3107307;4145
MG;Bocaiúva;2025;FUNDEB - ICMS;17289745,62;3107307;4145
MG;Bocaiúva;2025;FUNDEB - IPI-EXP;220151,01;3107307;4145
MG;Bocaiúva;2025;FUNDEB - IPVA;2511705,22;3107307;4145
MG;Bocaiúva;2025;FUNDEB - ITCMD;434905,54;3107307;4145
MG;Bocaiúva;2025;FUNDEB - ITR;62496,32;3107307;4145
MG;Bom Despacho;2025;AJUSTE FUNDEB - AJUSTE FUNDEB VAAR;-19052,8;3107406;4147
MG;Bom Despacho;2025;AJUSTE FUNDEB - FPE;-96,76;3107406;4147
MG;Bom Despacho;2025;AJUSTE FUNDEB - FPM;-290,26;3107406;4147
MG;Bom Despacho;2025;AJUSTE FUNDEB - ICME;-944,69;3107406;4147
MG;Bom Despacho;2025;AJUSTE FUNDEB - IPIE;-9,1;3107406;4147
MG;Bom Despacho;2025;AJUSTE FUNDEB - IPVA;-145,09;3107406;4147
MG;Bom Despacho;2025;AJUSTE FUNDEB - ITCMD;-24,49;3107406;4147
MG;Bom Despacho;2025;AJUSTE FUNDEB - ITR;-3,2;3107406;4147
MG;Bom Despacho;2025;FUNDEB - COUN VAAR;106644,54;3107406;4147
MG;Bom Despacho;2025;FUNDEB - FPE;2434156,9;3107406;4147
MG;Bom Despacho;2025;FUNDEB - FPM;7498922,12;3107406;4147
MG;Bom Despacho;2025;FUNDEB - FUNDEB - FTI;284010,99;3107406;4147
MG;Bom Despacho;2025;FUNDEB - ICMS;23712421,17;3107406;4147
MG;Bom Despacho;2025;FUNDEB - IPI-EXP;302656,41;3107406;4147
MG;Bom Despacho;2025;FUNDEB - IPVA;3452669,66;3107406;4147
MG;Bom Despacho;2025;FUNDEB - ITCMD;597190,57;3107406;4147
MG;Bom Despacho;2025;FUNDEB - ITR;85750,6;3107406;4147
MG;Bom Jardim de Minas;2025;AJUSTE FUNDEB - AJUSTE FUNDEB VAAR;-29270,23;3107505;4149
MG;Bom Jardim de Minas;2025;AJUSTE FUNDEB - FPE;-1081,54;3107505;4149
MG;Bom Jardim de Minas;2025;AJUSTE FUNDEB - FPM;-3330,62;3107505;4149
MG;Bom Jardim de Minas;2025;AJUSTE FUNDEB - ICME;-10740,57;3107505;4149
MG;Bom Jardim de Minas;2025;AJUSTE FUNDEB - IPIE;-136,07;3107505;4149
MG;Bom Jardim de Minas;2025;AJUSTE FUNDEB - IPVA;-1720,71;3107505;4149
MG;Bom Jardim de Minas;2025;AJUSTE FUNDEB - ITCMD;-246,54;3107505;4149
MG;Bom Jardim de Minas;2025;AJUSTE FUNDEB - ITR;-40,05;3107505;4149
MG;Bom Jardim de Minas;2025;FUNDEB - COUN VAAR;357884,64;3107505;4149
MG;Bom Jardim de Minas;2025;FUNDEB - FPE;353606,19;3107505;4149
MG;Bom Jardim de Minas;2025;FUNDEB - FPM;1089356,67;3107505;4149
MG;Bom Jardim de Minas;2025;FUNDEB - FUNDEB - FTI;110528,22;3107505;4149
MG;Bom Jardim de Minas;2025;FUNDEB - ICMS;3449101,99;3107505;4149
MG;Bom Jardim de Minas;2025;FUNDEB - IPI-EXP;43968,46;3107505;4149
MG;Bom Jardim de Minas;2025;FUNDEB - IPVA;501723,9;3107505;4149
MG;Bom Jardim de Minas;2025;FUNDEB - ITCMD;86681,5;3107505;4149
MG;Bom Jardim de Minas;2025;FUNDEB - ITR;12446,37;3107505;4149
MG;Bom Jesus da Penha;2025;AJUSTE FUNDEB - AJUSTE FUNDEB VAAR;-1443,71;3107604;4151
MG;Bom Jesus da Penha;2025;AJUSTE FUNDEB - FPE;-11,91;3107604;4151
MG;Bom Jesus da Penha;2025;AJUSTE FUNDEB - FPM;-35,61;3107604;4151
MG;Bom Jesus da Penha;2025;AJUSTE FUNDEB - ICME;-116,12;3107604;4151
MG;Bom Jesus da Penha;2025;AJUSTE FUNDEB - IPIE;-1,08;3107604;4151
MG;Bom Jesus da Penha;2025;AJUSTE FUNDEB - IPVA;-17,67;3107604;4151
MG;Bom Jesus da Penha;2025;AJUSTE FUNDEB - ITCMD;-2,99;3107604;4151
MG;Bom Jesus da Penha;2025;AJUSTE FUNDEB - ITR;-0,41;3107604;4151
MG;Bom Jesus da Penha;2025;FUNDEB - COUN VAAR;9564,97;3107604;4151
MG;Bom Jesus da Penha;2025;FUNDEB - FPE;269840,52;3107604;4151
MG;Bom Jesus da Penha;2025;FUNDEB - FPM;831299,3;3107604;4151
MG;Bom Jesus da Penha;2025;FUNDEB - FUNDEB - FTI;135248,94;3107604;4151
MG;Bom Jesus da Penha;2025;FUNDEB - ICMS;2632904,72;3107604;4151
MG;Bom Jesus da Penha;2025;FUNDEB - IPI-EXP;33551,22;3107604;4151
MG;Bom Jesus da Penha;2025;FUNDEB - IPVA;382790,76;3107604;4151
MG;Bom Jesus da Penha;2025;FUNDEB - ITCMD;66289,26;3107604;4151
MG;Bom Jesus da Penha;2025;FUNDEB - ITR;9526,68;3107604;4151
MG;Bom Jesus do Amparo;2025;AJUSTE FUNDEB - FPE;-13,37;3107703;4153
MG;Bom Jesus do Amparo;2025;AJUSTE FUNDEB - FPM;-39,98;3107703;4153
MG;Bom Jesus do Amparo;2025;AJUSTE FUNDEB - ICME;-130,17;3107703;4153
MG;Bom Jesus do Amparo;2025;AJUSTE FUNDEB - IPIE;-1,32;3107703;4153
MG;Bom Jesus do Amparo;2025;AJUSTE FUNDEB - IPVA;-20,16;3107703;4153
MG;Bom Jesus do Amparo;2025;AJUSTE FUNDEB - ITCMD;-3,39;3107703;4153
MG;Bom Jesus do Amparo;2025;AJUSTE FUNDEB - ITR;-0,4;3107703;4153
MG;Bom Jesus do Amparo;2025;FUNDEB - FPE;280139,08;3107703;4153
MG;Bom Jesus do Amparo;2025;FUNDEB - FPM;863026,13;3107703;4153
MG;Bom Jesus do Amparo;2025;FUNDEB - ICMS;2736494,33;3107703;4153
MG;Bom Jesus do Amparo;2025;FUNDEB - IPI-EXP;34831,75;3107703;4153
MG;Bom Jesus do Amparo;2025;FUNDEB - IPVA;397421,73;3107703;4153
MG;Bom Jesus do Amparo;2025;FUNDEB - ITCMD;68863,55;3107703;4153
MG;Bom Jesus do Amparo;2025;FUNDEB - ITR;9900,82;3107703;4153
MG;Bom Jesus do Galho;2025;AJUSTE FUNDEB - FPE;-18,86;3107802;4155
MG;Bom Jesus do Galho;2025;AJUSTE FUNDEB - FPM;-56,59;3107802;4155
MG;Bom Jesus do Galho;2025;AJUSTE FUNDEB - ICME;-184,3;3107802;4155
MG;Bom Jesus do Galho;2025;AJUSTE FUNDEB - IPIE;-1,74;3107802;4155
MG;Bom Jesus do Galho;2025;AJUSTE FUNDEB - IPVA;-28,36;3107802;4155
MG;Bom Jesus do Galho;2025;AJUSTE FUNDEB - ITCMD;-4,8;3107802;4155
MG;Bom Jesus do Galho;2025;AJUSTE FUNDEB - ITR;-0,62;3107802;4155
MG;Bom Jesus do Galho;2025;FUNDEB - FPE;429716,42;3107802;4155
MG;Bom Jesus do Galho;2025;FUNDEB - FPM;1323829,99;3107802;4155
MG;Bom Jesus do Galho;2025;FUNDEB - ICMS;4199151,92;3107802;4155
MG;Bom Jesus do Galho;2025;FUNDEB - IPI-EXP;53429,76;3107802;4155
MG;Bom Jesus do Galho;2025;FUNDEB - IPVA;609549,99;3107802;4155
MG;Bom Jesus do Galho;2025;FUNDEB - ITCMD;105486,29;3107802;4155
MG;Bom Jesus do Galho;2025;FUNDEB - ITR;15152,49;3107802;4155
MG;Bom Repouso;2025;AJUSTE FUNDEB - AJUSTE FUNDEB VAAT;50834,87;3107901;4157
MG;Bom Repouso;2025;AJUSTE FUNDEB - FPE;-27,91;3107901;4157
MG;Bom Repouso;2025;AJUSTE FUNDEB - FPM;-83,76;3107901;4157
MG;Bom Repouso;2025;AJUSTE FUNDEB - ICME;-272,75;3107901;4157
MG;Bom Repouso;2025;AJUSTE FUNDEB - IPIE;-2,71;3107901;4157
MG;Bom Repouso;2025;AJUSTE FUNDEB - IPVA;-41,88;3107901;4157
MG;Bom Repouso;2025;AJUSTE FUNDEB - ITCMD;-7,1;3107901;4157
MG;Bom Repouso;2025;AJUSTE FUNDEB - ITR;-0,98;3107901;4157
MG;Bom Repouso;2025;FUNDEB - COUN VAAT;1723517,18;3107901;4157
MG;Bom Repouso;2025;FUNDEB - FPE;770363,12;3107901;4157
MG;Bom Repouso;2025;FUNDEB - FPM;2373262,29;3107901;4157
MG;Bom Repouso;2025;FUNDEB - ICMS;7499318,42;3107901;4157
MG;Bom Repouso;2025;FUNDEB - IPI-EXP;95784,87;3107901;4157
MG;Bom Repouso;2025;FUNDEB - IPVA;1092670,03;3107901;4157
MG;Bom Repouso;2025;FUNDEB - ITCMD;188932,26;3107901;4157
MG;Bom Repouso;2025;FUNDEB - ITR;27122,47;3107901;4157
MG;Bom Sucesso;2025;AJUSTE FUNDEB - FPE;-28,12;3108008;4159
MG;Bom Sucesso;2025;AJUSTE FUNDEB - FPM;-84,3;3108008;4159
MG;Bom Sucesso;2025;AJUSTE FUNDEB - ICME;-274,79;3108008;4159
MG;Bom Sucesso;2025;AJUSTE FUNDEB - IPIE;-2,65;3108008;4159
MG;Bom Sucesso;2025;AJUSTE FUNDEB - IPVA;-42,29;3108008;4159
MG;Bom Sucesso;2025;AJUSTE FUNDEB - ITCMD;-7,12;3108008;4159
MG;Bom Sucesso;2025;AJUSTE FUNDEB - ITR;-0,9;3108008;4159
MG;Bom Sucesso;2025;FUNDEB - FPE;653818,27;3108008;4159
MG;Bom Sucesso;2025;FUNDEB - FPM;2014221,93;3108008;4159
MG;Bom Sucesso;2025;FUNDEB - FUNDEB - FTI;181959,08;3108008;4159
MG;Bom Sucesso;2025;FUNDEB - ICMS;6389666,71;3108008;4159
MG;Bom Sucesso;2025;FUNDEB - IPI-EXP;81293,98;3108008;4159
MG;Bom Sucesso;2025;FUNDEB - IPVA;927485,12;3108008;4159
MG;Bom Sucesso;2025;FUNDEB - ITCMD;160597,93;3108008;4159
MG;Bom Sucesso;2025;FUNDEB - ITR;23078,33;3108008;4159
MG;Bonfim;2025;AJUSTE FUNDEB - FPE;-10,21;3108107;4161
MG;Bonfim;2025;AJUSTE FUNDEB - FPM;-30,57;3108107;4161
MG;Bonfim;2025;AJUSTE FUNDEB - ICME;-99,42;3108107;4161
MG;Bonfim;2025;AJUSTE FUNDEB - IPIE;-1;3108107;4161
MG;Bonfim;2025;AJUSTE FUNDEB - IPVA;-15,51;3108107;4161
MG;Bonfim;2025;AJUSTE FUNDEB - ITCMD;-2,57;3108107;4161
MG;Bonfim;2025;AJUSTE FUNDEB - ITR;-0,35;3108107;4161
MG;Bonfim;2025;FUNDEB - FPE;244959,47;3108107;4161
MG;Bonfim;2025;FUNDEB - FPM;754648,2;3108107;4161
MG;Bonfim;2025;FUNDEB - ICMS;2390410,99;3108107;4161
MG;Bonfim;2025;FUNDEB - IPI-EXP;30457,62;3108107;4161
MG;Bonfim;2025;FUNDEB - IPVA;347501,24;3108107;4161
MG;Bonfim;2025;FUNDEB - ITCMD;60189,8;3108107;4161
MG;Bonfim;2025;FUNDEB - ITR;8651,34;3108107;4161
MG;Bonfinópolis de Minas;2025;AJUSTE FUNDEB - FPE;-15,12;3108206;4163
MG;Bonfinópolis de Minas;2025;AJUSTE FUNDEB - FPM;-45,55;3108206;4163
MG;Bonfinópolis de Minas;2025;AJUSTE FUNDEB - ICME;-148,34;3108206;4163
MG;Bonfinópolis de Minas;2025;AJUSTE FUNDEB - IPIE;-1,44;3108206;4163
MG;Bonfinópolis de Minas;2025;AJUSTE FUNDEB - IPVA;-22,84;3108206;4163
MG;Bonfinópolis de Minas;2025;AJUSTE FUNDEB - ITCMD;-3,84;3108206;4163
MG;Bonfinópolis de Minas;2025;AJUSTE FUNDEB - ITR;-0,49;3108206;4163
MG;Bonfinópolis de Minas;2025;FUNDEB - FPE;352711,31;3108206;4163
MG;Bonfinópolis de Minas;2025;FUNDEB - FPM;1086599,87;3108206;4163
MG;Bonfinópolis de Minas;2025;FUNDEB - FUNDEB - FTI;126330,06;3108206;4163
MG;Bonfinópolis de Minas;2025;FUNDEB - ICMS;3444005,29;3108206;4163
MG;Bonfinópolis de Minas;2025;FUNDEB - IPI-EXP;43855,15;3108206;4163
MG;Bonfinópolis de Minas;2025;FUNDEB - IPVA;500370,08;3108206;4163
MG;Bonfinópolis de Minas;2025;FUNDEB - ITCMD;86689,14;3108206;4163
MG;Bonfinópolis de Minas;2025;FUNDEB - ITR;12462,36;3108206;4163
MG;Bonito de Minas;2025;AJUSTE FUNDEB - AJUSTE FUNDEB VAAR;-5409,74;3108255;572
MG;Bonito de Minas;2025;AJUSTE FUNDEB - AJUSTE FUNDEB VAAT;37122,07;3108255;572
MG;Bonito de Minas;2025;AJUSTE FUNDEB - FPE;-19,44;3108255;572
MG;Bonito de Minas;2025;AJUSTE FUNDEB - FPM;-58,32;3108255;572
MG;Bonito de Minas;2025;AJUSTE FUNDEB - ICME;-189,73;3108255;572
MG;Bonito de Minas;2025;AJUSTE FUNDEB - IPIE;-1,84;3108255;572
MG;Bonito de Minas;2025;AJUSTE FUNDEB - IPVA;-29,19;3108255;572
MG;Bonito de Minas;2025;AJUSTE FUNDEB - ITCMD;-4,83;3108255;572
MG;Bonito de Minas;2025;AJUSTE FUNDEB - ITR;-0,6;3108255;572
MG;Bonito de Minas;2025;FUNDEB - COUN VAAR;31144,54;3108255;572
MG;Bonito de Minas;2025;FUNDEB - COUN VAAT;431341,61;3108255;572
MG;Bonito de Minas;2025;FUNDEB - FPE;520811,94;3108255;572
MG;Bonito de Minas;2025;FUNDEB - FPM;1604468,53;3108255;572
MG;Bonito de Minas;2025;FUNDEB - FUNDEB - FTI;123435,71;3108255;572
MG;Bonito de Minas;2025;FUNDEB - ICMS;5078400,79;3108255;572
MG;Bonito de Minas;2025;FUNDEB - IPI-EXP;64756,33;3108255;572
MG;Bonito de Minas;2025;FUNDEB - IPVA;738790,67;3108255;572
MG;Bonito de Minas;2025;FUNDEB - ITCMD;127894,23;3108255;572
MG;Bonito de Minas;2025;FUNDEB - ITR;18375,59;3108255;572
MG;Borda da Mata;2025;AJUSTE FUNDEB - AJUSTE FUNDEB VAAR;-513,34;3108305;4165
MG;Borda da Mata;2025;AJUSTE FUNDEB - FPE;-36,6;3108305;4165
MG;Borda da Mata;2025;AJUSTE FUNDEB - FPM;-109,8;3108305;4165
MG;Borda da Mata;2025;AJUSTE FUNDEB - ICME;-357,11;3108305;4165
MG;Borda da Mata;2025;AJUSTE FUNDEB - IPIE;-3,39;3108305;4165
MG;Borda da Mata;2025;AJUSTE FUNDEB - IPVA;-54,93;3108305;4165
MG;Borda da Mata;2025;AJUSTE FUNDEB - ITCMD;-9,3;3108305;4165
MG;Borda da Mata;2025;AJUSTE FUNDEB - ITR;-1,21;3108305;4165
MG;Borda da Mata;2025;FUNDEB - COUN VAAR;29644,23;3108305;4165
MG;Borda da Mata;2025;FUNDEB - FPE;880353,75;3108305;4165
MG;Borda da Mata;2025;FUNDEB - FPM;2712111,3;3108305;4165
MG;Borda da Mata;2025;FUNDEB - FUNDEB - FTI;104516,14;3108305;4165
MG;Borda da Mata;2025;FUNDEB - ICMS;8596482,68;3108305;4165
MG;Borda da Mata;2025;FUNDEB - IPI-EXP;109460,76;3108305;4165
MG;Borda da Mata;2025;FUNDEB - IPVA;1248820,32;3108305;4165
MG;Borda da Mata;2025;FUNDEB - ITCMD;216199,27;3108305;4165
MG;Borda da Mata;2025;FUNDEB - ITR;31064,33;3108305;4165
MG;Botelhos;2025;AJUSTE FUNDEB - FPE;-29,73;3108404;4167
MG;Botelhos;2025;AJUSTE FUNDEB - FPM;-89,21;3108404;4167
MG;Botelhos;2025;AJUSTE FUNDEB - ICME;-290,42;3108404;4167
MG;Botelhos;2025;AJUSTE FUNDEB - IPIE;-2,83;3108404;4167
MG;Botelhos;2025;AJUSTE FUNDEB - IPVA;-44,37;3108404;4167
MG;Botelhos;2025;AJUSTE FUNDEB - ITCMD;-7,44;3108404;4167
MG;Botelhos;2025;AJUSTE FUNDEB - ITR;-0,96;3108404;4167
MG;Botelhos;2025;FUNDEB - FPE;695596,5;3108404;4167
MG;Botelhos;2025;FUNDEB - FPM;2142928,41;3108404;4167
MG;Botelhos;2025;FUNDEB - ICMS;6789436,34;3108404;4167
MG;Botelhos;2025;FUNDEB - IPI-EXP;86488,58;3108404;4167
MG;Botelhos;2025;FUNDEB - IPVA;986721,39;3108404;4167
MG;Botelhos;2025;FUNDEB - ITCMD;170800,32;3108404;4167
MG;Botelhos;2025;FUNDEB - ITR;24538,87;3108404;4167
MG;Botumirim;2025;AJUSTE FUNDEB - AJUSTE FUNDEB VAAR;-10491,05;3108503;4169
MG;Botumirim;2025;AJUSTE FUNDEB - FPE;-9,36;3108503;4169
MG;Botumirim;2025;AJUSTE FUNDEB - FPM;-28,13;3108503;4169
MG;Botumirim;2025;AJUSTE FUNDEB - ICME;-91,27;3108503;4169
MG;Botumirim;2025;AJUSTE FUNDEB - IPIE;-0,9;3108503;4169
MG;Botumirim;2025;AJUSTE FUNDEB - IPVA;-13,77;3108503;4169
MG;Botumirim;2025;AJUSTE FUNDEB - ITCMD;-2,33;3108503;4169
MG;Botumirim;2025;AJUSTE FUNDEB - ITR;-0,3;3108503;4169
MG;Botumirim;2025;FUNDEB - COUN VAAR;157215,33;3108503;4169
MG;Botumirim;2025;FUNDEB - FPE;202707,96;3108503;4169
MG;Botumirim;2025;FUNDEB - FPM;624483,59;3108503;4169
MG;Botumirim;2025;FUNDEB - ICMS;1981044,89;3108503;4169
MG;Botumirim;2025;FUNDEB - IPI-EXP;25204,16;3108503;4169
MG;Botumirim;2025;FUNDEB - IPVA;287570,08;3108503;4169
MG;Botumirim;2025;FUNDEB - ITCMD;49822,72;3108503;4169
MG;Botumirim;2025;FUNDEB - ITR;7162,62;3108503;4169
MG;Brás Pires;2025;AJUSTE FUNDEB - AJUSTE FUNDEB VAAR;-12867,78;3108701;4173
MG;Brás Pires;2025;AJUSTE FUNDEB - FPE;-8,68;3108701;4173
MG;Brás Pires;2025;AJUSTE FUNDEB - FPM;-26,14;3108701;4173
MG;Brás Pires;2025;AJUSTE FUNDEB - ICME;-85,13;3108701;4173
MG;Brás Pires;2025;AJUSTE FUNDEB - IPIE;-0,85;3108701;4173
MG;Brás Pires;2025;AJUSTE FUNDEB - IPVA;-12,92;3108701;4173
MG;Brás Pires;2025;AJUSTE FUNDEB - ITCMD;-2,23;3108701;4173
MG;Brás Pires;2025;AJUSTE FUNDEB - ITR;-0,29;3108701;4173
MG;Brás Pires;2025;FUNDEB - COUN VAAR;191056,08;3108701;4173
MG;Brás Pires;2025;FUNDEB - FPE;236963,46;3108701;4173
MG;Brás Pires;2025;FUNDEB - FPM;730014,81;3108701;4173
MG;Brás Pires;2025;FUNDEB - FUNDEB - FTI;131277,57;3108701;4173
MG;Brás Pires;2025;FUNDEB - ICMS;2308527,1;3108701;4173
MG;Brás Pires;2025;FUNDEB - IPI-EXP;29463,43;3108701;4173
MG;Brás Pires;2025;FUNDEB - IPVA;336114,21;3108701;4173
MG;Brás Pires;2025;FUNDEB - ITCMD;58134,4;3108701;4173
MG;Brás Pires;2025;FUNDEB - ITR;8347,35;3108701;4173
MG;Brasilândia de Minas;2025;AJUSTE FUNDEB - AJUSTE FUNDEB VAAT;71405,91;3108552;574
MG;Brasilândia de Minas;2025;AJUSTE FUNDEB - FPE;-38,97;3108552;574
MG;Brasilândia de Minas;2025;AJUSTE FUNDEB - FPM;-116,86;3108552;574
MG;Brasilândia de Minas;2025;AJUSTE FUNDEB - ICME;-380,44;3108552;574
MG;Brasilândia de Minas;2025;AJUSTE FUNDEB - IPIE;-3,65;3108552;574
MG;Brasilândia de Minas;2025;AJUSTE FUNDEB - IPVA;-58,4;3108552;574
MG;Brasilândia de Minas;2025;AJUSTE FUNDEB - ITCMD;-9,95;3108552;574
MG;Brasilândia de Minas;2025;AJUSTE FUNDEB - ITR;-1,26;3108552;574
MG;Brasilândia de Minas;2025;FUNDEB - COUN VAAT;1893392,28;3108552;574
MG;Brasilândia de Minas;2025;FUNDEB - FPE;1031626,68;3108552;574
MG;Brasilândia de Minas;2025;FUNDEB - FPM;3178138,65;3108552;574
MG;Brasilândia de Minas;2025;FUNDEB - FUNDEB - FTI;345417,39;3108552;574
MG;Brasilândia de Minas;2025;FUNDEB - ICMS;10047078,27;3108552;574
MG;Brasilândia de Minas;2025;FUNDEB - IPI-EXP;128269,66;3108552;574
MG;Brasilândia de Minas;2025;FUNDEB - IPVA;1463346,55;3108552;574
MG;Brasilândia de Minas;2025;FUNDEB - ITCMD;253223,56;3108552;574
MG;Brasilândia de Minas;2025;FUNDEB - ITR;36372,3;3108552;574
MG;Brasília de Minas;2025;AJUSTE FUNDEB - AJUSTE FUNDEB VAAR;-24833,35;3108602;4171
MG;Brasília de Minas;2025;AJUSTE FUNDEB - FPE;-39,48;3108602;4171
MG;Brasília de Minas;2025;AJUSTE FUNDEB - FPM;-118,34;3108602;4171
MG;Brasília de Minas;2025;AJUSTE FUNDEB - ICME;-385,49;3108602;4171
MG;Brasília de Minas;2025;AJUSTE FUNDEB - IPIE;-3,71;3108602;4171
MG;Brasília de Minas;2025;AJUSTE FUNDEB - IPVA;-59,09;3108602;4171
MG;Brasília de Minas;2025;AJUSTE FUNDEB - ITCMD;-10,08;3108602;4171
MG;Brasília de Minas;2025;AJUSTE FUNDEB - ITR;-1,3;3108602;4171
MG;Brasília de Minas;2025;FUNDEB - COUN VAAR;397306,5;3108602;4171
MG;Brasília de Minas;2025;FUNDEB - COUN VAAT;1412369,65;3108602;4171
MG;Brasília de Minas;2025;FUNDEB - FPE;1054470,65;3108602;4171
MG;Brasília de Minas;2025;FUNDEB - FPM;3248514,2;3108602;4171
MG;Brasília de Minas;2025;FUNDEB - ICMS;10286700,64;3108602;4171
MG;Brasília de Minas;2025;FUNDEB - IPI-EXP;131109,98;3108602;4171
MG;Brasília de Minas;2025;FUNDEB - IPVA;1495701,1;3108602;4171
MG;Brasília de Minas;2025;FUNDEB - ITCMD;258729,14;3108602;4171
MG;Brasília de Minas;2025;FUNDEB - ITR;37153,5;3108602;4171
MG;Brasópolis;2025;AJUSTE FUNDEB - FPE;-25,29;3108909;4177
MG;Brasópolis;2025;AJUSTE FUNDEB - FPM;-75,79;3108909;4177
MG;Brasópolis;2025;AJUSTE FUNDEB - ICME;-246,6;3108909;4177
MG;Brasópolis;2025;AJUSTE FUNDEB - IPIE;-2,4;3108909;4177
MG;Brasópolis;2025;AJUSTE FUNDEB - IPVA;-38;3108909;4177
MG;Brasópolis;2025;AJUSTE FUNDEB - ITCMD;-6,35;3108909;4177
MG;Brasópolis;2025;AJUSTE FUNDEB - ITR;-0,8;3108909;4177
MG;Brasópolis;2025;FUNDEB - COUN VAAT;535916,86;3108909;4177
MG;Brasópolis;2025;FUNDEB - FPE;675133,86;3108909;4177
MG;Brasópolis;2025;FUNDEB - FPM;2079889,04;3108909;4177
MG;Brasópolis;2025;FUNDEB - ICMS;6582952,44;3108909;4177
MG;Brasópolis;2025;FUNDEB - IPI-EXP;83944,3;3108909;4177
MG;Brasópolis;2025;FUNDEB - IPVA;957663,48;3108909;4177
MG;Brasópolis;2025;FUNDEB - ITCMD;165711,24;3108909;4177
MG;Brasópolis;2025;FUNDEB - ITR;23801,6;3108909;4177
MG;Braúnas;2025;AJUSTE FUNDEB - FPE;-6,37;3108800;4175
MG;Braúnas;2025;AJUSTE FUNDEB - FPM;-18,99;3108800;4175
MG;Braúnas;2025;AJUSTE FUNDEB - ICME;-61,92;3108800;4175
MG;Braúnas;2025;AJUSTE FUNDEB - IPIE;-0,57;3108800;4175
MG;Braúnas;2025;AJUSTE FUNDEB - IPVA;-9,59;3108800;4175
MG;Braúnas;2025;AJUSTE FUNDEB - ITCMD;-1,59;3108800;4175
MG;Braúnas;2025;AJUSTE FUNDEB - ITR;-0,18;3108800;4175
MG;Braúnas;2025;FUNDEB - FPE;148668,34;3108800;4175
MG;Braúnas;2025;FUNDEB - FPM;458003,5;3108800;4175
MG;Braúnas;2025;FUNDEB - ICMS;1454699,97;3108800;4175
MG;Braúnas;2025;FUNDEB - IPI-EXP;18485,01;3108800;4175
MG;Braúnas;2025;FUNDEB - IPVA;210888,46;3108800;4175
MG;Braúnas;2025;FUNDEB - ITCMD;36501,73;3108800;4175
MG;Braúnas;2025;FUNDEB - ITR;5243,89;3108800;4175
MG;Brumadinho;2025;AJUSTE FUNDEB - AJUSTE FUNDEB VAAR;-14982,37;3109006;4179
MG;Brumadinho;2025;AJUSTE FUNDEB - FPE;-125;3109006;4179
MG;Brumadinho;2025;AJUSTE FUNDEB - FPM;-374,92;3109006;4179
MG;Brumadinho;2025;AJUSTE FUNDEB - ICME;-1219,9;3109006;4179
MG;Brumadinho;2025;AJUSTE FUNDEB - IPIE;-11,67;3109006;4179
MG;Brumadinho;2025;AJUSTE FUNDEB - IPVA;-187,65;3109006;4179
MG;Brumadinho;2025;AJUSTE FUNDEB - ITCMD;-31,57;3109006;4179
MG;Brumadinho;2025;AJUSTE FUNDEB - ITR;-4,13;3109006;4179
MG;Brumadinho;2025;FUNDEB - COUN VAAR;93161,39;3109006;4179
MG;Brumadinho;2025;FUNDEB - FPE;3118957,74;3109006;4179
MG;Brumadinho;2025;FUNDEB - FPM;9608592,25;3109006;4179
MG;Brumadinho;2025;FUNDEB - FUNDEB - FTI;230277,92;3109006;4179
MG;Brumadinho;2025;FUNDEB - ICMS;30422772,04;3109006;4179
MG;Brumadinho;2025;FUNDEB - IPI-EXP;387802,64;3109006;4179
MG;Brumadinho;2025;FUNDEB - IPVA;4423837,85;3109006;4179
MG;Brumadinho;2025;FUNDEB - ITCMD;764846,14;3109006;4179
MG;Brumadinho;2025;FUNDEB - ITR;109791,07;3109006;4179
MG;Bueno Brandão;2025;AJUSTE FUNDEB - AJUSTE FUNDEB VAAR;-1957,01;3109105;4181
MG;Bueno Brandão;2025;AJUSTE FUNDEB - FPE;-15,2;3109105;4181
MG;Bueno Brandão;2025;AJUSTE FUNDEB - FPM;-45,58;3109105;4181
MG;Bueno Brandão;2025;AJUSTE FUNDEB - ICME;-148,38;3109105;4181
MG;Bueno Brandão;2025;AJUSTE FUNDEB - IPIE;-1,35;3109105;4181
MG;Bueno Brandão;2025;AJUSTE FUNDEB - IPVA;-22,74;3109105;4181
MG;Bueno Brandão;2025;AJUSTE FUNDEB - ITCMD;-3,88;3109105;4181
MG;Bueno Brandão;2025;AJUSTE FUNDEB - ITR;-0,5;3109105;4181
MG;Bueno Brandão;2025;FUNDEB - COUN VAAR;12189,94;3109105;4181
MG;Bueno Brandão;2025;FUNDEB - FPE;374869,69;3109105;4181
MG;Bueno Brandão;2025;FUNDEB - FPM;1154863,4;3109105;4181
MG;Bueno Brandão;2025;FUNDEB - ICMS;3655006,79;3109105;4181
MG;Bueno Brandão;2025;FUNDEB - IPI-EXP;46610,25;3109105;4181
MG;Bueno Brandão;2025;FUNDEB - IPVA;531674,43;3109105;4181
MG;Bueno Brandão;2025;FUNDEB - ITCMD;91866,13;3109105;4181
MG;Bueno Brandão;2025;FUNDEB - ITR;13181,29;3109105;4181
MG;Buenópolis;2025;AJUSTE FUNDEB - AJUSTE FUNDEB VAAR;-27929,83;3109204;4183
MG;Buenópolis;2025;AJUSTE FUNDEB - FPE;-19,24;3109204;4183
MG;Buenópolis;2025;AJUSTE FUNDEB - FPM;-57,99;3109204;4183
MG;Buenópolis;2025;AJUSTE FUNDEB - ICME;-188,5;3109204;4183
MG;Buenópolis;2025;AJUSTE FUNDEB - IPIE;-1,75;3109204;4183
MG;Buenópolis;2025;AJUSTE FUNDEB - IPVA;-29,14;3109204;4183
MG;Buenópolis;2025;AJUSTE FUNDEB - ITCMD;-4,86;3109204;4183
MG;Buenópolis;2025;AJUSTE FUNDEB - ITR;-0,6;3109204;4183
MG;Buenópolis;2025;FUNDEB - COUN VAAR;416539,53;3109204;4183
MG;Buenópolis;2025;FUNDEB - FPE;463366,36;3109204;4183
MG;Buenópolis;2025;FUNDEB - FPM;1427495,67;3109204;4183
MG;Buenópolis;2025;FUNDEB - FUNDEB - FTI;94854,25;3109204;4183
MG;Buenópolis;2025;FUNDEB - ICMS;4523345,74;3109204;4183
MG;Buenópolis;2025;FUNDEB - IPI-EXP;57613,71;3109204;4183
MG;Buenópolis;2025;FUNDEB - IPVA;657294,86;3109204;4183
MG;Buenópolis;2025;FUNDEB - ITCMD;113772,56;3109204;4183
MG;Buenópolis;2025;FUNDEB - ITR;16345,22;3109204;4183
MG;Bugre;2025;AJUSTE FUNDEB - FPE;-5,83;3109253;576
MG;Bugre;2025;AJUSTE FUNDEB - FPM;-17,11;3109253;576
MG;Bugre;2025;AJUSTE FUNDEB - ICME;-55,96;3109253;576
MG;Bugre;2025;AJUSTE FUNDEB - IPIE;-0,53;3109253;576
MG;Bugre;2025;AJUSTE FUNDEB - IPVA;-8,67;3109253;576
MG;Bugre;2025;AJUSTE FUNDEB - ITCMD;-1,52;3109253;576
MG;Bugre;2025;AJUSTE FUNDEB - ITR;-0,17;3109253;576
MG;Bugre;2025;FUNDEB - FPE;144099,58;3109253;576
MG;Bugre;2025;FUNDEB - FPM;443928,42;3109253;576
MG;Bugre;2025;FUNDEB - FUNDEB - FTI;69193,49;3109253;576
MG;Bugre;2025;FUNDEB - ICMS;1406448,06;3109253;576
MG;Bugre;2025;FUNDEB - IPI-EXP;17916,94;3109253;576
MG;Bugre;2025;FUNDEB - IPVA;204395,13;3109253;576
MG;Bugre;2025;FUNDEB - ITCMD;35354,47;3109253;576
MG;Bugre;2025;FUNDEB - ITR;5076,73;3109253;576
MG;Buritis;2025;AJUSTE FUNDEB - AJUSTE FUNDEB VAAR;-77604,87;3109303;4185
MG;Buritis;2025;AJUSTE FUNDEB - FPE;-74,15;3109303;4185
MG;Buritis;2025;AJUSTE FUNDEB - FPM;-222,48;3109303;4185
MG;Buritis;2025;AJUSTE FUNDEB - ICME;-723,91;3109303;4185
MG;Buritis;2025;AJUSTE FUNDEB - IPIE;-6,96;3109303;4185
MG;Buritis;2025;AJUSTE FUNDEB - IPVA;-111,18;3109303;4185
MG;Buritis;2025;AJUSTE FUNDEB - ITCMD;-18,84;3109303;4185
MG;Buritis;2025;AJUSTE FUNDEB - ITR;-2,42;3109303;4185
MG;Buritis;2025;FUNDEB - COUN VAAR;808677,88;3109303;4185
MG;Buritis;2025;FUNDEB - FPE;1880424,39;3109303;4185
MG;Buritis;2025;FUNDEB - FPM;5793035,05;3109303;4185
MG;Buritis;2025;FUNDEB - FUNDEB - FTI;611878,62;3109303;4185
MG;Buritis;2025;FUNDEB - ICMS;18350350,56;3109303;4185
MG;Buritis;2025;FUNDEB - IPI-EXP;233806,83;3109303;4185
MG;Buritis;2025;FUNDEB - IPVA;2667350,26;3109303;4185
MG;Buritis;2025;FUNDEB - ITCMD;461563,92;3109303;4185
MG;Buritis;2025;FUNDEB - ITR;66297,13;3109303;4185
MG;Buritizeiro;2025;AJUSTE FUNDEB - AJUSTE FUNDEB VAAT;94191,82;3109402;4187
MG;Buritizeiro;2025;AJUSTE FUNDEB - FPE;-39,42;3109402;4187
MG;Buritizeiro;2025;AJUSTE FUNDEB - FPM;-118,26;3109402;4187
MG;Buritizeiro;2025;AJUSTE FUNDEB - ICME;-384,74;3109402;4187
MG;Buritizeiro;2025;AJUSTE FUNDEB - IPIE;-3,74;3109402;4187
MG;Buritizeiro;2025;AJUSTE FUNDEB - IPVA;-59,06;3109402;4187
MG;Buritizeiro;2025;AJUSTE FUNDEB - ITCMD;-9,98;3109402;4187
MG;Buritizeiro;2025;AJUSTE FUNDEB - ITR;-1,29;3109402;4187
MG;Buritizeiro;2025;FUNDEB - COUN VAAT;3452912,87;3109402;4187
MG;Buritizeiro;2025;FUNDEB - FPE;1420909,57;3109402;4187
MG;Buritizeiro;2025;FUNDEB - FPM;4377404,93;3109402;4187
MG;Buritizeiro;2025;FUNDEB - FUNDEB - FTI;214530,34;3109402;4187
MG;Buritizeiro;2025;FUNDEB - ICMS;13834193,14;3109402;4187
MG;Buritizeiro;2025;FUNDEB - IPI-EXP;176672,03;3109402;4187
MG;Buritizeiro;2025;FUNDEB - IPVA;2015433,98;3109402;4187
MG;Buritizeiro;2025;FUNDEB - ITCMD;348561,24;3109402;4187
MG;Buritizeiro;2025;FUNDEB - ITR;50045,94;3109402;4187
MG;Cabeceira Grande;2025;AJUSTE FUNDEB - FPE;-24,29;3109451;578
MG;Cabeceira Grande;2025;AJUSTE FUNDEB - FPM;-72,99;3109451;578
MG;Cabeceira Grande;2025;AJUSTE FUNDEB - ICME;-237,39;3109451;578
MG;Cabeceira Grande;2025;AJUSTE FUNDEB - IPIE;-2,29;3109451;578
MG;Cabeceira Grande;2025;AJUSTE FUNDEB - IPVA;-36,66;3109451;578
MG;Cabeceira Grande;2025;AJUSTE FUNDEB - ITCMD;-6,16;3109451;578
MG;Cabeceira Grande;2025;AJUSTE FUNDEB - ITR;-0,78;3109451;578
MG;Cabeceira Grande;2025;FUNDEB - FPE;582501,77;3109451;578
MG;Cabeceira Grande;2025;FUNDEB - FPM;1794516,83;3109451;578
MG;Cabeceira Grande;2025;FUNDEB - ICMS;5690300,73;3109451;578
MG;Cabeceira Grande;2025;FUNDEB - IPI-EXP;72426,66;3109451;578
MG;Cabeceira Grande;2025;FUNDEB - IPVA;826272,43;3109451;578
MG;Cabeceira Grande;2025;FUNDEB - ITCMD;142986,52;3109451;578
MG;Cabeceira Grande;2025;FUNDEB - ITR;20538,67;3109451;578
MG;Cabo Verde;2025;AJUSTE FUNDEB - FPE;-21,82;3109501;4189
MG;Cabo Verde;2025;AJUSTE FUNDEB - FPM;-65,48;3109501;4189
MG;Cabo Verde;2025;AJUSTE FUNDEB - ICME;-212,56;3109501;4189
MG;Cabo Verde;2025;AJUSTE FUNDEB - IPIE;-2,07;3109501;4189
MG;Cabo Verde;2025;AJUSTE FUNDEB - IPVA;-32,81;3109501;4189
MG;Cabo Verde;2025;AJUSTE FUNDEB - ITCMD;-5,5;3109501;4189
MG;Cabo Verde;2025;AJUSTE FUNDEB - ITR;-0,71;3109501;4189
MG;Cabo Verde;2025;FUNDEB - COUN VAAT;63215,48;3109501;4189
MG;Cabo Verde;2025;FUNDEB - FPE;597424,93;3109501;4189
MG;Cabo Verde;2025;FUNDEB - FPM;1840490,74;3109501;4189
MG;Cabo Verde;2025;FUNDEB - FUNDEB - FTI;142085,49;3109501;4189
MG;Cabo Verde;2025;FUNDEB - ICMS;5822370,1;3109501;4189
MG;Cabo Verde;2025;FUNDEB - IPI-EXP;74282,19;3109501;4189
MG;Cabo Verde;2025;FUNDEB - IPVA;847417,97;3109501;4189
MG;Cabo Verde;2025;FUNDEB - ITCMD;146602,5;3109501;4189
MG;Cabo Verde;2025;FUNDEB - ITR;21053,63;3109501;4189
MG;Cachoeira da Prata;2025;AJUSTE FUNDEB - FPE;-539,59;3109600;4191
MG;Cachoeira da Prata;2025;AJUSTE FUNDEB - FPM;-1661,33;3109600;4191
MG;Cachoeira da Prata;2025;AJUSTE FUNDEB - ICME;-5357,98;3109600;4191
MG;Cachoeira da Prata;2025;AJUSTE FUNDEB - IPIE;-67,68;3109600;4191
MG;Cachoeira da Prata;2025;AJUSTE FUNDEB - IPVA;-858,03;3109600;4191
MG;Cachoeira da Prata;2025;AJUSTE FUNDEB - ITCMD;-123,25;3109600;4191
MG;Cachoeira da Prata;2025;AJUSTE FUNDEB - ITR;-19,99;3109600;4191
MG;Cachoeira da Prata;2025;FUNDEB - FPE;259719,71;3109600;4191
MG;Cachoeira da Prata;2025;FUNDEB - FPM;800120,12;3109600;4191
MG;Cachoeira da Prata;2025;FUNDEB - FUNDEB - FTI;136712,9;3109600;4191
MG;Cachoeira da Prata;2025;FUNDEB - ICMS;2537512,35;3109600;4191
MG;Cachoeira da Prata;2025;FUNDEB - IPI-EXP;32293,85;3109600;4191
MG;Cachoeira da Prata;2025;FUNDEB - IPVA;368546,29;3109600;4191
MG;Cachoeira da Prata;2025;FUNDEB - ITCMD;63837,22;3109600;4191
MG;Cachoeira da Prata;2025;FUNDEB - ITR;9180,73;3109600;4191
MG;Cachoeira de Minas;2025;AJUSTE FUNDEB - AJUSTE FUNDEB VAAR;-494,74;3109709;4193
MG;Cachoeira de Minas;2025;AJUSTE FUNDEB - AJUSTE FUNDEB VAAT;46342,35;3109709;4193
MG;Cachoeira de Minas;2025;AJUSTE FUNDEB - FPE;-26,37;3109709;4193
MG;Cachoeira de Minas;2025;AJUSTE FUNDEB - FPM;-79,04;3109709;4193
MG;Cachoeira de Minas;2025;AJUSTE FUNDEB - ICME;-257,11;3109709;4193
MG;Cachoeira de Minas;2025;AJUSTE FUNDEB - IPIE;-2,5;3109709;4193
MG;Cachoeira de Minas;2025;AJUSTE FUNDEB - IPVA;-39,65;3109709;4193
MG;Cachoeira de Minas;2025;AJUSTE FUNDEB - ITCMD;-6,63;3109709;4193
MG;Cachoeira de Minas;2025;AJUSTE FUNDEB - ITR;-0,85;3109709;4193
MG;Cachoeira de Minas;2025;FUNDEB - COUN VAAR;29419,28;3109709;4193
MG;Cachoeira de Minas;2025;FUNDEB - COUN VAAT;145190,56;3109709;4193
MG;Cachoeira de Minas;2025;FUNDEB - FPE;653062,49;3109709;4193
MG;Cachoeira de Minas;2025;FUNDEB - FPM;2011893,61;3109709;4193
MG;Cachoeira de Minas;2025;FUNDEB - ICMS;6368111,65;3109709;4193
MG;Cachoeira de Minas;2025;FUNDEB - IPI-EXP;81200,01;3109709;4193
MG;Cachoeira de Minas;2025;FUNDEB - IPVA;926386,79;3109709;4193
MG;Cachoeira de Minas;2025;FUNDEB - ITCMD;160357,96;3109709;4193
MG;Cachoeira de Minas;2025;FUNDEB - ITR;23038,71;3109709;4193
MG;Cachoeira de Pajeú;2025;AJUSTE FUNDEB - FPE;-15,06;3102704;4053
MG;Cachoeira de Pajeú;2025;AJUSTE FUNDEB - FPM;-45,01;3102704;4053
MG;Cachoeira de Pajeú;2025;AJUSTE FUNDEB - ICME;-146,79;3102704;4053
MG;Cachoeira de Pajeú;2025;AJUSTE FUNDEB - IPIE;-1,41;3102704;4053
MG;Cachoeira de Pajeú;2025;AJUSTE FUNDEB - IPVA;-22,59;3102704;4053
MG;Cachoeira de Pajeú;2025;AJUSTE FUNDEB - ITCMD;-3,86;3102704;4053
MG;Cachoeira de Pajeú;2025;AJUSTE FUNDEB - ITR;-0,49;3102704;4053
MG;Cachoeira de Pajeú;2025;FUNDEB - FPE;374721,28;3102704;4053
MG;Cachoeira de Pajeú;2025;FUNDEB - FPM;1154406,12;3102704;4053
MG;Cachoeira de Pajeú;2025;FUNDEB - FUNDEB - FTI;59658,98;3102704;4053
MG;Cachoeira de Pajeú;2025;FUNDEB - ICMS;3665107,47;3102704;4053
MG;Cachoeira de Pajeú;2025;FUNDEB - IPI-EXP;46591,81;3102704;4053
MG;Cachoeira de Pajeú;2025;FUNDEB - IPVA;531505,52;3102704;4053
MG;Cachoeira de Pajeú;2025;FUNDEB - ITCMD;91915,58;3102704;4053
MG;Cachoeira de Pajeú;2025;FUNDEB - ITR;13196,49;3102704;4053
MG;Cachoeira Dourada;2025;AJUSTE FUNDEB - AJUSTE FUNDEB VAAR;-6547,46;3109808;4195
MG;Cachoeira Dourada;2025;AJUSTE FUNDEB - FPE;-8,76;3109808;4195
MG;Cachoeira Dourada;2025;AJUSTE FUNDEB - FPM;-26,36;3109808;4195
MG;Cachoeira Dourada;2025;AJUSTE FUNDEB - ICME;-85,69;3109808;4195
MG;Cachoeira Dourada;2025;AJUSTE FUNDEB - IPIE;-0,79;3109808;4195
MG;Cachoeira Dourada;2025;AJUSTE FUNDEB - IPVA;-13,09;3109808;4195
MG;Cachoeira Dourada;2025;AJUSTE FUNDEB - ITCMD;-2,19;3109808;4195
MG;Cachoeira Dourada;2025;AJUSTE FUNDEB - ITR;-0,25;3109808;4195
MG;Cachoeira Dourada;2025;FUNDEB - COUN VAAR;104752,34;3109808;4195
MG;Cachoeira Dourada;2025;FUNDEB - FPE;216984,56;3109808;4195
MG;Cachoeira Dourada;2025;FUNDEB - FPM;668465,71;3109808;4195
MG;Cachoeira Dourada;2025;FUNDEB - FUNDEB - FTI;28784,74;3109808;4195
MG;Cachoeira Dourada;2025;FUNDEB - ICMS;2119553,33;3109808;4195
MG;Cachoeira Dourada;2025;FUNDEB - IPI-EXP;26979,25;3109808;4195
MG;Cachoeira Dourada;2025;FUNDEB - IPVA;307775,04;3109808;4195
MG;Cachoeira Dourada;2025;FUNDEB - ITCMD;53231,72;3109808;4195
MG;Cachoeira Dourada;2025;FUNDEB - ITR;7643,26;3109808;4195
MG;Caetanópolis;2025;AJUSTE FUNDEB - FPE;-28,18;3109907;4197
MG;Caetanópolis;2025;AJUSTE FUNDEB - FPM;-84,69;3109907;4197
MG;Caetanópolis;2025;AJUSTE FUNDEB - ICME;-275,48;3109907;4197
MG;Caetanópolis;2025;AJUSTE FUNDEB - IPIE;-2,61;3109907;4197
MG;Caetanópolis;2025;AJUSTE FUNDEB - IPVA;-42,27;3109907;4197
MG;Caetanópolis;2025;AJUSTE FUNDEB - ITCMD;-7,16;3109907;4197
MG;Caetanópolis;2025;AJUSTE FUNDEB - ITR;-0,96;3109907;4197
MG;Caetanópolis;2025;FUNDEB - FPE;641688,21;3109907;4197
MG;Caetanópolis;2025;FUNDEB - FPM;1976852,91;3109907;4197
MG;Caetanópolis;2025;FUNDEB - FUNDEB - FTI;217857,16;3109907;4197
MG;Caetanópolis;2025;FUNDEB - ICMS;6256652,61;3109907;4197
MG;Caetanópolis;2025;FUNDEB - IPI-EXP;79785,74;3109907;4197
MG;Caetanópolis;2025;FUNDEB - IPVA;910277,95;3109907;4197
MG;Caetanópolis;2025;FUNDEB - ITCMD;157618,58;3109907;4197
MG;Caetanópolis;2025;FUNDEB - ITR;22650,18;3109907;4197
MG;Caeté;2025;AJUSTE FUNDEB - FPE;-72,03;3110004;4199
MG;Caeté;2025;AJUSTE FUNDEB - FPM;-216,28;3110004;4199
MG;Caeté;2025;AJUSTE FUNDEB - ICME;-703,8;3110004;4199
MG;Caeté;2025;AJUSTE FUNDEB - IPIE;-6,71;3110004;4199
MG;Caeté;2025;AJUSTE FUNDEB - IPVA;-108,18;3110004;4199
MG;Caeté;2025;AJUSTE FUNDEB - ITCMD;-18,21;3110004;4199
MG;Caeté;2025;AJUSTE FUNDEB - ITR;-2,39;3110004;4199
MG;Caeté;2025;FUNDEB - FPE;1640593,02;3110004;4199
MG;Caeté;2025;FUNDEB - FPM;5054185,01;3110004;4199
MG;Caeté;2025;FUNDEB - FUNDEB - FTI;503924,85;3110004;4199
MG;Caeté;2025;FUNDEB - ICMS;16014715,98;3110004;4199
MG;Caeté;2025;FUNDEB - IPI-EXP;203986,84;3110004;4199
MG;Caeté;2025;FUNDEB - IPVA;2327212,41;3110004;4199
MG;Caeté;2025;FUNDEB - ITCMD;402817,05;3110004;4199
MG;Caeté;2025;FUNDEB - ITR;57870,47;3110004;4199
MG;Caiana;2025;AJUSTE FUNDEB - FPE;-10,82;3110103;4201
MG;Caiana;2025;AJUSTE FUNDEB - FPM;-32,6;3110103;4201
MG;Caiana;2025;AJUSTE FUNDEB - ICME;-106,13;3110103;4201
MG;Caiana;2025;AJUSTE FUNDEB - IPIE;-1,01;3110103;4201
MG;Caiana;2025;AJUSTE FUNDEB - IPVA;-16,41;3110103;4201
MG;Caiana;2025;AJUSTE FUNDEB - ITCMD;-2,79;3110103;4201
MG;Caiana;2025;AJUSTE FUNDEB - ITR;-0,35;3110103;4201
MG;Caiana;2025;FUNDEB - FPE;258039,94;3110103;4201
MG;Caiana;2025;FUNDEB - FPM;794945,34;3110103;4201
MG;Caiana;2025;FUNDEB - ICMS;2519376,3;3110103;4201
MG;Caiana;2025;FUNDEB - IPI-EXP;32083,99;3110103;4201
MG;Caiana;2025;FUNDEB - IPVA;366001,46;3110103;4201
MG;Caiana;2025;FUNDEB - ITCMD;63288,43;3110103;4201
MG;Caiana;2025;FUNDEB - ITR;9085,81;3110103;4201
MG;Cajuri;2025;AJUSTE FUNDEB - AJUSTE FUNDEB VAAR;-10077,82;3110202;4203
MG;Cajuri;2025;AJUSTE FUNDEB - FPE;-14,11;3110202;4203
MG;Cajuri;2025;AJUSTE FUNDEB - FPM;-42,45;3110202;4203
MG;Cajuri;2025;AJUSTE FUNDEB - ICME;-137,93;3110202;4203
MG;Cajuri;2025;AJUSTE FUNDEB - IPIE;-1,26;3110202;4203
MG;Cajuri;2025;AJUSTE FUNDEB - IPVA;-21,21;3110202;4203
MG;Cajuri;2025;AJUSTE FUNDEB - ITCMD;-3,57;3110202;4203
MG;Cajuri;2025;AJUSTE FUNDEB - ITR;-0,45;3110202;4203
MG;Cajuri;2025;FUNDEB - COUN VAAR;161234,03;3110202;4203
MG;Cajuri;2025;FUNDEB - FPE;354778,5;3110202;4203
MG;Cajuri;2025;FUNDEB - FPM;1092968,24;3110202;4203
MG;Cajuri;2025;FUNDEB - FUNDEB - FTI;97516,59;3110202;4203
MG;Cajuri;2025;FUNDEB - ICMS;3458920,81;3110202;4203
MG;Cajuri;2025;FUNDEB - IPI-EXP;44112,16;3110202;4203
MG;Cajuri;2025;FUNDEB - IPVA;503234,54;3110202;4203
MG;Cajuri;2025;FUNDEB - ITCMD;87056,55;3110202;4203
MG;Cajuri;2025;FUNDEB - ITR;12501,96;3110202;4203
MG;Caldas;2025;AJUSTE FUNDEB - AJUSTE FUNDEB VAAR;-21902,26;3110301;4205
MG;Caldas;2025;AJUSTE FUNDEB - FPE;-1616,27;3110301;4205
MG;Caldas;2025;AJUSTE FUNDEB - FPM;-4977,11;3110301;4205
MG;Caldas;2025;AJUSTE FUNDEB - ICME;-16050,2;3110301;4205
MG;Caldas;2025;AJUSTE FUNDEB - IPIE;-203,17;3110301;4205
MG;Caldas;2025;AJUSTE FUNDEB - IPVA;-2570,85;3110301;4205
MG;Caldas;2025;AJUSTE FUNDEB - ITCMD;-368,64;3110301;4205
MG;Caldas;2025;AJUSTE FUNDEB - ITR;-59,9;3110301;4205
MG;Caldas;2025;FUNDEB - COUN VAAR;334648,78;3110301;4205
MG;Caldas;2025;FUNDEB - COUN VAAT;505485,69;3110301;4205
MG;Caldas;2025;FUNDEB - FPE;736309,02;3110301;4205
MG;Caldas;2025;FUNDEB - FPM;2268351,7;3110301;4205
MG;Caldas;2025;FUNDEB - ICMS;7167167,19;3110301;4205
MG;Caldas;2025;FUNDEB - IPI-EXP;91553,68;3110301;4205
MG;Caldas;2025;FUNDEB - IPVA;1044518,21;3110301;4205
MG;Caldas;2025;FUNDEB - ITCMD;180291,67;3110301;4205
MG;Caldas;2025;FUNDEB - ITR;25864,52;3110301;4205
MG;Camacho;2025;AJUSTE FUNDEB - FPE;-5,02;3110400;4207
MG;Camacho;2025;AJUSTE FUNDEB - FPM;-15,22;3110400;4207
MG;Camacho;2025;AJUSTE FUNDEB - ICME;-49,34;3110400;4207
MG;Camacho;2025;AJUSTE FUNDEB - IPIE;-0,51;3110400;4207
MG;Camacho;2025;AJUSTE FUNDEB - IPVA;-7,39;3110400;4207
MG;Camacho;2025;AJUSTE FUNDEB - ITCMD;-1,32;3110400;4207
MG;Camacho;2025;AJUSTE FUNDEB - ITR;-0,14;3110400;4207
MG;Camacho;2025;FUNDEB - FPE;126744,87;3110400;4207
MG;Camacho;2025;FUNDEB - FPM;390463,68;3110400;4207
MG;Camacho;2025;FUNDEB - FUNDEB - FTI;68381,82;3110400;4207
MG;Camacho;2025;FUNDEB - ICMS;1236314,59;3110400;4207
MG;Camacho;2025;FUNDEB - IPI-EXP;15759,12;3110400;4207
MG;Camacho;2025;FUNDEB - IPVA;179770,89;3110400;4207
MG;Camacho;2025;FUNDEB - ITCMD;31080,36;3110400;4207
MG;Camacho;2025;FUNDEB - ITR;4461,4;3110400;4207
MG;Camanducaia;2025;AJUSTE FUNDEB - FPE;-71,04;3110509;4209
MG;Camanducaia;2025;AJUSTE FUNDEB - FPM;-213,14;3110509;4209
MG;Camanducaia;2025;AJUSTE FUNDEB - ICME;-693,32;3110509;4209
MG;Camanducaia;2025;AJUSTE FUNDEB - IPIE;-6,68;3110509;4209
MG;Camanducaia;2025;AJUSTE FUNDEB - IPVA;-106,65;3110509;4209
MG;Camanducaia;2025;AJUSTE FUNDEB - ITCMD;-17,99;3110509;4209
MG;Camanducaia;2025;AJUSTE FUNDEB - ITR;-2,34;3110509;4209
MG;Camanducaia;2025;FUNDEB - FPE;1792515,68;3110509;4209
MG;Camanducaia;2025;FUNDEB - FPM;5522214,14;3110509;4209
MG;Camanducaia;2025;FUNDEB - ICMS;17461646,98;3110509;4209
MG;Camanducaia;2025;FUNDEB - IPI-EXP;222876,51;3110509;4209
MG;Camanducaia;2025;FUNDEB - IPVA;2542607,88;3110509;4209
MG;Camanducaia;2025;FUNDEB - ITCMD;439892,51;3110509;4209
MG;Camanducaia;2025;FUNDEB - ITR;63175,55;3110509;4209
MG;Cambuí;2025;AJUSTE FUNDEB - AJUSTE FUNDEB VAAT;105434,93;3110608;4211
MG;Cambuí;2025;AJUSTE FUNDEB - FPE;-59,31;3110608;4211
MG;Cambuí;2025;AJUSTE FUNDEB - FPM;-178,06;3110608;4211
MG;Cambuí;2025;AJUSTE FUNDEB - ICME;-579,58;3110608;4211
MG;Cambuí;2025;AJUSTE FUNDEB - IPIE;-5,56;3110608;4211
MG;Cambuí;2025;AJUSTE FUNDEB - IPVA;-89;3110608;4211
MG;Cambuí;2025;AJUSTE FUNDEB - ITCMD;-15,04;3110608;4211
MG;Cambuí;2025;AJUSTE FUNDEB - ITR;-1,9;3110608;4211
MG;Cambuí;2025;FUNDEB - COUN VAAT;160759,1;3110608;4211
MG;Cambuí;2025;FUNDEB - FPE;1479062,26;3110608;4211
MG;Cambuí;2025;FUNDEB - FPM;4556556,25;3110608;4211
MG;Cambuí;2025;FUNDEB - FUNDEB - FTI;394274,18;3110608;4211
MG;Cambuí;2025;FUNDEB - ICMS;14416873,81;3110608;4211
MG;Cambuí;2025;FUNDEB - IPI-EXP;183902,54;3110608;4211
MG;Cambuí;2025;FUNDEB - IPVA;2098115,37;3110608;4211
MG;Cambuí;2025;FUNDEB - ITCMD;363233,37;3110608;4211
MG;Cambuí;2025;FUNDEB - ITR;52190,95;3110608;4211
MG;Cambuquira;2025;AJUSTE FUNDEB - AJUSTE FUNDEB VAAR;-38302,04;3110707;4213
MG;Cambuquira;2025;AJUSTE FUNDEB - AJUSTE FUNDEB VAAT;46839,14;3110707;4213
MG;Cambuquira;2025;AJUSTE FUNDEB - FPE;-25,17;3110707;4213
MG;Cambuquira;2025;AJUSTE FUNDEB - FPM;-75,63;3110707;4213
MG;Cambuquira;2025;AJUSTE FUNDEB - ICME;-245,97;3110707;4213
MG;Cambuquira;2025;AJUSTE FUNDEB - IPIE;-2,37;3110707;4213
MG;Cambuquira;2025;AJUSTE FUNDEB - IPVA;-37,89;3110707;4213
MG;Cambuquira;2025;AJUSTE FUNDEB - ITCMD;-6,41;3110707;4213
MG;Cambuquira;2025;AJUSTE FUNDEB - ITR;-0,87;3110707;4213
MG;Cambuquira;2025;FUNDEB - COUN VAAR;568022,76;3110707;4213
MG;Cambuquira;2025;FUNDEB - COUN VAAT;898365,2;3110707;4213
MG;Cambuquira;2025;FUNDEB - FPE;650965,06;3110707;4213
MG;Cambuquira;2025;FUNDEB - FPM;2005432,16;3110707;4213
MG;Cambuquira;2025;FUNDEB - ICMS;6348795,05;3110707;4213
MG;Cambuquira;2025;FUNDEB - IPI-EXP;80939,22;3110707;4213
MG;Cambuquira;2025;FUNDEB - IPVA;923414,8;3110707;4213
MG;Cambuquira;2025;FUNDEB - ITCMD;159849,76;3110707;4213
MG;Cambuquira;2025;FUNDEB - ITR;22966,36;3110707;4213
MG;Campanário;2025;AJUSTE FUNDEB - AJUSTE FUNDEB VAAR;-5999,32;3110806;4215
MG;Campanário;2025;AJUSTE FUNDEB - FPE;-8,11;3110806;4215
MG;Campanário;2025;AJUSTE FUNDEB - FPM;-24,37;3110806;4215
MG;Campanário;2025;AJUSTE FUNDEB - ICME;-79,39;3110806;4215
MG;Campanário;2025;AJUSTE FUNDEB - IPIE;-0,82;3110806;4215
MG;Campanário;2025;AJUSTE FUNDEB - IPVA;-12,1;3110806;4215
MG;Campanário;2025;AJUSTE FUNDEB - ITCMD;-2,05;3110806;4215
MG;Campanário;2025;AJUSTE FUNDEB - ITR;-0,27;3110806;4215
MG;Campanário;2025;FUNDEB - COUN VAAR;95864,32;3110806;4215
MG;Campanário;2025;FUNDEB - FPE;177080,01;3110806;4215
MG;Campanário;2025;FUNDEB - FPM;545531,42;3110806;4215
MG;Campanário;2025;FUNDEB - ICMS;1731334,18;3110806;4215
MG;Campanário;2025;FUNDEB - IPI-EXP;22017,68;3110806;4215
MG;Campanário;2025;FUNDEB - IPVA;251215,36;3110806;4215
MG;Campanário;2025;FUNDEB - ITCMD;43528,27;3110806;4215
MG;Campanário;2025;FUNDEB - ITR;6258,13;3110806;4215
MG;Campanha;2025;AJUSTE FUNDEB - AJUSTE FUNDEB VAAR;8533,85;3110905;4217
MG;Campanha;2025;AJUSTE FUNDEB - AJUSTE FUNDEB VAAT;-3747,21;3110905;4217
MG;Campanha;2025;AJUSTE FUNDEB - FPE;-31,33;3110905;4217
MG;Campanha;2025;AJUSTE FUNDEB - FPM;-93,89;3110905;4217
MG;Campanha;2025;AJUSTE FUNDEB - ICME;-305,69;3110905;4217
MG;Campanha;2025;AJUSTE FUNDEB - IPIE;-2,92;3110905;4217
MG;Campanha;2025;AJUSTE FUNDEB - IPVA;-47,1;3110905;4217
MG;Campanha;2025;AJUSTE FUNDEB - ITCMD;-7,88;3110905;4217
MG;Campanha;2025;AJUSTE FUNDEB - ITR;-1,02;3110905;4217
MG;Campanha;2025;FUNDEB - COUN VAAR;27112,74;3110905;4217
MG;Campanha;2025;FUNDEB - COUN VAAT;3747,21;3110905;4217
MG;Campanha;2025;FUNDEB - FPE;829555,8;3110905;4217
MG;Campanha;2025;FUNDEB - FPM;2555617,59;3110905;4217
MG;Campanha;2025;FUNDEB - FUNDEB - FTI;134871,24;3110905;4217
MG;Campanha;2025;FUNDEB - ICMS;8086863,63;3110905;4217
MG;Campanha;2025;FUNDEB - IPI-EXP;103144,68;3110905;4217
MG;Campanha;2025;FUNDEB - IPVA;1176715,47;3110905;4217
MG;Campanha;2025;FUNDEB - ITCMD;203629,91;3110905;4217
MG;Campanha;2025;FUNDEB - ITR;29249,44;3110905;4217
MG;Campestre;2025;AJUSTE FUNDEB - AJUSTE FUNDEB VAAT;93755,59;3111002;4219
MG;Campestre;2025;AJUSTE FUNDEB - FPE;-57,18;3111002;4219
MG;Campestre;2025;AJUSTE FUNDEB - FPM;-171,49;3111002;4219
MG;Campestre;2025;AJUSTE FUNDEB - ICME;-558,31;3111002;4219
MG;Campestre;2025;AJUSTE FUNDEB - IPIE;-5,34;3111002;4219
MG;Campestre;2025;AJUSTE FUNDEB - IPVA;-85,95;3111002;4219
MG;Campestre;2025;AJUSTE FUNDEB - ITCMD;-14,45;3111002;4219
MG;Campestre;2025;AJUSTE FUNDEB - ITR;-1,91;3111002;4219
MG;Campestre;2025;FUNDEB - COUN VAAT;879694,53;3111002;4219
MG;Campestre;2025;FUNDEB - FPE;1397729,28;3111002;4219
MG;Campestre;2025;FUNDEB - FPM;4305993,06;3111002;4219
MG;Campestre;2025;FUNDEB - FUNDEB - FTI;403943,64;3111002;4219
MG;Campestre;2025;FUNDEB - ICMS;13621959,72;3111002;4219
MG;Campestre;2025;FUNDEB - IPI-EXP;173789,82;3111002;4219
MG;Campestre;2025;FUNDEB - IPVA;1982652,68;3111002;4219
MG;Campestre;2025;FUNDEB - ITCMD;343077,53;3111002;4219
MG;Campestre;2025;FUNDEB - ITR;49277,76;3111002;4219
MG;Campina Verde;2025;AJUSTE FUNDEB - FPE;-26,79;3111101;4221
MG;Campina Verde;2025;AJUSTE FUNDEB - FPM;-80,19;3111101;4221
MG;Campina Verde;2025;AJUSTE FUNDEB - ICME;-260,96;3111101;4221
MG;Campina Verde;2025;AJUSTE FUNDEB - IPIE;-2,5;3111101;4221
MG;Campina Verde;2025;AJUSTE FUNDEB - IPVA;-40,1;3111101;4221
MG;Campina Verde;2025;AJUSTE FUNDEB - ITCMD;-6,77;3111101;4221
MG;Campina Verde;2025;AJUSTE FUNDEB - ITR;-0,85;3111101;4221
MG;Campina Verde;2025;FUNDEB - FPE;647461,94;3111101;4221
MG;Campina Verde;2025;FUNDEB - FPM;1994639,93;3111101;4221
MG;Campina Verde;2025;FUNDEB - FUNDEB - FTI;237436,49;3111101;4221
MG;Campina Verde;2025;FUNDEB - ICMS;6312551,05;3111101;4221
MG;Campina Verde;2025;FUNDEB - IPI-EXP;80503,63;3111101;4221
MG;Campina Verde;2025;FUNDEB - IPVA;918373,06;3111101;4221
MG;Campina Verde;2025;FUNDEB - ITCMD;158840,09;3111101;4221
MG;Campina Verde;2025;FUNDEB - ITR;22807,22;3111101;4221
MG;Campo Azul;2025;AJUSTE FUNDEB - FPE;-10,27;3111150;580
MG;Campo Azul;2025;AJUSTE FUNDEB - FPM;-30,71;3111150;580
MG;Campo Azul;2025;AJUSTE FUNDEB - ICME;-100,15;3111150;580
MG;Campo Azul;2025;AJUSTE FUNDEB - IPIE;-1,01;3111150;580
MG;Campo Azul;2025;AJUSTE FUNDEB - IPVA;-15,35;3111150;580
MG;Campo Azul;2025;AJUSTE FUNDEB - ITCMD;-2,58;3111150;580
MG;Campo Azul;2025;AJUSTE FUNDEB - ITR;-0,35;3111150;580
MG;Campo Azul;2025;FUNDEB - FPE;252085,34;3111150;580
MG;Campo Azul;2025;FUNDEB - FPM;776600,85;3111150;580
MG;Campo Azul;2025;FUNDEB - ICMS;2461418,07;3111150;580
MG;Campo Azul;2025;FUNDEB - IPI-EXP;31343,6;3111150;580
MG;Campo Azul;2025;FUNDEB - IPVA;357561,57;3111150;580
MG;Campo Azul;2025;FUNDEB - ITCMD;61840,64;3111150;580
MG;Campo Azul;2025;FUNDEB - ITR;8879,2;3111150;580
MG;Campo Belo;2025;AJUSTE FUNDEB - AJUSTE FUNDEB VAAR;28296,46;3111200;4223
MG;Campo Belo;2025;AJUSTE FUNDEB - FPE;-89,3;3111200;4223
MG;Campo Belo;2025;AJUSTE FUNDEB - FPM;-267,96;3111200;4223
MG;Campo Belo;2025;AJUSTE FUNDEB - ICME;-872,19;3111200;4223
MG;Campo Belo;2025;AJUSTE FUNDEB - IPIE;-8,35;3111200;4223
MG;Campo Belo;2025;AJUSTE FUNDEB - IPVA;-134,01;3111200;4223
MG;Campo Belo;2025;AJUSTE FUNDEB - ITCMD;-22,53;3111200;4223
MG;Campo Belo;2025;AJUSTE FUNDEB - ITR;-2,94;3111200;4223
MG;Campo Belo;2025;FUNDEB - COUN VAAR;73779,74;3111200;4223
MG;Campo Belo;2025;FUNDEB - FPE;2265596;3111200;4223
MG;Campo Belo;2025;FUNDEB - FPM;6979635,52;3111200;4223
MG;Campo Belo;2025;FUNDEB - FUNDEB - FTI;314366,03;3111200;4223
MG;Campo Belo;2025;FUNDEB - ICMS;22094322,77;3111200;4223
MG;Campo Belo;2025;FUNDEB - IPI-EXP;281697,98;3111200;4223
MG;Campo Belo;2025;FUNDEB - IPVA;3213728,25;3111200;4223
MG;Campo Belo;2025;FUNDEB - ITCMD;556145,38;3111200;4223
MG;Campo Belo;2025;FUNDEB - ITR;79886,05;3111200;4223
MG;Campo do Meio;2025;AJUSTE FUNDEB - AJUSTE FUNDEB VAAT;40700,39;3111309;4225
MG;Campo do Meio;2025;AJUSTE FUNDEB - FPE;-18,9;3111309;4225
MG;Campo do Meio;2025;AJUSTE FUNDEB - FPM;-56,58;3111309;4225
MG;Campo do Meio;2025;AJUSTE FUNDEB - ICME;-184,26;3111309;4225
MG;Campo do Meio;2025;AJUSTE FUNDEB - IPIE;-1,7;3111309;4225
MG;Campo do Meio;2025;AJUSTE FUNDEB - IPVA;-28,27;3111309;4225
MG;Campo do Meio;2025;AJUSTE FUNDEB - ITCMD;-4,77;3111309;4225
MG;Campo do Meio;2025;AJUSTE FUNDEB - ITR;-0,66;3111309;4225
MG;Campo do Meio;2025;FUNDEB - COUN VAAT;1858131,88;3111309;4225
MG;Campo do Meio;2025;FUNDEB - FPE;588830,84;3111309;4225
MG;Campo do Meio;2025;FUNDEB - FPM;1814014,68;3111309;4225
MG;Campo do Meio;2025;FUNDEB - FUNDEB - FTI;160043,39;3111309;4225
MG;Campo do Meio;2025;FUNDEB - ICMS;5738457,61;3111309;4225
MG;Campo do Meio;2025;FUNDEB - IPI-EXP;73213,61;3111309;4225
MG;Campo do Meio;2025;FUNDEB - IPVA;835227,35;3111309;4225
MG;Campo do Meio;2025;FUNDEB - ITCMD;144493,07;3111309;4225
MG;Campo do Meio;2025;FUNDEB - ITR;20750,64;3111309;4225
MG;Campo Florido;2025;AJUSTE FUNDEB - FPE;-25,24;3111408;4227
MG;Campo Florido;2025;AJUSTE FUNDEB - FPM;-75,73;3111408;4227
MG;Campo Florido;2025;AJUSTE FUNDEB - ICME;-246,2;3111408;4227
MG;Campo Florido;2025;AJUSTE FUNDEB - IPIE;-2,38;3111408;4227
MG;Campo Florido;2025;AJUSTE FUNDEB - IPVA;-37,81;3111408;4227
MG;Campo Florido;2025;AJUSTE FUNDEB - ITCMD;-6,36;3111408;4227
MG;Campo Florido;2025;AJUSTE FUNDEB - ITR;-0,78;3111408;4227
MG;Campo Florido;2025;FUNDEB - FPE;683306,77;3111408;4227
MG;Campo Florido;2025;FUNDEB - FPM;2105067,35;3111408;4227
MG;Campo Florido;2025;FUNDEB - FUNDEB - FTI;136536,73;3111408;4227
MG;Campo Florido;2025;FUNDEB - ICMS;6659751,03;3111408;4227
MG;Campo Florido;2025;FUNDEB - IPI-EXP;84960,5;3111408;4227
MG;Campo Florido;2025;FUNDEB - IPVA;969251,24;3111408;4227
MG;Campo Florido;2025;FUNDEB - ITCMD;167706,28;3111408;4227
MG;Campo Florido;2025;FUNDEB - ITR;24087,16;3111408;4227
MG;Campos Altos;2025;AJUSTE FUNDEB - AJUSTE FUNDEB VAAR;-1604,11;3111507;4229
MG;Campos Altos;2025;AJUSTE FUNDEB - AJUSTE FUNDEB VAAT;65772,84;3111507;4229
MG;Campos Altos;2025;AJUSTE FUNDEB - FPE;-40,68;3111507;4229
MG;Campos Altos;2025;AJUSTE FUNDEB - FPM;-122,02;3111507;4229
MG;Campos Altos;2025;AJUSTE FUNDEB - ICME;-397,18;3111507;4229
MG;Campos Altos;2025;AJUSTE FUNDEB - IPIE;-3,83;3111507;4229
MG;Campos Altos;2025;AJUSTE FUNDEB - IPVA;-60,88;3111507;4229
MG;Campos Altos;2025;AJUSTE FUNDEB - ITCMD;-10,3;3111507;4229
MG;Campos Altos;2025;AJUSTE FUNDEB - ITR;-1,36;3111507;4229
MG;Campos Altos;2025;FUNDEB - COUN VAAR;28968,2;3111507;4229
MG;Campos Altos;2025;FUNDEB - COUN VAAT;179233,29;3111507;4229
MG;Campos Altos;2025;FUNDEB - FPE;944619,5;3111507;4229
MG;Campos Altos;2025;FUNDEB - FPM;2910095,19;3111507;4229
MG;Campos Altos;2025;FUNDEB - FUNDEB - FTI;287450,28;3111507;4229
MG;Campos Altos;2025;FUNDEB - ICMS;9211739,8;3111507;4229
MG;Campos Altos;2025;FUNDEB - IPI-EXP;117451,38;3111507;4229
MG;Campos Altos;2025;FUNDEB - IPVA;1339966,48;3111507;4229
MG;Campos Altos;2025;FUNDEB - ITCMD;231945,48;3111507;4229
MG;Campos Altos;2025;FUNDEB - ITR;33323,39;3111507;4229
MG;Campos Gerais;2025;AJUSTE FUNDEB - AJUSTE FUNDEB VAAR;-47313,43;3111606;4231
MG;Campos Gerais;2025;AJUSTE FUNDEB - AJUSTE FUNDEB VAAT;98732,64;3111606;4231
MG;Campos Gerais;2025;AJUSTE FUNDEB - FPE;-58,76;3111606;4231
MG;Campos Gerais;2025;AJUSTE FUNDEB - FPM;-176,37;3111606;4231
MG;Campos Gerais;2025;AJUSTE FUNDEB - ICME;-573,96;3111606;4231
MG;Campos Gerais;2025;AJUSTE FUNDEB - IPIE;-5,48;3111606;4231
MG;Campos Gerais;2025;AJUSTE FUNDEB - IPVA;-88,31;3111606;4231
MG;Campos Gerais;2025;AJUSTE FUNDEB - ITCMD;-14,83;3111606;4231
MG;Campos Gerais;2025;AJUSTE FUNDEB - ITR;-1,91;3111606;4231
MG;Campos Gerais;2025;FUNDEB - COUN VAAR;685509,47;3111606;4231
MG;Campos Gerais;2025;FUNDEB - COUN VAAT;2521951,58;3111606;4231
MG;Campos Gerais;2025;FUNDEB - FPE;1553405,14;3111606;4231
MG;Campos Gerais;2025;FUNDEB - FPM;4785584,8;3111606;4231
MG;Campos Gerais;2025;FUNDEB - FUNDEB - FTI;115139,13;3111606;4231
MG;Campos Gerais;2025;FUNDEB - ICMS;15100611,55;3111606;4231
MG;Campos Gerais;2025;FUNDEB - IPI-EXP;193146,13;3111606;4231
MG;Campos Gerais;2025;FUNDEB - IPVA;2203278,93;3111606;4231
MG;Campos Gerais;2025;FUNDEB - ITCMD;380881,64;3111606;4231
MG;Campos Gerais;2025;FUNDEB - ITR;54669,36;3111606;4231
MG;Cana Verde;2025;AJUSTE FUNDEB - AJUSTE FUNDEB VAAR;-13795,26;3111903;4237
MG;Cana Verde;2025;AJUSTE FUNDEB - FPE;-9,74;3111903;4237
MG;Cana Verde;2025;AJUSTE FUNDEB - FPM;-29,25;3111903;4237
MG;Cana Verde;2025;AJUSTE FUNDEB - ICME;-94,88;3111903;4237
MG;Cana Verde;2025;AJUSTE FUNDEB - IPIE;-0,93;3111903;4237
MG;Cana Verde;2025;AJUSTE FUNDEB - IPVA;-14,49;3111903;4237
MG;Cana Verde;2025;AJUSTE FUNDEB - ITCMD;-2,46;3111903;4237
MG;Cana Verde;2025;AJUSTE FUNDEB - ITR;-0,31;3111903;4237
MG;Cana Verde;2025;FUNDEB - COUN VAAR;205265,15;3111903;4237
MG;Cana Verde;2025;FUNDEB - FPE;208602,76;3111903;4237
MG;Cana Verde;2025;FUNDEB - FPM;642643,84;3111903;4237
MG;Cana Verde;2025;FUNDEB - FUNDEB - FTI;135801,53;3111903;4237
MG;Cana Verde;2025;FUNDEB - ICMS;2037677,97;3111903;4237
MG;Cana Verde;2025;FUNDEB - IPI-EXP;25937,11;3111903;4237
MG;Cana Verde;2025;FUNDEB - IPVA;295926,02;3111903;4237
MG;Cana Verde;2025;FUNDEB - ITCMD;51257,93;3111903;4237
MG;Cana Verde;2025;FUNDEB - ITR;7367,63;3111903;4237
MG;Canaã;2025;AJUSTE FUNDEB - AJUSTE FUNDEB VAAR;-11238,89;3111705;4233
MG;Canaã;2025;AJUSTE FUNDEB - FPE;-6,71;3111705;4233
MG;Canaã;2025;AJUSTE FUNDEB - FPM;-20,06;3111705;4233
MG;Canaã;2025;AJUSTE FUNDEB - ICME;-65,24;3111705;4233
MG;Canaã;2025;AJUSTE FUNDEB - IPIE;-0,67;3111705;4233
MG;Canaã;2025;AJUSTE FUNDEB - IPVA;-9,93;3111705;4233
MG;Canaã;2025;AJUSTE FUNDEB - ITCMD;-1,74;3111705;4233
MG;Canaã;2025;AJUSTE FUNDEB - ITR;-0,17;3111705;4233
MG;Canaã;2025;FUNDEB - COUN VAAR;166912,66;3111705;4233
MG;Canaã;2025;FUNDEB - FPE;182483,54;3111705;4233
MG;Canaã;2025;FUNDEB - FPM;562178,2;3111705;4233
MG;Canaã;2025;FUNDEB - ICMS;1777847,31;3111705;4233
MG;Canaã;2025;FUNDEB - IPI-EXP;22689,52;3111705;4233
MG;Canaã;2025;FUNDEB - IPVA;258823,29;3111705;4233
MG;Canaã;2025;FUNDEB - ITCMD;44737,17;3111705;4233
MG;Canaã;2025;FUNDEB - ITR;6420,7;3111705;4233
MG;Canápolis;2025;AJUSTE FUNDEB - FPE;-19,33;3111804;4235
MG;Canápolis;2025;AJUSTE FUNDEB - FPM;-58,03;3111804;4235
MG;Canápolis;2025;AJUSTE FUNDEB - ICME;-188,64;3111804;4235
MG;Canápolis;2025;AJUSTE FUNDEB - IPIE;-1,75;3111804;4235
MG;Canápolis;2025;AJUSTE FUNDEB - IPVA;-29,02;3111804;4235
MG;Canápolis;2025;AJUSTE FUNDEB - ITCMD;-4,87;3111804;4235
MG;Canápolis;2025;AJUSTE FUNDEB - ITR;-0,62;3111804;4235
MG;Canápolis;2025;FUNDEB - FPE;496283,69;3111804;4235
MG;Canápolis;2025;FUNDEB - FPM;1528904,23;3111804;4235
MG;Canápolis;2025;FUNDEB - FUNDEB - FTI;112216,83;3111804;4235
MG;Canápolis;2025;FUNDEB - ICMS;4842617,13;3111804;4235
MG;Canápolis;2025;FUNDEB - IPI-EXP;61706,52;3111804;4235
MG;Canápolis;2025;FUNDEB - IPVA;703964,27;3111804;4235
MG;Canápolis;2025;FUNDEB - ITCMD;121804,57;3111804;4235
MG;Canápolis;2025;FUNDEB - ITR;17494,35;3111804;4235
MG;Candeias;2025;AJUSTE FUNDEB - FPE;-21,16;3112000;4239
MG;Candeias;2025;AJUSTE FUNDEB - FPM;-63,45;3112000;4239
MG;Candeias;2025;AJUSTE FUNDEB - ICME;-206,55;3112000;4239
MG;Candeias;2025;AJUSTE FUNDEB - IPIE;-2,02;3112000;4239
MG;Candeias;2025;AJUSTE FUNDEB - IPVA;-31,84;3112000;4239
MG;Candeias;2025;AJUSTE FUNDEB - ITCMD;-5,41;3112000;4239
MG;Candeias;2025;AJUSTE FUNDEB - ITR;-0,68;3112000;4239
MG;Candeias;2025;FUNDEB - FPE;495258,4;3112000;4239
MG;Candeias;2025;FUNDEB - FPM;1525745,62;3112000;4239
MG;Candeias;2025;FUNDEB - ICMS;4837274,29;3112000;4239
MG;Candeias;2025;FUNDEB - IPI-EXP;61579,08;3112000;4239
MG;Candeias;2025;FUNDEB - IPVA;702588,2;3112000;4239
MG;Candeias;2025;FUNDEB - ITCMD;121714,35;3112000;4239
MG;Candeias;2025;FUNDEB - ITR;17496,64;3112000;4239
MG;Cantagalo;2025;AJUSTE FUNDEB - AJUSTE FUNDEB VAAR;-6658,84;3112059;582
MG;Cantagalo;2025;AJUSTE FUNDEB - FPE;-8,16;3112059;582
MG;Cantagalo;2025;AJUSTE FUNDEB - FPM;-24,57;3112059;582
MG;Cantagalo;2025;AJUSTE FUNDEB - ICME;-79,87;3112059;582
MG;Cantagalo;2025;AJUSTE FUNDEB - IPIE;-0,77;3112059;582
MG;Cantagalo;2025;AJUSTE FUNDEB - IPVA;-12,33;3112059;582
MG;Cantagalo;2025;AJUSTE FUNDEB - ITCMD;-2,02;3112059;582
MG;Cantagalo;2025;AJUSTE FUNDEB - ITR;-0,25;3112059;582
MG;Cantagalo;2025;FUNDEB - COUN VAAR;92065,44;3112059;582
MG;Cantagalo;2025;FUNDEB - FPE;187691,81;3112059;582
MG;Cantagalo;2025;FUNDEB - FPM;578223,32;3112059;582
MG;Cantagalo;2025;FUNDEB - ICMS;1834273,83;3112059;582
MG;Cantagalo;2025;FUNDEB - IPI-EXP;23337,09;3112059;582
MG;Cantagalo;2025;FUNDEB - IPVA;266254,16;3112059;582
MG;Cantagalo;2025;FUNDEB - ITCMD;46104,35;3112059;582
MG;Cantagalo;2025;FUNDEB - ITR;6625,42;3112059;582
MG;Caparaó;2025;AJUSTE FUNDEB - AJUSTE FUNDEB VAAT;22189,59;3112109;4241
MG;Caparaó;2025;AJUSTE FUNDEB - FPE;-10,99;3112109;4241
MG;Caparaó;2025;AJUSTE FUNDEB - FPM;-32,81;3112109;4241
MG;Caparaó;2025;AJUSTE FUNDEB - ICME;-106,99;3112109;4241
MG;Caparaó;2025;AJUSTE FUNDEB - IPIE;-1,03;3112109;4241
MG;Caparaó;2025;AJUSTE FUNDEB - IPVA;-16,49;3112109;4241
MG;Caparaó;2025;AJUSTE FUNDEB - ITCMD;-2,68;3112109;4241
MG;Caparaó;2025;AJUSTE FUNDEB - ITR;-0,33;3112109;4241
MG;Caparaó;2025;FUNDEB - COUN VAAT;637137,95;3112109;4241
MG;Caparaó;2025;FUNDEB - FPE;325008,47;3112109;4241
MG;Caparaó;2025;FUNDEB - FPM;1001255,56;3112109;4241
MG;Caparaó;2025;FUNDEB - FUNDEB - FTI;136901,09;3112109;4241
MG;Caparaó;2025;FUNDEB - ICMS;3167202,84;3112109;4241
MG;Caparaó;2025;FUNDEB - IPI-EXP;40410,65;3112109;4241
MG;Caparaó;2025;FUNDEB - IPVA;461006,1;3112109;4241
MG;Caparaó;2025;FUNDEB - ITCMD;79749,08;3112109;4241
MG;Caparaó;2025;FUNDEB - ITR;11452,33;3112109;4241
MG;Capela Nova;2025;AJUSTE FUNDEB - AJUSTE FUNDEB VAAR;-4525,68;3112208;4243
MG;Capela Nova;2025;AJUSTE FUNDEB - FPE;-6,28;3112208;4243
MG;Capela Nova;2025;AJUSTE FUNDEB - FPM;-19,09;3112208;4243
MG;Capela Nova;2025;AJUSTE FUNDEB - ICME;-62,14;3112208;4243
MG;Capela Nova;2025;AJUSTE FUNDEB - IPIE;-0,59;3112208;4243
MG;Capela Nova;2025;AJUSTE FUNDEB - IPVA;-9,44;3112208;4243
MG;Capela Nova;2025;AJUSTE FUNDEB - ITCMD;-1,58;3112208;4243
MG;Capela Nova;2025;AJUSTE FUNDEB - ITR;-0,21;3112208;4243
MG;Capela Nova;2025;FUNDEB - COUN VAAR;72406,02;3112208;4243
MG;Capela Nova;2025;FUNDEB - FPE;150637,68;3112208;4243
MG;Capela Nova;2025;FUNDEB - FPM;464070,42;3112208;4243
MG;Capela Nova;2025;FUNDEB - FUNDEB - FTI;16661,38;3112208;4243
MG;Capela Nova;2025;FUNDEB - ICMS;1471851,99;3112208;4243
MG;Capela Nova;2025;FUNDEB - IPI-EXP;18729,88;3112208;4243
MG;Capela Nova;2025;FUNDEB - IPVA;213672,26;3112208;4243
MG;Capela Nova;2025;FUNDEB - ITCMD;36965,29;3112208;4243
MG;Capela Nova;2025;FUNDEB - ITR;5308,61;3112208;4243
MG;Capelinha;2025;AJUSTE FUNDEB - AJUSTE FUNDEB VAAR;-53266,2;3112307;4245
MG;Capelinha;2025;AJUSTE FUNDEB - AJUSTE FUNDEB VAAT;129351,39;3112307;4245
MG;Capelinha;2025;AJUSTE FUNDEB - FPE;-63,86;3112307;4245
MG;Capelinha;2025;AJUSTE FUNDEB - FPM;-191,44;3112307;4245
MG;Capelinha;2025;AJUSTE FUNDEB - ICME;-622,96;3112307;4245
MG;Capelinha;2025;AJUSTE FUNDEB - IPIE;-6;3112307;4245
MG;Capelinha;2025;AJUSTE FUNDEB - IPVA;-95,59;3112307;4245
MG;Capelinha;2025;AJUSTE FUNDEB - ITCMD;-16,18;3112307;4245
MG;Capelinha;2025;AJUSTE FUNDEB - ITR;-2,06;3112307;4245
MG;Capelinha;2025;FUNDEB - COUN VAAR;852201,42;3112307;4245
MG;Capelinha;2025;FUNDEB - COUN VAAT;5841538,86;3112307;4245
MG;Capelinha;2025;FUNDEB - FPE;1818631,96;3112307;4245
MG;Capelinha;2025;FUNDEB - FPM;5602670,69;3112307;4245
MG;Capelinha;2025;FUNDEB - ICMS;17703993,13;3112307;4245
MG;Capelinha;2025;FUNDEB - IPI-EXP;226123,72;3112307;4245
MG;Capelinha;2025;FUNDEB - IPVA;2579564,8;3112307;4245
MG;Capelinha;2025;FUNDEB - ITCMD;446120,25;3112307;4245
MG;Capelinha;2025;FUNDEB - ITR;64052,82;3112307;4245
MG;Capetinga;2025;AJUSTE FUNDEB - AJUSTE FUNDEB VAAR;-840,87;3112406;4247
MG;Capetinga;2025;AJUSTE FUNDEB - FPE;-12,74;3112406;4247
MG;Capetinga;2025;AJUSTE FUNDEB - FPM;-38,35;3112406;4247
MG;Capetinga;2025;AJUSTE FUNDEB - ICME;-124,78;3112406;4247
MG;Capetinga;2025;AJUSTE FUNDEB - IPIE;-1,19;3112406;4247
MG;Capetinga;2025;AJUSTE FUNDEB - IPVA;-19,11;3112406;4247
MG;Capetinga;2025;AJUSTE FUNDEB - ITCMD;-3,15;3112406;4247
MG;Capetinga;2025;AJUSTE FUNDEB - ITR;-0,4;3112406;4247
MG;Capetinga;2025;FUNDEB - COUN VAAR;25659,02;3112406;4247
MG;Capetinga;2025;FUNDEB - FPE;352595,86;3112406;4247
MG;Capetinga;2025;FUNDEB - FPM;1086244,3;3112406;4247
MG;Capetinga;2025;FUNDEB - FUNDEB - FTI;64500,38;3112406;4247
MG;Capetinga;2025;FUNDEB - ICMS;3439750,77;3112406;4247
MG;Capetinga;2025;FUNDEB - IPI-EXP;43840,78;3112406;4247
MG;Capetinga;2025;FUNDEB - IPVA;500084,21;3112406;4247
MG;Capetinga;2025;FUNDEB - ITCMD;86408,91;3112406;4247
MG;Capetinga;2025;FUNDEB - ITR;12398,44;3112406;4247
MG;Capim Branco;2025;AJUSTE FUNDEB - AJUSTE FUNDEB VAAR;-28699,66;3112505;4249
MG;Capim Branco;2025;AJUSTE FUNDEB - FPE;-17,61;3112505;4249
MG;Capim Branco;2025;AJUSTE FUNDEB - FPM;-52,73;3112505;4249
MG;Capim Branco;2025;AJUSTE FUNDEB - ICME;-171,57;3112505;4249
MG;Capim Branco;2025;AJUSTE FUNDEB - IPIE;-1,68;3112505;4249
MG;Capim Branco;2025;AJUSTE FUNDEB - IPVA;-26,36;3112505;4249
MG;Capim Branco;2025;AJUSTE FUNDEB - ITCMD;-4,39;3112505;4249
MG;Capim Branco;2025;AJUSTE FUNDEB - ITR;-0,59;3112505;4249
MG;Capim Branco;2025;FUNDEB - COUN VAAR;424988,5;3112505;4249
MG;Capim Branco;2025;FUNDEB - FPE;435874,36;3112505;4249
MG;Capim Branco;2025;FUNDEB - FPM;1342800,81;3112505;4249
MG;Capim Branco;2025;FUNDEB - ICMS;4252224,57;3112505;4249
MG;Capim Branco;2025;FUNDEB - IPI-EXP;54195,44;3112505;4249
MG;Capim Branco;2025;FUNDEB - IPVA;618258,89;3112505;4249
MG;Capim Branco;2025;FUNDEB - ITCMD;106944,03;3112505;4249
MG;Capim Branco;2025;FUNDEB - ITR;15356,82;3112505;4249
MG;Capinópolis;2025;AJUSTE FUNDEB - AJUSTE FUNDEB VAAR;-9644,9;3112604;4251
MG;Capinópolis;2025;AJUSTE FUNDEB - FPE;-33,76;3112604;4251
MG;Capinópolis;2025;AJUSTE FUNDEB - FPM;-100,97;3112604;4251
MG;Capinópolis;2025;AJUSTE FUNDEB - ICME;-328,89;3112604;4251
MG;Capinópolis;2025;AJUSTE FUNDEB - IPIE;-3,11;3112604;4251
MG;Capinópolis;2025;AJUSTE FUNDEB - IPVA;-50,58;3112604;4251
MG;Capinópolis;2025;AJUSTE FUNDEB - ITCMD;-8,49;3112604;4251
MG;Capinópolis;2025;AJUSTE FUNDEB - ITR;-1,12;3112604;4251
MG;Capinópolis;2025;FUNDEB - COUN VAAR;73532,22;3112604;4251
MG;Capinópolis;2025;FUNDEB - FPE;867168,73;3112604;4251
MG;Capinópolis;2025;FUNDEB - FPM;2671491,96;3112604;4251
MG;Capinópolis;2025;FUNDEB - FUNDEB - FTI;185268,72;3112604;4251
MG;Capinópolis;2025;FUNDEB - ICMS;8450352,38;3112604;4251
MG;Capinópolis;2025;FUNDEB - IPI-EXP;107821,37;3112604;4251
MG;Capinópolis;2025;FUNDEB - IPVA;1230091,81;3112604;4251
MG;Capinópolis;2025;FUNDEB - ITCMD;212909,8;3112604;4251
MG;Capinópolis;2025;FUNDEB - ITR;30586,87;3112604;4251
MG;Capitão Andrade;2025;AJUSTE FUNDEB - FPE;-10,37;3112653;2651
MG;Capitão Andrade;2025;AJUSTE FUNDEB - FPM;-31;3112653;2651
MG;Capitão Andrade;2025;AJUSTE FUNDEB - ICME;-100,79;3112653;2651
MG;Capitão Andrade;2025;AJUSTE FUNDEB - IPIE;-0,93;3112653;2651
MG;Capitão Andrade;2025;AJUSTE FUNDEB - IPVA;-15,47;3112653;2651
MG;Capitão Andrade;2025;AJUSTE FUNDEB - ITCMD;-2,62;3112653;2651
MG;Capitão Andrade;2025;AJUSTE FUNDEB - ITR;-0,32;3112653;2651
MG;Capitão Andrade;2025;FUNDEB - COUN VAAT;551137,95;3112653;2651
MG;Capitão Andrade;2025;FUNDEB - FPE;308831,26;3112653;2651
MG;Capitão Andrade;2025;FUNDEB - FPM;951418,29;3112653;2651
MG;Capitão Andrade;2025;FUNDEB - ICMS;3014213,7;3112653;2651
MG;Capitão Andrade;2025;FUNDEB - IPI-EXP;38399,26;3112653;2651
MG;Capitão Andrade;2025;FUNDEB - IPVA;438028,15;3112653;2651
MG;Capitão Andrade;2025;FUNDEB - ITCMD;75714,5;3112653;2651
MG;Capitão Andrade;2025;FUNDEB - ITR;10866,82;3112653;2651
MG;Capitão Enéas;2025;AJUSTE FUNDEB - AJUSTE FUNDEB VAAR;-55573,66;3112703;4253
MG;Capitão Enéas;2025;AJUSTE FUNDEB - AJUSTE FUNDEB VAAT;60080,69;3112703;4253
MG;Capitão Enéas;2025;AJUSTE FUNDEB - FPE;-25,98;3112703;4253
MG;Capitão Enéas;2025;AJUSTE FUNDEB - FPM;-77,9;3112703;4253
MG;Capitão Enéas;2025;AJUSTE FUNDEB - ICME;-253,6;3112703;4253
MG;Capitão Enéas;2025;AJUSTE FUNDEB - IPIE;-2,45;3112703;4253
MG;Capitão Enéas;2025;AJUSTE FUNDEB - IPVA;-39,33;3112703;4253
MG;Capitão Enéas;2025;AJUSTE FUNDEB - ITCMD;-6,56;3112703;4253
MG;Capitão Enéas;2025;AJUSTE FUNDEB - ITR;-0,86;3112703;4253
MG;Capitão Enéas;2025;FUNDEB - COUN VAAR;694599,02;3112703;4253
MG;Capitão Enéas;2025;FUNDEB - COUN VAAT;3991389,58;3112703;4253
MG;Capitão Enéas;2025;FUNDEB - FPE;874961,77;3112703;4253
MG;Capitão Enéas;2025;FUNDEB - FPM;2695500,01;3112703;4253
MG;Capitão Enéas;2025;FUNDEB - FUNDEB - FTI;215676,45;3112703;4253
MG;Capitão Enéas;2025;FUNDEB - ICMS;8523189,76;3112703;4253
MG;Capitão Enéas;2025;FUNDEB - IPI-EXP;108790,36;3112703;4253
MG;Capitão Enéas;2025;FUNDEB - IPVA;1241118,33;3112703;4253
MG;Capitão Enéas;2025;FUNDEB - ITCMD;214765,25;3112703;4253
MG;Capitão Enéas;2025;FUNDEB - ITR;30847,96;3112703;4253
MG;Capitólio;2025;AJUSTE FUNDEB - AJUSTE FUNDEB VAAR;-27177;3112802;4255
MG;Capitólio;2025;AJUSTE FUNDEB - FPE;-20,27;3112802;4255
MG;Capitólio;2025;AJUSTE FUNDEB - FPM;-60,74;3112802;4255
MG;Capitólio;2025;AJUSTE FUNDEB - ICME;-197,81;3112802;4255
MG;Capitólio;2025;AJUSTE FUNDEB - IPIE;-1,88;3112802;4255
MG;Capitólio;2025;AJUSTE FUNDEB - IPVA;-30,52;3112802;4255
MG;Capitólio;2025;AJUSTE FUNDEB - ITCMD;-5,11;3112802;4255
MG;Capitólio;2025;AJUSTE FUNDEB - ITR;-0,7;3112802;4255
MG;Capitólio;2025;FUNDEB - COUN VAAR;404069,19;3112802;4255
MG;Capitólio;2025;FUNDEB - FPE;529312,6;3112802;4255
MG;Capitólio;2025;FUNDEB - FPM;1630656,71;3112802;4255
MG;Capitólio;2025;FUNDEB - FUNDEB - FTI;40423,35;3112802;4255
MG;Capitólio;2025;FUNDEB - ICMS;5149221,98;3112802;4255
MG;Capitólio;2025;FUNDEB - IPI-EXP;65813,27;3112802;4255
MG;Capitólio;2025;FUNDEB - IPVA;750782,88;3112802;4255
MG;Capitólio;2025;FUNDEB - ITCMD;129845,01;3112802;4255
MG;Capitólio;2025;FUNDEB - ITR;18642,99;3112802;4255
MG;Caputira;2025;AJUSTE FUNDEB - AJUSTE FUNDEB VAAR;-28561,62;3112901;4257
MG;Caputira;2025;AJUSTE FUNDEB - AJUSTE FUNDEB VAAT;39736,62;3112901;4257
MG;Caputira;2025;AJUSTE FUNDEB - FPE;-24,5;3112901;4257
MG;Caputira;2025;AJUSTE FUNDEB - FPM;-73,57;3112901;4257
MG;Caputira;2025;AJUSTE FUNDEB - ICME;-239,28;3112901;4257
MG;Caputira;2025;AJUSTE FUNDEB - IPIE;-2,29;3112901;4257
MG;Caputira;2025;AJUSTE FUNDEB - IPVA;-37,02;3112901;4257
MG;Caputira;2025;AJUSTE FUNDEB - ITCMD;-6,2;3112901;4257
MG;Caputira;2025;AJUSTE FUNDEB - ITR;-0,81;3112901;4257
MG;Caputira;2025;FUNDEB - COUN VAAR;319788,06;3112901;4257
MG;Caputira;2025;FUNDEB - COUN VAAT;584448,19;3112901;4257
MG;Caputira;2025;FUNDEB - FPE;581229,23;3112901;4257
MG;Caputira;2025;FUNDEB - FPM;1790596,41;3112901;4257
MG;Caputira;2025;FUNDEB - ICMS;5664371,48;3112901;4257
MG;Caputira;2025;FUNDEB - IPI-EXP;72268,44;3112901;4257
MG;Caputira;2025;FUNDEB - IPVA;824461,95;3112901;4257
MG;Caputira;2025;FUNDEB - ITCMD;142662,91;3112901;4257
MG;Caputira;2025;FUNDEB - ITR;20491,14;3112901;4257
MG;Caraí;2025;AJUSTE FUNDEB - FPE;-43,59;3113008;4259
MG;Caraí;2025;AJUSTE FUNDEB - FPM;-130,75;3113008;4259
MG;Caraí;2025;AJUSTE FUNDEB - ICME;-425,5;3113008;4259
MG;Caraí;2025;AJUSTE FUNDEB - IPIE;-4,1;3113008;4259
MG;Caraí;2025;AJUSTE FUNDEB - IPVA;-65,5;3113008;4259
MG;Caraí;2025;AJUSTE FUNDEB - ITCMD;-11,02;3113008;4259
MG;Caraí;2025;AJUSTE FUNDEB - ITR;-1,44;3113008;4259
MG;Caraí;2025;FUNDEB - FPE;944209,03;3113008;4259
MG;Caraí;2025;FUNDEB - FPM;2908830,5;3113008;4259
MG;Caraí;2025;FUNDEB - FUNDEB - FTI;339950,39;3113008;4259
MG;Caraí;2025;FUNDEB - ICMS;9240421,38;3113008;4259
MG;Caraí;2025;FUNDEB - IPI-EXP;117400,35;3113008;4259
MG;Caraí;2025;FUNDEB - IPVA;1339493,27;3113008;4259
MG;Caraí;2025;FUNDEB - ITCMD;232069,88;3113008;4259
MG;Caraí;2025;FUNDEB - ITR;33362,52;3113008;4259
MG;Caranaíba;2025;AJUSTE FUNDEB - AJUSTE FUNDEB VAAR;-6202,7;3113107;4261
MG;Caranaíba;2025;AJUSTE FUNDEB - FPE;-3,86;3113107;4261
MG;Caranaíba;2025;AJUSTE FUNDEB - FPM;-11,69;3113107;4261
MG;Caranaíba;2025;AJUSTE FUNDEB - ICME;-38,12;3113107;4261
MG;Caranaíba;2025;AJUSTE FUNDEB - IPIE;-0,37;3113107;4261
MG;Caranaíba;2025;AJUSTE FUNDEB - IPVA;-5,85;3113107;4261
MG;Caranaíba;2025;AJUSTE FUNDEB - ITCMD;-0,97;3113107;4261
MG;Caranaíba;2025;AJUSTE FUNDEB - ITR;-0,12;3113107;4261
MG;Caranaíba;2025;FUNDEB - COUN VAAR;92145,64;3113107;4261
MG;Caranaíba;2025;FUNDEB - FPE;101355,86;3113107;4261
MG;Caranaíba;2025;FUNDEB - FPM;312247,7;3113107;4261
MG;Caranaíba;2025;FUNDEB - ICMS;990853,07;3113107;4261
MG;Caranaíba;2025;FUNDEB - IPI-EXP;12602,31;3113107;4261
MG;Caranaíba;2025;FUNDEB - IPVA;143774,04;3113107;4261
MG;Caranaíba;2025;FUNDEB - ITCMD;24883,49;3113107;4261
MG;Caranaíba;2025;FUNDEB - ITR;3574,63;3113107;4261
MG;Carandaí;2025;AJUSTE FUNDEB - FPE;-60,52;3113206;4263
MG;Carandaí;2025;AJUSTE FUNDEB - FPM;-181,57;3113206;4263
MG;Carandaí;2025;AJUSTE FUNDEB - ICME;-590,35;3113206;4263
MG;Carandaí;2025;AJUSTE FUNDEB - IPIE;-5,68;3113206;4263
MG;Carandaí;2025;AJUSTE FUNDEB - IPVA;-90,66;3113206;4263
MG;Carandaí;2025;AJUSTE FUNDEB - ITCMD;-15,3;3113206;4263
MG;Carandaí;2025;AJUSTE FUNDEB - ITR;-2,02;3113206;4263
MG;Carandaí;2025;FUNDEB - FPE;1485837,76;3113206;4263
MG;Carandaí;2025;FUNDEB - FPM;4577429,52;3113206;4263
MG;Carandaí;2025;FUNDEB - FUNDEB - FTI;447580,9;3113206;4263
MG;Carandaí;2025;FUNDEB - ICMS;14500466,93;3113206;4263
MG;Carandaí;2025;FUNDEB - IPI-EXP;184745;3113206;4263
MG;Carandaí;2025;FUNDEB - IPVA;2107678,04;3113206;4263
MG;Carandaí;2025;FUNDEB - ITCMD;364797,01;3113206;4263
MG;Carandaí;2025;FUNDEB - ITR;52406,17;3113206;4263
MG;Carangola;2025;AJUSTE FUNDEB - AJUSTE FUNDEB VAAR;-34395,39;3113305;4265
MG;Carangola;2025;AJUSTE FUNDEB - FPE;-38,66;3113305;4265
MG;Carangola;2025;AJUSTE FUNDEB - FPM;-115,72;3113305;4265
MG;Carangola;2025;AJUSTE FUNDEB - ICME;-376,95;3113305;4265
MG;Carangola;2025;AJUSTE FUNDEB - IPIE;-3,56;3113305;4265
MG;Carangola;2025;AJUSTE FUNDEB - IPVA;-57,95;3113305;4265
MG;Carangola;2025;AJUSTE FUNDEB - ITCMD;-9,81;3113305;4265
MG;Carangola;2025;AJUSTE FUNDEB - ITR;-1,28;3113305;4265
MG;Carangola;2025;FUNDEB - COUN VAAR;443068,08;3113305;4265
MG;Carangola;2025;FUNDEB - COUN VAAT;570342,78;3113305;4265
MG;Carangola;2025;FUNDEB - FPE;1085341,44;3113305;4265
MG;Carangola;2025;FUNDEB - FPM;3343617,88;3113305;4265
MG;Carangola;2025;FUNDEB - FUNDEB - FTI;200294,24;3113305;4265
MG;Carangola;2025;FUNDEB - ICMS;10580526,18;3113305;4265
MG;Carangola;2025;FUNDEB - IPI-EXP;134948,37;3113305;4265
MG;Carangola;2025;FUNDEB - IPVA;1539571,4;3113305;4265
MG;Carangola;2025;FUNDEB - ITCMD;266472,84;3113305;4265
MG;Carangola;2025;FUNDEB - ITR;38281,46;3113305;4265
MG;Caratinga;2025;AJUSTE FUNDEB - AJUSTE FUNDEB VAAR;-38227,3;3113404;4267
MG;Caratinga;2025;AJUSTE FUNDEB - AJUSTE FUNDEB VAAT;302038,9;3113404;4267
MG;Caratinga;2025;AJUSTE FUNDEB - FPE;-174,13;3113404;4267
MG;Caratinga;2025;AJUSTE FUNDEB - FPM;-522,45;3113404;4267
MG;Caratinga;2025;AJUSTE FUNDEB - ICME;-1700,07;3113404;4267
MG;Caratinga;2025;AJUSTE FUNDEB - IPIE;-16,23;3113404;4267
MG;Caratinga;2025;AJUSTE FUNDEB - IPVA;-261,55;3113404;4267
MG;Caratinga;2025;AJUSTE FUNDEB - ITCMD;-43,98;3113404;4267
MG;Caratinga;2025;AJUSTE FUNDEB - ITR;-5,76;3113404;4267
MG;Caratinga;2025;FUNDEB - COUN VAAR;205066,23;3113404;4267
MG;Caratinga;2025;FUNDEB - COUN VAAT;1895230,93;3113404;4267
MG;Caratinga;2025;FUNDEB - FPE;4253953,07;3113404;4267
MG;Caratinga;2025;FUNDEB - FPM;13105179,45;3113404;4267
MG;Caratinga;2025;FUNDEB - FUNDEB - FTI;761645,34;3113404;4267
MG;Caratinga;2025;FUNDEB - ICMS;41408515,75;3113404;4267
MG;Caratinga;2025;FUNDEB - IPI-EXP;528924,89;3113404;4267
MG;Caratinga;2025;FUNDEB - IPVA;6034339,87;3113404;4267
MG;Caratinga;2025;FUNDEB - ITCMD;1044533,68;3113404;4267
MG;Caratinga;2025;FUNDEB - ITR;150067,4;3113404;4267
MG;Carbonita;2025;AJUSTE FUNDEB - FPE;-20,18;3113503;4269
MG;Carbonita;2025;AJUSTE FUNDEB - FPM;-60,49;3113503;4269
MG;Carbonita;2025;AJUSTE FUNDEB - ICME;-197;3113503;4269
MG;Carbonita;2025;AJUSTE FUNDEB - IPIE;-1,82;3113503;4269
MG;Carbonita;2025;AJUSTE FUNDEB - IPVA;-30,34;3113503;4269
MG;Carbonita;2025;AJUSTE FUNDEB - ITCMD;-5,09;3113503;4269
MG;Carbonita;2025;AJUSTE FUNDEB - ITR;-0,72;3113503;4269
MG;Carbonita;2025;FUNDEB - FPE;486880,41;3113503;4269
MG;Carbonita;2025;FUNDEB - FPM;1499935,43;3113503;4269
MG;Carbonita;2025;FUNDEB - FUNDEB - FTI;124012,03;3113503;4269
MG;Carbonita;2025;FUNDEB - ICMS;4750842,61;3113503;4269
MG;Carbonita;2025;FUNDEB - IPI-EXP;60537,35;3113503;4269
MG;Carbonita;2025;FUNDEB - IPVA;690688,77;3113503;4269
MG;Carbonita;2025;FUNDEB - ITCMD;119626,46;3113503;4269
MG;Carbonita;2025;FUNDEB - ITR;17193,81;3113503;4269
MG;Careaçu;2025;AJUSTE FUNDEB - AJUSTE FUNDEB VAAR;-10769,23;3113602;4271
MG;Careaçu;2025;AJUSTE FUNDEB - FPE;-13,95;3113602;4271
MG;Careaçu;2025;AJUSTE FUNDEB - FPM;-41,76;3113602;4271
MG;Careaçu;2025;AJUSTE FUNDEB - ICME;-135,93;3113602;4271
MG;Careaçu;2025;AJUSTE FUNDEB - IPIE;-1,27;3113602;4271
MG;Careaçu;2025;AJUSTE FUNDEB - IPVA;-20,9;3113602;4271
MG;Careaçu;2025;AJUSTE FUNDEB - ITCMD;-3,46;3113602;4271
MG;Careaçu;2025;AJUSTE FUNDEB - ITR;-0,45;3113602;4271
MG;Careaçu;2025;FUNDEB - COUN VAAR;148896,06;3113602;4271
MG;Careaçu;2025;FUNDEB - FPE;332396,29;3113602;4271
MG;Careaçu;2025;FUNDEB - FPM;1024015,33;3113602;4271
MG;Careaçu;2025;FUNDEB - ICMS;3243985,08;3113602;4271
MG;Careaçu;2025;FUNDEB - IPI-EXP;41329,26;3113602;4271
MG;Careaçu;2025;FUNDEB - IPVA;471571,81;3113602;4271
MG;Careaçu;2025;FUNDEB - ITCMD;81740,18;3113602;4271
MG;Careaçu;2025;FUNDEB - ITR;11755,06;3113602;4271
MG;Carlos Chagas;2025;AJUSTE FUNDEB - FPE;-41,9;3113701;4273
MG;Carlos Chagas;2025;AJUSTE FUNDEB - FPM;-125,79;3113701;4273
MG;Carlos Chagas;2025;AJUSTE FUNDEB - ICME;-409,38;3113701;4273
MG;Carlos Chagas;2025;AJUSTE FUNDEB - IPIE;-3,9;3113701;4273
MG;Carlos Chagas;2025;AJUSTE FUNDEB - IPVA;-62,79;3113701;4273
MG;Carlos Chagas;2025;AJUSTE FUNDEB - ITCMD;-10,61;3113701;4273
MG;Carlos Chagas;2025;AJUSTE FUNDEB - ITR;-1,37;3113701;4273
MG;Carlos Chagas;2025;FUNDEB - FPE;1022604,19;3113701;4273
MG;Carlos Chagas;2025;FUNDEB - FPM;3150343,02;3113701;4273
MG;Carlos Chagas;2025;FUNDEB - FUNDEB - FTI;276264,37;3113701;4273
MG;Carlos Chagas;2025;FUNDEB - ICMS;9980956,01;3113701;4273
MG;Carlos Chagas;2025;FUNDEB - IPI-EXP;127147,78;3113701;4273
MG;Carlos Chagas;2025;FUNDEB - IPVA;1450556,99;3113701;4273
MG;Carlos Chagas;2025;FUNDEB - ITCMD;251026,9;3113701;4273
MG;Carlos Chagas;2025;FUNDEB - ITR;36058,47;3113701;4273
MG;Carmésia;2025;AJUSTE FUNDEB - AJUSTE FUNDEB VAAR;-5573,81;3113800;4275
MG;Carmésia;2025;AJUSTE FUNDEB - FPE;-9,36;3113800;4275
MG;Carmésia;2025;AJUSTE FUNDEB - FPM;-28,16;3113800;4275
MG;Carmésia;2025;AJUSTE FUNDEB - ICME;-91,62;3113800;4275
MG;Carmésia;2025;AJUSTE FUNDEB - IPIE;-0,89;3113800;4275
MG;Carmésia;2025;AJUSTE FUNDEB - IPVA;-14,1;3113800;4275
MG;Carmésia;2025;AJUSTE FUNDEB - ITCMD;-2,35;3113800;4275
MG;Carmésia;2025;AJUSTE FUNDEB - ITR;-0,35;3113800;4275
MG;Carmésia;2025;FUNDEB - COUN VAAR;187965,81;3113800;4275
MG;Carmésia;2025;FUNDEB - FPE;195110;3113800;4275
MG;Carmésia;2025;FUNDEB - FPM;601076,55;3113800;4275
MG;Carmésia;2025;FUNDEB - ICMS;1906149,58;3113800;4275
MG;Carmésia;2025;FUNDEB - IPI-EXP;24259,44;3113800;4275
MG;Carmésia;2025;FUNDEB - IPVA;276794,41;3113800;4275
MG;Carmésia;2025;FUNDEB - ITCMD;47961,58;3113800;4275
MG;Carmésia;2025;FUNDEB - ITR;6895,66;3113800;4275
MG;Carmo da Cachoeira;2025;AJUSTE FUNDEB - FPE;-25,44;3113909;4277
MG;Carmo da Cachoeira;2025;AJUSTE FUNDEB - FPM;-76,18;3113909;4277
MG;Carmo da Cachoeira;2025;AJUSTE FUNDEB - ICME;-247,8;3113909;4277
MG;Carmo da Cachoeira;2025;AJUSTE FUNDEB - IPIE;-2,41;3113909;4277
MG;Carmo da Cachoeira;2025;AJUSTE FUNDEB - IPVA;-38,09;3113909;4277
MG;Carmo da Cachoeira;2025;AJUSTE FUNDEB - ITCMD;-6,39;3113909;4277
MG;Carmo da Cachoeira;2025;AJUSTE FUNDEB - ITR;-0,89;3113909;4277
MG;Carmo da Cachoeira;2025;FUNDEB - FPE;605898,04;3113909;4277
MG;Carmo da Cachoeira;2025;FUNDEB - FPM;1866593,77;3113909;4277
MG;Carmo da Cachoeira;2025;FUNDEB - FUNDEB - FTI;173614,84;3113909;4277
MG;Carmo da Cachoeira;2025;FUNDEB - ICMS;5916800,74;3113909;4277
MG;Carmo da Cachoeira;2025;FUNDEB - IPI-EXP;75335,69;3113909;4277
MG;Carmo da Cachoeira;2025;FUNDEB - IPVA;859356,94;3113909;4277
MG;Carmo da Cachoeira;2025;FUNDEB - ITCMD;148517,38;3113909;4277
MG;Carmo da Cachoeira;2025;FUNDEB - ITR;21313,14;3113909;4277
MG;Carmo da Mata;2025;AJUSTE FUNDEB - AJUSTE FUNDEB VAAR;-15829,57;3114006;4279
MG;Carmo da Mata;2025;AJUSTE FUNDEB - FPE;-17,62;3114006;4279
MG;Carmo da Mata;2025;AJUSTE FUNDEB - FPM;-52,69;3114006;4279
MG;Carmo da Mata;2025;AJUSTE FUNDEB - ICME;-171,7;3114006;4279
MG;Carmo da Mata;2025;AJUSTE FUNDEB - IPIE;-1,61;3114006;4279
MG;Carmo da Mata;2025;AJUSTE FUNDEB - IPVA;-26,38;3114006;4279
MG;Carmo da Mata;2025;AJUSTE FUNDEB - ITCMD;-4,42;3114006;4279
MG;Carmo da Mata;2025;AJUSTE FUNDEB - ITR;-0,6;3114006;4279
MG;Carmo da Mata;2025;FUNDEB - COUN VAAR;236609,49;3114006;4279
MG;Carmo da Mata;2025;FUNDEB - FPE;440941,34;3114006;4279
MG;Carmo da Mata;2025;FUNDEB - FPM;1358410,58;3114006;4279
MG;Carmo da Mata;2025;FUNDEB - FUNDEB - FTI;145491,14;3114006;4279
MG;Carmo da Mata;2025;FUNDEB - ICMS;4302817,92;3114006;4279
MG;Carmo da Mata;2025;FUNDEB - IPI-EXP;54825,43;3114006;4279
MG;Carmo da Mata;2025;FUNDEB - IPVA;625439,36;3114006;4279
MG;Carmo da Mata;2025;FUNDEB - ITCMD;108173,59;3114006;4279
MG;Carmo da Mata;2025;FUNDEB - ITR;15532,08;3114006;4279
MG;Carmo de Minas;2025;AJUSTE FUNDEB - FPE;-20,68;3114105;4281
MG;Carmo de Minas;2025;AJUSTE FUNDEB - FPM;-61,88;3114105;4281
MG;Carmo de Minas;2025;AJUSTE FUNDEB - ICME;-201,27;3114105;4281
MG;Carmo de Minas;2025;AJUSTE FUNDEB - IPIE;-1,96;3114105;4281
MG;Carmo de Minas;2025;AJUSTE FUNDEB - IPVA;-30,91;3114105;4281
MG;Carmo de Minas;2025;AJUSTE FUNDEB - ITCMD;-5,15;3114105;4281
MG;Carmo de Minas;2025;AJUSTE FUNDEB - ITR;-0,68;3114105;4281
MG;Carmo de Minas;2025;FUNDEB - FPE;472715,34;3114105;4281
MG;Carmo de Minas;2025;FUNDEB - FPM;1456297,08;3114105;4281
MG;Carmo de Minas;2025;FUNDEB - FUNDEB - FTI;111732,5;3114105;4281
MG;Carmo de Minas;2025;FUNDEB - ICMS;4616654,98;3114105;4281
MG;Carmo de Minas;2025;FUNDEB - IPI-EXP;58776,14;3114105;4281
MG;Carmo de Minas;2025;FUNDEB - IPVA;670542,23;3114105;4281
MG;Carmo de Minas;2025;FUNDEB - ITCMD;116038,69;3114105;4281
MG;Carmo de Minas;2025;FUNDEB - ITR;16668,02;3114105;4281
MG;Carmo do Cajuru;2025;AJUSTE FUNDEB - AJUSTE FUNDEB VAAR;-79032,09;3114204;4283
MG;Carmo do Cajuru;2025;AJUSTE FUNDEB - AJUSTE FUNDEB VAAT;95314,96;3114204;4283
MG;Carmo do Cajuru;2025;AJUSTE FUNDEB - FPE;-49,42;3114204;4283
MG;Carmo do Cajuru;2025;AJUSTE FUNDEB - FPM;-148,19;3114204;4283
MG;Carmo do Cajuru;2025;AJUSTE FUNDEB - ICME;-482,1;3114204;4283
MG;Carmo do Cajuru;2025;AJUSTE FUNDEB - IPIE;-4,65;3114204;4283
MG;Carmo do Cajuru;2025;AJUSTE FUNDEB - IPVA;-74,02;3114204;4283
MG;Carmo do Cajuru;2025;AJUSTE FUNDEB - ITCMD;-12,48;3114204;4283
MG;Carmo do Cajuru;2025;AJUSTE FUNDEB - ITR;-1,6;3114204;4283
MG;Carmo do Cajuru;2025;FUNDEB - COUN VAAR;1173062,06;3114204;4283
MG;Carmo do Cajuru;2025;FUNDEB - COUN VAAT;1944109,04;3114204;4283
MG;Carmo do Cajuru;2025;FUNDEB - FPE;1342439,5;3114204;4283
MG;Carmo do Cajuru;2025;FUNDEB - FPM;4135661,55;3114204;4283
MG;Carmo do Cajuru;2025;FUNDEB - FUNDEB - FTI;160033,92;3114204;4283
MG;Carmo do Cajuru;2025;FUNDEB - ICMS;13074534,51;3114204;4283
MG;Carmo do Cajuru;2025;FUNDEB - IPI-EXP;166915,24;3114204;4283
MG;Carmo do Cajuru;2025;FUNDEB - IPVA;1904274,58;3114204;4283
MG;Carmo do Cajuru;2025;FUNDEB - ITCMD;329608,4;3114204;4283
MG;Carmo do Cajuru;2025;FUNDEB - ITR;47352,76;3114204;4283
MG;Carmo do Paranaíba;2025;AJUSTE FUNDEB - FPE;-52,96;3114303;4285
MG;Carmo do Paranaíba;2025;AJUSTE FUNDEB - FPM;-159,11;3114303;4285
MG;Carmo do Paranaíba;2025;AJUSTE FUNDEB - ICME;-517,72;3114303;4285
MG;Carmo do Paranaíba;2025;AJUSTE FUNDEB - IPIE;-4,9;3114303;4285
MG;Carmo do Paranaíba;2025;AJUSTE FUNDEB - IPVA;-79,55;3114303;4285
MG;Carmo do Paranaíba;2025;AJUSTE FUNDEB - ITCMD;-13,5;3114303;4285
MG;Carmo do Paranaíba;2025;AJUSTE FUNDEB - ITR;-1,77;3114303;4285
MG;Carmo do Paranaíba;2025;FUNDEB - FPE;1272213,81;3114303;4285
MG;Carmo do Paranaíba;2025;FUNDEB - FPM;3919316,96;3114303;4285
MG;Carmo do Paranaíba;2025;FUNDEB - FUNDEB - FTI;319275,94;3114303;4285
MG;Carmo do Paranaíba;2025;FUNDEB - ICMS;12411911,92;3114303;4285
MG;Carmo do Paranaíba;2025;FUNDEB - IPI-EXP;158183,57;3114303;4285
MG;Carmo do Paranaíba;2025;FUNDEB - IPVA;1804645,04;3114303;4285
MG;Carmo do Paranaíba;2025;FUNDEB - ITCMD;312338,56;3114303;4285
MG;Carmo do Paranaíba;2025;FUNDEB - ITR;44869,14;3114303;4285
MG;Carmo do Rio Claro;2025;AJUSTE FUNDEB - FPE;-38,88;3114402;4287
MG;Carmo do Rio Claro;2025;AJUSTE FUNDEB - FPM;-116,55;3114402;4287
MG;Carmo do Rio Claro;2025;AJUSTE FUNDEB - ICME;-379,45;3114402;4287
MG;Carmo do Rio Claro;2025;AJUSTE FUNDEB - IPIE;-3,66;3114402;4287
MG;Carmo do Rio Claro;2025;AJUSTE FUNDEB - IPVA;-58,32;3114402;4287
MG;Carmo do Rio Claro;2025;AJUSTE FUNDEB - ITCMD;-9,87;3114402;4287
MG;Carmo do Rio Claro;2025;AJUSTE FUNDEB - ITR;-1,27;3114402;4287
MG;Carmo do Rio Claro;2025;FUNDEB - COUN VAAT;1004218,07;3114402;4287
MG;Carmo do Rio Claro;2025;FUNDEB - FPE;957926,16;3114402;4287
MG;Carmo do Rio Claro;2025;FUNDEB - FPM;2951088,98;3114402;4287
MG;Carmo do Rio Claro;2025;FUNDEB - ICMS;9337815,54;3114402;4287
MG;Carmo do Rio Claro;2025;FUNDEB - IPI-EXP;119105,91;3114402;4287
MG;Carmo do Rio Claro;2025;FUNDEB - IPVA;1358825,92;3114402;4287
MG;Carmo do Rio Claro;2025;FUNDEB - ITCMD;235179,25;3114402;4287
MG;Carmo do Rio Claro;2025;FUNDEB - ITR;33784,82;3114402;4287
MG;Carmópolis de Minas;2025;AJUSTE FUNDEB - AJUSTE FUNDEB VAAR;-64201,5;3114501;4289
MG;Carmópolis de Minas;2025;AJUSTE FUNDEB - FPE;-39,71;3114501;4289
MG;Carmópolis de Minas;2025;AJUSTE FUNDEB - FPM;-119,28;3114501;4289
MG;Carmópolis de Minas;2025;AJUSTE FUNDEB - ICME;-388,09;3114501;4289
MG;Carmópolis de Minas;2025;AJUSTE FUNDEB - IPIE;-3,7;3114501;4289
MG;Carmópolis de Minas;2025;AJUSTE FUNDEB - IPVA;-59,75;3114501;4289
MG;Carmópolis de Minas;2025;AJUSTE FUNDEB - ITCMD;-10,07;3114501;4289
MG;Carmópolis de Minas;2025;AJUSTE FUNDEB - ITR;-1,26;3114501;4289
MG;Carmópolis de Minas;2025;FUNDEB - COUN VAAR;1001576,84;3114501;4289
MG;Carmópolis de Minas;2025;FUNDEB - FPE;977909,57;3114501;4289
MG;Carmópolis de Minas;2025;FUNDEB - FPM;3012652,01;3114501;4289
MG;Carmópolis de Minas;2025;FUNDEB - FUNDEB - FTI;301388,75;3114501;4289
MG;Carmópolis de Minas;2025;FUNDEB - ICMS;9537712,21;3114501;4289
MG;Carmópolis de Minas;2025;FUNDEB - IPI-EXP;121590,61;3114501;4289
MG;Carmópolis de Minas;2025;FUNDEB - IPVA;1387190,46;3114501;4289
MG;Carmópolis de Minas;2025;FUNDEB - ITCMD;240122,17;3114501;4289
MG;Carmópolis de Minas;2025;FUNDEB - ITR;34498,39;3114501;4289
MG;Carneirinho;2025;AJUSTE FUNDEB - FPE;-19,53;3114550;2685
MG;Carneirinho;2025;AJUSTE FUNDEB - FPM;-58,56;3114550;2685
MG;Carneirinho;2025;AJUSTE FUNDEB - ICME;-190,61;3114550;2685
MG;Carneirinho;2025;AJUSTE FUNDEB - IPIE;-1,79;3114550;2685
MG;Carneirinho;2025;AJUSTE FUNDEB - IPVA;-29,19;3114550;2685
MG;Carneirinho;2025;AJUSTE FUNDEB - ITCMD;-4,89;3114550;2685
MG;Carneirinho;2025;AJUSTE FUNDEB - ITR;-0,63;3114550;2685
MG;Carneirinho;2025;FUNDEB - FPE;495694,34;3114550;2685
MG;Carneirinho;2025;FUNDEB - FPM;1527088,52;3114550;2685
MG;Carneirinho;2025;FUNDEB - ICMS;4834855,99;3114550;2685
MG;Carneirinho;2025;FUNDEB - IPI-EXP;61633,26;3114550;2685
MG;Carneirinho;2025;FUNDEB - IPVA;703087,64;3114550;2685
MG;Carneirinho;2025;FUNDEB - ITCMD;121575,94;3114550;2685
MG;Carneirinho;2025;FUNDEB - ITR;17453,64;3114550;2685
MG;Carrancas;2025;AJUSTE FUNDEB - FPE;-8,34;3114600;4291
MG;Carrancas;2025;AJUSTE FUNDEB - FPM;-25,08;3114600;4291
MG;Carrancas;2025;AJUSTE FUNDEB - ICME;-81,41;3114600;4291
MG;Carrancas;2025;AJUSTE FUNDEB - IPIE;-0,76;3114600;4291
MG;Carrancas;2025;AJUSTE FUNDEB - IPVA;-12,38;3114600;4291
MG;Carrancas;2025;AJUSTE FUNDEB - ITCMD;-2,1;3114600;4291
MG;Carrancas;2025;AJUSTE FUNDEB - ITR;-0,25;3114600;4291
MG;Carrancas;2025;FUNDEB - FPE;189737,33;3114600;4291
MG;Carrancas;2025;FUNDEB - FPM;584524,93;3114600;4291
MG;Carrancas;2025;FUNDEB - ICMS;1852201,57;3114600;4291
MG;Carrancas;2025;FUNDEB - IPI-EXP;23591,41;3114600;4291
MG;Carrancas;2025;FUNDEB - IPVA;269174,81;3114600;4291
MG;Carrancas;2025;FUNDEB - ITCMD;46645,99;3114600;4291
MG;Carrancas;2025;FUNDEB - ITR;6706,98;3114600;4291
MG;Carvalhópolis;2025;AJUSTE FUNDEB - FPE;-12,78;3114709;4293
MG;Carvalhópolis;2025;AJUSTE FUNDEB - FPM;-38,2;3114709;4293
MG;Carvalhópolis;2025;AJUSTE FUNDEB - ICME;-124,18;3114709;4293
MG;Carvalhópolis;2025;AJUSTE FUNDEB - IPIE;-1,13;3114709;4293
MG;Carvalhópolis;2025;AJUSTE FUNDEB - IPVA;-19,3;3114709;4293
MG;Carvalhópolis;2025;AJUSTE FUNDEB - ITCMD;-3,28;3114709;4293
MG;Carvalhópolis;2025;AJUSTE FUNDEB - ITR;-0,38;3114709;4293
MG;Carvalhópolis;2025;FUNDEB - FPE;274486,79;3114709;4293
MG;Carvalhópolis;2025;FUNDEB - FPM;845613,21;3114709;4293
MG;Carvalhópolis;2025;FUNDEB - FUNDEB - FTI;126617,45;3114709;4293
MG;Carvalhópolis;2025;FUNDEB - ICMS;2682840,45;3114709;4293
MG;Carvalhópolis;2025;FUNDEB - IPI-EXP;34128,91;3114709;4293
MG;Carvalhópolis;2025;FUNDEB - IPVA;389387,13;3114709;4293
MG;Carvalhópolis;2025;FUNDEB - ITCMD;67441,2;3114709;4293
MG;Carvalhópolis;2025;FUNDEB - ITR;9693,24;3114709;4293
MG;Carvalhos;2025;AJUSTE FUNDEB - FPE;-7,4;3114808;4295
MG;Carvalhos;2025;AJUSTE FUNDEB - FPM;-22,16;3114808;4295
MG;Carvalhos;2025;AJUSTE FUNDEB - ICME;-72,23;3114808;4295
MG;Carvalhos;2025;AJUSTE FUNDEB - IPIE;-0,66;3114808;4295
MG;Carvalhos;2025;AJUSTE FUNDEB - IPVA;-11,14;3114808;4295
MG;Carvalhos;2025;AJUSTE FUNDEB - ITCMD;-1,86;3114808;4295
MG;Carvalhos;2025;AJUSTE FUNDEB - ITR;-0,25;3114808;4295
MG;Carvalhos;2025;FUNDEB - FPE;174575,06;3114808;4295
MG;Carvalhos;2025;FUNDEB - FPM;537814,41;3114808;4295
MG;Carvalhos;2025;FUNDEB - FUNDEB - FTI;119156,4;3114808;4295
MG;Carvalhos;2025;FUNDEB - ICMS;1703449,96;3114808;4295
MG;Carvalhos;2025;FUNDEB - IPI-EXP;21706,15;3114808;4295
MG;Carvalhos;2025;FUNDEB - IPVA;247653,18;3114808;4295
MG;Carvalhos;2025;FUNDEB - ITCMD;42894,9;3114808;4295
MG;Carvalhos;2025;FUNDEB - ITR;6165,36;3114808;4295
MG;Casa Grande;2025;AJUSTE FUNDEB - AJUSTE FUNDEB VAAR;-6453,78;3114907;4297
MG;Casa Grande;2025;AJUSTE FUNDEB - FPE;-5,93;3114907;4297
MG;Casa Grande;2025;AJUSTE FUNDEB - FPM;-17,8;3114907;4297
MG;Casa Grande;2025;AJUSTE FUNDEB - ICME;-57,8;3114907;4297
MG;Casa Grande;2025;AJUSTE FUNDEB - IPIE;-0,57;3114907;4297
MG;Casa Grande;2025;AJUSTE FUNDEB - IPVA;-8,95;3114907;4297
MG;Casa Grande;2025;AJUSTE FUNDEB - ITCMD;-1,52;3114907;4297
MG;Casa Grande;2025;AJUSTE FUNDEB - ITR;-0,22;3114907;4297
MG;Casa Grande;2025;FUNDEB - COUN VAAR;71746,92;3114907;4297
MG;Casa Grande;2025;FUNDEB - FPE;126692,23;3114907;4297
MG;Casa Grande;2025;FUNDEB - FPM;390301,52;3114907;4297
MG;Casa Grande;2025;FUNDEB - ICMS;1239886,82;3114907;4297
MG;Casa Grande;2025;FUNDEB - IPI-EXP;15752,57;3114907;4297
MG;Casa Grande;2025;FUNDEB - IPVA;179726,22;3114907;4297
MG;Casa Grande;2025;FUNDEB - ITCMD;31129,44;3114907;4297
MG;Casa Grande;2025;FUNDEB - ITR;4474,31;3114907;4297
MG;Cascalho Rico;2025;AJUSTE FUNDEB - FPE;-9;3115003;4299
MG;Cascalho Rico;2025;AJUSTE FUNDEB - FPM;-26,9;3115003;4299
MG;Cascalho Rico;2025;AJUSTE FUNDEB - ICME;-87,68;3115003;4299
MG;Cascalho Rico;2025;AJUSTE FUNDEB - IPIE;-0,77;3115003;4299
MG;Cascalho Rico;2025;AJUSTE FUNDEB - IPVA;-13,58;3115003;4299
MG;Cascalho Rico;2025;AJUSTE FUNDEB - ITCMD;-2,27;3115003;4299
MG;Cascalho Rico;2025;AJUSTE FUNDEB - ITR;-0,3;3115003;4299
MG;Cascalho Rico;2025;FUNDEB - FPE;243639,24;3115003;4299
MG;Cascalho Rico;2025;FUNDEB - FPM;750580,92;3115003;4299
MG;Cascalho Rico;2025;FUNDEB - FUNDEB - FTI;36634,32;3115003;4299
MG;Cascalho Rico;2025;FUNDEB - ICMS;2375112,86;3115003;4299
MG;Cascalho Rico;2025;FUNDEB - IPI-EXP;30293,43;3115003;4299
MG;Cascalho Rico;2025;FUNDEB - IPVA;345582,04;3115003;4299
MG;Cascalho Rico;2025;FUNDEB - ITCMD;59769,7;3115003;4299
MG;Cascalho Rico;2025;FUNDEB - ITR;8581,92;3115003;4299
MG;Cássia;2025;AJUSTE FUNDEB - FPE;-34,63;3115102;4301
MG;Cássia;2025;AJUSTE FUNDEB - FPM;-103,89;3115102;4301
MG;Cássia;2025;AJUSTE FUNDEB - ICME;-338,19;3115102;4301
MG;Cássia;2025;AJUSTE FUNDEB - IPIE;-3,26;3115102;4301
MG;Cássia;2025;AJUSTE FUNDEB - IPVA;-51,8;3115102;4301
MG;Cássia;2025;AJUSTE FUNDEB - ITCMD;-8,73;3115102;4301
MG;Cássia;2025;AJUSTE FUNDEB - ITR;-1,09;3115102;4301
MG;Cássia;2025;FUNDEB - FPE;875117,89;3115102;4301
MG;Cássia;2025;FUNDEB - FPM;2695981,15;3115102;4301
MG;Cássia;2025;FUNDEB - FUNDEB - FTI;145602,82;3115102;4301
MG;Cássia;2025;FUNDEB - ICMS;8530893,98;3115102;4301
MG;Cássia;2025;FUNDEB - IPI-EXP;108809,79;3115102;4301
MG;Cássia;2025;FUNDEB - IPVA;1240878,99;3115102;4301
MG;Cássia;2025;FUNDEB - ITCMD;213852,51;3115102;4301
MG;Cássia;2025;FUNDEB - ITR;30627,24;3115102;4301
MG;Cataguases;2025;AJUSTE FUNDEB - AJUSTE FUNDEB VAAR;-51185,08;3115300;4305
MG;Cataguases;2025;AJUSTE FUNDEB - FPE;-97,89;3115300;4305
MG;Cataguases;2025;AJUSTE FUNDEB - FPM;-293,64;3115300;4305
MG;Cataguases;2025;AJUSTE FUNDEB - ICME;-955,44;3115300;4305
MG;Cataguases;2025;AJUSTE FUNDEB - IPIE;-9,2;3115300;4305
MG;Cataguases;2025;AJUSTE FUNDEB - IPVA;-147,03;3115300;4305
MG;Cataguases;2025;AJUSTE FUNDEB - ITCMD;-24,71;3115300;4305
MG;Cataguases;2025;AJUSTE FUNDEB - ITR;-3,21;3115300;4305
MG;Cataguases;2025;FUNDEB - COUN VAAR;983892,05;3115300;4305
MG;Cataguases;2025;FUNDEB - FPE;2336820,43;3115300;4305
MG;Cataguases;2025;FUNDEB - FPM;7199057,1;3115300;4305
MG;Cataguases;2025;FUNDEB - FUNDEB - FTI;360837,5;3115300;4305
MG;Cataguases;2025;FUNDEB - ICMS;22811438,89;3115300;4305
MG;Cataguases;2025;FUNDEB - IPI-EXP;290553,86;3115300;4305
MG;Cataguases;2025;FUNDEB - IPVA;3314820,09;3115300;4305
MG;Cataguases;2025;FUNDEB - ITCMD;573754,03;3115300;4305
MG;Cataguases;2025;FUNDEB - ITR;82427,18;3115300;4305
MG;Catas Altas;2025;AJUSTE FUNDEB - AJUSTE FUNDEB VAAR;-4498,23;3115359;584
MG;Catas Altas;2025;AJUSTE FUNDEB - FPE;-13,38;3115359;584
MG;Catas Altas;2025;AJUSTE FUNDEB - FPM;-40,07;3115359;584
MG;Catas Altas;2025;AJUSTE FUNDEB - ICME;-130,25;3115359;584
MG;Catas Altas;2025;AJUSTE FUNDEB - IPIE;-1,25;3115359;584
MG;Catas Altas;2025;AJUSTE FUNDEB - IPVA;-19,95;3115359;584
MG;Catas Altas;2025;AJUSTE FUNDEB - ITCMD;-3,34;3115359;584
MG;Catas Altas;2025;AJUSTE FUNDEB - ITR;-0,44;3115359;584
MG;Catas Altas;2025;FUNDEB - COUN VAAR;15346,11;3115359;584
MG;Catas Altas;2025;FUNDEB - FPE;348419,31;3115359;584
MG;Catas Altas;2025;FUNDEB - FPM;1073377,52;3115359;584
MG;Catas Altas;2025;FUNDEB - ICMS;3396796,98;3115359;584
MG;Catas Altas;2025;FUNDEB - IPI-EXP;43321,51;3115359;584
MG;Catas Altas;2025;FUNDEB - IPVA;494217,38;3115359;584
MG;Catas Altas;2025;FUNDEB - ITCMD;85502,44;3115359;584
MG;Catas Altas;2025;FUNDEB - ITR;12279,37;3115359;584
MG;Catas Altas da Noruega;2025;AJUSTE FUNDEB - FPE;-3,5;3115409;4307
MG;Catas Altas da Noruega;2025;AJUSTE FUNDEB - FPM;-10,54;3115409;4307
MG;Catas Altas da Noruega;2025;AJUSTE FUNDEB - ICME;-34,42;3115409;4307
MG;Catas Altas da Noruega;2025;AJUSTE FUNDEB - IPIE;-0,31;3115409;4307
MG;Catas Altas da Noruega;2025;AJUSTE FUNDEB - IPVA;-5,29;3115409;4307
MG;Catas Altas da Noruega;2025;AJUSTE FUNDEB - ITCMD;-0,94;3115409;4307
MG;Catas Altas da Noruega;2025;AJUSTE FUNDEB - ITR;-0,13;3115409;4307
MG;Catas Altas da Noruega;2025;FUNDEB - FPE;87392,95;3115409;4307
MG;Catas Altas da Noruega;2025;FUNDEB - FPM;269232,01;3115409;4307
MG;Catas Altas da Noruega;2025;FUNDEB - ICMS;852161,3;3115409;4307
MG;Catas Altas da Noruega;2025;FUNDEB - IPI-EXP;10866,22;3115409;4307
MG;Catas Altas da Noruega;2025;FUNDEB - IPVA;123974,37;3115409;4307
MG;Catas Altas da Noruega;2025;FUNDEB - ITCMD;21469,71;3115409;4307
MG;Catas Altas da Noruega;2025;FUNDEB - ITR;3085,56;3115409;4307
MG;Catuji;2025;AJUSTE FUNDEB - AJUSTE FUNDEB VAAR;-13437,06;3115458;2653
MG;Catuji;2025;AJUSTE FUNDEB - FPE;-17,48;3115458;2653
MG;Catuji;2025;AJUSTE FUNDEB - FPM;-52,3;3115458;2653
MG;Catuji;2025;AJUSTE FUNDEB - ICME;-170,87;3115458;2653
MG;Catuji;2025;AJUSTE FUNDEB - IPIE;-1,59;3115458;2653
MG;Catuji;2025;AJUSTE FUNDEB - IPVA;-26,32;3115458;2653
MG;Catuji;2025;AJUSTE FUNDEB - ITCMD;-4,43;3115458;2653
MG;Catuji;2025;AJUSTE FUNDEB - ITR;-0,63;3115458;2653
MG;Catuji;2025;FUNDEB - COUN VAAR;214978,68;3115458;2653
MG;Catuji;2025;FUNDEB - COUN VAAT;1346606,5;3115458;2653
MG;Catuji;2025;FUNDEB - FPE;519770,23;3115458;2653
MG;Catuji;2025;FUNDEB - FPM;1601259,37;3115458;2653
MG;Catuji;2025;FUNDEB - FUNDEB - FTI;143755,49;3115458;2653
MG;Catuji;2025;FUNDEB - ICMS;5068986,86;3115458;2653
MG;Catuji;2025;FUNDEB - IPI-EXP;64626,82;3115458;2653
MG;Catuji;2025;FUNDEB - IPVA;737206,4;3115458;2653
MG;Catuji;2025;FUNDEB - ITCMD;127418,49;3115458;2653
MG;Catuji;2025;FUNDEB - ITR;18286,52;3115458;2653
MG;Catuti;2025;AJUSTE FUNDEB - AJUSTE FUNDEB VAAR;-9611,45;3115474;586
MG;Catuti;2025;AJUSTE FUNDEB - FPE;-12,37;3115474;586
MG;Catuti;2025;AJUSTE FUNDEB - FPM;-37,17;3115474;586
MG;Catuti;2025;AJUSTE FUNDEB - ICME;-120,66;3115474;586
MG;Catuti;2025;AJUSTE FUNDEB - IPIE;-1,14;3115474;586
MG;Catuti;2025;AJUSTE FUNDEB - IPVA;-18,57;3115474;586
MG;Catuti;2025;AJUSTE FUNDEB - ITCMD;-3,13;3115474;586
MG;Catuti;2025;AJUSTE FUNDEB - ITR;-0,4;3115474;586
MG;Catuti;2025;FUNDEB - COUN VAAR;132888,42;3115474;586
MG;Catuti;2025;FUNDEB - COUN VAAT;356679,84;3115474;586
MG;Catuti;2025;FUNDEB - FPE;331243,88;3115474;586
MG;Catuti;2025;FUNDEB - FPM;1020465,05;3115474;586
MG;Catuti;2025;FUNDEB - FUNDEB - FTI;96374,36;3115474;586
MG;Catuti;2025;FUNDEB - ICMS;3229067,44;3115474;586
MG;Catuti;2025;FUNDEB - IPI-EXP;41185,94;3115474;586
MG;Catuti;2025;FUNDEB - IPVA;469846,34;3115474;586
MG;Catuti;2025;FUNDEB - ITCMD;81270,17;3115474;586
MG;Catuti;2025;FUNDEB - ITR;11669,91;3115474;586
MG;Caxambu;2025;AJUSTE FUNDEB - AJUSTE FUNDEB VAAR;-23997;3115508;4309
MG;Caxambu;2025;AJUSTE FUNDEB - FPE;-32,62;3115508;4309
MG;Caxambu;2025;AJUSTE FUNDEB - FPM;-97,95;3115508;4309
MG;Caxambu;2025;AJUSTE FUNDEB - ICME;-318,56;3115508;4309
MG;Caxambu;2025;AJUSTE FUNDEB - IPIE;-3,08;3115508;4309
MG;Caxambu;2025;AJUSTE FUNDEB - IPVA;-48,88;3115508;4309
MG;Caxambu;2025;AJUSTE FUNDEB - ITCMD;-8,27;3115508;4309
MG;Caxambu;2025;AJUSTE FUNDEB - ITR;-1,08;3115508;4309
MG;Caxambu;2025;FUNDEB - COUN VAAR;383926,06;3115508;4309
MG;Caxambu;2025;FUNDEB - FPE;823661,61;3115508;4309
MG;Caxambu;2025;FUNDEB - FPM;2537459,44;3115508;4309
MG;Caxambu;2025;FUNDEB - ICMS;8037883,22;3115508;4309
MG;Caxambu;2025;FUNDEB - IPI-EXP;102411,83;3115508;4309
MG;Caxambu;2025;FUNDEB - IPVA;1168342,3;3115508;4309
MG;Caxambu;2025;FUNDEB - ITCMD;202157,95;3115508;4309
MG;Caxambu;2025;FUNDEB - ITR;29035,64;3115508;4309
MG;Cedro do Abaeté;2025;AJUSTE FUNDEB - AJUSTE FUNDEB VAAR;-4878,48;3115607;4311
MG;Cedro do Abaeté;2025;AJUSTE FUNDEB - FPE;-3,5;3115607;4311
MG;Cedro do Abaeté;2025;AJUSTE FUNDEB - FPM;-10,66;3115607;4311
MG;Cedro do Abaeté;2025;AJUSTE FUNDEB - ICME;-34,46;3115607;4311
MG;Cedro do Abaeté;2025;AJUSTE FUNDEB - IPIE;-0,32;3115607;4311
MG;Cedro do Abaeté;2025;AJUSTE FUNDEB - IPVA;-5,3;3115607;4311
MG;Cedro do Abaeté;2025;AJUSTE FUNDEB - ITCMD;-0,84;3115607;4311
MG;Cedro do Abaeté;2025;AJUSTE FUNDEB - ITR;-0,1;3115607;4311
MG;Cedro do Abaeté;2025;FUNDEB - COUN VAAR;72214,84;3115607;4311
MG;Cedro do Abaeté;2025;FUNDEB - FPE;70395,41;3115607;4311
MG;Cedro do Abaeté;2025;FUNDEB - FPM;216867,64;3115607;4311
MG;Cedro do Abaeté;2025;FUNDEB - ICMS;686980,63;3115607;4311
MG;Cedro do Abaeté;2025;FUNDEB - IPI-EXP;8752,79;3115607;4311
MG;Cedro do Abaeté;2025;FUNDEB - IPVA;99881,53;3115607;4311
MG;Cedro do Abaeté;2025;FUNDEB - ITCMD;17334,24;3115607;4311
MG;Cedro do Abaeté;2025;FUNDEB - ITR;2495,01;3115607;4311
MG;Central de Minas;2025;AJUSTE FUNDEB - AJUSTE FUNDEB VAAR;-19098,05;3115706;4313
MG;Central de Minas;2025;AJUSTE FUNDEB - FPE;-9,91;3115706;4313
MG;Central de Minas;2025;AJUSTE FUNDEB - FPM;-29,48;3115706;4313
MG;Central de Minas;2025;AJUSTE FUNDEB - ICME;-96,36;3115706;4313
MG;Central de Minas;2025;AJUSTE FUNDEB - IPIE;-0,96;3115706;4313
MG;Central de Minas;2025;AJUSTE FUNDEB - IPVA;-14,74;3115706;4313
MG;Central de Minas;2025;AJUSTE FUNDEB - ITCMD;-2,49;3115706;4313
MG;Central de Minas;2025;AJUSTE FUNDEB - ITR;-0,36;3115706;4313
MG;Central de Minas;2025;FUNDEB - COUN VAAR;284191,28;3115706;4313
MG;Central de Minas;2025;FUNDEB - COUN VAAT;272922,85;3115706;4313
MG;Central de Minas;2025;FUNDEB - FPE;290769,83;3115706;4313
MG;Central de Minas;2025;FUNDEB - FPM;895776,35;3115706;4313
MG;Central de Minas;2025;FUNDEB - FUNDEB - FTI;69760,64;3115706;4313
MG;Central de Minas;2025;FUNDEB - ICMS;2832949,37;3115706;4313
MG;Central de Minas;2025;FUNDEB - IPI-EXP;36153,53;3115706;4313
MG;Central de Minas;2025;FUNDEB - IPVA;412378,94;3115706;4313
MG;Central de Minas;2025;FUNDEB - ITCMD;71220,61;3115706;4313
MG;Central de Minas;2025;FUNDEB - ITR;10215,6;3115706;4313
MG;Centralina;2025;AJUSTE FUNDEB - AJUSTE FUNDEB VAAR;-8021,14;3115805;4315
MG;Centralina;2025;AJUSTE FUNDEB - AJUSTE FUNDEB VAAT;34035,89;3115805;4315
MG;Centralina;2025;AJUSTE FUNDEB - FPE;-21,92;3115805;4315
MG;Centralina;2025;AJUSTE FUNDEB - FPM;-65,77;3115805;4315
MG;Centralina;2025;AJUSTE FUNDEB - ICME;-213,95;3115805;4315
MG;Centralina;2025;AJUSTE FUNDEB - IPIE;-2,05;3115805;4315
MG;Centralina;2025;AJUSTE FUNDEB - IPVA;-33,04;3115805;4315
MG;Centralina;2025;AJUSTE FUNDEB - ITCMD;-5,49;3115805;4315
MG;Centralina;2025;AJUSTE FUNDEB - ITR;-0,68;3115805;4315
MG;Centralina;2025;FUNDEB - COUN VAAR;44149,39;3115805;4315
MG;Centralina;2025;FUNDEB - COUN VAAT;107155,17;3115805;4315
MG;Centralina;2025;FUNDEB - FPE;568532,95;3115805;4315
MG;Centralina;2025;FUNDEB - FPM;1751482,98;3115805;4315
MG;Centralina;2025;FUNDEB - FUNDEB - FTI;170102,77;3115805;4315
MG;Centralina;2025;FUNDEB - ICMS;5541479,94;3115805;4315
MG;Centralina;2025;FUNDEB - IPI-EXP;70689,85;3115805;4315
MG;Centralina;2025;FUNDEB - IPVA;806502,24;3115805;4315
MG;Centralina;2025;FUNDEB - ITCMD;139649,09;3115805;4315
MG;Centralina;2025;FUNDEB - ITR;20067,95;3115805;4315
MG;Chácara;2025;AJUSTE FUNDEB - FPE;-13,14;3115904;4317
MG;Chácara;2025;AJUSTE FUNDEB - FPM;-39,42;3115904;4317
MG;Chácara;2025;AJUSTE FUNDEB - ICME;-128,09;3115904;4317
MG;Chácara;2025;AJUSTE FUNDEB - IPIE;-1,17;3115904;4317
MG;Chácara;2025;AJUSTE FUNDEB - IPVA;-19,69;3115904;4317
MG;Chácara;2025;AJUSTE FUNDEB - ITCMD;-3,34;3115904;4317
MG;Chácara;2025;AJUSTE FUNDEB - ITR;-0,45;3115904;4317
MG;Chácara;2025;FUNDEB - FPE;341316,95;3115904;4317
MG;Chácara;2025;FUNDEB - FPM;1051497,25;3115904;4317
MG;Chácara;2025;FUNDEB - FUNDEB - FTI;105226,43;3115904;4317
MG;Chácara;2025;FUNDEB - ICMS;3325517,27;3115904;4317
MG;Chácara;2025;FUNDEB - IPI-EXP;42438,39;3115904;4317
MG;Chácara;2025;FUNDEB - IPVA;484095,88;3115904;4317
MG;Chácara;2025;FUNDEB - ITCMD;83662,2;3115904;4317
MG;Chácara;2025;FUNDEB - ITR;12005,9;3115904;4317
MG;Chalé;2025;AJUSTE FUNDEB - AJUSTE FUNDEB VAAR;-17647,53;3116001;4319
MG;Chalé;2025;AJUSTE FUNDEB - FPE;-10,11;3116001;4319
MG;Chalé;2025;AJUSTE FUNDEB - FPM;-30,29;3116001;4319
MG;Chalé;2025;AJUSTE FUNDEB - ICME;-98,54;3116001;4319
MG;Chalé;2025;AJUSTE FUNDEB - IPIE;-0,97;3116001;4319
MG;Chalé;2025;AJUSTE FUNDEB - IPVA;-15,19;3116001;4319
MG;Chalé;2025;AJUSTE FUNDEB - ITCMD;-2,62;3116001;4319
MG;Chalé;2025;AJUSTE FUNDEB - ITR;-0,31;3116001;4319
MG;Chalé;2025;FUNDEB - COUN VAAR;261500,84;3116001;4319
MG;Chalé;2025;FUNDEB - COUN VAAT;222435,02;3116001;4319
MG;Chalé;2025;FUNDEB - FPE;279050,17;3116001;4319
MG;Chalé;2025;FUNDEB - FPM;859671,5;3116001;4319
MG;Chalé;2025;FUNDEB - ICMS;2715881,25;3116001;4319
MG;Chalé;2025;FUNDEB - IPI-EXP;34696,33;3116001;4319
MG;Chalé;2025;FUNDEB - IPVA;395774,04;3116001;4319
MG;Chalé;2025;FUNDEB - ITCMD;68383,72;3116001;4319
MG;Chalé;2025;FUNDEB - ITR;9811,88;3116001;4319
MG;Chapada do Norte;2025;AJUSTE FUNDEB - AJUSTE FUNDEB VAAT;41514,94;3116100;4321
MG;Chapada do Norte;2025;AJUSTE FUNDEB - FPE;-17,08;3116100;4321
MG;Chapada do Norte;2025;AJUSTE FUNDEB - FPM;-51,25;3116100;4321
MG;Chapada do Norte;2025;AJUSTE FUNDEB - ICME;-167,08;3116100;4321
MG;Chapada do Norte;2025;AJUSTE FUNDEB - IPIE;-1,6;3116100;4321
MG;Chapada do Norte;2025;AJUSTE FUNDEB - IPVA;-25,65;3116100;4321
MG;Chapada do Norte;2025;AJUSTE FUNDEB - ITCMD;-4,29;3116100;4321
MG;Chapada do Norte;2025;AJUSTE FUNDEB - ITR;-0,59;3116100;4321
MG;Chapada do Norte;2025;FUNDEB - COUN VAAT;2117608,02;3116100;4321
MG;Chapada do Norte;2025;FUNDEB - FPE;560980,86;3116100;4321
MG;Chapada do Norte;2025;FUNDEB - FPM;1728217,25;3116100;4321
MG;Chapada do Norte;2025;FUNDEB - ICMS;5483411,28;3116100;4321
MG;Chapada do Norte;2025;FUNDEB - IPI-EXP;69750,83;3116100;4321
MG;Chapada do Norte;2025;FUNDEB - IPVA;795803,67;3116100;4321
MG;Chapada do Norte;2025;FUNDEB - ITCMD;137824,38;3116100;4321
MG;Chapada do Norte;2025;FUNDEB - ITR;19808,55;3116100;4321
MG;Chapada Gaúcha;2025;AJUSTE FUNDEB - AJUSTE FUNDEB VAAR;-42431,75;3116159;588
MG;Chapada Gaúcha;2025;AJUSTE FUNDEB - AJUSTE FUNDEB VAAT;67626,37;3116159;588
MG;Chapada Gaúcha;2025;AJUSTE FUNDEB - FPE;-37,72;3116159;588
MG;Chapada Gaúcha;2025;AJUSTE FUNDEB - FPM;-113,11;3116159;588
MG;Chapada Gaúcha;2025;AJUSTE FUNDEB - ICME;-368,19;3116159;588
MG;Chapada Gaúcha;2025;AJUSTE FUNDEB - IPIE;-3,46;3116159;588
MG;Chapada Gaúcha;2025;AJUSTE FUNDEB - IPVA;-56,62;3116159;588
MG;Chapada Gaúcha;2025;AJUSTE FUNDEB - ITCMD;-9,52;3116159;588
MG;Chapada Gaúcha;2025;AJUSTE FUNDEB - ITR;-1,24;3116159;588
MG;Chapada Gaúcha;2025;FUNDEB - COUN VAAR;523224,25;3116159;588
MG;Chapada Gaúcha;2025;FUNDEB - COUN VAAT;2883753,06;3116159;588
MG;Chapada Gaúcha;2025;FUNDEB - FPE;1082713,03;3116159;588
MG;Chapada Gaúcha;2025;FUNDEB - FPM;3335520,65;3116159;588
MG;Chapada Gaúcha;2025;FUNDEB - FUNDEB - FTI;328021,29;3116159;588
MG;Chapada Gaúcha;2025;FUNDEB - ICMS;10544406,25;3116159;588
MG;Chapada Gaúcha;2025;FUNDEB - IPI-EXP;134621,56;3116159;588
MG;Chapada Gaúcha;2025;FUNDEB - IPVA;1535642,46;3116159;588
MG;Chapada Gaúcha;2025;FUNDEB - ITCMD;265413,62;3116159;588
MG;Chapada Gaúcha;2025;FUNDEB - ITR;38090,32;3116159;588
MG;Chiador;2025;AJUSTE FUNDEB - AJUSTE FUNDEB VAAR;-1347,45;3116209;4323
MG;Chiador;2025;AJUSTE FUNDEB - FPE;-10,55;3116209;4323
MG;Chiador;2025;AJUSTE FUNDEB - FPM;-31,58;3116209;4323
MG;Chiador;2025;AJUSTE FUNDEB - ICME;-102,46;3116209;4323
MG;Chiador;2025;AJUSTE FUNDEB - IPIE;-1,01;3116209;4323
MG;Chiador;2025;AJUSTE FUNDEB - IPVA;-15,67;3116209;4323
MG;Chiador;2025;AJUSTE FUNDEB - ITCMD;-2,73;3116209;4323
MG;Chiador;2025;AJUSTE FUNDEB - ITR;-0,35;3116209;4323
MG;Chiador;2025;FUNDEB - COUN VAAR;8306,42;3116209;4323
MG;Chiador;2025;FUNDEB - FPE;301065,89;3116209;4323
MG;Chiador;2025;FUNDEB - FPM;927495,47;3116209;4323
MG;Chiador;2025;FUNDEB - FUNDEB - FTI;121956,05;3116209;4323
MG;Chiador;2025;FUNDEB - ICMS;2933799,78;3116209;4323
MG;Chiador;2025;FUNDEB - IPI-EXP;37433,69;3116209;4323
MG;Chiador;2025;FUNDEB - IPVA;426998,27;3116209;4323
MG;Chiador;2025;FUNDEB - ITCMD;73778,01;3116209;4323
MG;Chiador;2025;FUNDEB - ITR;10585,79;3116209;4323
MG;Cipotânea;2025;AJUSTE FUNDEB - AJUSTE FUNDEB VAAR;-3748,07;3116308;4325
MG;Cipotânea;2025;AJUSTE FUNDEB - FPE;-4,62;3116308;4325
MG;Cipotânea;2025;AJUSTE FUNDEB - FPM;-13,89;3116308;4325
MG;Cipotânea;2025;AJUSTE FUNDEB - ICME;-44,95;3116308;4325
MG;Cipotânea;2025;AJUSTE FUNDEB - IPIE;-0,45;3116308;4325
MG;Cipotânea;2025;AJUSTE FUNDEB - IPVA;-6,88;3116308;4325
MG;Cipotânea;2025;AJUSTE FUNDEB - ITCMD;-1,13;3116308;4325
MG;Cipotânea;2025;AJUSTE FUNDEB - ITR;-0,17;3116308;4325
MG;Cipotânea;2025;FUNDEB - COUN VAAR;59965,12;3116308;4325
MG;Cipotânea;2025;FUNDEB - FPE;131476,67;3116308;4325
MG;Cipotânea;2025;FUNDEB - FPM;405040,86;3116308;4325
MG;Cipotânea;2025;FUNDEB - ICMS;1283401,64;3116308;4325
MG;Cipotânea;2025;FUNDEB - IPI-EXP;16347,45;3116308;4325
MG;Cipotânea;2025;FUNDEB - IPVA;186493,09;3116308;4325
MG;Cipotânea;2025;FUNDEB - ITCMD;32263,05;3116308;4325
MG;Cipotânea;2025;FUNDEB - ITR;4633,31;3116308;4325
MG;Claraval;2025;AJUSTE FUNDEB - AJUSTE FUNDEB VAAR;-3587,08;3116407;4327
MG;Claraval;2025;AJUSTE FUNDEB - FPE;-10,3;3116407;4327
MG;Claraval;2025;AJUSTE FUNDEB - FPM;-30,88;3116407;4327
MG;Claraval;2025;AJUSTE FUNDEB - ICME;-100,45;3116407;4327
MG;Claraval;2025;AJUSTE FUNDEB - IPIE;-0,96;3116407;4327
MG;Claraval;2025;AJUSTE FUNDEB - IPVA;-15,48;3116407;4327
MG;Claraval;2025;AJUSTE FUNDEB - ITCMD;-2,64;3116407;4327
MG;Claraval;2025;AJUSTE FUNDEB - ITR;-0,31;3116407;4327
MG;Claraval;2025;FUNDEB - COUN VAAR;12240,78;3116407;4327
MG;Claraval;2025;FUNDEB - FPE;245805,37;3116407;4327
MG;Claraval;2025;FUNDEB - FPM;757254,1;3116407;4327
MG;Claraval;2025;FUNDEB - ICMS;2399168,75;3116407;4327
MG;Claraval;2025;FUNDEB - IPI-EXP;30562,76;3116407;4327
MG;Claraval;2025;FUNDEB - IPVA;348679,05;3116407;4327
MG;Claraval;2025;FUNDEB - ITCMD;60351,92;3116407;4327
MG;Claraval;2025;FUNDEB - ITR;8670,32;3116407;4327
MG;Claro dos Poções;2025;AJUSTE FUNDEB - AJUSTE FUNDEB VAAR;-21250,01;3116506;4329
MG;Claro dos Poções;2025;AJUSTE FUNDEB - FPE;-13,68;3116506;4329
MG;Claro dos Poções;2025;AJUSTE FUNDEB - FPM;-41,23;3116506;4329
MG;Claro dos Poções;2025;AJUSTE FUNDEB - ICME;-133,72;3116506;4329
MG;Claro dos Poções;2025;AJUSTE FUNDEB - IPIE;-1,28;3116506;4329
MG;Claro dos Poções;2025;AJUSTE FUNDEB - IPVA;-20,61;3116506;4329
MG;Claro dos Poções;2025;AJUSTE FUNDEB - ITCMD;-3,52;3116506;4329
MG;Claro dos Poções;2025;AJUSTE FUNDEB - ITR;-0,41;3116506;4329
MG;Claro dos Poções;2025;FUNDEB - COUN VAAR;315904,39;3116506;4329
MG;Claro dos Poções;2025;FUNDEB - FPE;325292,26;3116506;4329
MG;Claro dos Poções;2025;FUNDEB - FPM;1002129,85;3116506;4329
MG;Claro dos Poções;2025;FUNDEB - FUNDEB - FTI;103280,95;3116506;4329
MG;Claro dos Poções;2025;FUNDEB - ICMS;3173534,15;3116506;4329
MG;Claro dos Poções;2025;FUNDEB - IPI-EXP;40445,96;3116506;4329
MG;Claro dos Poções;2025;FUNDEB - IPVA;461431,22;3116506;4329
MG;Claro dos Poções;2025;FUNDEB - ITCMD;79865,35;3116506;4329
MG;Claro dos Poções;2025;FUNDEB - ITR;11473,4;3116506;4329
MG;Cláudio;2025;AJUSTE FUNDEB - AJUSTE FUNDEB VAAT;133695,98;3116605;4331
MG;Cláudio;2025;AJUSTE FUNDEB - FPE;-76,31;3116605;4331
MG;Cláudio;2025;AJUSTE FUNDEB - FPM;-229,03;3116605;4331
MG;Cláudio;2025;AJUSTE FUNDEB - ICME;-745,26;3116605;4331
MG;Cláudio;2025;AJUSTE FUNDEB - IPIE;-7,19;3116605;4331
MG;Cláudio;2025;AJUSTE FUNDEB - IPVA;-114,59;3116605;4331
MG;Cláudio;2025;AJUSTE FUNDEB - ITCMD;-19,26;3116605;4331
MG;Cláudio;2025;AJUSTE FUNDEB - ITR;-2,53;3116605;4331
MG;Cláudio;2025;FUNDEB - COUN VAAT;273943,69;3116605;4331
MG;Cláudio;2025;FUNDEB - FPE;1853069,98;3116605;4331
MG;Cláudio;2025;FUNDEB - FPM;5708764,1;3116605;4331
MG;Cláudio;2025;FUNDEB - FUNDEB - FTI;551141,7;3116605;4331
MG;Cláudio;2025;FUNDEB - ICMS;18071855,44;3116605;4331
MG;Cláudio;2025;FUNDEB - IPI-EXP;230405,66;3116605;4331
MG;Cláudio;2025;FUNDEB - IPVA;2628680,41;3116605;4331
MG;Cláudio;2025;FUNDEB - ITCMD;455121,86;3116605;4331
MG;Cláudio;2025;FUNDEB - ITR;65397,51;3116605;4331
MG;Coimbra;2025;AJUSTE FUNDEB - AJUSTE FUNDEB VAAR;-20862,32;3116704;4333
MG;Coimbra;2025;AJUSTE FUNDEB - FPE;-14,3;3116704;4333
MG;Coimbra;2025;AJUSTE FUNDEB - FPM;-42,94;3116704;4333
MG;Coimbra;2025;AJUSTE FUNDEB - ICME;-139,47;3116704;4333
MG;Coimbra;2025;AJUSTE FUNDEB - IPIE;-1,37;3116704;4333
MG;Coimbra;2025;AJUSTE FUNDEB - IPVA;-21,49;3116704;4333
MG;Coimbra;2025;AJUSTE FUNDEB - ITCMD;-3,62;3116704;4333
MG;Coimbra;2025;AJUSTE FUNDEB - ITR;-0,46;3116704;4333
MG;Coimbra;2025;FUNDEB - COUN VAAR;310105,01;3116704;4333
MG;Coimbra;2025;FUNDEB - FPE;323680,62;3116704;4333
MG;Coimbra;2025;FUNDEB - FPM;997164,86;3116704;4333
MG;Coimbra;2025;FUNDEB - FUNDEB - FTI;155693,82;3116704;4333
MG;Coimbra;2025;FUNDEB - ICMS;3159461,65;3116704;4333
MG;Coimbra;2025;FUNDEB - IPI-EXP;40245,59;3116704;4333
MG;Coimbra;2025;FUNDEB - IPVA;459200,97;3116704;4333
MG;Coimbra;2025;FUNDEB - ITCMD;79584,88;3116704;4333
MG;Coimbra;2025;FUNDEB - ITR;11443,96;3116704;4333
MG;Coluna;2025;AJUSTE FUNDEB - FPE;-10,91;3116803;4335
MG;Coluna;2025;AJUSTE FUNDEB - FPM;-32,46;3116803;4335
MG;Coluna;2025;AJUSTE FUNDEB - ICME;-105,74;3116803;4335
MG;Coluna;2025;AJUSTE FUNDEB - IPIE;-1,05;3116803;4335
MG;Coluna;2025;AJUSTE FUNDEB - IPVA;-16,24;3116803;4335
MG;Coluna;2025;AJUSTE FUNDEB - ITCMD;-2,64;3116803;4335
MG;Coluna;2025;AJUSTE FUNDEB - ITR;-0,33;3116803;4335
MG;Coluna;2025;FUNDEB - FPE;284697,41;3116803;4335
MG;Coluna;2025;FUNDEB - FPM;877069,02;3116803;4335
MG;Coluna;2025;FUNDEB - FUNDEB - FTI;41193,7;3116803;4335
MG;Coluna;2025;FUNDEB - ICMS;2780760,4;3116803;4335
MG;Coluna;2025;FUNDEB - IPI-EXP;35398,5;3116803;4335
MG;Coluna;2025;FUNDEB - IPVA;403850,21;3116803;4335
MG;Coluna;2025;FUNDEB - ITCMD;69905,41;3116803;4335
MG;Coluna;2025;FUNDEB - ITR;10043,22;3116803;4335
MG;Comendador Gomes;2025;AJUSTE FUNDEB - AJUSTE FUNDEB VAAR;-3426,64;3116902;4337
MG;Comendador Gomes;2025;AJUSTE FUNDEB - FPE;-545,99;3116902;4337
MG;Comendador Gomes;2025;AJUSTE FUNDEB - FPM;-1680,99;3116902;4337
MG;Comendador Gomes;2025;AJUSTE FUNDEB - ICME;-5421,22;3116902;4337
MG;Comendador Gomes;2025;AJUSTE FUNDEB - IPIE;-68,56;3116902;4337
MG;Comendador Gomes;2025;AJUSTE FUNDEB - IPVA;-868,26;3116902;4337
MG;Comendador Gomes;2025;AJUSTE FUNDEB - ITCMD;-124,53;3116902;4337
MG;Comendador Gomes;2025;AJUSTE FUNDEB - ITR;-20,27;3116902;4337
MG;Comendador Gomes;2025;FUNDEB - COUN VAAR;11636,68;3116902;4337
MG;Comendador Gomes;2025;FUNDEB - FPE;235073,04;3116902;4337
MG;Comendador Gomes;2025;FUNDEB - FPM;724190,89;3116902;4337
MG;Comendador Gomes;2025;FUNDEB - ICMS;2295704,06;3116902;4337
MG;Comendador Gomes;2025;FUNDEB - IPI-EXP;29229,36;3116902;4337
MG;Comendador Gomes;2025;FUNDEB - IPVA;333580,01;3116902;4337
MG;Comendador Gomes;2025;FUNDEB - ITCMD;57773,7;3116902;4337
MG;Comendador Gomes;2025;FUNDEB - ITR;8308,58;3116902;4337
MG;Comercinho;2025;AJUSTE FUNDEB - FPE;-15,4;3117009;4339
MG;Comercinho;2025;AJUSTE FUNDEB - FPM;-46,32;3117009;4339
MG;Comercinho;2025;AJUSTE FUNDEB - ICME;-150,26;3117009;4339
MG;Comercinho;2025;AJUSTE FUNDEB - IPIE;-1,43;3117009;4339
MG;Comercinho;2025;AJUSTE FUNDEB - IPVA;-23,28;3117009;4339
MG;Comercinho;2025;AJUSTE FUNDEB - ITCMD;-3,93;3117009;4339
MG;Comercinho;2025;AJUSTE FUNDEB - ITR;-0,54;3117009;4339
MG;Comercinho;2025;FUNDEB - FPE;365637,77;3117009;4339
MG;Comercinho;2025;FUNDEB - FPM;1126422,54;3117009;4339
MG;Comercinho;2025;FUNDEB - FUNDEB - FTI;30602,81;3117009;4339
MG;Comercinho;2025;FUNDEB - ICMS;3574378,98;3117009;4339
MG;Comercinho;2025;FUNDEB - IPI-EXP;45462,41;3117009;4339
MG;Comercinho;2025;FUNDEB - IPVA;518672,81;3117009;4339
MG;Comercinho;2025;FUNDEB - ITCMD;89793,4;3117009;4339
MG;Comercinho;2025;FUNDEB - ITR;12901,77;3117009;4339
MG;Conceição da Aparecida;2025;AJUSTE FUNDEB - AJUSTE FUNDEB VAAR;-34262,9;3117108;4341
MG;Conceição da Aparecida;2025;AJUSTE FUNDEB - AJUSTE FUNDEB VAAT;-9530,43;3117108;4341
MG;Conceição da Aparecida;2025;AJUSTE FUNDEB - FPE;-20,19;3117108;4341
MG;Conceição da Aparecida;2025;AJUSTE FUNDEB - FPM;-60,73;3117108;4341
MG;Conceição da Aparecida;2025;AJUSTE FUNDEB - ICME;-197,51;3117108;4341
MG;Conceição da Aparecida;2025;AJUSTE FUNDEB - IPIE;-1,85;3117108;4341
MG;Conceição da Aparecida;2025;AJUSTE FUNDEB - IPVA;-30,43;3117108;4341
MG;Conceição da Aparecida;2025;AJUSTE FUNDEB - ITCMD;-5,08;3117108;4341
MG;Conceição da Aparecida;2025;AJUSTE FUNDEB - ITR;-0,61;3117108;4341
MG;Conceição da Aparecida;2025;FUNDEB - COUN VAAR;506006,92;3117108;4341
MG;Conceição da Aparecida;2025;FUNDEB - COUN VAAT;9530,43;3117108;4341
MG;Conceição da Aparecida;2025;FUNDEB - FPE;532787,21;3117108;4341
MG;Conceição da Aparecida;2025;FUNDEB - FPM;1641360,89;3117108;4341
MG;Conceição da Aparecida;2025;FUNDEB - FUNDEB - FTI;58568,78;3117108;4341
MG;Conceição da Aparecida;2025;FUNDEB - ICMS;5195124,29;3117108;4341
MG;Conceição da Aparecida;2025;FUNDEB - IPI-EXP;66245,29;3117108;4341
MG;Conceição da Aparecida;2025;FUNDEB - IPVA;755697,62;3117108;4341
MG;Conceição da Aparecida;2025;FUNDEB - ITCMD;130668,88;3117108;4341
MG;Conceição da Aparecida;2025;FUNDEB - ITR;18758,63;3117108;4341
MG;Conceição da Barra de Minas;2025;AJUSTE FUNDEB - AJUSTE FUNDEB VAAR;-2630,9;3115201;4303
MG;Conceição da Barra de Minas;2025;AJUSTE FUNDEB - FPE;-5,33;3115201;4303
MG;Conceição da Barra de Minas;2025;AJUSTE FUNDEB - FPM;-15,91;3115201;4303
MG;Conceição da Barra de Minas;2025;AJUSTE FUNDEB - ICME;-51,53;3115201;4303
MG;Conceição da Barra de Minas;2025;AJUSTE FUNDEB - IPIE;-0,53;3115201;4303
MG;Conceição da Barra de Minas;2025;AJUSTE FUNDEB - IPVA;-7,88;3115201;4303
MG;Conceição da Barra de Minas;2025;AJUSTE FUNDEB - ITCMD;-1,28;3115201;4303
MG;Conceição da Barra de Minas;2025;AJUSTE FUNDEB - ITR;-0,17;3115201;4303
MG;Conceição da Barra de Minas;2025;FUNDEB - COUN VAAR;11179,39;3115201;4303
MG;Conceição da Barra de Minas;2025;FUNDEB - FPE;136156,06;3115201;4303
MG;Conceição da Barra de Minas;2025;FUNDEB - FPM;419456,77;3115201;4303
MG;Conceição da Barra de Minas;2025;FUNDEB - ICMS;1329781,9;3115201;4303
MG;Conceição da Barra de Minas;2025;FUNDEB - IPI-EXP;16929,27;3115201;4303
MG;Conceição da Barra de Minas;2025;FUNDEB - IPVA;193136,09;3115201;4303
MG;Conceição da Barra de Minas;2025;FUNDEB - ITCMD;33422,86;3115201;4303
MG;Conceição da Barra de Minas;2025;FUNDEB - ITR;4800,94;3115201;4303
MG;Conceição das Alagoas;2025;AJUSTE FUNDEB - AJUSTE FUNDEB VAAR;-769,97;3117306;4345
MG;Conceição das Alagoas;2025;AJUSTE FUNDEB - FPE;-76,7;3117306;4345
MG;Conceição das Alagoas;2025;AJUSTE FUNDEB - FPM;-230,22;3117306;4345
MG;Conceição das Alagoas;2025;AJUSTE FUNDEB - ICME;-748,77;3117306;4345
MG;Conceição das Alagoas;2025;AJUSTE FUNDEB - IPIE;-7,18;3117306;4345
MG;Conceição das Alagoas;2025;AJUSTE FUNDEB - IPVA;-115,23;3117306;4345
MG;Conceição das Alagoas;2025;AJUSTE FUNDEB - ITCMD;-19,43;3117306;4345
MG;Conceição das Alagoas;2025;AJUSTE FUNDEB - ITR;-2,54;3117306;4345
MG;Conceição das Alagoas;2025;FUNDEB - COUN VAAR;63625,05;3117306;4345
MG;Conceição das Alagoas;2025;FUNDEB - FPE;1901198,34;3117306;4345
MG;Conceição das Alagoas;2025;FUNDEB - FPM;5857033,43;3117306;4345
MG;Conceição das Alagoas;2025;FUNDEB - FUNDEB - FTI;138417,32;3117306;4345
MG;Conceição das Alagoas;2025;FUNDEB - ICMS;18542503,97;3117306;4345
MG;Conceição das Alagoas;2025;FUNDEB - IPI-EXP;236389,79;3117306;4345
MG;Conceição das Alagoas;2025;FUNDEB - IPVA;2696921,9;3117306;4345
MG;Conceição das Alagoas;2025;FUNDEB - ITCMD;466878,02;3117306;4345
MG;Conceição das Alagoas;2025;FUNDEB - ITR;67080,72;3117306;4345
MG;Conceição das Pedras;2025;AJUSTE FUNDEB - FPE;-4,9;3117207;4343
MG;Conceição das Pedras;2025;AJUSTE FUNDEB - FPM;-14,56;3117207;4343
MG;Conceição das Pedras;2025;AJUSTE FUNDEB - ICME;-47,62;3117207;4343
MG;Conceição das Pedras;2025;AJUSTE FUNDEB - IPIE;-0,48;3117207;4343
MG;Conceição das Pedras;2025;AJUSTE FUNDEB - IPVA;-7,43;3117207;4343
MG;Conceição das Pedras;2025;AJUSTE FUNDEB - ITCMD;-1,22;3117207;4343
MG;Conceição das Pedras;2025;AJUSTE FUNDEB - ITR;-0,17;3117207;4343
MG;Conceição das Pedras;2025;FUNDEB - FPE;123112,68;3117207;4343
MG;Conceição das Pedras;2025;FUNDEB - FPM;379273,96;3117207;4343
MG;Conceição das Pedras;2025;FUNDEB - ICMS;1201828,02;3117207;4343
MG;Conceição das Pedras;2025;FUNDEB - IPI-EXP;15307,52;3117207;4343
MG;Conceição das Pedras;2025;FUNDEB - IPVA;174627,86;3117207;4343
MG;Conceição das Pedras;2025;FUNDEB - ITCMD;30208,01;3117207;4343
MG;Conceição das Pedras;2025;FUNDEB - ITR;4337,95;3117207;4343
MG;Conceição de Ipanema;2025;AJUSTE FUNDEB - AJUSTE FUNDEB VAAR;-4870,36;3117405;4347
MG;Conceição de Ipanema;2025;AJUSTE FUNDEB - AJUSTE FUNDEB VAAT;18676,46;3117405;4347
MG;Conceição de Ipanema;2025;AJUSTE FUNDEB - FPE;-11,46;3117405;4347
MG;Conceição de Ipanema;2025;AJUSTE FUNDEB - FPM;-34,45;3117405;4347
MG;Conceição de Ipanema;2025;AJUSTE FUNDEB - ICME;-112,07;3117405;4347
MG;Conceição de Ipanema;2025;AJUSTE FUNDEB - IPIE;-1,09;3117405;4347
MG;Conceição de Ipanema;2025;AJUSTE FUNDEB - IPVA;-17,18;3117405;4347
MG;Conceição de Ipanema;2025;AJUSTE FUNDEB - ITCMD;-2,91;3117405;4347
MG;Conceição de Ipanema;2025;AJUSTE FUNDEB - ITR;-0,38;3117405;4347
MG;Conceição de Ipanema;2025;FUNDEB - COUN VAAR;20273,92;3117405;4347
MG;Conceição de Ipanema;2025;FUNDEB - COUN VAAT;46320,97;3117405;4347
MG;Conceição de Ipanema;2025;FUNDEB - FPE;276678,86;3117405;4347
MG;Conceição de Ipanema;2025;FUNDEB - FPM;852366,3;3117405;4347
MG;Conceição de Ipanema;2025;FUNDEB - FUNDEB - FTI;42998,05;3117405;4347
MG;Conceição de Ipanema;2025;FUNDEB - ICMS;2697540,06;3117405;4347
MG;Conceição de Ipanema;2025;FUNDEB - IPI-EXP;34401,49;3117405;4347
MG;Conceição de Ipanema;2025;FUNDEB - IPVA;392465,54;3117405;4347
MG;Conceição de Ipanema;2025;FUNDEB - ITCMD;67915,4;3117405;4347
MG;Conceição de Ipanema;2025;FUNDEB - ITR;9755,35;3117405;4347
MG;Conceição do Mato Dentro;2025;AJUSTE FUNDEB - AJUSTE FUNDEB VAAR;-75781,99;3117504;4349
MG;Conceição do Mato Dentro;2025;AJUSTE FUNDEB - FPE;-51,62;3117504;4349
MG;Conceição do Mato Dentro;2025;AJUSTE FUNDEB - FPM;-154,7;3117504;4349
MG;Conceição do Mato Dentro;2025;AJUSTE FUNDEB - ICME;-503,46;3117504;4349
MG;Conceição do Mato Dentro;2025;AJUSTE FUNDEB - IPIE;-4,86;3117504;4349
MG;Conceição do Mato Dentro;2025;AJUSTE FUNDEB - IPVA;-77,48;3117504;4349
MG;Conceição do Mato Dentro;2025;AJUSTE FUNDEB - ITCMD;-13,05;3117504;4349
MG;Conceição do Mato Dentro;2025;AJUSTE FUNDEB - ITR;-1,67;3117504;4349
MG;Conceição do Mato Dentro;2025;FUNDEB - COUN VAAR;1124465,67;3117504;4349
MG;Conceição do Mato Dentro;2025;FUNDEB - FPE;1215445,44;3117504;4349
MG;Conceição do Mato Dentro;2025;FUNDEB - FPM;3744430,21;3117504;4349
MG;Conceição do Mato Dentro;2025;FUNDEB - ICMS;11836831,18;3117504;4349
MG;Conceição do Mato Dentro;2025;FUNDEB - IPI-EXP;151125,16;3117504;4349
MG;Conceição do Mato Dentro;2025;FUNDEB - IPVA;1724301,2;3117504;4349
MG;Conceição do Mato Dentro;2025;FUNDEB - ITCMD;298778,37;3117504;4349
MG;Conceição do Mato Dentro;2025;FUNDEB - ITR;42956,62;3117504;4349
MG;Conceição do Pará;2025;AJUSTE FUNDEB - AJUSTE FUNDEB VAAR;-8701,8;3117603;4351
MG;Conceição do Pará;2025;AJUSTE FUNDEB - FPE;-7,01;3117603;4351
MG;Conceição do Pará;2025;AJUSTE FUNDEB - FPM;-20,93;3117603;4351
MG;Conceição do Pará;2025;AJUSTE FUNDEB - ICME;-68,17;3117603;4351
MG;Conceição do Pará;2025;AJUSTE FUNDEB - IPIE;-0,76;3117603;4351
MG;Conceição do Pará;2025;AJUSTE FUNDEB - IPVA;-10,47;3117603;4351
MG;Conceição do Pará;2025;AJUSTE FUNDEB - ITCMD;-1,78;3117603;4351
MG;Conceição do Pará;2025;AJUSTE FUNDEB - ITR;-0,19;3117603;4351
MG;Conceição do Pará;2025;FUNDEB - COUN VAAR;102129,6;3117603;4351
MG;Conceição do Pará;2025;FUNDEB - FPE;192275,7;3117603;4351
MG;Conceição do Pará;2025;FUNDEB - FPM;592344,97;3117603;4351
MG;Conceição do Pará;2025;FUNDEB - ICMS;1873913,6;3117603;4351
MG;Conceição do Pará;2025;FUNDEB - IPI-EXP;23907,02;3117603;4351
MG;Conceição do Pará;2025;FUNDEB - IPVA;272693,92;3117603;4351
MG;Conceição do Pará;2025;FUNDEB - ITCMD;47100,44;3117603;4351
MG;Conceição do Pará;2025;FUNDEB - ITR;6756,35;3117603;4351
MG;Conceição do Rio Verde;2025;AJUSTE FUNDEB - AJUSTE FUNDEB VAAR;-32997,73;3117702;4353
MG;Conceição do Rio Verde;2025;AJUSTE FUNDEB - AJUSTE FUNDEB VAAT;-17808,78;3117702;4353
MG;Conceição do Rio Verde;2025;AJUSTE FUNDEB - FPE;-27;3117702;4353
MG;Conceição do Rio Verde;2025;AJUSTE FUNDEB - FPM;-80,96;3117702;4353
MG;Conceição do Rio Verde;2025;AJUSTE FUNDEB - ICME;-263,28;3117702;4353
MG;Conceição do Rio Verde;2025;AJUSTE FUNDEB - IPIE;-2,5;3117702;4353
MG;Conceição do Rio Verde;2025;AJUSTE FUNDEB - IPVA;-40,35;3117702;4353
MG;Conceição do Rio Verde;2025;AJUSTE FUNDEB - ITCMD;-6,83;3117702;4353
MG;Conceição do Rio Verde;2025;AJUSTE FUNDEB - ITR;-0,96;3117702;4353
MG;Conceição do Rio Verde;2025;FUNDEB - COUN VAAR;715463,46;3117702;4353
MG;Conceição do Rio Verde;2025;FUNDEB - COUN VAAT;17808,78;3117702;4353
MG;Conceição do Rio Verde;2025;FUNDEB - FPE;679402,38;3117702;4353
MG;Conceição do Rio Verde;2025;FUNDEB - FPM;2093039,09;3117702;4353
MG;Conceição do Rio Verde;2025;FUNDEB - FUNDEB - FTI;220802,21;3117702;4353
MG;Conceição do Rio Verde;2025;FUNDEB - ICMS;6622893,99;3117702;4353
MG;Conceição do Rio Verde;2025;FUNDEB - IPI-EXP;84475,05;3117702;4353
MG;Conceição do Rio Verde;2025;FUNDEB - IPVA;963758,39;3117702;4353
MG;Conceição do Rio Verde;2025;FUNDEB - ITCMD;166841,94;3117702;4353
MG;Conceição do Rio Verde;2025;FUNDEB - ITR;23971,81;3117702;4353
MG;Conceição dos Ouros;2025;AJUSTE FUNDEB - AJUSTE FUNDEB VAAR;737,89;3117801;4355
MG;Conceição dos Ouros;2025;AJUSTE FUNDEB - AJUSTE FUNDEB VAAT;15803,19;3117801;4355
MG;Conceição dos Ouros;2025;AJUSTE FUNDEB - FPE;-27,49;3117801;4355
MG;Conceição dos Ouros;2025;AJUSTE FUNDEB - FPM;-82,55;3117801;4355
MG;Conceição dos Ouros;2025;AJUSTE FUNDEB - ICME;-268,07;3117801;4355
MG;Conceição dos Ouros;2025;AJUSTE FUNDEB - IPIE;-2,53;3117801;4355
MG;Conceição dos Ouros;2025;AJUSTE FUNDEB - IPVA;-41,28;3117801;4355
MG;Conceição dos Ouros;2025;AJUSTE FUNDEB - ITCMD;-6,91;3117801;4355
MG;Conceição dos Ouros;2025;AJUSTE FUNDEB - ITR;-0,89;3117801;4355
MG;Conceição dos Ouros;2025;FUNDEB - COUN VAAR;21179,58;3117801;4355
MG;Conceição dos Ouros;2025;FUNDEB - COUN VAAT;156400,88;3117801;4355
MG;Conceição dos Ouros;2025;FUNDEB - FPE;665175,99;3117801;4355
MG;Conceição dos Ouros;2025;FUNDEB - FPM;2049211,8;3117801;4355
MG;Conceição dos Ouros;2025;FUNDEB - ICMS;6485975,65;3117801;4355
MG;Conceição dos Ouros;2025;FUNDEB - IPI-EXP;82706,16;3117801;4355
MG;Conceição dos Ouros;2025;FUNDEB - IPVA;943533,4;3117801;4355
MG;Conceição dos Ouros;2025;FUNDEB - ITCMD;163256,56;3117801;4355
MG;Conceição dos Ouros;2025;FUNDEB - ITR;23448;3117801;4355
MG;Cônego Marinho;2025;AJUSTE FUNDEB - AJUSTE FUNDEB VAAR;-3208,52;3117836;590
MG;Cônego Marinho;2025;AJUSTE FUNDEB - FPE;-12,08;3117836;590
MG;Cônego Marinho;2025;AJUSTE FUNDEB - FPM;-36,2;3117836;590
MG;Cônego Marinho;2025;AJUSTE FUNDEB - ICME;-117,91;3117836;590
MG;Cônego Marinho;2025;AJUSTE FUNDEB - IPIE;-1,12;3117836;590
MG;Cônego Marinho;2025;AJUSTE FUNDEB - IPVA;-17,93;3117836;590
MG;Cônego Marinho;2025;AJUSTE FUNDEB - ITCMD;-3,09;3117836;590
MG;Cônego Marinho;2025;AJUSTE FUNDEB - ITR;-0,44;3117836;590
MG;Cônego Marinho;2025;FUNDEB - COUN VAAR;12959,21;3117836;590
MG;Cônego Marinho;2025;FUNDEB - FPE;288563,23;3117836;590
MG;Cônego Marinho;2025;FUNDEB - FPM;888978,46;3117836;590
MG;Cônego Marinho;2025;FUNDEB - FUNDEB - FTI;141446,21;3117836;590
MG;Cônego Marinho;2025;FUNDEB - ICMS;2819052,88;3117836;590
MG;Cônego Marinho;2025;FUNDEB - IPI-EXP;35879,16;3117836;590
MG;Cônego Marinho;2025;FUNDEB - IPVA;409324,01;3117836;590
MG;Cônego Marinho;2025;FUNDEB - ITCMD;70834,09;3117836;590
MG;Cônego Marinho;2025;FUNDEB - ITR;10174,71;3117836;590
MG;Confins;2025;AJUSTE FUNDEB - AJUSTE FUNDEB VAAR;-17259,94;3117876;592
MG;Confins;2025;AJUSTE FUNDEB - FPE;-20,73;3117876;592
MG;Confins;2025;AJUSTE FUNDEB - FPM;-62,1;3117876;592
MG;Confins;2025;AJUSTE FUNDEB - ICME;-202,22;3117876;592
MG;Confins;2025;AJUSTE FUNDEB - IPIE;-1,92;3117876;592
MG;Confins;2025;AJUSTE FUNDEB - IPVA;-31,08;3117876;592
MG;Confins;2025;AJUSTE FUNDEB - ITCMD;-5,29;3117876;592
MG;Confins;2025;AJUSTE FUNDEB - ITR;-0,67;3117876;592
MG;Confins;2025;FUNDEB - COUN VAAR;285881,32;3117876;592
MG;Confins;2025;FUNDEB - FPE;550206,09;3117876;592
MG;Confins;2025;FUNDEB - FPM;1695023,28;3117876;592
MG;Confins;2025;FUNDEB - FUNDEB - FTI;79300,24;3117876;592
MG;Confins;2025;FUNDEB - ICMS;5360185,95;3117876;592
MG;Confins;2025;FUNDEB - IPI-EXP;68411,11;3117876;592
MG;Confins;2025;FUNDEB - IPVA;780425,83;3117876;592
MG;Confins;2025;FUNDEB - ITCMD;134985,67;3117876;592
MG;Confins;2025;FUNDEB - ITR;19382,51;3117876;592
MG;Congonhal;2025;AJUSTE FUNDEB - AJUSTE FUNDEB VAAR;-30800,03;3117900;4357
MG;Congonhal;2025;AJUSTE FUNDEB - FPE;-20,09;3117900;4357
MG;Congonhal;2025;AJUSTE FUNDEB - FPM;-60,2;3117900;4357
MG;Congonhal;2025;AJUSTE FUNDEB - ICME;-195,82;3117900;4357
MG;Congonhal;2025;AJUSTE FUNDEB - IPIE;-1,92;3117900;4357
MG;Congonhal;2025;AJUSTE FUNDEB - IPVA;-30,13;3117900;4357
MG;Congonhal;2025;AJUSTE FUNDEB - ITCMD;-5,05;3117900;4357
MG;Congonhal;2025;AJUSTE FUNDEB - ITR;-0,66;3117900;4357
MG;Congonhal;2025;FUNDEB - COUN VAAR;456108,5;3117900;4357
MG;Congonhal;2025;FUNDEB - FPE;521525;3117900;4357
MG;Congonhal;2025;FUNDEB - FPM;1606665,25;3117900;4357
MG;Congonhal;2025;FUNDEB - FUNDEB - FTI;125591,21;3117900;4357
MG;Congonhal;2025;FUNDEB - ICMS;5083153,54;3117900;4357
MG;Congonhal;2025;FUNDEB - IPI-EXP;64845;3117900;4357
MG;Congonhal;2025;FUNDEB - IPVA;739787,98;3117900;4357
MG;Congonhal;2025;FUNDEB - ITCMD;128040,1;3117900;4357
MG;Congonhal;2025;FUNDEB - ITR;18393,81;3117900;4357
MG;Congonhas;2025;AJUSTE FUNDEB - FPE;-165,23;3118007;4359
MG;Congonhas;2025;AJUSTE FUNDEB - FPM;-495,56;3118007;4359
MG;Congonhas;2025;AJUSTE FUNDEB - ICME;-1612,48;3118007;4359
MG;Congonhas;2025;AJUSTE FUNDEB - IPIE;-15,42;3118007;4359
MG;Congonhas;2025;AJUSTE FUNDEB - IPVA;-248,09;3118007;4359
MG;Congonhas;2025;AJUSTE FUNDEB - ITCMD;-41,8;3118007;4359
MG;Congonhas;2025;AJUSTE FUNDEB - ITR;-5,48;3118007;4359
MG;Congonhas;2025;FUNDEB - FPE;3909958,54;3118007;4359
MG;Congonhas;2025;FUNDEB - FPM;12045433,24;3118007;4359
MG;Congonhas;2025;FUNDEB - FUNDEB - FTI;266837,24;3118007;4359
MG;Congonhas;2025;FUNDEB - ICMS;38134955,93;3118007;4359
MG;Congonhas;2025;FUNDEB - IPI-EXP;486153,54;3118007;4359
MG;Congonhas;2025;FUNDEB - IPVA;5546232,85;3118007;4359
MG;Congonhas;2025;FUNDEB - ITCMD;959774,68;3118007;4359
MG;Congonhas;2025;FUNDEB - ITR;137862,52;3118007;4359
MG;Congonhas do Norte;2025;AJUSTE FUNDEB - AJUSTE FUNDEB VAAT;13860,21;3118106;4361
MG;Congonhas do Norte;2025;AJUSTE FUNDEB - FPE;-8,37;3118106;4361
MG;Congonhas do Norte;2025;AJUSTE FUNDEB - FPM;-25,13;3118106;4361
MG;Congonhas do Norte;2025;AJUSTE FUNDEB - ICME;-81,73;3118106;4361
MG;Congonhas do Norte;2025;AJUSTE FUNDEB - IPIE;-0,8;3118106;4361
MG;Congonhas do Norte;2025;AJUSTE FUNDEB - IPVA;-12,54;3118106;4361
MG;Congonhas do Norte;2025;AJUSTE FUNDEB - ITCMD;-2,09;3118106;4361
MG;Congonhas do Norte;2025;AJUSTE FUNDEB - ITR;-0,26;3118106;4361
MG;Congonhas do Norte;2025;FUNDEB - COUN VAAT;28213,67;3118106;4361
MG;Congonhas do Norte;2025;FUNDEB - FPE;197607,15;3118106;4361
MG;Congonhas do Norte;2025;FUNDEB - FPM;608769,59;3118106;4361
MG;Congonhas do Norte;2025;FUNDEB - ICMS;1924389,56;3118106;4361
MG;Congonhas do Norte;2025;FUNDEB - IPI-EXP;24569,94;3118106;4361
MG;Congonhas do Norte;2025;FUNDEB - IPVA;280313,56;3118106;4361
MG;Congonhas do Norte;2025;FUNDEB - ITCMD;48527,36;3118106;4361
MG;Congonhas do Norte;2025;FUNDEB - ITR;6972,45;3118106;4361
MG;Conquista;2025;AJUSTE FUNDEB - FPE;-13,1;3118205;4363
MG;Conquista;2025;AJUSTE FUNDEB - FPM;-39,36;3118205;4363
MG;Conquista;2025;AJUSTE FUNDEB - ICME;-128,15;3118205;4363
MG;Conquista;2025;AJUSTE FUNDEB - IPIE;-1,19;3118205;4363
MG;Conquista;2025;AJUSTE FUNDEB - IPVA;-19,79;3118205;4363
MG;Conquista;2025;AJUSTE FUNDEB - ITCMD;-3,34;3118205;4363
MG;Conquista;2025;AJUSTE FUNDEB - ITR;-0,39;3118205;4363
MG;Conquista;2025;FUNDEB - FPE;375491,46;3118205;4363
MG;Conquista;2025;FUNDEB - FPM;1156778,88;3118205;4363
MG;Conquista;2025;FUNDEB - ICMS;3658247,39;3118205;4363
MG;Conquista;2025;FUNDEB - IPI-EXP;46687,56;3118205;4363
MG;Conquista;2025;FUNDEB - IPVA;532620,36;3118205;4363
MG;Conquista;2025;FUNDEB - ITCMD;92150,51;3118205;4363
MG;Conquista;2025;FUNDEB - ITR;13234,56;3118205;4363
MG;Conselheiro Lafaiete;2025;AJUSTE FUNDEB - AJUSTE FUNDEB VAAR;-78448,21;3118304;4365
MG;Conselheiro Lafaiete;2025;AJUSTE FUNDEB - FPE;-244,45;3118304;4365
MG;Conselheiro Lafaiete;2025;AJUSTE FUNDEB - FPM;-733,25;3118304;4365
MG;Conselheiro Lafaiete;2025;AJUSTE FUNDEB - ICME;-2386,19;3118304;4365
MG;Conselheiro Lafaiete;2025;AJUSTE FUNDEB - IPIE;-22,8;3118304;4365
MG;Conselheiro Lafaiete;2025;AJUSTE FUNDEB - IPVA;-366,92;3118304;4365
MG;Conselheiro Lafaiete;2025;AJUSTE FUNDEB - ITCMD;-61,86;3118304;4365
MG;Conselheiro Lafaiete;2025;AJUSTE FUNDEB - ITR;-8,04;3118304;4365
MG;Conselheiro Lafaiete;2025;FUNDEB - COUN VAAR;531569;3118304;4365
MG;Conselheiro Lafaiete;2025;FUNDEB - FPE;6071387,67;3118304;4365
MG;Conselheiro Lafaiete;2025;FUNDEB - FPM;18704161,32;3118304;4365
MG;Conselheiro Lafaiete;2025;FUNDEB - FUNDEB - FTI;805973,91;3118304;4365
MG;Conselheiro Lafaiete;2025;FUNDEB - ICMS;59211736,25;3118304;4365
MG;Conselheiro Lafaiete;2025;FUNDEB - IPI-EXP;754899,73;3118304;4365
MG;Conselheiro Lafaiete;2025;FUNDEB - IPVA;8612252,85;3118304;4365
MG;Conselheiro Lafaiete;2025;FUNDEB - ITCMD;1490456,06;3118304;4365
MG;Conselheiro Lafaiete;2025;FUNDEB - ITR;214100,86;3118304;4365
MG;Conselheiro Pena;2025;AJUSTE FUNDEB - FPE;-37,9;3118403;4367
MG;Conselheiro Pena;2025;AJUSTE FUNDEB - FPM;-113,81;3118403;4367
MG;Conselheiro Pena;2025;AJUSTE FUNDEB - ICME;-369,98;3118403;4367
MG;Conselheiro Pena;2025;AJUSTE FUNDEB - IPIE;-3,56;3118403;4367
MG;Conselheiro Pena;2025;AJUSTE FUNDEB - IPVA;-56,9;3118403;4367
MG;Conselheiro Pena;2025;AJUSTE FUNDEB - ITCMD;-9,62;3118403;4367
MG;Conselheiro Pena;2025;AJUSTE FUNDEB - ITR;-1,24;3118403;4367
MG;Conselheiro Pena;2025;FUNDEB - FPE;986178,31;3118403;4367
MG;Conselheiro Pena;2025;FUNDEB - FPM;3038125,6;3118403;4367
MG;Conselheiro Pena;2025;FUNDEB - ICMS;9623187,81;3118403;4367
MG;Conselheiro Pena;2025;FUNDEB - IPI-EXP;122618,71;3118403;4367
MG;Conselheiro Pena;2025;FUNDEB - IPVA;1398895,45;3118403;4367
MG;Conselheiro Pena;2025;FUNDEB - ITCMD;242102,11;3118403;4367
MG;Conselheiro Pena;2025;FUNDEB - ITR;34778,07;3118403;4367
MG;Consolação;2025;AJUSTE FUNDEB - AJUSTE FUNDEB VAAR;-2628,31;3118502;4369
MG;Consolação;2025;AJUSTE FUNDEB - FPE;-3,53;3118502;4369
MG;Consolação;2025;AJUSTE FUNDEB - FPM;-10,65;3118502;4369
MG;Consolação;2025;AJUSTE FUNDEB - ICME;-34,88;3118502;4369
MG;Consolação;2025;AJUSTE FUNDEB - IPIE;-0,36;3118502;4369
MG;Consolação;2025;AJUSTE FUNDEB - IPVA;-5,4;3118502;4369
MG;Consolação;2025;AJUSTE FUNDEB - ITCMD;-0,91;3118502;4369
MG;Consolação;2025;AJUSTE FUNDEB - ITR;-0,16;3118502;4369
MG;Consolação;2025;FUNDEB - COUN VAAR;42050,23;3118502;4369
MG;Consolação;2025;FUNDEB - FPE;95388,36;3118502;4369
MG;Consolação;2025;FUNDEB - FPM;293863,53;3118502;4369
MG;Consolação;2025;FUNDEB - ICMS;929471,05;3118502;4369
MG;Consolação;2025;FUNDEB - IPI-EXP;11860,35;3118502;4369
MG;Consolação;2025;FUNDEB - IPVA;135305,06;3118502;4369
MG;Consolação;2025;FUNDEB - ITCMD;23410,31;3118502;4369
MG;Consolação;2025;FUNDEB - ITR;3362,26;3118502;4369
MG;Contagem;2025;AJUSTE FUNDEB - FPE;15148,71;3118601;4371
MG;Contagem;2025;AJUSTE FUNDEB - FPM;46769,47;3118601;4371
MG;Contagem;2025;AJUSTE FUNDEB - ICME;150689,97;3118601;4371
MG;Contagem;2025;AJUSTE FUNDEB - IPIE;1953,31;3118601;4371
MG;Contagem;2025;AJUSTE FUNDEB - IPVA;24229,9;3118601;4371
MG;Contagem;2025;AJUSTE FUNDEB - ITCMD;3418,13;3118601;4371
MG;Contagem;2025;AJUSTE FUNDEB - ITR;567,56;3118601;4371
MG;Contagem;2025;FUNDEB - FPE;29834889,06;3118601;4371
MG;Contagem;2025;FUNDEB - FPM;91912526,36;3118601;4371
MG;Contagem;2025;FUNDEB - FUNDEB - FTI;5652750,93;3118601;4371
MG;Contagem;2025;FUNDEB - ICMS;291085416;3118601;4371
MG;Contagem;2025;FUNDEB - IPI-EXP;3709557,07;3118601;4371
MG;Contagem;2025;FUNDEB - IPVA;42317894;3118601;4371
MG;Contagem;2025;FUNDEB - ITCMD;7324414,85;3118601;4371
MG;Contagem;2025;FUNDEB - ITR;1052064,47;3118601;4371
MG;Coqueiral;2025;AJUSTE FUNDEB - AJUSTE FUNDEB VAAR;-11726,34;3118700;4373
MG;Coqueiral;2025;AJUSTE FUNDEB - AJUSTE FUNDEB VAAT;26380,26;3118700;4373
MG;Coqueiral;2025;AJUSTE FUNDEB - FPE;-14,71;3118700;4373
MG;Coqueiral;2025;AJUSTE FUNDEB - FPM;-44,19;3118700;4373
MG;Coqueiral;2025;AJUSTE FUNDEB - ICME;-143,69;3118700;4373
MG;Coqueiral;2025;AJUSTE FUNDEB - IPIE;-1,32;3118700;4373
MG;Coqueiral;2025;AJUSTE FUNDEB - IPVA;-22,07;3118700;4373
MG;Coqueiral;2025;AJUSTE FUNDEB - ITCMD;-3,7;3118700;4373
MG;Coqueiral;2025;AJUSTE FUNDEB - ITR;-0,5;3118700;4373
MG;Coqueiral;2025;FUNDEB - COUN VAAR;187608,73;3118700;4373
MG;Coqueiral;2025;FUNDEB - COUN VAAT;214576,72;3118700;4373
MG;Coqueiral;2025;FUNDEB - FPE;378673,77;3118700;4373
MG;Coqueiral;2025;FUNDEB - FPM;1166582,69;3118700;4373
MG;Coqueiral;2025;FUNDEB - ICMS;3681771,1;3118700;4373
MG;Coqueiral;2025;FUNDEB - IPI-EXP;47083,23;3118700;4373
MG;Coqueiral;2025;FUNDEB - IPVA;537146,78;3118700;4373
MG;Coqueiral;2025;FUNDEB - ITCMD;92957,49;3118700;4373
MG;Coqueiral;2025;FUNDEB - ITR;13352,88;3118700;4373
MG;Coração de Jesus;2025;AJUSTE FUNDEB - AJUSTE FUNDEB VAAR;-14508,51;3118809;4375
MG;Coração de Jesus;2025;AJUSTE FUNDEB - FPE;-33,11;3118809;4375
MG;Coração de Jesus;2025;AJUSTE FUNDEB - FPM;-99,31;3118809;4375
MG;Coração de Jesus;2025;AJUSTE FUNDEB - ICME;-322,85;3118809;4375
MG;Coração de Jesus;2025;AJUSTE FUNDEB - IPIE;-3,02;3118809;4375
MG;Coração de Jesus;2025;AJUSTE FUNDEB - IPVA;-49,69;3118809;4375
MG;Coração de Jesus;2025;AJUSTE FUNDEB - ITCMD;-8,42;3118809;4375
MG;Coração de Jesus;2025;AJUSTE FUNDEB - ITR;-1,12;3118809;4375
MG;Coração de Jesus;2025;FUNDEB - COUN VAAR;68298,15;3118809;4375
MG;Coração de Jesus;2025;FUNDEB - COUN VAAT;2313432,71;3118809;4375
MG;Coração de Jesus;2025;FUNDEB - FPE;932128,67;3118809;4375
MG;Coração de Jesus;2025;FUNDEB - FPM;2871614,52;3118809;4375
MG;Coração de Jesus;2025;FUNDEB - FUNDEB - FTI;234526,05;3118809;4375
MG;Coração de Jesus;2025;FUNDEB - ICMS;9084347,54;3118809;4375
MG;Coração de Jesus;2025;FUNDEB - IPI-EXP;115898,31;3118809;4375
MG;Coração de Jesus;2025;FUNDEB - IPVA;1322145,96;3118809;4375
MG;Coração de Jesus;2025;FUNDEB - ITCMD;228668,09;3118809;4375
MG;Coração de Jesus;2025;FUNDEB - ITR;32832,74;3118809;4375
MG;Cordisburgo;2025;AJUSTE FUNDEB - AJUSTE FUNDEB VAAR;-14233,23;3118908;4377
MG;Cordisburgo;2025;AJUSTE FUNDEB - FPE;-8,57;3118908;4377
MG;Cordisburgo;2025;AJUSTE FUNDEB - FPM;-25,84;3118908;4377
MG;Cordisburgo;2025;AJUSTE FUNDEB - ICME;-83,91;3118908;4377
MG;Cordisburgo;2025;AJUSTE FUNDEB - IPIE;-0,79;3118908;4377
MG;Cordisburgo;2025;AJUSTE FUNDEB - IPVA;-12,83;3118908;4377
MG;Cordisburgo;2025;AJUSTE FUNDEB - ITCMD;-2,21;3118908;4377
MG;Cordisburgo;2025;AJUSTE FUNDEB - ITR;-0,3;3118908;4377
MG;Cordisburgo;2025;FUNDEB - COUN VAAR;211320,47;3118908;4377
MG;Cordisburgo;2025;FUNDEB - FPE;208211,71;3118908;4377
MG;Cordisburgo;2025;FUNDEB - FPM;641439,13;3118908;4377
MG;Cordisburgo;2025;FUNDEB - ICMS;2032190,11;3118908;4377
MG;Cordisburgo;2025;FUNDEB - IPI-EXP;25888,51;3118908;4377
MG;Cordisburgo;2025;FUNDEB - IPVA;295362,05;3118908;4377
MG;Cordisburgo;2025;FUNDEB - ITCMD;51142,85;3118908;4377
MG;Cordisburgo;2025;FUNDEB - ITR;7349,29;3118908;4377
MG;Cordislândia;2025;AJUSTE FUNDEB - AJUSTE FUNDEB VAAR;-8795,59;3119005;4379
MG;Cordislândia;2025;AJUSTE FUNDEB - FPE;-6,57;3119005;4379
MG;Cordislândia;2025;AJUSTE FUNDEB - FPM;-19,66;3119005;4379
MG;Cordislândia;2025;AJUSTE FUNDEB - ICME;-63,93;3119005;4379
MG;Cordislândia;2025;AJUSTE FUNDEB - IPIE;-0,58;3119005;4379
MG;Cordislândia;2025;AJUSTE FUNDEB - IPVA;-9,75;3119005;4379
MG;Cordislândia;2025;AJUSTE FUNDEB - ITCMD;-1,64;3119005;4379
MG;Cordislândia;2025;AJUSTE FUNDEB - ITR;-0,23;3119005;4379
MG;Cordislândia;2025;FUNDEB - COUN VAAR;129715,53;3119005;4379
MG;Cordislândia;2025;FUNDEB - FPE;138805,84;3119005;4379
MG;Cordislândia;2025;FUNDEB - FPM;427619,93;3119005;4379
MG;Cordislândia;2025;FUNDEB - ICMS;1357239,97;3119005;4379
MG;Cordislândia;2025;FUNDEB - IPI-EXP;17258,74;3119005;4379
MG;Cordislândia;2025;FUNDEB - IPVA;196915,65;3119005;4379
MG;Cordislândia;2025;FUNDEB - ITCMD;34116,21;3119005;4379
MG;Cordislândia;2025;FUNDEB - ITR;4904,58;3119005;4379
MG;Corinto;2025;AJUSTE FUNDEB - FPE;-50,02;3119104;4381
MG;Corinto;2025;AJUSTE FUNDEB - FPM;-150,01;3119104;4381
MG;Corinto;2025;AJUSTE FUNDEB - ICME;-488,12;3119104;4381
MG;Corinto;2025;AJUSTE FUNDEB - IPIE;-4,68;3119104;4381
MG;Corinto;2025;AJUSTE FUNDEB - IPVA;-75,08;3119104;4381
MG;Corinto;2025;AJUSTE FUNDEB - ITCMD;-12,67;3119104;4381
MG;Corinto;2025;AJUSTE FUNDEB - ITR;-1,69;3119104;4381
MG;Corinto;2025;FUNDEB - FPE;1261742,79;3119104;4381
MG;Corinto;2025;FUNDEB - FPM;3887058,78;3119104;4381
MG;Corinto;2025;FUNDEB - ICMS;12308714,68;3119104;4381
MG;Corinto;2025;FUNDEB - IPI-EXP;156881,66;3119104;4381
MG;Corinto;2025;FUNDEB - IPVA;1789806,28;3119104;4381
MG;Corinto;2025;FUNDEB - ITCMD;309797,99;3119104;4381
MG;Corinto;2025;FUNDEB - ITR;44506,97;3119104;4381
MG;Coroaci;2025;AJUSTE FUNDEB - AJUSTE FUNDEB VAAR;-14121,36;3119203;4383
MG;Coroaci;2025;AJUSTE FUNDEB - FPE;-20,73;3119203;4383
MG;Coroaci;2025;AJUSTE FUNDEB - FPM;-62,17;3119203;4383
MG;Coroaci;2025;AJUSTE FUNDEB - ICME;-202,47;3119203;4383
MG;Coroaci;2025;AJUSTE FUNDEB - IPIE;-2,01;3119203;4383
MG;Coroaci;2025;AJUSTE FUNDEB - IPVA;-31,09;3119203;4383
MG;Coroaci;2025;AJUSTE FUNDEB - ITCMD;-5,2;3119203;4383
MG;Coroaci;2025;AJUSTE FUNDEB - ITR;-0,67;3119203;4383
MG;Coroaci;2025;FUNDEB - COUN VAAR;225926,67;3119203;4383
MG;Coroaci;2025;FUNDEB - FPE;464558,99;3119203;4383
MG;Coroaci;2025;FUNDEB - FPM;1431169,69;3119203;4383
MG;Coroaci;2025;FUNDEB - ICMS;4545148,5;3119203;4383
MG;Coroaci;2025;FUNDEB - IPI-EXP;57762,04;3119203;4383
MG;Coroaci;2025;FUNDEB - IPVA;659008,59;3119203;4383
MG;Coroaci;2025;FUNDEB - ITCMD;114110,76;3119203;4383
MG;Coroaci;2025;FUNDEB - ITR;16398,05;3119203;4383
MG;Coromandel;2025;AJUSTE FUNDEB - AJUSTE FUNDEB VAAT;82716,28;3119302;4385
MG;Coromandel;2025;AJUSTE FUNDEB - FPE;-46,02;3119302;4385
MG;Coromandel;2025;AJUSTE FUNDEB - FPM;-137,98;3119302;4385
MG;Coromandel;2025;AJUSTE FUNDEB - ICME;-448,97;3119302;4385
MG;Coromandel;2025;AJUSTE FUNDEB - IPIE;-4,26;3119302;4385
MG;Coromandel;2025;AJUSTE FUNDEB - IPVA;-69,1;3119302;4385
MG;Coromandel;2025;AJUSTE FUNDEB - ITCMD;-11,66;3119302;4385
MG;Coromandel;2025;AJUSTE FUNDEB - ITR;-1,49;3119302;4385
MG;Coromandel;2025;FUNDEB - COUN VAAT;986558,24;3119302;4385
MG;Coromandel;2025;FUNDEB - FPE;1112708,25;3119302;4385
MG;Coromandel;2025;FUNDEB - FPM;3427927,11;3119302;4385
MG;Coromandel;2025;FUNDEB - FUNDEB - FTI;24179,21;3119302;4385
MG;Coromandel;2025;FUNDEB - ICMS;10845933,05;3119302;4385
MG;Coromandel;2025;FUNDEB - IPI-EXP;138351,1;3119302;4385
MG;Coromandel;2025;FUNDEB - IPVA;1578441,26;3119302;4385
MG;Coromandel;2025;FUNDEB - ITCMD;273294,27;3119302;4385
MG;Coromandel;2025;FUNDEB - ITR;39271,06;3119302;4385
MG;Coronel Fabriciano;2025;AJUSTE FUNDEB - AJUSTE FUNDEB VAAR;-30862,06;3119401;4387
MG;Coronel Fabriciano;2025;AJUSTE FUNDEB - AJUSTE FUNDEB VAAT;439879,42;3119401;4387
MG;Coronel Fabriciano;2025;AJUSTE FUNDEB - FPE;-216,8;3119401;4387
MG;Coronel Fabriciano;2025;AJUSTE FUNDEB - FPM;-650,08;3119401;4387
MG;Coronel Fabriciano;2025;AJUSTE FUNDEB - ICME;-2115,7;3119401;4387
MG;Coronel Fabriciano;2025;AJUSTE FUNDEB - IPIE;-20,19;3119401;4387
MG;Coronel Fabriciano;2025;AJUSTE FUNDEB - IPVA;-325,17;3119401;4387
MG;Coronel Fabriciano;2025;AJUSTE FUNDEB - ITCMD;-54,84;3119401;4387
MG;Coronel Fabriciano;2025;AJUSTE FUNDEB - ITR;-7,14;3119401;4387
MG;Coronel Fabriciano;2025;FUNDEB - COUN VAAR;3009451,34;3119401;4387
MG;Coronel Fabriciano;2025;FUNDEB - COUN VAAT;20141852,46;3119401;4387
MG;Coronel Fabriciano;2025;FUNDEB - FPE;6460347,26;3119401;4387
MG;Coronel Fabriciano;2025;FUNDEB - FPM;19902431,41;3119401;4387
MG;Coronel Fabriciano;2025;FUNDEB - FUNDEB - FTI;75257,5;3119401;4387
MG;Coronel Fabriciano;2025;FUNDEB - ICMS;62927517,4;3119401;4387
MG;Coronel Fabriciano;2025;FUNDEB - IPI-EXP;803261,89;3119401;4387
MG;Coronel Fabriciano;2025;FUNDEB - IPVA;9163887,71;3119401;4387
MG;Coronel Fabriciano;2025;FUNDEB - ITCMD;1585727,17;3119401;4387
MG;Coronel Fabriciano;2025;FUNDEB - ITR;227766,19;3119401;4387
MG;Coronel Murta;2025;AJUSTE FUNDEB - AJUSTE FUNDEB VAAT;42365,04;3119500;4389
MG;Coronel Murta;2025;AJUSTE FUNDEB - FPE;-25,21;3119500;4389
MG;Coronel Murta;2025;AJUSTE FUNDEB - FPM;-75,64;3119500;4389
MG;Coronel Murta;2025;AJUSTE FUNDEB - ICME;-246,1;3119500;4389
MG;Coronel Murta;2025;AJUSTE FUNDEB - IPIE;-2,35;3119500;4389
MG;Coronel Murta;2025;AJUSTE FUNDEB - IPVA;-37,91;3119500;4389
MG;Coronel Murta;2025;AJUSTE FUNDEB - ITCMD;-6,4;3119500;4389
MG;Coronel Murta;2025;AJUSTE FUNDEB - ITR;-0,83;3119500;4389
MG;Coronel Murta;2025;FUNDEB - COUN VAAT;804049,8;3119500;4389
MG;Coronel Murta;2025;FUNDEB - FPE;602102,15;3119500;4389
MG;Coronel Murta;2025;FUNDEB - FPM;1854899,81;3119500;4389
MG;Coronel Murta;2025;FUNDEB - FUNDEB - FTI;247549,13;3119500;4389
MG;Coronel Murta;2025;FUNDEB - ICMS;5873507,72;3119500;4389
MG;Coronel Murta;2025;FUNDEB - IPI-EXP;74863,74;3119500;4389
MG;Coronel Murta;2025;FUNDEB - IPVA;854105,38;3119500;4389
MG;Coronel Murta;2025;FUNDEB - ITCMD;147859,81;3119500;4389
MG;Coronel Murta;2025;FUNDEB - ITR;21244,5;3119500;4389
MG;Coronel Pacheco;2025;AJUSTE FUNDEB - FPE;-8,45;3119609;4391
MG;Coronel Pacheco;2025;AJUSTE FUNDEB - FPM;-25,46;3119609;4391
MG;Coronel Pacheco;2025;AJUSTE FUNDEB - ICME;-82,83;3119609;4391
MG;Coronel Pacheco;2025;AJUSTE FUNDEB - IPIE;-0,8;3119609;4391
MG;Coronel Pacheco;2025;AJUSTE FUNDEB - IPVA;-12,71;3119609;4391
MG;Coronel Pacheco;2025;AJUSTE FUNDEB - ITCMD;-2,09;3119609;4391
MG;Coronel Pacheco;2025;AJUSTE FUNDEB - ITR;-0,29;3119609;4391
MG;Coronel Pacheco;2025;FUNDEB - FPE;195542,27;3119609;4391
MG;Coronel Pacheco;2025;FUNDEB - FPM;602408,21;3119609;4391
MG;Coronel Pacheco;2025;FUNDEB - ICMS;1910202,67;3119609;4391
MG;Coronel Pacheco;2025;FUNDEB - IPI-EXP;24313,21;3119609;4391
MG;Coronel Pacheco;2025;FUNDEB - IPVA;277377,49;3119609;4391
MG;Coronel Pacheco;2025;FUNDEB - ITCMD;48005,77;3119609;4391
MG;Coronel Pacheco;2025;FUNDEB - ITR;6896,16;3119609;4391
MG;Coronel Xavier Chaves;2025;AJUSTE FUNDEB - AJUSTE FUNDEB VAAR;-9428,22;3119708;4393
MG;Coronel Xavier Chaves;2025;AJUSTE FUNDEB - FPE;-6,16;3119708;4393
MG;Coronel Xavier Chaves;2025;AJUSTE FUNDEB - FPM;-18,42;3119708;4393
MG;Coronel Xavier Chaves;2025;AJUSTE FUNDEB - ICME;-60,13;3119708;4393
MG;Coronel Xavier Chaves;2025;AJUSTE FUNDEB - IPIE;-0,57;3119708;4393
MG;Coronel Xavier Chaves;2025;AJUSTE FUNDEB - IPVA;-9,21;3119708;4393
MG;Coronel Xavier Chaves;2025;AJUSTE FUNDEB - ITCMD;-1,55;3119708;4393
MG;Coronel Xavier Chaves;2025;AJUSTE FUNDEB - ITR;-0,21;3119708;4393
MG;Coronel Xavier Chaves;2025;FUNDEB - COUN VAAR;139681,85;3119708;4393
MG;Coronel Xavier Chaves;2025;FUNDEB - FPE;134667,93;3119708;4393
MG;Coronel Xavier Chaves;2025;FUNDEB - FPM;414872,32;3119708;4393
MG;Coronel Xavier Chaves;2025;FUNDEB - FUNDEB - FTI;6925,15;3119708;4393
MG;Coronel Xavier Chaves;2025;FUNDEB - ICMS;1316024,22;3119708;4393
MG;Coronel Xavier Chaves;2025;FUNDEB - IPI-EXP;16744,24;3119708;4393
MG;Coronel Xavier Chaves;2025;FUNDEB - IPVA;191035,41;3119708;4393
MG;Coronel Xavier Chaves;2025;FUNDEB - ITCMD;33078,45;3119708;4393
MG;Coronel Xavier Chaves;2025;FUNDEB - ITR;4753,42;3119708;4393
MG;Córrego Danta;2025;AJUSTE FUNDEB - FPE;-5,07;3119807;4395
MG;Córrego Danta;2025;AJUSTE FUNDEB - FPM;-15,02;3119807;4395
MG;Córrego Danta;2025;AJUSTE FUNDEB - ICME;-49,15;3119807;4395
MG;Córrego Danta;2025;AJUSTE FUNDEB - IPIE;-0,51;3119807;4395
MG;Córrego Danta;2025;AJUSTE FUNDEB - IPVA;-7,66;3119807;4395
MG;Córrego Danta;2025;AJUSTE FUNDEB - ITCMD;-1,31;3119807;4395
MG;Córrego Danta;2025;AJUSTE FUNDEB - ITR;-0,18;3119807;4395
MG;Córrego Danta;2025;FUNDEB - FPE;116849,99;3119807;4395
MG;Córrego Danta;2025;FUNDEB - FPM;359980,47;3119807;4395
MG;Córrego Danta;2025;FUNDEB - ICMS;1141192,26;3119807;4395
MG;Córrego Danta;2025;FUNDEB - IPI-EXP;14528,8;3119807;4395
MG;Córrego Danta;2025;FUNDEB - IPVA;165756,58;3119807;4395
MG;Córrego Danta;2025;FUNDEB - ITCMD;28695,89;3119807;4395
MG;Córrego Danta;2025;FUNDEB - ITR;4123,09;3119807;4395
MG;Córrego do Bom Jesus;2025;AJUSTE FUNDEB - AJUSTE FUNDEB VAAR;-4010,56;3119906;4397
MG;Córrego do Bom Jesus;2025;AJUSTE FUNDEB - FPE;-7,33;3119906;4397
MG;Córrego do Bom Jesus;2025;AJUSTE FUNDEB - FPM;-22,09;3119906;4397
MG;Córrego do Bom Jesus;2025;AJUSTE FUNDEB - ICME;-71,83;3119906;4397
MG;Córrego do Bom Jesus;2025;AJUSTE FUNDEB - IPIE;-0,71;3119906;4397
MG;Córrego do Bom Jesus;2025;AJUSTE FUNDEB - IPVA;-11,08;3119906;4397
MG;Córrego do Bom Jesus;2025;AJUSTE FUNDEB - ITCMD;-1,83;3119906;4397
MG;Córrego do Bom Jesus;2025;AJUSTE FUNDEB - ITR;-0,24;3119906;4397
MG;Córrego do Bom Jesus;2025;FUNDEB - COUN VAAR;13556,11;3119906;4397
MG;Córrego do Bom Jesus;2025;FUNDEB - FPE;202810,94;3119906;4397
MG;Córrego do Bom Jesus;2025;FUNDEB - FPM;624800,97;3119906;4397
MG;Córrego do Bom Jesus;2025;FUNDEB - FUNDEB - FTI;134946,26;3119906;4397
MG;Córrego do Bom Jesus;2025;FUNDEB - ICMS;1973987,94;3119906;4397
MG;Córrego do Bom Jesus;2025;FUNDEB - IPI-EXP;25216,97;3119906;4397
MG;Córrego do Bom Jesus;2025;FUNDEB - IPVA;287685,07;3119906;4397
MG;Córrego do Bom Jesus;2025;FUNDEB - ITCMD;49783,95;3119906;4397
MG;Córrego do Bom Jesus;2025;FUNDEB - ITR;7150,99;3119906;4397
MG;Córrego Fundo;2025;AJUSTE FUNDEB - AJUSTE FUNDEB VAAR;-10793,21;3119955;594
MG;Córrego Fundo;2025;AJUSTE FUNDEB - FPE;-13,5;3119955;594
MG;Córrego Fundo;2025;AJUSTE FUNDEB - FPM;-40,37;3119955;594
MG;Córrego Fundo;2025;AJUSTE FUNDEB - ICME;-131,28;3119955;594
MG;Córrego Fundo;2025;AJUSTE FUNDEB - IPIE;-1,29;3119955;594
MG;Córrego Fundo;2025;AJUSTE FUNDEB - IPVA;-20,24;3119955;594
MG;Córrego Fundo;2025;AJUSTE FUNDEB - ITCMD;-3,33;3119955;594
MG;Córrego Fundo;2025;AJUSTE FUNDEB - ITR;-0,49;3119955;594
MG;Córrego Fundo;2025;FUNDEB - COUN VAAR;172679,65;3119955;594
MG;Córrego Fundo;2025;FUNDEB - FPE;349090,05;3119955;594
MG;Córrego Fundo;2025;FUNDEB - FPM;1075443,87;3119955;594
MG;Córrego Fundo;2025;FUNDEB - ICMS;3405745,81;3119955;594
MG;Córrego Fundo;2025;FUNDEB - IPI-EXP;43404,94;3119955;594
MG;Córrego Fundo;2025;FUNDEB - IPVA;495160,38;3119955;594
MG;Córrego Fundo;2025;FUNDEB - ITCMD;85649,58;3119955;594
MG;Córrego Fundo;2025;FUNDEB - ITR;12298,84;3119955;594
MG;Córrego Novo;2025;AJUSTE FUNDEB - FPE;-7,13;3120003;4399
MG;Córrego Novo;2025;AJUSTE FUNDEB - FPM;-21,41;3120003;4399
MG;Córrego Novo;2025;AJUSTE FUNDEB - ICME;-69,62;3120003;4399
MG;Córrego Novo;2025;AJUSTE FUNDEB - IPIE;-0,69;3120003;4399
MG;Córrego Novo;2025;AJUSTE FUNDEB - IPVA;-10,78;3120003;4399
MG;Córrego Novo;2025;AJUSTE FUNDEB - ITCMD;-1,75;3120003;4399
MG;Córrego Novo;2025;AJUSTE FUNDEB - ITR;-0,23;3120003;4399
MG;Córrego Novo;2025;FUNDEB - FPE;179081,89;3120003;4399
MG;Córrego Novo;2025;FUNDEB - FPM;551698,65;3120003;4399
MG;Córrego Novo;2025;FUNDEB - FUNDEB - FTI;85849,22;3120003;4399
MG;Córrego Novo;2025;FUNDEB - ICMS;1748401,32;3120003;4399
MG;Córrego Novo;2025;FUNDEB - IPI-EXP;22266,55;3120003;4399
MG;Córrego Novo;2025;FUNDEB - IPVA;254044,63;3120003;4399
MG;Córrego Novo;2025;FUNDEB - ITCMD;43998,34;3120003;4399
MG;Córrego Novo;2025;FUNDEB - ITR;6323,65;3120003;4399
MG;Couto de Magalhães de Minas;2025;AJUSTE FUNDEB - FPE;-10,56;3120102;4401
MG;Couto de Magalhães de Minas;2025;AJUSTE FUNDEB - FPM;-31,82;3120102;4401
MG;Couto de Magalhães de Minas;2025;AJUSTE FUNDEB - ICME;-103,18;3120102;4401
MG;Couto de Magalhães de Minas;2025;AJUSTE FUNDEB - IPIE;-1;3120102;4401
MG;Couto de Magalhães de Minas;2025;AJUSTE FUNDEB - IPVA;-15,83;3120102;4401
MG;Couto de Magalhães de Minas;2025;AJUSTE FUNDEB - ITCMD;-2,63;3120102;4401
MG;Couto de Magalhães de Minas;2025;AJUSTE FUNDEB - ITR;-0,33;3120102;4401
MG;Couto de Magalhães de Minas;2025;FUNDEB - FPE;241328,4;3120102;4401
MG;Couto de Magalhães de Minas;2025;FUNDEB - FPM;743461,86;3120102;4401
MG;Couto de Magalhães de Minas;2025;FUNDEB - FUNDEB - FTI;136395,42;3120102;4401
MG;Couto de Magalhães de Minas;2025;FUNDEB - ICMS;2358222,55;3120102;4401
MG;Couto de Magalhães de Minas;2025;FUNDEB - IPI-EXP;30006,12;3120102;4401
MG;Couto de Magalhães de Minas;2025;FUNDEB - IPVA;342362,7;3120102;4401
MG;Couto de Magalhães de Minas;2025;FUNDEB - ITCMD;59323,45;3120102;4401
MG;Couto de Magalhães de Minas;2025;FUNDEB - ITR;8529,25;3120102;4401
MG;Crisólita;2025;AJUSTE FUNDEB - AJUSTE FUNDEB VAAR;-7925,74;3120151;596
MG;Crisólita;2025;AJUSTE FUNDEB - FPE;-15,29;3120151;596
MG;Crisólita;2025;AJUSTE FUNDEB - FPM;-45,68;3120151;596
MG;Crisólita;2025;AJUSTE FUNDEB - ICME;-148,59;3120151;596
MG;Crisólita;2025;AJUSTE FUNDEB - IPIE;-1,42;3120151;596
MG;Crisólita;2025;AJUSTE FUNDEB - IPVA;-23,01;3120151;596
MG;Crisólita;2025;AJUSTE FUNDEB - ITCMD;-3,91;3120151;596
MG;Crisólita;2025;AJUSTE FUNDEB - ITR;-0,49;3120151;596
MG;Crisólita;2025;FUNDEB - COUN VAAR;126803,3;3120151;596
MG;Crisólita;2025;FUNDEB - FPE;357248,95;3120151;596
MG;Crisólita;2025;FUNDEB - FPM;1100578,96;3120151;596
MG;Crisólita;2025;FUNDEB - FUNDEB - FTI;94351,28;3120151;596
MG;Crisólita;2025;FUNDEB - ICMS;3491499,94;3120151;596
MG;Crisólita;2025;FUNDEB - IPI-EXP;44419,33;3120151;596
MG;Crisólita;2025;FUNDEB - IPVA;506809,75;3120151;596
MG;Crisólita;2025;FUNDEB - ITCMD;87809,33;3120151;596
MG;Crisólita;2025;FUNDEB - ITR;12623,88;3120151;596
MG;Cristais;2025;AJUSTE FUNDEB - AJUSTE FUNDEB VAAR;-44869,45;3120201;4403
MG;Cristais;2025;AJUSTE FUNDEB - AJUSTE FUNDEB VAAT;-2381,39;3120201;4403
MG;Cristais;2025;AJUSTE FUNDEB - FPE;-30,46;3120201;4403
MG;Cristais;2025;AJUSTE FUNDEB - FPM;-91,47;3120201;4403
MG;Cristais;2025;AJUSTE FUNDEB - ICME;-297,51;3120201;4403
MG;Cristais;2025;AJUSTE FUNDEB - IPIE;-2,84;3120201;4403
MG;Cristais;2025;AJUSTE FUNDEB - IPVA;-45,74;3120201;4403
MG;Cristais;2025;AJUSTE FUNDEB - ITCMD;-7,68;3120201;4403
MG;Cristais;2025;AJUSTE FUNDEB - ITR;-0,98;3120201;4403
MG;Cristais;2025;FUNDEB - COUN VAAR;665616,84;3120201;4403
MG;Cristais;2025;FUNDEB - COUN VAAT;2381,39;3120201;4403
MG;Cristais;2025;FUNDEB - FPE;751926;3120201;4403
MG;Cristais;2025;FUNDEB - FPM;2316463,07;3120201;4403
MG;Cristais;2025;FUNDEB - FUNDEB - FTI;95717,26;3120201;4403
MG;Cristais;2025;FUNDEB - ICMS;7330554,71;3120201;4403
MG;Cristais;2025;FUNDEB - IPI-EXP;93492,41;3120201;4403
MG;Cristais;2025;FUNDEB - IPVA;1066603,97;3120201;4403
MG;Cristais;2025;FUNDEB - ITCMD;184585,47;3120201;4403
MG;Cristais;2025;FUNDEB - ITR;26514,95;3120201;4403
MG;Cristália;2025;AJUSTE FUNDEB - AJUSTE FUNDEB VAAR;-18750,5;3120300;4405
MG;Cristália;2025;AJUSTE FUNDEB - FPE;-11,59;3120300;4405
MG;Cristália;2025;AJUSTE FUNDEB - FPM;-34,85;3120300;4405
MG;Cristália;2025;AJUSTE FUNDEB - ICME;-113,17;3120300;4405
MG;Cristália;2025;AJUSTE FUNDEB - IPIE;-1,08;3120300;4405
MG;Cristália;2025;AJUSTE FUNDEB - IPVA;-17,42;3120300;4405
MG;Cristália;2025;AJUSTE FUNDEB - ITCMD;-2,97;3120300;4405
MG;Cristália;2025;AJUSTE FUNDEB - ITR;-0,39;3120300;4405
MG;Cristália;2025;FUNDEB - COUN VAAR;278000,64;3120300;4405
MG;Cristália;2025;FUNDEB - FPE;277075,3;3120300;4405
MG;Cristália;2025;FUNDEB - FPM;853587,59;3120300;4405
MG;Cristália;2025;FUNDEB - ICMS;2707264,71;3120300;4405
MG;Cristália;2025;FUNDEB - IPI-EXP;34450,77;3120300;4405
MG;Cristália;2025;FUNDEB - IPVA;393056,79;3120300;4405
MG;Cristália;2025;FUNDEB - ITCMD;68072,16;3120300;4405
MG;Cristália;2025;FUNDEB - ITR;9783,46;3120300;4405
MG;Cristiano Otoni;2025;AJUSTE FUNDEB - AJUSTE FUNDEB VAAR;-1219,13;3120409;4407
MG;Cristiano Otoni;2025;AJUSTE FUNDEB - FPE;-13,01;3120409;4407
MG;Cristiano Otoni;2025;AJUSTE FUNDEB - FPM;-39,11;3120409;4407
MG;Cristiano Otoni;2025;AJUSTE FUNDEB - ICME;-127,31;3120409;4407
MG;Cristiano Otoni;2025;AJUSTE FUNDEB - IPIE;-1,16;3120409;4407
MG;Cristiano Otoni;2025;AJUSTE FUNDEB - IPVA;-19,37;3120409;4407
MG;Cristiano Otoni;2025;AJUSTE FUNDEB - ITCMD;-3,3;3120409;4407
MG;Cristiano Otoni;2025;AJUSTE FUNDEB - ITR;-0,44;3120409;4407
MG;Cristiano Otoni;2025;FUNDEB - COUN VAAR;10269,76;3120409;4407
MG;Cristiano Otoni;2025;FUNDEB - FPE;289316,38;3120409;4407
MG;Cristiano Otoni;2025;FUNDEB - FPM;891298,68;3120409;4407
MG;Cristiano Otoni;2025;FUNDEB - ICMS;2827088,13;3120409;4407
MG;Cristiano Otoni;2025;FUNDEB - IPI-EXP;35972,8;3120409;4407
MG;Cristiano Otoni;2025;FUNDEB - IPVA;410426,26;3120409;4407
MG;Cristiano Otoni;2025;FUNDEB - ITCMD;71088,66;3120409;4407
MG;Cristiano Otoni;2025;FUNDEB - ITR;10217,85;3120409;4407
MG;Cristina;2025;AJUSTE FUNDEB - AJUSTE FUNDEB VAAR;-33133,88;3120508;4409
MG;Cristina;2025;AJUSTE FUNDEB - FPE;-21,78;3120508;4409
MG;Cristina;2025;AJUSTE FUNDEB - FPM;-65,41;3120508;4409
MG;Cristina;2025;AJUSTE FUNDEB - ICME;-212,68;3120508;4409
MG;Cristina;2025;AJUSTE FUNDEB - IPIE;-2,02;3120508;4409
MG;Cristina;2025;AJUSTE FUNDEB - IPVA;-32,65;3120508;4409
MG;Cristina;2025;AJUSTE FUNDEB - ITCMD;-5,58;3120508;4409
MG;Cristina;2025;AJUSTE FUNDEB - ITR;-0,7;3120508;4409
MG;Cristina;2025;FUNDEB - COUN VAAR;492055,99;3120508;4409
MG;Cristina;2025;FUNDEB - FPE;539339,6;3120508;4409
MG;Cristina;2025;FUNDEB - FPM;1661546,96;3120508;4409
MG;Cristina;2025;FUNDEB - FUNDEB - FTI;186375,22;3120508;4409
MG;Cristina;2025;FUNDEB - ICMS;5262380,63;3120508;4409
MG;Cristina;2025;FUNDEB - IPI-EXP;67060,04;3120508;4409
MG;Cristina;2025;FUNDEB - IPVA;765056,8;3120508;4409
MG;Cristina;2025;FUNDEB - ITCMD;132411,03;3120508;4409
MG;Cristina;2025;FUNDEB - ITR;19021,43;3120508;4409
MG;Crucilândia;2025;AJUSTE FUNDEB - FPE;-9,26;3120607;4411
MG;Crucilândia;2025;AJUSTE FUNDEB - FPM;-27,62;3120607;4411
MG;Crucilândia;2025;AJUSTE FUNDEB - ICME;-90,16;3120607;4411
MG;Crucilândia;2025;AJUSTE FUNDEB - IPIE;-0,8;3120607;4411
MG;Crucilândia;2025;AJUSTE FUNDEB - IPVA;-13,87;3120607;4411
MG;Crucilândia;2025;AJUSTE FUNDEB - ITCMD;-2,32;3120607;4411
MG;Crucilândia;2025;AJUSTE FUNDEB - ITR;-0,28;3120607;4411
MG;Crucilândia;2025;FUNDEB - FPE;230019,95;3120607;4411
MG;Crucilândia;2025;FUNDEB - FPM;708623,74;3120607;4411
MG;Crucilândia;2025;FUNDEB - FUNDEB - FTI;116643,89;3120607;4411
MG;Crucilândia;2025;FUNDEB - ICMS;2244563,73;3120607;4411
MG;Crucilândia;2025;FUNDEB - IPI-EXP;28600,07;3120607;4411
MG;Crucilândia;2025;FUNDEB - IPVA;326267,34;3120607;4411
MG;Crucilândia;2025;FUNDEB - ITCMD;56435,29;3120607;4411
MG;Crucilândia;2025;FUNDEB - ITR;8103,79;3120607;4411
MG;Cruzeiro da Fortaleza;2025;AJUSTE FUNDEB - FPE;513,91;3120706;4413
MG;Cruzeiro da Fortaleza;2025;AJUSTE FUNDEB - FPM;1584,74;3120706;4413
MG;Cruzeiro da Fortaleza;2025;AJUSTE FUNDEB - ICME;5108,02;3120706;4413
MG;Cruzeiro da Fortaleza;2025;AJUSTE FUNDEB - IPIE;65,54;3120706;4413
MG;Cruzeiro da Fortaleza;2025;AJUSTE FUNDEB - IPVA;819,92;3120706;4413
MG;Cruzeiro da Fortaleza;2025;AJUSTE FUNDEB - ITCMD;116,49;3120706;4413
MG;Cruzeiro da Fortaleza;2025;AJUSTE FUNDEB - ITR;19,21;3120706;4413
MG;Cruzeiro da Fortaleza;2025;FUNDEB - COUN VAAT;61157,08;3120706;4413
MG;Cruzeiro da Fortaleza;2025;FUNDEB - FPE;508149,98;3120706;4413
MG;Cruzeiro da Fortaleza;2025;FUNDEB - FPM;1565460,81;3120706;4413
MG;Cruzeiro da Fortaleza;2025;FUNDEB - FUNDEB - FTI;113886,06;3120706;4413
MG;Cruzeiro da Fortaleza;2025;FUNDEB - ICMS;4953704,79;3120706;4413
MG;Cruzeiro da Fortaleza;2025;FUNDEB - IPI-EXP;63180,97;3120706;4413
MG;Cruzeiro da Fortaleza;2025;FUNDEB - IPVA;720662,21;3120706;4413
MG;Cruzeiro da Fortaleza;2025;FUNDEB - ITCMD;124640,95;3120706;4413
MG;Cruzeiro da Fortaleza;2025;FUNDEB - ITR;17891,34;3120706;4413
MG;Cruzília;2025;AJUSTE FUNDEB - FPE;-27,92;3120805;4415
MG;Cruzília;2025;AJUSTE FUNDEB - FPM;-83,79;3120805;4415
MG;Cruzília;2025;AJUSTE FUNDEB - ICME;-272,56;3120805;4415
MG;Cruzília;2025;AJUSTE FUNDEB - IPIE;-2,58;3120805;4415
MG;Cruzília;2025;AJUSTE FUNDEB - IPVA;-41,86;3120805;4415
MG;Cruzília;2025;AJUSTE FUNDEB - ITCMD;-7,11;3120805;4415
MG;Cruzília;2025;AJUSTE FUNDEB - ITR;-0,91;3120805;4415
MG;Cruzília;2025;FUNDEB - FPE;618988,52;3120805;4415
MG;Cruzília;2025;FUNDEB - FPM;1906921,74;3120805;4415
MG;Cruzília;2025;FUNDEB - ICMS;6043980,68;3120805;4415
MG;Cruzília;2025;FUNDEB - IPI-EXP;76963,3;3120805;4415
MG;Cruzília;2025;FUNDEB - IPVA;878061,94;3120805;4415
MG;Cruzília;2025;FUNDEB - ITCMD;152011,92;3120805;4415
MG;Cruzília;2025;FUNDEB - ITR;21841,58;3120805;4415
MG;Cuparaque;2025;AJUSTE FUNDEB - FPE;-10,02;3120839;598
MG;Cuparaque;2025;AJUSTE FUNDEB - FPM;-30,23;3120839;598
MG;Cuparaque;2025;AJUSTE FUNDEB - ICME;-98,22;3120839;598
MG;Cuparaque;2025;AJUSTE FUNDEB - IPIE;-0,97;3120839;598
MG;Cuparaque;2025;AJUSTE FUNDEB - IPVA;-14,87;3120839;598
MG;Cuparaque;2025;AJUSTE FUNDEB - ITCMD;-2,48;3120839;598
MG;Cuparaque;2025;AJUSTE FUNDEB - ITR;-0,3;3120839;598
MG;Cuparaque;2025;FUNDEB - FPE;238799,64;3120839;598
MG;Cuparaque;2025;FUNDEB - FPM;735671,5;3120839;598
MG;Cuparaque;2025;FUNDEB - FUNDEB - FTI;48290,84;3120839;598
MG;Cuparaque;2025;FUNDEB - ICMS;2331819,43;3120839;598
MG;Cuparaque;2025;FUNDEB - IPI-EXP;29691,74;3120839;598
MG;Cuparaque;2025;FUNDEB - IPVA;338743,55;3120839;598
MG;Cuparaque;2025;FUNDEB - ITCMD;58636,7;3120839;598
MG;Cuparaque;2025;FUNDEB - ITR;8424,37;3120839;598
MG;Curral de Dentro;2025;AJUSTE FUNDEB - AJUSTE FUNDEB VAAR;-32131,91;3120870;600
MG;Curral de Dentro;2025;AJUSTE FUNDEB - AJUSTE FUNDEB VAAT;33874,28;3120870;600
MG;Curral de Dentro;2025;AJUSTE FUNDEB - FPE;-566,35;3120870;600
MG;Curral de Dentro;2025;AJUSTE FUNDEB - FPM;-1743,12;3120870;600
MG;Curral de Dentro;2025;AJUSTE FUNDEB - ICME;-5622,34;3120870;600
MG;Curral de Dentro;2025;AJUSTE FUNDEB - IPIE;-70,86;3120870;600
MG;Curral de Dentro;2025;AJUSTE FUNDEB - IPVA;-900,08;3120870;600
MG;Curral de Dentro;2025;AJUSTE FUNDEB - ITCMD;-129,44;3120870;600
MG;Curral de Dentro;2025;AJUSTE FUNDEB - ITR;-20,97;3120870;600
MG;Curral de Dentro;2025;FUNDEB - COUN VAAR;470086,69;3120870;600
MG;Curral de Dentro;2025;FUNDEB - COUN VAAT;1221729,41;3120870;600
MG;Curral de Dentro;2025;FUNDEB - FPE;486179,2;3120870;600
MG;Curral de Dentro;2025;FUNDEB - FPM;1497775,19;3120870;600
MG;Curral de Dentro;2025;FUNDEB - FUNDEB - FTI;200099,99;3120870;600
MG;Curral de Dentro;2025;FUNDEB - ICMS;4743474,39;3120870;600
MG;Curral de Dentro;2025;FUNDEB - IPI-EXP;60451,21;3120870;600
MG;Curral de Dentro;2025;FUNDEB - IPVA;689728,25;3120870;600
MG;Curral de Dentro;2025;FUNDEB - ITCMD;119318,55;3120870;600
MG;Curral de Dentro;2025;FUNDEB - ITR;17140,1;3120870;600
MG;Curvelo;2025;AJUSTE FUNDEB - FPE;-140,21;3120904;4417
MG;Curvelo;2025;AJUSTE FUNDEB - FPM;-420,36;3120904;4417
MG;Curvelo;2025;AJUSTE FUNDEB - ICME;-1367,94;3120904;4417
MG;Curvelo;2025;AJUSTE FUNDEB - IPIE;-13,09;3120904;4417
MG;Curvelo;2025;AJUSTE FUNDEB - IPVA;-210,09;3120904;4417
MG;Curvelo;2025;AJUSTE FUNDEB - ITCMD;-35,42;3120904;4417
MG;Curvelo;2025;AJUSTE FUNDEB - ITR;-4,65;3120904;4417
MG;Curvelo;2025;FUNDEB - FPE;3443729,11;3120904;4417
MG;Curvelo;2025;FUNDEB - FPM;10609117,26;3120904;4417
MG;Curvelo;2025;FUNDEB - FUNDEB - FTI;1002435,43;3120904;4417
MG;Curvelo;2025;FUNDEB - ICMS;33614684,19;3120904;4417
MG;Curvelo;2025;FUNDEB - IPI-EXP;428183,84;3120904;4417
MG;Curvelo;2025;FUNDEB - IPVA;4884675,41;3120904;4417
MG;Curvelo;2025;FUNDEB - ITCMD;844883,59;3120904;4417
MG;Curvelo;2025;FUNDEB - ITR;121317,5;3120904;4417
MG;Datas;2025;AJUSTE FUNDEB - AJUSTE FUNDEB VAAR;-12006,27;3121001;4419
MG;Datas;2025;AJUSTE FUNDEB - FPE;-16,64;3121001;4419
MG;Datas;2025;AJUSTE FUNDEB - FPM;-49,99;3121001;4419
MG;Datas;2025;AJUSTE FUNDEB - ICME;-162,45;3121001;4419
MG;Datas;2025;AJUSTE FUNDEB - IPIE;-1,53;3121001;4419
MG;Datas;2025;AJUSTE FUNDEB - IPVA;-25,04;3121001;4419
MG;Datas;2025;AJUSTE FUNDEB - ITCMD;-4,21;3121001;4419
MG;Datas;2025;AJUSTE FUNDEB - ITR;-0,53;3121001;4419
MG;Datas;2025;FUNDEB - COUN VAAR;192087,44;3121001;4419
MG;Datas;2025;FUNDEB - COUN VAAT;657366,45;3121001;4419
MG;Datas;2025;FUNDEB - FPE;425945,97;3121001;4419
MG;Datas;2025;FUNDEB - FPM;1312214,33;3121001;4419
MG;Datas;2025;FUNDEB - FUNDEB - FTI;62834,12;3121001;4419
MG;Datas;2025;FUNDEB - ICMS;4154115,13;3121001;4419
MG;Datas;2025;FUNDEB - IPI-EXP;52960,95;3121001;4419
MG;Datas;2025;FUNDEB - IPVA;604196,91;3121001;4419
MG;Datas;2025;FUNDEB - ITCMD;104550,96;3121001;4419
MG;Datas;2025;FUNDEB - ITR;15017,22;3121001;4419
MG;Delfim Moreira;2025;AJUSTE FUNDEB - AJUSTE FUNDEB VAAT;29183,41;3121100;4421
MG;Delfim Moreira;2025;AJUSTE FUNDEB - FPE;-16,74;3121100;4421
MG;Delfim Moreira;2025;AJUSTE FUNDEB - FPM;-50,11;3121100;4421
MG;Delfim Moreira;2025;AJUSTE FUNDEB - ICME;-162,91;3121100;4421
MG;Delfim Moreira;2025;AJUSTE FUNDEB - IPIE;-1,57;3121100;4421
MG;Delfim Moreira;2025;AJUSTE FUNDEB - IPVA;-25,08;3121100;4421
MG;Delfim Moreira;2025;AJUSTE FUNDEB - ITCMD;-4,14;3121100;4421
MG;Delfim Moreira;2025;AJUSTE FUNDEB - ITR;-0,54;3121100;4421
MG;Delfim Moreira;2025;FUNDEB - COUN VAAT;12475,72;3121100;4421
MG;Delfim Moreira;2025;FUNDEB - FPE;425938,54;3121100;4421
MG;Delfim Moreira;2025;FUNDEB - FPM;1312191,33;3121100;4421
MG;Delfim Moreira;2025;FUNDEB - FUNDEB - FTI;157190,52;3121100;4421
MG;Delfim Moreira;2025;FUNDEB - ICMS;4153982,13;3121100;4421
MG;Delfim Moreira;2025;FUNDEB - IPI-EXP;52960,03;3121100;4421
MG;Delfim Moreira;2025;FUNDEB - IPVA;604199,21;3121100;4421
MG;Delfim Moreira;2025;FUNDEB - ITCMD;104575,29;3121100;4421
MG;Delfim Moreira;2025;FUNDEB - ITR;15023,17;3121100;4421
MG;Delfinópolis;2025;AJUSTE FUNDEB - FPE;-21,61;3121209;4423
MG;Delfinópolis;2025;AJUSTE FUNDEB - FPM;-64,53;3121209;4423
MG;Delfinópolis;2025;AJUSTE FUNDEB - ICME;-210,19;3121209;4423
MG;Delfinópolis;2025;AJUSTE FUNDEB - IPIE;-2,04;3121209;4423
MG;Delfinópolis;2025;AJUSTE FUNDEB - IPVA;-32,49;3121209;4423
MG;Delfinópolis;2025;AJUSTE FUNDEB - ITCMD;-5,55;3121209;4423
MG;Delfinópolis;2025;AJUSTE FUNDEB - ITR;-0,75;3121209;4423
MG;Delfinópolis;2025;FUNDEB - FPE;385956,42;3121209;4423
MG;Delfinópolis;2025;FUNDEB - FPM;1189018,22;3121209;4423
MG;Delfinópolis;2025;FUNDEB - FUNDEB - FTI;8401;3121209;4423
MG;Delfinópolis;2025;FUNDEB - ICMS;3772153,1;3121209;4423
MG;Delfinópolis;2025;FUNDEB - IPI-EXP;47988,76;3121209;4423
MG;Delfinópolis;2025;FUNDEB - IPVA;547500,6;3121209;4423
MG;Delfinópolis;2025;FUNDEB - ITCMD;94793,64;3121209;4423
MG;Delfinópolis;2025;FUNDEB - ITR;13621,2;3121209;4423
MG;Delta;2025;AJUSTE FUNDEB - AJUSTE FUNDEB VAAR;-87781,11;3121258;602
MG;Delta;2025;AJUSTE FUNDEB - FPE;-42,56;3121258;602
MG;Delta;2025;AJUSTE FUNDEB - FPM;-127,65;3121258;602
MG;Delta;2025;AJUSTE FUNDEB - ICME;-415,45;3121258;602
MG;Delta;2025;AJUSTE FUNDEB - IPIE;-3,98;3121258;602
MG;Delta;2025;AJUSTE FUNDEB - IPVA;-64,08;3121258;602
MG;Delta;2025;AJUSTE FUNDEB - ITCMD;-10,8;3121258;602
MG;Delta;2025;AJUSTE FUNDEB - ITR;-1,43;3121258;602
MG;Delta;2025;FUNDEB - COUN VAAR;1061000,89;3121258;602
MG;Delta;2025;FUNDEB - COUN VAAT;1497439,88;3121258;602
MG;Delta;2025;FUNDEB - FPE;1040045,55;3121258;602
MG;Delta;2025;FUNDEB - FPM;3204074,65;3121258;602
MG;Delta;2025;FUNDEB - FUNDEB - FTI;281653,32;3121258;602
MG;Delta;2025;FUNDEB - ICMS;10148308,82;3121258;602
MG;Delta;2025;FUNDEB - IPI-EXP;129316,41;3121258;602
MG;Delta;2025;FUNDEB - IPVA;1475314,86;3121258;602
MG;Delta;2025;FUNDEB - ITCMD;255344,03;3121258;602
MG;Delta;2025;FUNDEB - ITR;36681,96;3121258;602
MG;Descoberto;2025;AJUSTE FUNDEB - FPE;-10,21;3121308;4425
MG;Descoberto;2025;AJUSTE FUNDEB - FPM;-30,47;3121308;4425
MG;Descoberto;2025;AJUSTE FUNDEB - ICME;-99,18;3121308;4425
MG;Descoberto;2025;AJUSTE FUNDEB - IPIE;-0,93;3121308;4425
MG;Descoberto;2025;AJUSTE FUNDEB - IPVA;-15,22;3121308;4425
MG;Descoberto;2025;AJUSTE FUNDEB - ITCMD;-2,55;3121308;4425
MG;Descoberto;2025;AJUSTE FUNDEB - ITR;-0,34;3121308;4425
MG;Descoberto;2025;FUNDEB - FPE;253216,64;3121308;4425
MG;Descoberto;2025;FUNDEB - FPM;780086,08;3121308;4425
MG;Descoberto;2025;FUNDEB - ICMS;2469098,89;3121308;4425
MG;Descoberto;2025;FUNDEB - IPI-EXP;31484,26;3121308;4425
MG;Descoberto;2025;FUNDEB - IPVA;359195,02;3121308;4425
MG;Descoberto;2025;FUNDEB - ITCMD;62177,67;3121308;4425
MG;Descoberto;2025;FUNDEB - ITR;8933,2;3121308;4425
MG;Desterro de Entre Rios;2025;AJUSTE FUNDEB - AJUSTE FUNDEB VAAR;-1668,28;3121407;4427
MG;Desterro de Entre Rios;2025;AJUSTE FUNDEB - AJUSTE FUNDEB VAAT;20658,67;3121407;4427
MG;Desterro de Entre Rios;2025;AJUSTE FUNDEB - FPE;-12,28;3121407;4427
MG;Desterro de Entre Rios;2025;AJUSTE FUNDEB - FPM;-36,81;3121407;4427
MG;Desterro de Entre Rios;2025;AJUSTE FUNDEB - ICME;-120,13;3121407;4427
MG;Desterro de Entre Rios;2025;AJUSTE FUNDEB - IPIE;-1,11;3121407;4427
MG;Desterro de Entre Rios;2025;AJUSTE FUNDEB - IPVA;-18,41;3121407;4427
MG;Desterro de Entre Rios;2025;AJUSTE FUNDEB - ITCMD;-3,08;3121407;4427
MG;Desterro de Entre Rios;2025;AJUSTE FUNDEB - ITR;-0,45;3121407;4427
MG;Desterro de Entre Rios;2025;FUNDEB - COUN VAAR;10413,6;3121407;4427
MG;Desterro de Entre Rios;2025;FUNDEB - COUN VAAT;94119,55;3121407;4427
MG;Desterro de Entre Rios;2025;FUNDEB - FPE;316098,61;3121407;4427
MG;Desterro de Entre Rios;2025;FUNDEB - FPM;973806,89;3121407;4427
MG;Desterro de Entre Rios;2025;FUNDEB - FUNDEB - FTI;62834,12;3121407;4427
MG;Desterro de Entre Rios;2025;FUNDEB - ICMS;3071136,9;3121407;4427
MG;Desterro de Entre Rios;2025;FUNDEB - IPI-EXP;39302,83;3121407;4427
MG;Desterro de Entre Rios;2025;FUNDEB - IPVA;448353,34;3121407;4427
MG;Desterro de Entre Rios;2025;FUNDEB - ITCMD;77532,44;3121407;4427
MG;Desterro de Entre Rios;2025;FUNDEB - ITR;11131,16;3121407;4427
MG;Desterro do Melo;2025;AJUSTE FUNDEB - AJUSTE FUNDEB VAAR;-7014,03;3121506;4429
MG;Desterro do Melo;2025;AJUSTE FUNDEB - FPE;-9,52;3121506;4429
MG;Desterro do Melo;2025;AJUSTE FUNDEB - FPM;-28,4;3121506;4429
MG;Desterro do Melo;2025;AJUSTE FUNDEB - ICME;-92,5;3121506;4429
MG;Desterro do Melo;2025;AJUSTE FUNDEB - IPIE;-0,91;3121506;4429
MG;Desterro do Melo;2025;AJUSTE FUNDEB - IPVA;-14,28;3121506;4429
MG;Desterro do Melo;2025;AJUSTE FUNDEB - ITCMD;-2,39;3121506;4429
MG;Desterro do Melo;2025;AJUSTE FUNDEB - ITR;-0,27;3121506;4429
MG;Desterro do Melo;2025;FUNDEB - COUN VAAR;112216,89;3121506;4429
MG;Desterro do Melo;2025;FUNDEB - FPE;220845,19;3121506;4429
MG;Desterro do Melo;2025;FUNDEB - FPM;680359,02;3121506;4429
MG;Desterro do Melo;2025;FUNDEB - ICMS;2157558,31;3121506;4429
MG;Desterro do Melo;2025;FUNDEB - IPI-EXP;27459,31;3121506;4429
MG;Desterro do Melo;2025;FUNDEB - IPVA;313279,37;3121506;4429
MG;Desterro do Melo;2025;FUNDEB - ITCMD;54237,44;3121506;4429
MG;Desterro do Melo;2025;FUNDEB - ITR;7793,23;3121506;4429
MG;Diamantina;2025;AJUSTE FUNDEB - AJUSTE FUNDEB VAAR;-110149,74;3121605;4431
MG;Diamantina;2025;AJUSTE FUNDEB - FPE;-70,86;3121605;4431
MG;Diamantina;2025;AJUSTE FUNDEB - FPM;-212,42;3121605;4431
MG;Diamantina;2025;AJUSTE FUNDEB - ICME;-690,92;3121605;4431
MG;Diamantina;2025;AJUSTE FUNDEB - IPIE;-6,62;3121605;4431
MG;Diamantina;2025;AJUSTE FUNDEB - IPVA;-106,34;3121605;4431
MG;Diamantina;2025;AJUSTE FUNDEB - ITCMD;-17,94;3121605;4431
MG;Diamantina;2025;AJUSTE FUNDEB - ITR;-2,3;3121605;4431
MG;Diamantina;2025;FUNDEB - COUN VAAR;1566435,85;3121605;4431
MG;Diamantina;2025;FUNDEB - FPE;1766098,4;3121605;4431
MG;Diamantina;2025;FUNDEB - FPM;5440830,04;3121605;4431
MG;Diamantina;2025;FUNDEB - ICMS;17229244,38;3121605;4431
MG;Diamantina;2025;FUNDEB - IPI-EXP;219591,86;3121605;4431
MG;Diamantina;2025;FUNDEB - IPVA;2505291,07;3121605;4431
MG;Diamantina;2025;FUNDEB - ITCMD;433729,6;3121605;4431
MG;Diamantina;2025;FUNDEB - ITR;62320,62;3121605;4431
MG;Diogo de Vasconcelos;2025;AJUSTE FUNDEB - AJUSTE FUNDEB VAAR;-13508,56;3121704;4433
MG;Diogo de Vasconcelos;2025;AJUSTE FUNDEB - FPE;-8,3;3121704;4433
MG;Diogo de Vasconcelos;2025;AJUSTE FUNDEB - FPM;-24,79;3121704;4433
MG;Diogo de Vasconcelos;2025;AJUSTE FUNDEB - ICME;-81,11;3121704;4433
MG;Diogo de Vasconcelos;2025;AJUSTE FUNDEB - IPIE;-0,74;3121704;4433
MG;Diogo de Vasconcelos;2025;AJUSTE FUNDEB - IPVA;-12,5;3121704;4433
MG;Diogo de Vasconcelos;2025;AJUSTE FUNDEB - ITCMD;-2,13;3121704;4433
MG;Diogo de Vasconcelos;2025;AJUSTE FUNDEB - ITR;-0,35;3121704;4433
MG;Diogo de Vasconcelos;2025;FUNDEB - COUN VAAR;172672,57;3121704;4433
MG;Diogo de Vasconcelos;2025;FUNDEB - FPE;223465,76;3121704;4433
MG;Diogo de Vasconcelos;2025;FUNDEB - FPM;688432,26;3121704;4433
MG;Diogo de Vasconcelos;2025;FUNDEB - ICMS;2180832,45;3121704;4433
MG;Diogo de Vasconcelos;2025;FUNDEB - IPI-EXP;27785,14;3121704;4433
MG;Diogo de Vasconcelos;2025;FUNDEB - IPVA;316942,86;3121704;4433
MG;Diogo de Vasconcelos;2025;FUNDEB - ITCMD;54769,81;3121704;4433
MG;Diogo de Vasconcelos;2025;FUNDEB - ITR;7859,24;3121704;4433
MG;Dionísio;2025;AJUSTE FUNDEB - FPE;-7,01;3121803;4435
MG;Dionísio;2025;AJUSTE FUNDEB - FPM;-21,02;3121803;4435
MG;Dionísio;2025;AJUSTE FUNDEB - ICME;-68,51;3121803;4435
MG;Dionísio;2025;AJUSTE FUNDEB - IPIE;-0,67;3121803;4435
MG;Dionísio;2025;AJUSTE FUNDEB - IPVA;-10,48;3121803;4435
MG;Dionísio;2025;AJUSTE FUNDEB - ITCMD;-1,8;3121803;4435
MG;Dionísio;2025;AJUSTE FUNDEB - ITR;-0,22;3121803;4435
MG;Dionísio;2025;FUNDEB - COUN VAAT;310038,99;3121803;4435
MG;Dionísio;2025;FUNDEB - FPE;256968,96;3121803;4435
MG;Dionísio;2025;FUNDEB - FPM;791645,78;3121803;4435
MG;Dionísio;2025;FUNDEB - FUNDEB - FTI;62524,22;3121803;4435
MG;Dionísio;2025;FUNDEB - ICMS;2501957,57;3121803;4435
MG;Dionísio;2025;FUNDEB - IPI-EXP;31950,84;3121803;4435
MG;Dionísio;2025;FUNDEB - IPVA;364420,04;3121803;4435
MG;Dionísio;2025;FUNDEB - ITCMD;62897,31;3121803;4435
MG;Dionísio;2025;FUNDEB - ITR;9017,57;3121803;4435
MG;Divinésia;2025;AJUSTE FUNDEB - AJUSTE FUNDEB VAAR;-9058,71;3121902;4437
MG;Divinésia;2025;AJUSTE FUNDEB - FPE;-13,46;3121902;4437
MG;Divinésia;2025;AJUSTE FUNDEB - FPM;-40,41;3121902;4437
MG;Divinésia;2025;AJUSTE FUNDEB - ICME;-131,68;3121902;4437
MG;Divinésia;2025;AJUSTE FUNDEB - IPIE;-1,25;3121902;4437
MG;Divinésia;2025;AJUSTE FUNDEB - IPVA;-20,2;3121902;4437
MG;Divinésia;2025;AJUSTE FUNDEB - ITCMD;-3,48;3121902;4437
MG;Divinésia;2025;AJUSTE FUNDEB - ITR;-0,45;3121902;4437
MG;Divinésia;2025;FUNDEB - COUN VAAR;125246,68;3121902;4437
MG;Divinésia;2025;FUNDEB - FPE;314566,52;3121902;4437
MG;Divinésia;2025;FUNDEB - FPM;969087,1;3121902;4437
MG;Divinésia;2025;FUNDEB - FUNDEB - FTI;115139,13;3121902;4437
MG;Divinésia;2025;FUNDEB - ICMS;3063639,35;3121902;4437
MG;Divinésia;2025;FUNDEB - IPI-EXP;39112,36;3121902;4437
MG;Divinésia;2025;FUNDEB - IPVA;446184,97;3121902;4437
MG;Divinésia;2025;FUNDEB - ITCMD;77166,41;3121902;4437
MG;Divinésia;2025;FUNDEB - ITR;11079,49;3121902;4437
MG;Divino;2025;AJUSTE FUNDEB - FPE;1052,19;3122009;4439
MG;Divino;2025;AJUSTE FUNDEB - FPM;3243,86;3122009;4439
MG;Divino;2025;AJUSTE FUNDEB - ICME;10456,65;3122009;4439
MG;Divino;2025;AJUSTE FUNDEB - IPIE;133,87;3122009;4439
MG;Divino;2025;AJUSTE FUNDEB - IPVA;1677,87;3122009;4439
MG;Divino;2025;AJUSTE FUNDEB - ITCMD;238,76;3122009;4439
MG;Divino;2025;AJUSTE FUNDEB - ITR;39,22;3122009;4439
MG;Divino;2025;FUNDEB - COUN VAAT;1388086,17;3122009;4439
MG;Divino;2025;FUNDEB - FPE;862887,43;3122009;4439
MG;Divino;2025;FUNDEB - FPM;2658302,76;3122009;4439
MG;Divino;2025;FUNDEB - FUNDEB - FTI;138900,09;3122009;4439
MG;Divino;2025;FUNDEB - ICMS;8417282,87;3122009;4439
MG;Divino;2025;FUNDEB - IPI-EXP;107287,01;3122009;4439
MG;Divino;2025;FUNDEB - IPVA;1223735,11;3122009;4439
MG;Divino;2025;FUNDEB - ITCMD;211680,23;3122009;4439
MG;Divino;2025;FUNDEB - ITR;30386,8;3122009;4439
MG;Divino das Laranjeiras;2025;AJUSTE FUNDEB - FPE;-6,46;3122108;4441
MG;Divino das Laranjeiras;2025;AJUSTE FUNDEB - FPM;-19,41;3122108;4441
MG;Divino das Laranjeiras;2025;AJUSTE FUNDEB - ICME;-63,14;3122108;4441
MG;Divino das Laranjeiras;2025;AJUSTE FUNDEB - IPIE;-0,6;3122108;4441
MG;Divino das Laranjeiras;2025;AJUSTE FUNDEB - IPVA;-9,55;3122108;4441
MG;Divino das Laranjeiras;2025;AJUSTE FUNDEB - ITCMD;-1,69;3122108;4441
MG;Divino das Laranjeiras;2025;AJUSTE FUNDEB - ITR;-0,23;3122108;4441
MG;Divino das Laranjeiras;2025;FUNDEB - FPE;152696,24;3122108;4441
MG;Divino das Laranjeiras;2025;FUNDEB - FPM;470412,26;3122108;4441
MG;Divino das Laranjeiras;2025;FUNDEB - FUNDEB - FTI;55525,35;3122108;4441
MG;Divino das Laranjeiras;2025;FUNDEB - ICMS;1493197,47;3122108;4441
MG;Divino das Laranjeiras;2025;FUNDEB - IPI-EXP;18985,84;3122108;4441
MG;Divino das Laranjeiras;2025;FUNDEB - IPVA;216585,01;3122108;4441
MG;Divino das Laranjeiras;2025;FUNDEB - ITCMD;37455,51;3122108;4441
MG;Divino das Laranjeiras;2025;FUNDEB - ITR;5377,63;3122108;4441
MG;Divinolândia de Minas;2025;AJUSTE FUNDEB - AJUSTE FUNDEB VAAR;-2213,66;3122207;4443
MG;Divinolândia de Minas;2025;AJUSTE FUNDEB - FPE;-17,07;3122207;4443
MG;Divinolândia de Minas;2025;AJUSTE FUNDEB - FPM;-51,31;3122207;4443
MG;Divinolândia de Minas;2025;AJUSTE FUNDEB - ICME;-166,96;3122207;4443
MG;Divinolândia de Minas;2025;AJUSTE FUNDEB - IPIE;-1,6;3122207;4443
MG;Divinolândia de Minas;2025;AJUSTE FUNDEB - IPVA;-25,77;3122207;4443
MG;Divinolândia de Minas;2025;AJUSTE FUNDEB - ITCMD;-4,31;3122207;4443
MG;Divinolândia de Minas;2025;AJUSTE FUNDEB - ITR;-0,51;3122207;4443
MG;Divinolândia de Minas;2025;FUNDEB - COUN VAAR;13829,66;3122207;4443
MG;Divinolândia de Minas;2025;FUNDEB - FPE;403941,45;3122207;4443
MG;Divinolândia de Minas;2025;FUNDEB - FPM;1244425,03;3122207;4443
MG;Divinolândia de Minas;2025;FUNDEB - FUNDEB - FTI;31977,25;3122207;4443
MG;Divinolândia de Minas;2025;FUNDEB - ICMS;3942100,25;3122207;4443
MG;Divinolândia de Minas;2025;FUNDEB - IPI-EXP;50224,97;3122207;4443
MG;Divinolândia de Minas;2025;FUNDEB - IPVA;572983,98;3122207;4443
MG;Divinolândia de Minas;2025;FUNDEB - ITCMD;99149,86;3122207;4443
MG;Divinolândia de Minas;2025;FUNDEB - ITR;14241,44;3122207;4443
MG;Divinópolis;2025;AJUSTE FUNDEB - FPE;-295,72;3122306;4445
MG;Divinópolis;2025;AJUSTE FUNDEB - FPM;-886,94;3122306;4445
MG;Divinópolis;2025;AJUSTE FUNDEB - ICME;-2886,11;3122306;4445
MG;Divinópolis;2025;AJUSTE FUNDEB - IPIE;-27,59;3122306;4445
MG;Divinópolis;2025;AJUSTE FUNDEB - IPVA;-443,93;3122306;4445
MG;Divinópolis;2025;AJUSTE FUNDEB - ITCMD;-74,72;3122306;4445
MG;Divinópolis;2025;AJUSTE FUNDEB - ITR;-9,78;3122306;4445
MG;Divinópolis;2025;FUNDEB - FPE;7529919,29;3122306;4445
MG;Divinópolis;2025;FUNDEB - FPM;23197468,61;3122306;4445
MG;Divinópolis;2025;FUNDEB - FUNDEB - FTI;1504628,21;3122306;4445
MG;Divinópolis;2025;FUNDEB - ICMS;73437431,18;3122306;4445
MG;Divinópolis;2025;FUNDEB - IPI-EXP;936249,54;3122306;4445
MG;Divinópolis;2025;FUNDEB - IPVA;10680987,23;3122306;4445
MG;Divinópolis;2025;FUNDEB - ITCMD;1848116,1;3122306;4445
MG;Divinópolis;2025;FUNDEB - ITR;265441,03;3122306;4445
MG;Divisa Alegre;2025;AJUSTE FUNDEB - AJUSTE FUNDEB VAAR;-9323,78;3122355;604
MG;Divisa Alegre;2025;AJUSTE FUNDEB - FPE;-20,73;3122355;604
MG;Divisa Alegre;2025;AJUSTE FUNDEB - FPM;-62,15;3122355;604
MG;Divisa Alegre;2025;AJUSTE FUNDEB - ICME;-202,24;3122355;604
MG;Divisa Alegre;2025;AJUSTE FUNDEB - IPIE;-1,87;3122355;604
MG;Divisa Alegre;2025;AJUSTE FUNDEB - IPVA;-31,02;3122355;604
MG;Divisa Alegre;2025;AJUSTE FUNDEB - ITCMD;-5,23;3122355;604
MG;Divisa Alegre;2025;AJUSTE FUNDEB - ITR;-0,72;3122355;604
MG;Divisa Alegre;2025;FUNDEB - COUN VAAR;31691,11;3122355;604
MG;Divisa Alegre;2025;FUNDEB - COUN VAAT;342834,73;3122355;604
MG;Divisa Alegre;2025;FUNDEB - FPE;517427,37;3122355;604
MG;Divisa Alegre;2025;FUNDEB - FPM;1594041,67;3122355;604
MG;Divisa Alegre;2025;FUNDEB - ICMS;5055589,04;3122355;604
MG;Divisa Alegre;2025;FUNDEB - IPI-EXP;64335,5;3122355;604
MG;Divisa Alegre;2025;FUNDEB - IPVA;734003,99;3122355;604
MG;Divisa Alegre;2025;FUNDEB - ITCMD;127093,07;3122355;604
MG;Divisa Alegre;2025;FUNDEB - ITR;18263,29;3122355;604
MG;Divisa Nova;2025;AJUSTE FUNDEB - AJUSTE FUNDEB VAAR;96,25;3122405;4447
MG;Divisa Nova;2025;AJUSTE FUNDEB - FPE;-14,42;3122405;4447
MG;Divisa Nova;2025;AJUSTE FUNDEB - FPM;-43,1;3122405;4447
MG;Divisa Nova;2025;AJUSTE FUNDEB - ICME;-140,28;3122405;4447
MG;Divisa Nova;2025;AJUSTE FUNDEB - IPIE;-1,33;3122405;4447
MG;Divisa Nova;2025;AJUSTE FUNDEB - IPVA;-21,47;3122405;4447
MG;Divisa Nova;2025;AJUSTE FUNDEB - ITCMD;-3,66;3122405;4447
MG;Divisa Nova;2025;AJUSTE FUNDEB - ITR;-0,48;3122405;4447
MG;Divisa Nova;2025;FUNDEB - COUN VAAR;11413,25;3122405;4447
MG;Divisa Nova;2025;FUNDEB - COUN VAAT;632512,73;3122405;4447
MG;Divisa Nova;2025;FUNDEB - FPE;404230,03;3122405;4447
MG;Divisa Nova;2025;FUNDEB - FPM;1245313,93;3122405;4447
MG;Divisa Nova;2025;FUNDEB - FUNDEB - FTI;157295,99;3122405;4447
MG;Divisa Nova;2025;FUNDEB - ICMS;3940302,46;3122405;4447
MG;Divisa Nova;2025;FUNDEB - IPI-EXP;50260,87;3122405;4447
MG;Divisa Nova;2025;FUNDEB - IPVA;573317,45;3122405;4447
MG;Divisa Nova;2025;FUNDEB - ITCMD;99064,27;3122405;4447
MG;Divisa Nova;2025;FUNDEB - ITR;14214,38;3122405;4447
MG;Divisópolis;2025;AJUSTE FUNDEB - AJUSTE FUNDEB VAAR;-23900,36;3122454;2657
MG;Divisópolis;2025;AJUSTE FUNDEB - FPE;-17,1;3122454;2657
MG;Divisópolis;2025;AJUSTE FUNDEB - FPM;-51,38;3122454;2657
MG;Divisópolis;2025;AJUSTE FUNDEB - ICME;-167,28;3122454;2657
MG;Divisópolis;2025;AJUSTE FUNDEB - IPIE;-1,62;3122454;2657
MG;Divisópolis;2025;AJUSTE FUNDEB - IPVA;-25,85;3122454;2657
MG;Divisópolis;2025;AJUSTE FUNDEB - ITCMD;-4,44;3122454;2657
MG;Divisópolis;2025;AJUSTE FUNDEB - ITR;-0,57;3122454;2657
MG;Divisópolis;2025;FUNDEB - COUN VAAR;351176,75;3122454;2657
MG;Divisópolis;2025;FUNDEB - FPE;399655,36;3122454;2657
MG;Divisópolis;2025;FUNDEB - FPM;1231220,71;3122454;2657
MG;Divisópolis;2025;FUNDEB - FUNDEB - FTI;138017,44;3122454;2657
MG;Divisópolis;2025;FUNDEB - ICMS;3907069,94;3122454;2657
MG;Divisópolis;2025;FUNDEB - IPI-EXP;49692,04;3122454;2657
MG;Divisópolis;2025;FUNDEB - IPVA;566918;3122454;2657
MG;Divisópolis;2025;FUNDEB - ITCMD;98126,55;3122454;2657
MG;Divisópolis;2025;FUNDEB - ITR;14097,13;3122454;2657
MG;Dom Bosco;2025;AJUSTE FUNDEB - AJUSTE FUNDEB VAAR;-5993,55;3122470;606
MG;Dom Bosco;2025;AJUSTE FUNDEB - FPE;-6,69;3122470;606
MG;Dom Bosco;2025;AJUSTE FUNDEB - FPM;-20,27;3122470;606
MG;Dom Bosco;2025;AJUSTE FUNDEB - ICME;-65,42;3122470;606
MG;Dom Bosco;2025;AJUSTE FUNDEB - IPIE;-0,52;3122470;606
MG;Dom Bosco;2025;AJUSTE FUNDEB - IPVA;-10,13;3122470;606
MG;Dom Bosco;2025;AJUSTE FUNDEB - ITCMD;-1,75;3122470;606
MG;Dom Bosco;2025;AJUSTE FUNDEB - ITR;-0,26;3122470;606
MG;Dom Bosco;2025;FUNDEB - COUN VAAR;88977,84;3122470;606
MG;Dom Bosco;2025;FUNDEB - FPE;206394,05;3122470;606
MG;Dom Bosco;2025;FUNDEB - FPM;635839,39;3122470;606
MG;Dom Bosco;2025;FUNDEB - FUNDEB - FTI;120745,82;3122470;606
MG;Dom Bosco;2025;FUNDEB - ICMS;2011030,35;3122470;606
MG;Dom Bosco;2025;FUNDEB - IPI-EXP;25662,45;3122470;606
MG;Dom Bosco;2025;FUNDEB - IPVA;292743,7;3122470;606
MG;Dom Bosco;2025;FUNDEB - ITCMD;50613,9;3122470;606
MG;Dom Bosco;2025;FUNDEB - ITR;7265,54;3122470;606
MG;Dom Cavati;2025;AJUSTE FUNDEB - FPE;-7,99;3122504;4449
MG;Dom Cavati;2025;AJUSTE FUNDEB - FPM;-24,18;3122504;4449
MG;Dom Cavati;2025;AJUSTE FUNDEB - ICME;-78,45;3122504;4449
MG;Dom Cavati;2025;AJUSTE FUNDEB - IPIE;-0,79;3122504;4449
MG;Dom Cavati;2025;AJUSTE FUNDEB - IPVA;-11,96;3122504;4449
MG;Dom Cavati;2025;AJUSTE FUNDEB - ITCMD;-2,1;3122504;4449
MG;Dom Cavati;2025;AJUSTE FUNDEB - ITR;-0,3;3122504;4449
MG;Dom Cavati;2025;FUNDEB - FPE;194494,36;3122504;4449
MG;Dom Cavati;2025;FUNDEB - FPM;599179,98;3122504;4449
MG;Dom Cavati;2025;FUNDEB - FUNDEB - FTI;40595,32;3122504;4449
MG;Dom Cavati;2025;FUNDEB - ICMS;1900261,88;3122504;4449
MG;Dom Cavati;2025;FUNDEB - IPI-EXP;24182,92;3122504;4449
MG;Dom Cavati;2025;FUNDEB - IPVA;275876,52;3122504;4449
MG;Dom Cavati;2025;FUNDEB - ITCMD;47718,47;3122504;4449
MG;Dom Cavati;2025;FUNDEB - ITR;6852,05;3122504;4449
MG;Dom Joaquim;2025;AJUSTE FUNDEB - AJUSTE FUNDEB VAAR;-4072,28;3122603;4451
MG;Dom Joaquim;2025;AJUSTE FUNDEB - FPE;-7,25;3122603;4451
MG;Dom Joaquim;2025;AJUSTE FUNDEB - FPM;-21,62;3122603;4451
MG;Dom Joaquim;2025;AJUSTE FUNDEB - ICME;-70,56;3122603;4451
MG;Dom Joaquim;2025;AJUSTE FUNDEB - IPIE;-0,71;3122603;4451
MG;Dom Joaquim;2025;AJUSTE FUNDEB - IPVA;-10,82;3122603;4451
MG;Dom Joaquim;2025;AJUSTE FUNDEB - ITCMD;-1,94;3122603;4451
MG;Dom Joaquim;2025;AJUSTE FUNDEB - ITR;-0,22;3122603;4451
MG;Dom Joaquim;2025;FUNDEB - COUN VAAR;65152,13;3122603;4451
MG;Dom Joaquim;2025;FUNDEB - FPE;189706,63;3122603;4451
MG;Dom Joaquim;2025;FUNDEB - FPM;584430,35;3122603;4451
MG;Dom Joaquim;2025;FUNDEB - FUNDEB - FTI;156491,72;3122603;4451
MG;Dom Joaquim;2025;FUNDEB - ICMS;1849769,31;3122603;4451
MG;Dom Joaquim;2025;FUNDEB - IPI-EXP;23587,61;3122603;4451
MG;Dom Joaquim;2025;FUNDEB - IPVA;269098,82;3122603;4451
MG;Dom Joaquim;2025;FUNDEB - ITCMD;46571,43;3122603;4451
MG;Dom Joaquim;2025;FUNDEB - ITR;6689,96;3122603;4451
MG;Dom Silvério;2025;AJUSTE FUNDEB - AJUSTE FUNDEB VAAR;-15062,49;3122702;4453
MG;Dom Silvério;2025;AJUSTE FUNDEB - FPE;-8,43;3122702;4453
MG;Dom Silvério;2025;AJUSTE FUNDEB - FPM;-25,32;3122702;4453
MG;Dom Silvério;2025;AJUSTE FUNDEB - ICME;-82,5;3122702;4453
MG;Dom Silvério;2025;AJUSTE FUNDEB - IPIE;-0,83;3122702;4453
MG;Dom Silvério;2025;AJUSTE FUNDEB - IPVA;-12,7;3122702;4453
MG;Dom Silvério;2025;AJUSTE FUNDEB - ITCMD;-2,14;3122702;4453
MG;Dom Silvério;2025;AJUSTE FUNDEB - ITR;-0,26;3122702;4453
MG;Dom Silvério;2025;FUNDEB - COUN VAAR;222988,31;3122702;4453
MG;Dom Silvério;2025;FUNDEB - FPE;218411,29;3122702;4453
MG;Dom Silvério;2025;FUNDEB - FPM;672861,06;3122702;4453
MG;Dom Silvério;2025;FUNDEB - FUNDEB - FTI;96670,25;3122702;4453
MG;Dom Silvério;2025;FUNDEB - ICMS;2132936,78;3122702;4453
MG;Dom Silvério;2025;FUNDEB - IPI-EXP;27156,69;3122702;4453
MG;Dom Silvério;2025;FUNDEB - IPVA;309821,26;3122702;4453
MG;Dom Silvério;2025;FUNDEB - ITCMD;53628,36;3122702;4453
MG;Dom Silvério;2025;FUNDEB - ITR;7704,62;3122702;4453
MG;Dom Viçoso;2025;AJUSTE FUNDEB - FPE;-4,59;3122801;4455
MG;Dom Viçoso;2025;AJUSTE FUNDEB - FPM;-13,7;3122801;4455
MG;Dom Viçoso;2025;AJUSTE FUNDEB - ICME;-44,4;3122801;4455
MG;Dom Viçoso;2025;AJUSTE FUNDEB - IPIE;-0,4;3122801;4455
MG;Dom Viçoso;2025;AJUSTE FUNDEB - IPVA;-6,78;3122801;4455
MG;Dom Viçoso;2025;AJUSTE FUNDEB - ITCMD;-1,17;3122801;4455
MG;Dom Viçoso;2025;AJUSTE FUNDEB - ITR;-0,15;3122801;4455
MG;Dom Viçoso;2025;FUNDEB - FPE;110155,86;3122801;4455
MG;Dom Viçoso;2025;FUNDEB - FPM;339357,84;3122801;4455
MG;Dom Viçoso;2025;FUNDEB - FUNDEB - FTI;719,62;3122801;4455
MG;Dom Viçoso;2025;FUNDEB - ICMS;1076371,35;3122801;4455
MG;Dom Viçoso;2025;FUNDEB - IPI-EXP;13696,46;3122801;4455
MG;Dom Viçoso;2025;FUNDEB - IPVA;156250,04;3122801;4455
MG;Dom Viçoso;2025;FUNDEB - ITCMD;27030,03;3122801;4455
MG;Dom Viçoso;2025;FUNDEB - ITR;3881,69;3122801;4455
MG;Dona Eusébia;2025;AJUSTE FUNDEB - FPE;-11,72;3122900;4457
MG;Dona Eusébia;2025;AJUSTE FUNDEB - FPM;-35,23;3122900;4457
MG;Dona Eusébia;2025;AJUSTE FUNDEB - ICME;-114,48;3122900;4457
MG;Dona Eusébia;2025;AJUSTE FUNDEB - IPIE;-1,11;3122900;4457
MG;Dona Eusébia;2025;AJUSTE FUNDEB - IPVA;-17,55;3122900;4457
MG;Dona Eusébia;2025;AJUSTE FUNDEB - ITCMD;-2,93;3122900;4457
MG;Dona Eusébia;2025;AJUSTE FUNDEB - ITR;-0,37;3122900;4457
MG;Dona Eusébia;2025;FUNDEB - FPE;317413,66;3122900;4457
MG;Dona Eusébia;2025;FUNDEB - FPM;977858,29;3122900;4457
MG;Dona Eusébia;2025;FUNDEB - FUNDEB - FTI;100691,34;3122900;4457
MG;Dona Eusébia;2025;FUNDEB - ICMS;3093290,25;3122900;4457
MG;Dona Eusébia;2025;FUNDEB - IPI-EXP;39466,35;3122900;4457
MG;Dona Eusébia;2025;FUNDEB - IPVA;450200,32;3122900;4457
MG;Dona Eusébia;2025;FUNDEB - ITCMD;77817,45;3122900;4457
MG;Dona Eusébia;2025;FUNDEB - ITR;11168,52;3122900;4457
MG;Dores de Campos;2025;AJUSTE FUNDEB - AJUSTE FUNDEB VAAR;-5999,81;3123007;4459
MG;Dores de Campos;2025;AJUSTE FUNDEB - FPE;-16,41;3123007;4459
MG;Dores de Campos;2025;AJUSTE FUNDEB - FPM;-49,25;3123007;4459
MG;Dores de Campos;2025;AJUSTE FUNDEB - ICME;-160,39;3123007;4459
MG;Dores de Campos;2025;AJUSTE FUNDEB - IPIE;-1,53;3123007;4459
MG;Dores de Campos;2025;AJUSTE FUNDEB - IPVA;-24,6;3123007;4459
MG;Dores de Campos;2025;AJUSTE FUNDEB - ITCMD;-4,17;3123007;4459
MG;Dores de Campos;2025;AJUSTE FUNDEB - ITR;-0,51;3123007;4459
MG;Dores de Campos;2025;FUNDEB - COUN VAAR;20413,28;3123007;4459
MG;Dores de Campos;2025;FUNDEB - FPE;408198,75;3123007;4459
MG;Dores de Campos;2025;FUNDEB - FPM;1257540,41;3123007;4459
MG;Dores de Campos;2025;FUNDEB - ICMS;3984219,04;3123007;4459
MG;Dores de Campos;2025;FUNDEB - IPI-EXP;50754,3;3123007;4459
MG;Dores de Campos;2025;FUNDEB - IPVA;579021,88;3123007;4459
MG;Dores de Campos;2025;FUNDEB - ITCMD;100192,81;3123007;4459
MG;Dores de Campos;2025;FUNDEB - ITR;14391,06;3123007;4459
MG;Dores de Guanhães;2025;AJUSTE FUNDEB - AJUSTE FUNDEB VAAR;-9197,29;3123106;4461
MG;Dores de Guanhães;2025;AJUSTE FUNDEB - FPE;-10,95;3123106;4461
MG;Dores de Guanhães;2025;AJUSTE FUNDEB - FPM;-32,62;3123106;4461
MG;Dores de Guanhães;2025;AJUSTE FUNDEB - ICME;-106,67;3123106;4461
MG;Dores de Guanhães;2025;AJUSTE FUNDEB - IPIE;-1,03;3123106;4461
MG;Dores de Guanhães;2025;AJUSTE FUNDEB - IPVA;-16,46;3123106;4461
MG;Dores de Guanhães;2025;AJUSTE FUNDEB - ITCMD;-2,77;3123106;4461
MG;Dores de Guanhães;2025;AJUSTE FUNDEB - ITR;-0,32;3123106;4461
MG;Dores de Guanhães;2025;FUNDEB - COUN VAAR;144729,16;3123106;4461
MG;Dores de Guanhães;2025;FUNDEB - FPE;286186,83;3123106;4461
MG;Dores de Guanhães;2025;FUNDEB - FPM;881657,48;3123106;4461
MG;Dores de Guanhães;2025;FUNDEB - FUNDEB - FTI;74754,88;3123106;4461
MG;Dores de Guanhães;2025;FUNDEB - ICMS;2791568,54;3123106;4461
MG;Dores de Guanhães;2025;FUNDEB - IPI-EXP;35583,71;3123106;4461
MG;Dores de Guanhães;2025;FUNDEB - IPVA;405923,7;3123106;4461
MG;Dores de Guanhães;2025;FUNDEB - ITCMD;70189,96;3123106;4461
MG;Dores de Guanhães;2025;FUNDEB - ITR;10076,46;3123106;4461
MG;Dores do Indaiá;2025;AJUSTE FUNDEB - FPE;-28,56;3123205;4463
MG;Dores do Indaiá;2025;AJUSTE FUNDEB - FPM;-85,69;3123205;4463
MG;Dores do Indaiá;2025;AJUSTE FUNDEB - ICME;-279,03;3123205;4463
MG;Dores do Indaiá;2025;AJUSTE FUNDEB - IPIE;-2,67;3123205;4463
MG;Dores do Indaiá;2025;AJUSTE FUNDEB - IPVA;-43,07;3123205;4463
MG;Dores do Indaiá;2025;AJUSTE FUNDEB - ITCMD;-7,21;3123205;4463
MG;Dores do Indaiá;2025;AJUSTE FUNDEB - ITR;-0,91;3123205;4463
MG;Dores do Indaiá;2025;FUNDEB - FPE;665816,04;3123205;4463
MG;Dores do Indaiá;2025;FUNDEB - FPM;2051183,59;3123205;4463
MG;Dores do Indaiá;2025;FUNDEB - ICMS;6497381,04;3123205;4463
MG;Dores do Indaiá;2025;FUNDEB - IPI-EXP;82785,75;3123205;4463
MG;Dores do Indaiá;2025;FUNDEB - IPVA;944524,11;3123205;4463
MG;Dores do Indaiá;2025;FUNDEB - ITCMD;163584,85;3123205;4463
MG;Dores do Indaiá;2025;FUNDEB - ITR;23511,29;3123205;4463
MG;Dores do Turvo;2025;AJUSTE FUNDEB - AJUSTE FUNDEB VAAR;-7045,14;3123304;4465
MG;Dores do Turvo;2025;AJUSTE FUNDEB - FPE;-10,63;3123304;4465
MG;Dores do Turvo;2025;AJUSTE FUNDEB - FPM;-31,65;3123304;4465
MG;Dores do Turvo;2025;AJUSTE FUNDEB - ICME;-103,27;3123304;4465
MG;Dores do Turvo;2025;AJUSTE FUNDEB - IPIE;-0,96;3123304;4465
MG;Dores do Turvo;2025;AJUSTE FUNDEB - IPVA;-15,92;3123304;4465
MG;Dores do Turvo;2025;AJUSTE FUNDEB - ITCMD;-2,67;3123304;4465
MG;Dores do Turvo;2025;AJUSTE FUNDEB - ITR;-0,36;3123304;4465
MG;Dores do Turvo;2025;FUNDEB - COUN VAAR;112714,52;3123304;4465
MG;Dores do Turvo;2025;FUNDEB - FPE;255520,24;3123304;4465
MG;Dores do Turvo;2025;FUNDEB - FPM;787182,68;3123304;4465
MG;Dores do Turvo;2025;FUNDEB - FUNDEB - FTI;111950,61;3123304;4465
MG;Dores do Turvo;2025;FUNDEB - ICMS;2488888,25;3123304;4465
MG;Dores do Turvo;2025;FUNDEB - IPI-EXP;31770,66;3123304;4465
MG;Dores do Turvo;2025;FUNDEB - IPVA;362428,49;3123304;4465
MG;Dores do Turvo;2025;FUNDEB - ITCMD;62672,66;3123304;4465
MG;Dores do Turvo;2025;FUNDEB - ITR;8997,63;3123304;4465
MG;Doresópolis;2025;AJUSTE FUNDEB - FPE;-4,72;3123403;4467
MG;Doresópolis;2025;AJUSTE FUNDEB - FPM;-14,09;3123403;4467
MG;Doresópolis;2025;AJUSTE FUNDEB - ICME;-45,65;3123403;4467
MG;Doresópolis;2025;AJUSTE FUNDEB - IPIE;-0,41;3123403;4467
MG;Doresópolis;2025;AJUSTE FUNDEB - IPVA;-7,09;3123403;4467
MG;Doresópolis;2025;AJUSTE FUNDEB - ITCMD;-1,18;3123403;4467
MG;Doresópolis;2025;AJUSTE FUNDEB - ITR;-0,16;3123403;4467
MG;Doresópolis;2025;FUNDEB - FPE;105394,17;3123403;4467
MG;Doresópolis;2025;FUNDEB - FPM;324688,45;3123403;4467
MG;Doresópolis;2025;FUNDEB - FUNDEB - FTI;15708,5;3123403;4467
MG;Doresópolis;2025;FUNDEB - ICMS;1030744,59;3123403;4467
MG;Doresópolis;2025;FUNDEB - IPI-EXP;13104,41;3123403;4467
MG;Doresópolis;2025;FUNDEB - IPVA;149499,34;3123403;4467
MG;Doresópolis;2025;FUNDEB - ITCMD;25868,6;3123403;4467
MG;Doresópolis;2025;FUNDEB - ITR;3715,55;3123403;4467
MG;Douradoquara;2025;AJUSTE FUNDEB - FPE;-0,88;3123502;4469
MG;Douradoquara;2025;AJUSTE FUNDEB - FPM;-2,57;3123502;4469
MG;Douradoquara;2025;AJUSTE FUNDEB - ICME;-8,5;3123502;4469
MG;Douradoquara;2025;AJUSTE FUNDEB - IPIE;-0,1;3123502;4469
MG;Douradoquara;2025;AJUSTE FUNDEB - IPVA;-1,34;3123502;4469
MG;Douradoquara;2025;AJUSTE FUNDEB - ITCMD;-0,2;3123502;4469
MG;Douradoquara;2025;AJUSTE FUNDEB - ITR;-0,03;3123502;4469
MG;Douradoquara;2025;FUNDEB - FPE;20013,83;3123502;4469
MG;Douradoquara;2025;FUNDEB - FPM;61656,82;3123502;4469
MG;Douradoquara;2025;FUNDEB - ICMS;195164,19;3123502;4469
MG;Douradoquara;2025;FUNDEB - IPI-EXP;2488,46;3123502;4469
MG;Douradoquara;2025;FUNDEB - IPVA;28394,43;3123502;4469
MG;Douradoquara;2025;FUNDEB - ITCMD;4923,14;3123502;4469
MG;Douradoquara;2025;FUNDEB - ITR;708,14;3123502;4469
MG;Durandé;2025;AJUSTE FUNDEB - AJUSTE FUNDEB VAAR;-10264,44;3123528;2675
MG;Durandé;2025;AJUSTE FUNDEB - FPE;-13,81;3123528;2675
MG;Durandé;2025;AJUSTE FUNDEB - FPM;-41,3;3123528;2675
MG;Durandé;2025;AJUSTE FUNDEB - ICME;-134,88;3123528;2675
MG;Durandé;2025;AJUSTE FUNDEB - IPIE;-1,3;3123528;2675
MG;Durandé;2025;AJUSTE FUNDEB - IPVA;-20,83;3123528;2675
MG;Durandé;2025;AJUSTE FUNDEB - ITCMD;-3,51;3123528;2675
MG;Durandé;2025;AJUSTE FUNDEB - ITR;-0,45;3123528;2675
MG;Durandé;2025;FUNDEB - COUN VAAR;164219,85;3123528;2675
MG;Durandé;2025;FUNDEB - FPE;334921,57;3123528;2675
MG;Durandé;2025;FUNDEB - FPM;1031794,83;3123528;2675
MG;Durandé;2025;FUNDEB - ICMS;3264837,97;3123528;2675
MG;Durandé;2025;FUNDEB - IPI-EXP;41643,24;3123528;2675
MG;Durandé;2025;FUNDEB - IPVA;475088,5;3123528;2675
MG;Durandé;2025;FUNDEB - ITCMD;82225,24;3123528;2675
MG;Durandé;2025;FUNDEB - ITR;11812,03;3123528;2675
MG;Elói Mendes;2025;AJUSTE FUNDEB - AJUSTE FUNDEB VAAR;-25063,98;3123601;4471
MG;Elói Mendes;2025;AJUSTE FUNDEB - AJUSTE FUNDEB VAAT;-46212,9;3123601;4471
MG;Elói Mendes;2025;AJUSTE FUNDEB - FPE;-55,25;3123601;4471
MG;Elói Mendes;2025;AJUSTE FUNDEB - FPM;-165,63;3123601;4471
MG;Elói Mendes;2025;AJUSTE FUNDEB - ICME;-539,17;3123601;4471
MG;Elói Mendes;2025;AJUSTE FUNDEB - IPIE;-5,13;3123601;4471
MG;Elói Mendes;2025;AJUSTE FUNDEB - IPVA;-82,85;3123601;4471
MG;Elói Mendes;2025;AJUSTE FUNDEB - ITCMD;-13,95;3123601;4471
MG;Elói Mendes;2025;AJUSTE FUNDEB - ITR;-1,84;3123601;4471
MG;Elói Mendes;2025;FUNDEB - COUN VAAR;104583,53;3123601;4471
MG;Elói Mendes;2025;FUNDEB - COUN VAAT;57079,31;3123601;4471
MG;Elói Mendes;2025;FUNDEB - FPE;1398683,65;3123601;4471
MG;Elói Mendes;2025;FUNDEB - FPM;4308933,33;3123601;4471
MG;Elói Mendes;2025;FUNDEB - ICMS;13646620,39;3123601;4471
MG;Elói Mendes;2025;FUNDEB - IPI-EXP;173908,47;3123601;4471
MG;Elói Mendes;2025;FUNDEB - IPVA;1983947,83;3123601;4471
MG;Elói Mendes;2025;FUNDEB - ITCMD;343190,53;3123601;4471
MG;Elói Mendes;2025;FUNDEB - ITR;49282,57;3123601;4471
MG;Engenheiro Caldas;2025;AJUSTE FUNDEB - AJUSTE FUNDEB VAAR;-14626,28;3123700;4473
MG;Engenheiro Caldas;2025;AJUSTE FUNDEB - FPE;-25,32;3123700;4473
MG;Engenheiro Caldas;2025;AJUSTE FUNDEB - FPM;-75,99;3123700;4473
MG;Engenheiro Caldas;2025;AJUSTE FUNDEB - ICME;-247,23;3123700;4473
MG;Engenheiro Caldas;2025;AJUSTE FUNDEB - IPIE;-2,38;3123700;4473
MG;Engenheiro Caldas;2025;AJUSTE FUNDEB - IPVA;-37,9;3123700;4473
MG;Engenheiro Caldas;2025;AJUSTE FUNDEB - ITCMD;-6,5;3123700;4473
MG;Engenheiro Caldas;2025;AJUSTE FUNDEB - ITR;-0,86;3123700;4473
MG;Engenheiro Caldas;2025;FUNDEB - COUN VAAR;234004,99;3123700;4473
MG;Engenheiro Caldas;2025;FUNDEB - FPE;614196,15;3123700;4473
MG;Engenheiro Caldas;2025;FUNDEB - FPM;1892157,85;3123700;4473
MG;Engenheiro Caldas;2025;FUNDEB - ICMS;6001210,47;3123700;4473
MG;Engenheiro Caldas;2025;FUNDEB - IPI-EXP;76367,45;3123700;4473
MG;Engenheiro Caldas;2025;FUNDEB - IPVA;871314,74;3123700;4473
MG;Engenheiro Caldas;2025;FUNDEB - ITCMD;150940,53;3123700;4473
MG;Engenheiro Caldas;2025;FUNDEB - ITR;21697,61;3123700;4473
MG;Engenheiro Navarro;2025;AJUSTE FUNDEB - FPE;-14,06;3123809;4475
MG;Engenheiro Navarro;2025;AJUSTE FUNDEB - FPM;-42,07;3123809;4475
MG;Engenheiro Navarro;2025;AJUSTE FUNDEB - ICME;-136,83;3123809;4475
MG;Engenheiro Navarro;2025;AJUSTE FUNDEB - IPIE;-1,32;3123809;4475
MG;Engenheiro Navarro;2025;AJUSTE FUNDEB - IPVA;-20,87;3123809;4475
MG;Engenheiro Navarro;2025;AJUSTE FUNDEB - ITCMD;-3,51;3123809;4475
MG;Engenheiro Navarro;2025;AJUSTE FUNDEB - ITR;-0,44;3123809;4475
MG;Engenheiro Navarro;2025;FUNDEB - FPE;322632,18;3123809;4475
MG;Engenheiro Navarro;2025;FUNDEB - FPM;993934,94;3123809;4475
MG;Engenheiro Navarro;2025;FUNDEB - FUNDEB - FTI;159701,15;3123809;4475
MG;Engenheiro Navarro;2025;FUNDEB - ICMS;3149567,06;3123809;4475
MG;Engenheiro Navarro;2025;FUNDEB - IPI-EXP;40115,19;3123809;4475
MG;Engenheiro Navarro;2025;FUNDEB - IPVA;457585,8;3123809;4475
MG;Engenheiro Navarro;2025;FUNDEB - ITCMD;79063,54;3123809;4475
MG;Engenheiro Navarro;2025;FUNDEB - ITR;11344,23;3123809;4475
MG;Entre Folhas;2025;AJUSTE FUNDEB - AJUSTE FUNDEB VAAR;-3272,7;3123858;2663
MG;Entre Folhas;2025;AJUSTE FUNDEB - FPE;-11,66;3123858;2663
MG;Entre Folhas;2025;AJUSTE FUNDEB - FPM;-34,75;3123858;2663
MG;Entre Folhas;2025;AJUSTE FUNDEB - ICME;-113,1;3123858;2663
MG;Entre Folhas;2025;AJUSTE FUNDEB - IPIE;-1,06;3123858;2663
MG;Entre Folhas;2025;AJUSTE FUNDEB - IPVA;-17,21;3123858;2663
MG;Entre Folhas;2025;AJUSTE FUNDEB - ITCMD;-2,94;3123858;2663
MG;Entre Folhas;2025;AJUSTE FUNDEB - ITR;-0,36;3123858;2663
MG;Entre Folhas;2025;FUNDEB - COUN VAAR;13261,26;3123858;2663
MG;Entre Folhas;2025;FUNDEB - COUN VAAT;98657,82;3123858;2663
MG;Entre Folhas;2025;FUNDEB - FPE;303483,25;3123858;2663
MG;Entre Folhas;2025;FUNDEB - FPM;934942,68;3123858;2663
MG;Entre Folhas;2025;FUNDEB - FUNDEB - FTI;137098,25;3123858;2663
MG;Entre Folhas;2025;FUNDEB - ICMS;2958833,31;3123858;2663
MG;Entre Folhas;2025;FUNDEB - IPI-EXP;37734,24;3123858;2663
MG;Entre Folhas;2025;FUNDEB - IPVA;430495,91;3123858;2663
MG;Entre Folhas;2025;FUNDEB - ITCMD;74513,08;3123858;2663
MG;Entre Folhas;2025;FUNDEB - ITR;10704,73;3123858;2663
MG;Entre Rios de Minas;2025;AJUSTE FUNDEB - FPE;-21,44;3123908;4477
MG;Entre Rios de Minas;2025;AJUSTE FUNDEB - FPM;-64,18;3123908;4477
MG;Entre Rios de Minas;2025;AJUSTE FUNDEB - ICME;-209,1;3123908;4477
MG;Entre Rios de Minas;2025;AJUSTE FUNDEB - IPIE;-1,95;3123908;4477
MG;Entre Rios de Minas;2025;AJUSTE FUNDEB - IPVA;-32,23;3123908;4477
MG;Entre Rios de Minas;2025;AJUSTE FUNDEB - ITCMD;-5,47;3123908;4477
MG;Entre Rios de Minas;2025;AJUSTE FUNDEB - ITR;-0,7;3123908;4477
MG;Entre Rios de Minas;2025;FUNDEB - FPE;515059,22;3123908;4477
MG;Entre Rios de Minas;2025;FUNDEB - FPM;1586746,04;3123908;4477
MG;Entre Rios de Minas;2025;FUNDEB - ICMS;5026638,04;3123908;4477
MG;Entre Rios de Minas;2025;FUNDEB - IPI-EXP;64041,05;3123908;4477
MG;Entre Rios de Minas;2025;FUNDEB - IPVA;730640,42;3123908;4477
MG;Entre Rios de Minas;2025;FUNDEB - ITCMD;126502,67;3123908;4477
MG;Entre Rios de Minas;2025;FUNDEB - ITR;18177,65;3123908;4477
MG;Ervália;2025;AJUSTE FUNDEB - AJUSTE FUNDEB VAAR;-29715,43;3124005;4479
MG;Ervália;2025;AJUSTE FUNDEB - FPE;-41;3124005;4479
MG;Ervália;2025;AJUSTE FUNDEB - FPM;-122,77;3124005;4479
MG;Ervália;2025;AJUSTE FUNDEB - ICME;-399,82;3124005;4479
MG;Ervália;2025;AJUSTE FUNDEB - IPIE;-3,79;3124005;4479
MG;Ervália;2025;AJUSTE FUNDEB - IPVA;-61,33;3124005;4479
MG;Ervália;2025;AJUSTE FUNDEB - ITCMD;-10,35;3124005;4479
MG;Ervália;2025;AJUSTE FUNDEB - ITR;-1,35;3124005;4479
MG;Ervália;2025;FUNDEB - COUN VAAR;73972,4;3124005;4479
MG;Ervália;2025;FUNDEB - COUN VAAT;1150833,37;3124005;4479
MG;Ervália;2025;FUNDEB - FPE;1049865,7;3124005;4479
MG;Ervália;2025;FUNDEB - FPM;3234327,79;3124005;4479
MG;Ervália;2025;FUNDEB - FUNDEB - FTI;230278,26;3124005;4479
MG;Ervália;2025;FUNDEB - ICMS;10224008,8;3124005;4479
MG;Ervália;2025;FUNDEB - IPI-EXP;130537,42;3124005;4479
MG;Ervália;2025;FUNDEB - IPVA;1489101,87;3124005;4479
MG;Ervália;2025;FUNDEB - ITCMD;257460,18;3124005;4479
MG;Ervália;2025;FUNDEB - ITR;36958,19;3124005;4479
MG;Esmeraldas;2025;AJUSTE FUNDEB - AJUSTE FUNDEB VAAR;-77283,77;3124104;4481
MG;Esmeraldas;2025;AJUSTE FUNDEB - FPE;-1251,69;3124104;4481
MG;Esmeraldas;2025;AJUSTE FUNDEB - FPM;-3841,26;3124104;4481
MG;Esmeraldas;2025;AJUSTE FUNDEB - ICME;-12401,87;3124104;4481
MG;Esmeraldas;2025;AJUSTE FUNDEB - IPIE;-152,17;3124104;4481
MG;Esmeraldas;2025;AJUSTE FUNDEB - IPVA;-1976,5;3124104;4481
MG;Esmeraldas;2025;AJUSTE FUNDEB - ITCMD;-289,45;3124104;4481
MG;Esmeraldas;2025;AJUSTE FUNDEB - ITR;-45,77;3124104;4481
MG;Esmeraldas;2025;FUNDEB - COUN VAAR;324796,29;3124104;4481
MG;Esmeraldas;2025;FUNDEB - COUN VAAT;589993,53;3124104;4481
MG;Esmeraldas;2025;FUNDEB - FPE;4291841,04;3124104;4481
MG;Esmeraldas;2025;FUNDEB - FPM;13221901,02;3124104;4481
MG;Esmeraldas;2025;FUNDEB - FUNDEB - FTI;145075,08;3124104;4481
MG;Esmeraldas;2025;FUNDEB - ICMS;41870196,98;3124104;4481
MG;Esmeraldas;2025;FUNDEB - IPI-EXP;533637,82;3124104;4481
MG;Esmeraldas;2025;FUNDEB - IPVA;6088081,13;3124104;4481
MG;Esmeraldas;2025;FUNDEB - ITCMD;1053425,85;3124104;4481
MG;Esmeraldas;2025;FUNDEB - ITR;151312,77;3124104;4481
MG;Espera Feliz;2025;AJUSTE FUNDEB - AJUSTE FUNDEB VAAR;9849,24;3124203;4483
MG;Espera Feliz;2025;AJUSTE FUNDEB - AJUSTE FUNDEB VAAT;82523,63;3124203;4483
MG;Espera Feliz;2025;AJUSTE FUNDEB - FPE;-42,43;3124203;4483
MG;Espera Feliz;2025;AJUSTE FUNDEB - FPM;-127,08;3124203;4483
MG;Espera Feliz;2025;AJUSTE FUNDEB - ICME;-413,61;3124203;4483
MG;Espera Feliz;2025;AJUSTE FUNDEB - IPIE;-3,96;3124203;4483
MG;Espera Feliz;2025;AJUSTE FUNDEB - IPVA;-63,63;3124203;4483
MG;Espera Feliz;2025;AJUSTE FUNDEB - ITCMD;-10,69;3124203;4483
MG;Espera Feliz;2025;AJUSTE FUNDEB - ITR;-1,39;3124203;4483
MG;Espera Feliz;2025;FUNDEB - COUN VAAR;37447,23;3124203;4483
MG;Espera Feliz;2025;FUNDEB - COUN VAAT;2579414,97;3124203;4483
MG;Espera Feliz;2025;FUNDEB - FPE;1157432,39;3124203;4483
MG;Espera Feliz;2025;FUNDEB - FPM;3565709,09;3124203;4483
MG;Espera Feliz;2025;FUNDEB - ICMS;11274822,83;3124203;4483
MG;Espera Feliz;2025;FUNDEB - IPI-EXP;143911,97;3124203;4483
MG;Espera Feliz;2025;FUNDEB - IPVA;1641831,81;3124203;4483
MG;Espera Feliz;2025;FUNDEB - ITCMD;284169,23;3124203;4483
MG;Espera Feliz;2025;FUNDEB - ITR;40823,41;3124203;4483
MG;Espinosa;2025;AJUSTE FUNDEB - AJUSTE FUNDEB VAAR;-77656,43;3124302;4485
MG;Espinosa;2025;AJUSTE FUNDEB - AJUSTE FUNDEB VAAT;97233,31;3124302;4485
MG;Espinosa;2025;AJUSTE FUNDEB - FPE;-48,6;3124302;4485
MG;Espinosa;2025;AJUSTE FUNDEB - FPM;-145,76;3124302;4485
MG;Espinosa;2025;AJUSTE FUNDEB - ICME;-473,96;3124302;4485
MG;Espinosa;2025;AJUSTE FUNDEB - IPIE;-4,54;3124302;4485
MG;Espinosa;2025;AJUSTE FUNDEB - IPVA;-72,99;3124302;4485
MG;Espinosa;2025;AJUSTE FUNDEB - ITCMD;-12,28;3124302;4485
MG;Espinosa;2025;AJUSTE FUNDEB - ITR;-1,6;3124302;4485
MG;Espinosa;2025;FUNDEB - COUN VAAR;1152893,54;3124302;4485
MG;Espinosa;2025;FUNDEB - COUN VAAT;4089295,78;3124302;4485
MG;Espinosa;2025;FUNDEB - FPE;1352671,5;3124302;4485
MG;Espinosa;2025;FUNDEB - FPM;4167183,39;3124302;4485
MG;Espinosa;2025;FUNDEB - FUNDEB - FTI;287847,83;3124302;4485
MG;Espinosa;2025;FUNDEB - ICMS;13183175,71;3124302;4485
MG;Espinosa;2025;FUNDEB - IPI-EXP;168187,48;3124302;4485
MG;Espinosa;2025;FUNDEB - IPVA;1918742,27;3124302;4485
MG;Espinosa;2025;FUNDEB - ITCMD;332024,08;3124302;4485
MG;Espinosa;2025;FUNDEB - ITR;47690,7;3124302;4485
MG;Espírito Santo do Dourado;2025;AJUSTE FUNDEB - AJUSTE FUNDEB VAAR;-13266,01;3124401;4487
MG;Espírito Santo do Dourado;2025;AJUSTE FUNDEB - AJUSTE FUNDEB VAAT;31166,73;3124401;4487
MG;Espírito Santo do Dourado;2025;AJUSTE FUNDEB - FPE;-16,96;3124401;4487
MG;Espírito Santo do Dourado;2025;AJUSTE FUNDEB - FPM;-50,93;3124401;4487
MG;Espírito Santo do Dourado;2025;AJUSTE FUNDEB - ICME;-165,79;3124401;4487
MG;Espírito Santo do Dourado;2025;AJUSTE FUNDEB - IPIE;-1,54;3124401;4487
MG;Espírito Santo do Dourado;2025;AJUSTE FUNDEB - IPVA;-25,67;3124401;4487
MG;Espírito Santo do Dourado;2025;AJUSTE FUNDEB - ITCMD;-4,28;3124401;4487
MG;Espírito Santo do Dourado;2025;AJUSTE FUNDEB - ITR;-0,6;3124401;4487
MG;Espírito Santo do Dourado;2025;FUNDEB - COUN VAAR;212241,7;3124401;4487
MG;Espírito Santo do Dourado;2025;FUNDEB - COUN VAAT;1041226,39;3124401;4487
MG;Espírito Santo do Dourado;2025;FUNDEB - FPE;474727,68;3124401;4487
MG;Espírito Santo do Dourado;2025;FUNDEB - FPM;1462496,47;3124401;4487
MG;Espírito Santo do Dourado;2025;FUNDEB - ICMS;4616314,79;3124401;4487
MG;Espírito Santo do Dourado;2025;FUNDEB - IPI-EXP;59026,3;3124401;4487
MG;Espírito Santo do Dourado;2025;FUNDEB - IPVA;673348,96;3124401;4487
MG;Espírito Santo do Dourado;2025;FUNDEB - ITCMD;116433,96;3124401;4487
MG;Espírito Santo do Dourado;2025;FUNDEB - ITR;16715,47;3124401;4487
MG;Estiva;2025;AJUSTE FUNDEB - FPE;-15,68;3124500;4489
MG;Estiva;2025;AJUSTE FUNDEB - FPM;-47,19;3124500;4489
MG;Estiva;2025;AJUSTE FUNDEB - ICME;-153,54;3124500;4489
MG;Estiva;2025;AJUSTE FUNDEB - IPIE;-1,49;3124500;4489
MG;Estiva;2025;AJUSTE FUNDEB - IPVA;-23,43;3124500;4489
MG;Estiva;2025;AJUSTE FUNDEB - ITCMD;-3,97;3124500;4489
MG;Estiva;2025;AJUSTE FUNDEB - ITR;-0,54;3124500;4489
MG;Estiva;2025;FUNDEB - FPE;409949,63;3124500;4489
MG;Estiva;2025;FUNDEB - FPM;1262934,36;3124500;4489
MG;Estiva;2025;FUNDEB - FUNDEB - FTI;33153,63;3124500;4489
MG;Estiva;2025;FUNDEB - ICMS;3996385,78;3124500;4489
MG;Estiva;2025;FUNDEB - IPI-EXP;50972,03;3124500;4489
MG;Estiva;2025;FUNDEB - IPVA;581510,36;3124500;4489
MG;Estiva;2025;FUNDEB - ITCMD;100632,83;3124500;4489
MG;Estiva;2025;FUNDEB - ITR;14455,2;3124500;4489
MG;Estrela Dalva;2025;AJUSTE FUNDEB - AJUSTE FUNDEB VAAR;-641,64;3124609;4491
MG;Estrela Dalva;2025;AJUSTE FUNDEB - FPE;-5,18;3124609;4491
MG;Estrela Dalva;2025;AJUSTE FUNDEB - FPM;-15,49;3124609;4491
MG;Estrela Dalva;2025;AJUSTE FUNDEB - ICME;-50,44;3124609;4491
MG;Estrela Dalva;2025;AJUSTE FUNDEB - IPIE;-0,47;3124609;4491
MG;Estrela Dalva;2025;AJUSTE FUNDEB - IPVA;-7,8;3124609;4491
MG;Estrela Dalva;2025;AJUSTE FUNDEB - ITCMD;-1,24;3124609;4491
MG;Estrela Dalva;2025;AJUSTE FUNDEB - ITR;-0,15;3124609;4491
MG;Estrela Dalva;2025;FUNDEB - COUN VAAR;4056,12;3124609;4491
MG;Estrela Dalva;2025;FUNDEB - FPE;112851,86;3124609;4491
MG;Estrela Dalva;2025;FUNDEB - FPM;347663,46;3124609;4491
MG;Estrela Dalva;2025;FUNDEB - ICMS;1103129,05;3124609;4491
MG;Estrela Dalva;2025;FUNDEB - IPI-EXP;14031,7;3124609;4491
MG;Estrela Dalva;2025;FUNDEB - IPVA;160083,16;3124609;4491
MG;Estrela Dalva;2025;FUNDEB - ITCMD;27710,18;3124609;4491
MG;Estrela Dalva;2025;FUNDEB - ITR;3981,13;3124609;4491
MG;Estrela do Indaiá;2025;AJUSTE FUNDEB - AJUSTE FUNDEB VAAR;-6989,5;3124708;4493
MG;Estrela do Indaiá;2025;AJUSTE FUNDEB - FPE;-4,13;3124708;4493
MG;Estrela do Indaiá;2025;AJUSTE FUNDEB - FPM;-12,26;3124708;4493
MG;Estrela do Indaiá;2025;AJUSTE FUNDEB - ICME;-40,25;3124708;4493
MG;Estrela do Indaiá;2025;AJUSTE FUNDEB - IPIE;-0,37;3124708;4493
MG;Estrela do Indaiá;2025;AJUSTE FUNDEB - IPVA;-6,2;3124708;4493
MG;Estrela do Indaiá;2025;AJUSTE FUNDEB - ITCMD;-1,08;3124708;4493
MG;Estrela do Indaiá;2025;AJUSTE FUNDEB - ITR;-0,14;3124708;4493
MG;Estrela do Indaiá;2025;FUNDEB - COUN VAAR;103328,24;3124708;4493
MG;Estrela do Indaiá;2025;FUNDEB - FPE;121289,25;3124708;4493
MG;Estrela do Indaiá;2025;FUNDEB - FPM;373656,54;3124708;4493
MG;Estrela do Indaiá;2025;FUNDEB - FUNDEB - FTI;22533,08;3124708;4493
MG;Estrela do Indaiá;2025;FUNDEB - ICMS;1181798,74;3124708;4493
MG;Estrela do Indaiá;2025;FUNDEB - IPI-EXP;15080,79;3124708;4493
MG;Estrela do Indaiá;2025;FUNDEB - IPVA;172029,07;3124708;4493
MG;Estrela do Indaiá;2025;FUNDEB - ITCMD;29734,67;3124708;4493
MG;Estrela do Indaiá;2025;FUNDEB - ITR;4267,5;3124708;4493
MG;Estrela do Sul;2025;AJUSTE FUNDEB - FPE;-12,7;3124807;4495
MG;Estrela do Sul;2025;AJUSTE FUNDEB - FPM;-38,23;3124807;4495
MG;Estrela do Sul;2025;AJUSTE FUNDEB - ICME;-123,99;3124807;4495
MG;Estrela do Sul;2025;AJUSTE FUNDEB - IPIE;-1,15;3124807;4495
MG;Estrela do Sul;2025;AJUSTE FUNDEB - IPVA;-19,25;3124807;4495
MG;Estrela do Sul;2025;AJUSTE FUNDEB - ITCMD;-3,19;3124807;4495
MG;Estrela do Sul;2025;AJUSTE FUNDEB - ITR;-0,4;3124807;4495
MG;Estrela do Sul;2025;FUNDEB - FPE;304309,43;3124807;4495
MG;Estrela do Sul;2025;FUNDEB - FPM;937487,92;3124807;4495
MG;Estrela do Sul;2025;FUNDEB - ICMS;2969111,01;3124807;4495
MG;Estrela do Sul;2025;FUNDEB - IPI-EXP;37836,98;3124807;4495
MG;Estrela do Sul;2025;FUNDEB - IPVA;431686,75;3124807;4495
MG;Estrela do Sul;2025;FUNDEB - ITCMD;74754,67;3124807;4495
MG;Estrela do Sul;2025;FUNDEB - ITR;10743,09;3124807;4495
MG;Eugenópolis;2025;AJUSTE FUNDEB - AJUSTE FUNDEB VAAR;-5999,81;3124906;4497
MG;Eugenópolis;2025;AJUSTE FUNDEB - FPE;-17,81;3124906;4497
MG;Eugenópolis;2025;AJUSTE FUNDEB - FPM;-53,45;3124906;4497
MG;Eugenópolis;2025;AJUSTE FUNDEB - ICME;-174,06;3124906;4497
MG;Eugenópolis;2025;AJUSTE FUNDEB - IPIE;-1,61;3124906;4497
MG;Eugenópolis;2025;AJUSTE FUNDEB - IPVA;-26,77;3124906;4497
MG;Eugenópolis;2025;AJUSTE FUNDEB - ITCMD;-4,54;3124906;4497
MG;Eugenópolis;2025;AJUSTE FUNDEB - ITR;-0,6;3124906;4497
MG;Eugenópolis;2025;FUNDEB - COUN VAAR;20362,94;3124906;4497
MG;Eugenópolis;2025;FUNDEB - FPE;435132,41;3124906;4497
MG;Eugenópolis;2025;FUNDEB - FPM;1340515,02;3124906;4497
MG;Eugenópolis;2025;FUNDEB - FUNDEB - FTI;109732,82;3124906;4497
MG;Eugenópolis;2025;FUNDEB - ICMS;4247409,8;3124906;4497
MG;Eugenópolis;2025;FUNDEB - IPI-EXP;54103,17;3124906;4497
MG;Eugenópolis;2025;FUNDEB - IPVA;617265,01;3124906;4497
MG;Eugenópolis;2025;FUNDEB - ITCMD;106883,1;3124906;4497
MG;Eugenópolis;2025;FUNDEB - ITR;15359,5;3124906;4497
MG;Ewbank da Câmara;2025;AJUSTE FUNDEB - FPE;-11,38;3125002;4499
MG;Ewbank da Câmara;2025;AJUSTE FUNDEB - FPM;-34,19;3125002;4499
MG;Ewbank da Câmara;2025;AJUSTE FUNDEB - ICME;-111,18;3125002;4499
MG;Ewbank da Câmara;2025;AJUSTE FUNDEB - IPIE;-1,06;3125002;4499
MG;Ewbank da Câmara;2025;AJUSTE FUNDEB - IPVA;-17,07;3125002;4499
MG;Ewbank da Câmara;2025;AJUSTE FUNDEB - ITCMD;-2,89;3125002;4499
MG;Ewbank da Câmara;2025;AJUSTE FUNDEB - ITR;-0,39;3125002;4499
MG;Ewbank da Câmara;2025;FUNDEB - FPE;293238,1;3125002;4499
MG;Ewbank da Câmara;2025;FUNDEB - FPM;903380,43;3125002;4499
MG;Ewbank da Câmara;2025;FUNDEB - FUNDEB - FTI;161354,06;3125002;4499
MG;Ewbank da Câmara;2025;FUNDEB - ICMS;2855939,52;3125002;4499
MG;Ewbank da Câmara;2025;FUNDEB - IPI-EXP;36460,43;3125002;4499
MG;Ewbank da Câmara;2025;FUNDEB - IPVA;415944,28;3125002;4499
MG;Ewbank da Câmara;2025;FUNDEB - ITCMD;71958,74;3125002;4499
MG;Ewbank da Câmara;2025;FUNDEB - ITR;10334,07;3125002;4499
MG;Extrema;2025;AJUSTE FUNDEB - AJUSTE FUNDEB VAAR;-65749,5;3125101;4501
MG;Extrema;2025;AJUSTE FUNDEB - FPE;-209,23;3125101;4501
MG;Extrema;2025;AJUSTE FUNDEB - FPM;-627,2;3125101;4501
MG;Extrema;2025;AJUSTE FUNDEB - ICME;-2041,55;3125101;4501
MG;Extrema;2025;AJUSTE FUNDEB - IPIE;-19,46;3125101;4501
MG;Extrema;2025;AJUSTE FUNDEB - IPVA;-313,69;3125101;4501
MG;Extrema;2025;AJUSTE FUNDEB - ITCMD;-52,88;3125101;4501
MG;Extrema;2025;AJUSTE FUNDEB - ITR;-6,88;3125101;4501
MG;Extrema;2025;FUNDEB - COUN VAAR;296968,04;3125101;4501
MG;Extrema;2025;FUNDEB - FPE;5936811,07;3125101;4501
MG;Extrema;2025;FUNDEB - FPM;18289570,2;3125101;4501
MG;Extrema;2025;FUNDEB - FUNDEB - FTI;570812,15;3125101;4501
MG;Extrema;2025;FUNDEB - ICMS;57728940,63;3125101;4501
MG;Extrema;2025;FUNDEB - IPI-EXP;738166,79;3125101;4501
MG;Extrema;2025;FUNDEB - IPVA;8420472,91;3125101;4501
MG;Extrema;2025;FUNDEB - ITCMD;1455595,74;3125101;4501
MG;Extrema;2025;FUNDEB - ITR;208921,49;3125101;4501
MG;Fama;2025;AJUSTE FUNDEB - AJUSTE FUNDEB VAAR;-6098,63;3125200;4503
MG;Fama;2025;AJUSTE FUNDEB - FPE;-5,08;3125200;4503
MG;Fama;2025;AJUSTE FUNDEB - FPM;-15,4;3125200;4503
MG;Fama;2025;AJUSTE FUNDEB - ICME;-49,79;3125200;4503
MG;Fama;2025;AJUSTE FUNDEB - IPIE;-0,42;3125200;4503
MG;Fama;2025;AJUSTE FUNDEB - IPVA;-7,66;3125200;4503
MG;Fama;2025;AJUSTE FUNDEB - ITCMD;-1,26;3125200;4503
MG;Fama;2025;AJUSTE FUNDEB - ITR;-0,17;3125200;4503
MG;Fama;2025;FUNDEB - COUN VAAR;67142,34;3125200;4503
MG;Fama;2025;FUNDEB - FPE;124567,39;3125200;4503
MG;Fama;2025;FUNDEB - FPM;383755,53;3125200;4503
MG;Fama;2025;FUNDEB - FUNDEB - FTI;71942,9;3125200;4503
MG;Fama;2025;FUNDEB - ICMS;1214381,9;3125200;4503
MG;Fama;2025;FUNDEB - IPI-EXP;15488,36;3125200;4503
MG;Fama;2025;FUNDEB - IPVA;176692,12;3125200;4503
MG;Fama;2025;FUNDEB - ITCMD;30566,38;3125200;4503
MG;Fama;2025;FUNDEB - ITR;4389,5;3125200;4503
MG;Faria Lemos;2025;AJUSTE FUNDEB - AJUSTE FUNDEB VAAR;-1296,32;3125309;4505
MG;Faria Lemos;2025;AJUSTE FUNDEB - FPE;-8,04;3125309;4505
MG;Faria Lemos;2025;AJUSTE FUNDEB - FPM;-24,02;3125309;4505
MG;Faria Lemos;2025;AJUSTE FUNDEB - ICME;-78,09;3125309;4505
MG;Faria Lemos;2025;AJUSTE FUNDEB - IPIE;-0,73;3125309;4505
MG;Faria Lemos;2025;AJUSTE FUNDEB - IPVA;-11,97;3125309;4505
MG;Faria Lemos;2025;AJUSTE FUNDEB - ITCMD;-2,02;3125309;4505
MG;Faria Lemos;2025;AJUSTE FUNDEB - ITR;-0,24;3125309;4505
MG;Faria Lemos;2025;FUNDEB - COUN VAAR;16075,45;3125309;4505
MG;Faria Lemos;2025;FUNDEB - FPE;212605,35;3125309;4505
MG;Faria Lemos;2025;FUNDEB - FPM;654974,53;3125309;4505
MG;Faria Lemos;2025;FUNDEB - FUNDEB - FTI;141737,42;3125309;4505
MG;Faria Lemos;2025;FUNDEB - ICMS;2071640,03;3125309;4505
MG;Faria Lemos;2025;FUNDEB - IPI-EXP;26434,77;3125309;4505
MG;Faria Lemos;2025;FUNDEB - IPVA;301569,63;3125309;4505
MG;Faria Lemos;2025;FUNDEB - ITCMD;52170,15;3125309;4505
MG;Faria Lemos;2025;FUNDEB - ITR;7492,06;3125309;4505
MG;Felício dos Santos;2025;AJUSTE FUNDEB - AJUSTE FUNDEB VAAR;-1604,1;3125408;4507
MG;Felício dos Santos;2025;AJUSTE FUNDEB - FPE;-12,98;3125408;4507
MG;Felício dos Santos;2025;AJUSTE FUNDEB - FPM;-38,86;3125408;4507
MG;Felício dos Santos;2025;AJUSTE FUNDEB - ICME;-126,43;3125408;4507
MG;Felício dos Santos;2025;AJUSTE FUNDEB - IPIE;-1,16;3125408;4507
MG;Felício dos Santos;2025;AJUSTE FUNDEB - IPVA;-19,5;3125408;4507
MG;Felício dos Santos;2025;AJUSTE FUNDEB - ITCMD;-3,26;3125408;4507
MG;Felício dos Santos;2025;AJUSTE FUNDEB - ITR;-0,43;3125408;4507
MG;Felício dos Santos;2025;FUNDEB - COUN VAAR;10003,66;3125408;4507
MG;Felício dos Santos;2025;FUNDEB - FPE;305083,87;3125408;4507
MG;Felício dos Santos;2025;FUNDEB - FPM;939873,79;3125408;4507
MG;Felício dos Santos;2025;FUNDEB - FUNDEB - FTI;142044,69;3125408;4507
MG;Felício dos Santos;2025;FUNDEB - ICMS;2978578,16;3125408;4507
MG;Felício dos Santos;2025;FUNDEB - IPI-EXP;37933,31;3125408;4507
MG;Felício dos Santos;2025;FUNDEB - IPVA;432790,24;3125408;4507
MG;Felício dos Santos;2025;FUNDEB - ITCMD;74955,06;3125408;4507
MG;Felício dos Santos;2025;FUNDEB - ITR;10772,83;3125408;4507
MG;Felisburgo;2025;AJUSTE FUNDEB - AJUSTE FUNDEB VAAR;-13468,19;3125606;4511
MG;Felisburgo;2025;AJUSTE FUNDEB - AJUSTE FUNDEB VAAT;31386,45;3125606;4511
MG;Felisburgo;2025;AJUSTE FUNDEB - FPE;-17,3;3125606;4511
MG;Felisburgo;2025;AJUSTE FUNDEB - FPM;-51,97;3125606;4511
MG;Felisburgo;2025;AJUSTE FUNDEB - ICME;-169,06;3125606;4511
MG;Felisburgo;2025;AJUSTE FUNDEB - IPIE;-1,62;3125606;4511
MG;Felisburgo;2025;AJUSTE FUNDEB - IPVA;-26,04;3125606;4511
MG;Felisburgo;2025;AJUSTE FUNDEB - ITCMD;-4,43;3125606;4511
MG;Felisburgo;2025;AJUSTE FUNDEB - ITR;-0,56;3125606;4511
MG;Felisburgo;2025;FUNDEB - COUN VAAR;215476,34;3125606;4511
MG;Felisburgo;2025;FUNDEB - COUN VAAT;465708,73;3125606;4511
MG;Felisburgo;2025;FUNDEB - FPE;431670,44;3125606;4511
MG;Felisburgo;2025;FUNDEB - FPM;1329849,7;3125606;4511
MG;Felisburgo;2025;FUNDEB - ICMS;4210807,29;3125606;4511
MG;Felisburgo;2025;FUNDEB - IPI-EXP;53672,71;3125606;4511
MG;Felisburgo;2025;FUNDEB - IPVA;612360,03;3125606;4511
MG;Felisburgo;2025;FUNDEB - ITCMD;106045,04;3125606;4511
MG;Felisburgo;2025;FUNDEB - ITR;15240,22;3125606;4511
MG;Felixlândia;2025;AJUSTE FUNDEB - AJUSTE FUNDEB VAAR;-4042,35;3125705;4513
MG;Felixlândia;2025;AJUSTE FUNDEB - FPE;-31,36;3125705;4513
MG;Felixlândia;2025;AJUSTE FUNDEB - FPM;-94,04;3125705;4513
MG;Felixlândia;2025;AJUSTE FUNDEB - ICME;-305,92;3125705;4513
MG;Felixlândia;2025;AJUSTE FUNDEB - IPIE;-2,92;3125705;4513
MG;Felixlândia;2025;AJUSTE FUNDEB - IPVA;-47,14;3125705;4513
MG;Felixlândia;2025;AJUSTE FUNDEB - ITCMD;-7,97;3125705;4513
MG;Felixlândia;2025;AJUSTE FUNDEB - ITR;-1;3125705;4513
MG;Felixlândia;2025;FUNDEB - COUN VAAR;25206,94;3125705;4513
MG;Felixlândia;2025;FUNDEB - FPE;679243,52;3125705;4513
MG;Felixlândia;2025;FUNDEB - FPM;2092549,68;3125705;4513
MG;Felixlândia;2025;FUNDEB - FUNDEB - FTI;70545,91;3125705;4513
MG;Felixlândia;2025;FUNDEB - ICMS;6640972,74;3125705;4513
MG;Felixlândia;2025;FUNDEB - IPI-EXP;84455,29;3125705;4513
MG;Felixlândia;2025;FUNDEB - IPVA;963610,49;3125705;4513
MG;Felixlândia;2025;FUNDEB - ITCMD;166962,75;3125705;4513
MG;Felixlândia;2025;FUNDEB - ITR;24004,27;3125705;4513
MG;Fernandes Tourinho;2025;AJUSTE FUNDEB - FPE;-5,01;3125804;4515
MG;Fernandes Tourinho;2025;AJUSTE FUNDEB - FPM;-14,93;3125804;4515
MG;Fernandes Tourinho;2025;AJUSTE FUNDEB - ICME;-48,65;3125804;4515
MG;Fernandes Tourinho;2025;AJUSTE FUNDEB - IPIE;-0,47;3125804;4515
MG;Fernandes Tourinho;2025;AJUSTE FUNDEB - IPVA;-7,54;3125804;4515
MG;Fernandes Tourinho;2025;AJUSTE FUNDEB - ITCMD;-1,23;3125804;4515
MG;Fernandes Tourinho;2025;AJUSTE FUNDEB - ITR;-0,18;3125804;4515
MG;Fernandes Tourinho;2025;FUNDEB - FPE;130024,26;3125804;4515
MG;Fernandes Tourinho;2025;FUNDEB - FPM;400566,43;3125804;4515
MG;Fernandes Tourinho;2025;FUNDEB - ICMS;1270922,18;3125804;4515
MG;Fernandes Tourinho;2025;FUNDEB - IPI-EXP;16166,85;3125804;4515
MG;Fernandes Tourinho;2025;FUNDEB - IPVA;184436,06;3125804;4515
MG;Fernandes Tourinho;2025;FUNDEB - ITCMD;31913,15;3125804;4515
MG;Fernandes Tourinho;2025;FUNDEB - ITR;4583,65;3125804;4515
MG;Ferros;2025;AJUSTE FUNDEB - FPE;-11,51;3125903;4517
MG;Ferros;2025;AJUSTE FUNDEB - FPM;-34,43;3125903;4517
MG;Ferros;2025;AJUSTE FUNDEB - ICME;-111,97;3125903;4517
MG;Ferros;2025;AJUSTE FUNDEB - IPIE;-1,03;3125903;4517
MG;Ferros;2025;AJUSTE FUNDEB - IPVA;-17,19;3125903;4517
MG;Ferros;2025;AJUSTE FUNDEB - ITCMD;-2,93;3125903;4517
MG;Ferros;2025;AJUSTE FUNDEB - ITR;-0,39;3125903;4517
MG;Ferros;2025;FUNDEB - FPE;305127,35;3125903;4517
MG;Ferros;2025;FUNDEB - FPM;940007,67;3125903;4517
MG;Ferros;2025;FUNDEB - FUNDEB - FTI;119388,96;3125903;4517
MG;Ferros;2025;FUNDEB - ICMS;2978143,75;3125903;4517
MG;Ferros;2025;FUNDEB - IPI-EXP;37938,64;3125903;4517
MG;Ferros;2025;FUNDEB - IPVA;432810,26;3125903;4517
MG;Ferros;2025;FUNDEB - ITCMD;74879,91;3125903;4517
MG;Ferros;2025;FUNDEB - ITR;10753,95;3125903;4517
MG;Fervedouro;2025;AJUSTE FUNDEB - AJUSTE FUNDEB VAAT;39612,86;3125952;2683
MG;Fervedouro;2025;AJUSTE FUNDEB - FPE;-24,99;3125952;2683
MG;Fervedouro;2025;AJUSTE FUNDEB - FPM;-75,11;3125952;2683
MG;Fervedouro;2025;AJUSTE FUNDEB - ICME;-244,16;3125952;2683
MG;Fervedouro;2025;AJUSTE FUNDEB - IPIE;-2,39;3125952;2683
MG;Fervedouro;2025;AJUSTE FUNDEB - IPVA;-37,46;3125952;2683
MG;Fervedouro;2025;AJUSTE FUNDEB - ITCMD;-6,35;3125952;2683
MG;Fervedouro;2025;AJUSTE FUNDEB - ITR;-0,8;3125952;2683
MG;Fervedouro;2025;FUNDEB - COUN VAAT;366392,08;3125952;2683
MG;Fervedouro;2025;FUNDEB - FPE;587255,54;3125952;2683
MG;Fervedouro;2025;FUNDEB - FPM;1809161,71;3125952;2683
MG;Fervedouro;2025;FUNDEB - FUNDEB - FTI;247549,13;3125952;2683
MG;Fervedouro;2025;FUNDEB - ICMS;5711179,45;3125952;2683
MG;Fervedouro;2025;FUNDEB - IPI-EXP;73017,77;3125952;2683
MG;Fervedouro;2025;FUNDEB - IPVA;832975,81;3125952;2683
MG;Fervedouro;2025;FUNDEB - ITCMD;144071,4;3125952;2683
MG;Fervedouro;2025;FUNDEB - ITR;20686,78;3125952;2683
MG;Florestal;2025;AJUSTE FUNDEB - AJUSTE FUNDEB VAAR;-12970,51;3126000;4519
MG;Florestal;2025;AJUSTE FUNDEB - AJUSTE FUNDEB VAAT;30602,1;3126000;4519
MG;Florestal;2025;AJUSTE FUNDEB - FPE;-16,82;3126000;4519
MG;Florestal;2025;AJUSTE FUNDEB - FPM;-50,48;3126000;4519
MG;Florestal;2025;AJUSTE FUNDEB - ICME;-164,26;3126000;4519
MG;Florestal;2025;AJUSTE FUNDEB - IPIE;-1,56;3126000;4519
MG;Florestal;2025;AJUSTE FUNDEB - IPVA;-25,29;3126000;4519
MG;Florestal;2025;AJUSTE FUNDEB - ITCMD;-4,28;3126000;4519
MG;Florestal;2025;AJUSTE FUNDEB - ITR;-0,52;3126000;4519
MG;Florestal;2025;FUNDEB - COUN VAAR;207514,16;3126000;4519
MG;Florestal;2025;FUNDEB - COUN VAAT;191182,85;3126000;4519
MG;Florestal;2025;FUNDEB - FPE;444463,99;3126000;4519
MG;Florestal;2025;FUNDEB - FPM;1369262,96;3126000;4519
MG;Florestal;2025;FUNDEB - FUNDEB - FTI;50360,38;3126000;4519
MG;Florestal;2025;FUNDEB - ICMS;4332943,69;3126000;4519
MG;Florestal;2025;FUNDEB - IPI-EXP;55263,44;3126000;4519
MG;Florestal;2025;FUNDEB - IPVA;630468,23;3126000;4519
MG;Florestal;2025;FUNDEB - ITCMD;109104,36;3126000;4519
MG;Florestal;2025;FUNDEB - ITR;15671,95;3126000;4519
MG;Formiga;2025;AJUSTE FUNDEB - FPE;-117,94;3126109;4521
MG;Formiga;2025;AJUSTE FUNDEB - FPM;-353,71;3126109;4521
MG;Formiga;2025;AJUSTE FUNDEB - ICME;-1150,83;3126109;4521
MG;Formiga;2025;AJUSTE FUNDEB - IPIE;-11,01;3126109;4521
MG;Formiga;2025;AJUSTE FUNDEB - IPVA;-177,15;3126109;4521
MG;Formiga;2025;AJUSTE FUNDEB - ITCMD;-29,76;3126109;4521
MG;Formiga;2025;AJUSTE FUNDEB - ITR;-3,88;3126109;4521
MG;Formiga;2025;FUNDEB - FPE;2864802,48;3126109;4521
MG;Formiga;2025;FUNDEB - FPM;8825614,45;3126109;4521
MG;Formiga;2025;FUNDEB - FUNDEB - FTI;381846,95;3126109;4521
MG;Formiga;2025;FUNDEB - ICMS;27963531,54;3126109;4521
MG;Formiga;2025;FUNDEB - IPI-EXP;356201,7;3126109;4521
MG;Formiga;2025;FUNDEB - IPVA;4063751,38;3126109;4521
MG;Formiga;2025;FUNDEB - ITCMD;703346,26;3126109;4521
MG;Formiga;2025;FUNDEB - ITR;101040,81;3126109;4521
MG;Formoso;2025;AJUSTE FUNDEB - FPE;-18,16;3126208;4523
MG;Formoso;2025;AJUSTE FUNDEB - FPM;-54,36;3126208;4523
MG;Formoso;2025;AJUSTE FUNDEB - ICME;-177,19;3126208;4523
MG;Formoso;2025;AJUSTE FUNDEB - IPIE;-1,68;3126208;4523
MG;Formoso;2025;AJUSTE FUNDEB - IPVA;-27,17;3126208;4523
MG;Formoso;2025;AJUSTE FUNDEB - ITCMD;-4,58;3126208;4523
MG;Formoso;2025;AJUSTE FUNDEB - ITR;-0,6;3126208;4523
MG;Formoso;2025;FUNDEB - FPE;473729,48;3126208;4523
MG;Formoso;2025;FUNDEB - FPM;1459421,41;3126208;4523
MG;Formoso;2025;FUNDEB - FUNDEB - FTI;131253,43;3126208;4523
MG;Formoso;2025;FUNDEB - ICMS;4622201,15;3126208;4523
MG;Formoso;2025;FUNDEB - IPI-EXP;58902,23;3126208;4523
MG;Formoso;2025;FUNDEB - IPVA;671963,58;3126208;4523
MG;Formoso;2025;FUNDEB - ITCMD;116252;3126208;4523
MG;Formoso;2025;FUNDEB - ITR;16695,27;3126208;4523
MG;Fortaleza de Minas;2025;AJUSTE FUNDEB - AJUSTE FUNDEB VAAR;-8023,54;3126307;4525
MG;Fortaleza de Minas;2025;AJUSTE FUNDEB - FPE;-6,36;3126307;4525
MG;Fortaleza de Minas;2025;AJUSTE FUNDEB - FPM;-18,93;3126307;4525
MG;Fortaleza de Minas;2025;AJUSTE FUNDEB - ICME;-61,67;3126307;4525
MG;Fortaleza de Minas;2025;AJUSTE FUNDEB - IPIE;-0,63;3126307;4525
MG;Fortaleza de Minas;2025;AJUSTE FUNDEB - IPVA;-9,47;3126307;4525
MG;Fortaleza de Minas;2025;AJUSTE FUNDEB - ITCMD;-1,61;3126307;4525
MG;Fortaleza de Minas;2025;AJUSTE FUNDEB - ITR;-0,21;3126307;4525
MG;Fortaleza de Minas;2025;FUNDEB - COUN VAAR;118574,41;3126307;4525
MG;Fortaleza de Minas;2025;FUNDEB - FPE;129177,96;3126307;4525
MG;Fortaleza de Minas;2025;FUNDEB - FPM;397959,38;3126307;4525
MG;Fortaleza de Minas;2025;FUNDEB - ICMS;1263957,28;3126307;4525
MG;Fortaleza de Minas;2025;FUNDEB - IPI-EXP;16061,59;3126307;4525
MG;Fortaleza de Minas;2025;FUNDEB - IPVA;183265,57;3126307;4525
MG;Fortaleza de Minas;2025;FUNDEB - ITCMD;31767,17;3126307;4525
MG;Fortaleza de Minas;2025;FUNDEB - ITR;4568,52;3126307;4525
MG;Fortuna de Minas;2025;AJUSTE FUNDEB - FPE;-11,03;3126406;4527
MG;Fortuna de Minas;2025;AJUSTE FUNDEB - FPM;-33,25;3126406;4527
MG;Fortuna de Minas;2025;AJUSTE FUNDEB - ICME;-108,3;3126406;4527
MG;Fortuna de Minas;2025;AJUSTE FUNDEB - IPIE;-1,05;3126406;4527
MG;Fortuna de Minas;2025;AJUSTE FUNDEB - IPVA;-16,66;3126406;4527
MG;Fortuna de Minas;2025;AJUSTE FUNDEB - ITCMD;-2,74;3126406;4527
MG;Fortuna de Minas;2025;AJUSTE FUNDEB - ITR;-0,32;3126406;4527
MG;Fortuna de Minas;2025;FUNDEB - FPE;260081,55;3126406;4527
MG;Fortuna de Minas;2025;FUNDEB - FPM;801234,96;3126406;4527
MG;Fortuna de Minas;2025;FUNDEB - ICMS;2540812,78;3126406;4527
MG;Fortuna de Minas;2025;FUNDEB - IPI-EXP;32337,82;3126406;4527
MG;Fortuna de Minas;2025;FUNDEB - IPVA;368931,91;3126406;4527
MG;Fortuna de Minas;2025;FUNDEB - ITCMD;63860,67;3126406;4527
MG;Fortuna de Minas;2025;FUNDEB - ITR;9174,71;3126406;4527
MG;Francisco Badaró;2025;AJUSTE FUNDEB - AJUSTE FUNDEB VAAR;-5505,47;3126505;4529
MG;Francisco Badaró;2025;AJUSTE FUNDEB - FPE;-8,01;3126505;4529
MG;Francisco Badaró;2025;AJUSTE FUNDEB - FPM;-23,93;3126505;4529
MG;Francisco Badaró;2025;AJUSTE FUNDEB - ICME;-77,7;3126505;4529
MG;Francisco Badaró;2025;AJUSTE FUNDEB - IPIE;-0,73;3126505;4529
MG;Francisco Badaró;2025;AJUSTE FUNDEB - IPVA;-12,05;3126505;4529
MG;Francisco Badaró;2025;AJUSTE FUNDEB - ITCMD;-2,05;3126505;4529
MG;Francisco Badaró;2025;AJUSTE FUNDEB - ITR;-0,28;3126505;4529
MG;Francisco Badaró;2025;FUNDEB - COUN VAAR;88081,55;3126505;4529
MG;Francisco Badaró;2025;FUNDEB - FPE;194318,57;3126505;4529
MG;Francisco Badaró;2025;FUNDEB - FPM;598638,44;3126505;4529
MG;Francisco Badaró;2025;FUNDEB - FUNDEB - FTI;77782,82;3126505;4529
MG;Francisco Badaró;2025;FUNDEB - ICMS;1899512,32;3126505;4529
MG;Francisco Badaró;2025;FUNDEB - IPI-EXP;24161,04;3126505;4529
MG;Francisco Badaró;2025;FUNDEB - IPVA;275639,75;3126505;4529
MG;Francisco Badaró;2025;FUNDEB - ITCMD;47701,44;3126505;4529
MG;Francisco Badaró;2025;FUNDEB - ITR;6852,06;3126505;4529
MG;Francisco Dumont;2025;AJUSTE FUNDEB - FPE;-11,07;3126604;4531
MG;Francisco Dumont;2025;AJUSTE FUNDEB - FPM;-33,28;3126604;4531
MG;Francisco Dumont;2025;AJUSTE FUNDEB - ICME;-108,31;3126604;4531
MG;Francisco Dumont;2025;AJUSTE FUNDEB - IPIE;-0,99;3126604;4531
MG;Francisco Dumont;2025;AJUSTE FUNDEB - IPVA;-16,69;3126604;4531
MG;Francisco Dumont;2025;AJUSTE FUNDEB - ITCMD;-2,76;3126604;4531
MG;Francisco Dumont;2025;AJUSTE FUNDEB - ITR;-0,39;3126604;4531
MG;Francisco Dumont;2025;FUNDEB - FPE;295937,12;3126604;4531
MG;Francisco Dumont;2025;FUNDEB - FPM;911695,29;3126604;4531
MG;Francisco Dumont;2025;FUNDEB - ICMS;2888499,42;3126604;4531
MG;Francisco Dumont;2025;FUNDEB - IPI-EXP;36795,97;3126604;4531
MG;Francisco Dumont;2025;FUNDEB - IPVA;419745,96;3126604;4531
MG;Francisco Dumont;2025;FUNDEB - ITCMD;72565,81;3126604;4531
MG;Francisco Dumont;2025;FUNDEB - ITR;10416,04;3126604;4531
MG;Francisco Sá;2025;AJUSTE FUNDEB - AJUSTE FUNDEB VAAR;-27993,14;3126703;4533
MG;Francisco Sá;2025;AJUSTE FUNDEB - FPE;-42,36;3126703;4533
MG;Francisco Sá;2025;AJUSTE FUNDEB - FPM;-126,97;3126703;4533
MG;Francisco Sá;2025;AJUSTE FUNDEB - ICME;-413,18;3126703;4533
MG;Francisco Sá;2025;AJUSTE FUNDEB - IPIE;-3,94;3126703;4533
MG;Francisco Sá;2025;AJUSTE FUNDEB - IPVA;-63,34;3126703;4533
MG;Francisco Sá;2025;AJUSTE FUNDEB - ITCMD;-10,7;3126703;4533
MG;Francisco Sá;2025;AJUSTE FUNDEB - ITR;-1,42;3126703;4533
MG;Francisco Sá;2025;FUNDEB - COUN VAAR;387035,42;3126703;4533
MG;Francisco Sá;2025;FUNDEB - FPE;969117,86;3126703;4533
MG;Francisco Sá;2025;FUNDEB - FPM;2985567,32;3126703;4533
MG;Francisco Sá;2025;FUNDEB - FUNDEB - FTI;156581,08;3126703;4533
MG;Francisco Sá;2025;FUNDEB - ICMS;9452588,62;3126703;4533
MG;Francisco Sá;2025;FUNDEB - IPI-EXP;120497,46;3126703;4533
MG;Francisco Sá;2025;FUNDEB - IPVA;1374764,8;3126703;4533
MG;Francisco Sá;2025;FUNDEB - ITCMD;238057,8;3126703;4533
MG;Francisco Sá;2025;FUNDEB - ITR;34210,66;3126703;4533
MG;Franciscópolis;2025;AJUSTE FUNDEB - AJUSTE FUNDEB VAAR;-14947,18;3126752;608
MG;Franciscópolis;2025;AJUSTE FUNDEB - FPE;-8,63;3126752;608
MG;Franciscópolis;2025;AJUSTE FUNDEB - FPM;-25,92;3126752;608
MG;Franciscópolis;2025;AJUSTE FUNDEB - ICME;-84,59;3126752;608
MG;Franciscópolis;2025;AJUSTE FUNDEB - IPIE;-0,81;3126752;608
MG;Franciscópolis;2025;AJUSTE FUNDEB - IPVA;-13;3126752;608
MG;Franciscópolis;2025;AJUSTE FUNDEB - ITCMD;-2,14;3126752;608
MG;Franciscópolis;2025;AJUSTE FUNDEB - ITR;-0,3;3126752;608
MG;Franciscópolis;2025;FUNDEB - COUN VAAR;201566,44;3126752;608
MG;Franciscópolis;2025;FUNDEB - FPE;204913,18;3126752;608
MG;Franciscópolis;2025;FUNDEB - FPM;631277,27;3126752;608
MG;Franciscópolis;2025;FUNDEB - FUNDEB - FTI;67604,02;3126752;608
MG;Franciscópolis;2025;FUNDEB - ICMS;2002632,21;3126752;608
MG;Franciscópolis;2025;FUNDEB - IPI-EXP;25478,39;3126752;608
MG;Franciscópolis;2025;FUNDEB - IPVA;290653,55;3126752;608
MG;Franciscópolis;2025;FUNDEB - ITCMD;50272,02;3126752;608
MG;Franciscópolis;2025;FUNDEB - ITR;7218,5;3126752;608
MG;Frei Gaspar;2025;AJUSTE FUNDEB - FPE;-17,15;3126802;4535
MG;Frei Gaspar;2025;AJUSTE FUNDEB - FPM;-51,41;3126802;4535
MG;Frei Gaspar;2025;AJUSTE FUNDEB - ICME;-167,12;3126802;4535
MG;Frei Gaspar;2025;AJUSTE FUNDEB - IPIE;-1,6;3126802;4535
MG;Frei Gaspar;2025;AJUSTE FUNDEB - IPVA;-25,72;3126802;4535
MG;Frei Gaspar;2025;AJUSTE FUNDEB - ITCMD;-4,32;3126802;4535
MG;Frei Gaspar;2025;AJUSTE FUNDEB - ITR;-0,55;3126802;4535
MG;Frei Gaspar;2025;FUNDEB - FPE;403176,36;3126802;4535
MG;Frei Gaspar;2025;FUNDEB - FPM;1242067,86;3126802;4535
MG;Frei Gaspar;2025;FUNDEB - FUNDEB - FTI;181394,08;3126802;4535
MG;Frei Gaspar;2025;FUNDEB - ICMS;3937261,08;3126802;4535
MG;Frei Gaspar;2025;FUNDEB - IPI-EXP;50129,84;3126802;4535
MG;Frei Gaspar;2025;FUNDEB - IPVA;571899,02;3126802;4535
MG;Frei Gaspar;2025;FUNDEB - ITCMD;98962,85;3126802;4535
MG;Frei Gaspar;2025;FUNDEB - ITR;14214,62;3126802;4535
MG;Frei Inocêncio;2025;AJUSTE FUNDEB - AJUSTE FUNDEB VAAR;-14723,76;3126901;4537
MG;Frei Inocêncio;2025;AJUSTE FUNDEB - AJUSTE FUNDEB VAAT;32153,26;3126901;4537
MG;Frei Inocêncio;2025;AJUSTE FUNDEB - FPE;-18,42;3126901;4537
MG;Frei Inocêncio;2025;AJUSTE FUNDEB - FPM;-55,25;3126901;4537
MG;Frei Inocêncio;2025;AJUSTE FUNDEB - ICME;-179,61;3126901;4537
MG;Frei Inocêncio;2025;AJUSTE FUNDEB - IPIE;-1,73;3126901;4537
MG;Frei Inocêncio;2025;AJUSTE FUNDEB - IPVA;-27,58;3126901;4537
MG;Frei Inocêncio;2025;AJUSTE FUNDEB - ITCMD;-4,7;3126901;4537
MG;Frei Inocêncio;2025;AJUSTE FUNDEB - ITR;-0,58;3126901;4537
MG;Frei Inocêncio;2025;FUNDEB - COUN VAAR;212635,93;3126901;4537
MG;Frei Inocêncio;2025;FUNDEB - COUN VAAT;1273988,28;3126901;4537
MG;Frei Inocêncio;2025;FUNDEB - FPE;506044,14;3126901;4537
MG;Frei Inocêncio;2025;FUNDEB - FPM;1558973,25;3126901;4537
MG;Frei Inocêncio;2025;FUNDEB - FUNDEB - FTI;184222,61;3126901;4537
MG;Frei Inocêncio;2025;FUNDEB - ICMS;4925074,39;3126901;4537
MG;Frei Inocêncio;2025;FUNDEB - IPI-EXP;62920,16;3126901;4537
MG;Frei Inocêncio;2025;FUNDEB - IPVA;717743,89;3126901;4537
MG;Frei Inocêncio;2025;FUNDEB - ITCMD;124065,26;3126901;4537
MG;Frei Inocêncio;2025;FUNDEB - ITR;17806,36;3126901;4537
MG;Frei Lagonegro;2025;AJUSTE FUNDEB - AJUSTE FUNDEB VAAR;192,49;3126950;610
MG;Frei Lagonegro;2025;AJUSTE FUNDEB - FPE;-8,04;3126950;610
MG;Frei Lagonegro;2025;AJUSTE FUNDEB - FPM;-24,17;3126950;610
MG;Frei Lagonegro;2025;AJUSTE FUNDEB - ICME;-78,58;3126950;610
MG;Frei Lagonegro;2025;AJUSTE FUNDEB - IPIE;-0,81;3126950;610
MG;Frei Lagonegro;2025;AJUSTE FUNDEB - IPVA;-11,95;3126950;610
MG;Frei Lagonegro;2025;AJUSTE FUNDEB - ITCMD;-2,05;3126950;610
MG;Frei Lagonegro;2025;AJUSTE FUNDEB - ITR;-0,26;3126950;610
MG;Frei Lagonegro;2025;FUNDEB - COUN VAAR;6443,78;3126950;610
MG;Frei Lagonegro;2025;FUNDEB - FPE;194055,86;3126950;610
MG;Frei Lagonegro;2025;FUNDEB - FPM;597829,09;3126950;610
MG;Frei Lagonegro;2025;FUNDEB - FUNDEB - FTI;72144,82;3126950;610
MG;Frei Lagonegro;2025;FUNDEB - ICMS;1895047,99;3126950;610
MG;Frei Lagonegro;2025;FUNDEB - IPI-EXP;24128,38;3126950;610
MG;Frei Lagonegro;2025;FUNDEB - IPVA;275265,22;3126950;610
MG;Frei Lagonegro;2025;FUNDEB - ITCMD;47632,96;3126950;610
MG;Frei Lagonegro;2025;FUNDEB - ITR;6841,83;3126950;610
MG;Fronteira;2025;AJUSTE FUNDEB - AJUSTE FUNDEB VAAR;-51306,36;3127008;4539
MG;Fronteira;2025;AJUSTE FUNDEB - FPE;-32,2;3127008;4539
MG;Fronteira;2025;AJUSTE FUNDEB - FPM;-96,63;3127008;4539
MG;Fronteira;2025;AJUSTE FUNDEB - ICME;-314,6;3127008;4539
MG;Fronteira;2025;AJUSTE FUNDEB - IPIE;-2,94;3127008;4539
MG;Fronteira;2025;AJUSTE FUNDEB - IPVA;-48,37;3127008;4539
MG;Fronteira;2025;AJUSTE FUNDEB - ITCMD;-8,15;3127008;4539
MG;Fronteira;2025;AJUSTE FUNDEB - ITR;-1,07;3127008;4539
MG;Fronteira;2025;FUNDEB - COUN VAAR;761304,66;3127008;4539
MG;Fronteira;2025;FUNDEB - COUN VAAT;770664,66;3127008;4539
MG;Fronteira;2025;FUNDEB - FPE;775421,22;3127008;4539
MG;Fronteira;2025;FUNDEB - FPM;2388844,98;3127008;4539
MG;Fronteira;2025;FUNDEB - FUNDEB - FTI;44904,19;3127008;4539
MG;Fronteira;2025;FUNDEB - ICMS;7562144,25;3127008;4539
MG;Fronteira;2025;FUNDEB - IPI-EXP;96413,72;3127008;4539
MG;Fronteira;2025;FUNDEB - IPVA;1099933,93;3127008;4539
MG;Fronteira;2025;FUNDEB - ITCMD;190357,57;3127008;4539
MG;Fronteira;2025;FUNDEB - ITR;27344,51;3127008;4539
MG;Fronteira dos Vales;2025;AJUSTE FUNDEB - FPE;-7,89;3127057;4935
MG;Fronteira dos Vales;2025;AJUSTE FUNDEB - FPM;-23,59;3127057;4935
MG;Fronteira dos Vales;2025;AJUSTE FUNDEB - ICME;-76,54;3127057;4935
MG;Fronteira dos Vales;2025;AJUSTE FUNDEB - IPIE;-0,74;3127057;4935
MG;Fronteira dos Vales;2025;AJUSTE FUNDEB - IPVA;-11,65;3127057;4935
MG;Fronteira dos Vales;2025;AJUSTE FUNDEB - ITCMD;-2,02;3127057;4935
MG;Fronteira dos Vales;2025;AJUSTE FUNDEB - ITR;-0,22;3127057;4935
MG;Fronteira dos Vales;2025;FUNDEB - FPE;160503,71;3127057;4935
MG;Fronteira dos Vales;2025;FUNDEB - FPM;494464,79;3127057;4935
MG;Fronteira dos Vales;2025;FUNDEB - ICMS;1570556,28;3127057;4935
MG;Fronteira dos Vales;2025;FUNDEB - IPI-EXP;19956,59;3127057;4935
MG;Fronteira dos Vales;2025;FUNDEB - IPVA;227710,79;3127057;4935
MG;Fronteira dos Vales;2025;FUNDEB - ITCMD;39477,36;3127057;4935
MG;Fronteira dos Vales;2025;FUNDEB - ITR;5677,92;3127057;4935
MG;Fruta de Leite;2025;AJUSTE FUNDEB - FPE;-9,25;3127073;612
MG;Fruta de Leite;2025;AJUSTE FUNDEB - FPM;-27,81;3127073;612
MG;Fruta de Leite;2025;AJUSTE FUNDEB - ICME;-90,58;3127073;612
MG;Fruta de Leite;2025;AJUSTE FUNDEB - IPIE;-0,85;3127073;612
MG;Fruta de Leite;2025;AJUSTE FUNDEB - IPVA;-13,9;3127073;612
MG;Fruta de Leite;2025;AJUSTE FUNDEB - ITCMD;-2,27;3127073;612
MG;Fruta de Leite;2025;AJUSTE FUNDEB - ITR;-0,29;3127073;612
MG;Fruta de Leite;2025;FUNDEB - FPE;232051,34;3127073;612
MG;Fruta de Leite;2025;FUNDEB - FPM;714882;3127073;612
MG;Fruta de Leite;2025;FUNDEB - ICMS;2266246,04;3127073;612
MG;Fruta de Leite;2025;FUNDEB - IPI-EXP;28852,64;3127073;612
MG;Fruta de Leite;2025;FUNDEB - IPVA;329178,32;3127073;612
MG;Fruta de Leite;2025;FUNDEB - ITCMD;56994,52;3127073;612
MG;Fruta de Leite;2025;FUNDEB - ITR;8189,83;3127073;612
MG;Frutal;2025;AJUSTE FUNDEB - AJUSTE FUNDEB VAAR;140766,92;3127107;4541
MG;Frutal;2025;AJUSTE FUNDEB - FPE;3074,95;3127107;4541
MG;Frutal;2025;AJUSTE FUNDEB - FPM;9483,33;3127107;4541
MG;Frutal;2025;AJUSTE FUNDEB - ICME;30566,22;3127107;4541
MG;Frutal;2025;AJUSTE FUNDEB - IPIE;392,35;3127107;4541
MG;Frutal;2025;AJUSTE FUNDEB - IPVA;4907,01;3127107;4541
MG;Frutal;2025;AJUSTE FUNDEB - ITCMD;696,99;3127107;4541
MG;Frutal;2025;AJUSTE FUNDEB - ITR;114,66;3127107;4541
MG;Frutal;2025;FUNDEB - COUN VAAR;244791,54;3127107;4541
MG;Frutal;2025;FUNDEB - FPE;3209211,37;3127107;4541
MG;Frutal;2025;FUNDEB - FPM;9886637,26;3127107;4541
MG;Frutal;2025;FUNDEB - FUNDEB - FTI;639489,13;3127107;4541
MG;Frutal;2025;FUNDEB - ICMS;31264970,17;3127107;4541
MG;Frutal;2025;FUNDEB - IPI-EXP;399018,46;3127107;4541
MG;Frutal;2025;FUNDEB - IPVA;4551615,59;3127107;4541
MG;Frutal;2025;FUNDEB - ITCMD;787696,56;3127107;4541
MG;Frutal;2025;FUNDEB - ITR;113119,39;3127107;4541
MG;Funilândia;2025;AJUSTE FUNDEB - FPE;-10,18;3127206;4543
MG;Funilândia;2025;AJUSTE FUNDEB - FPM;-30,37;3127206;4543
MG;Funilândia;2025;AJUSTE FUNDEB - ICME;-99,02;3127206;4543
MG;Funilândia;2025;AJUSTE FUNDEB - IPIE;-0,91;3127206;4543
MG;Funilândia;2025;AJUSTE FUNDEB - IPVA;-15,19;3127206;4543
MG;Funilândia;2025;AJUSTE FUNDEB - ITCMD;-2,53;3127206;4543
MG;Funilândia;2025;AJUSTE FUNDEB - ITR;-0,33;3127206;4543
MG;Funilândia;2025;FUNDEB - FPE;224740,74;3127206;4543
MG;Funilândia;2025;FUNDEB - FPM;692360,24;3127206;4543
MG;Funilândia;2025;FUNDEB - ICMS;2195559,64;3127206;4543
MG;Funilândia;2025;FUNDEB - IPI-EXP;27943,63;3127206;4543
MG;Funilândia;2025;FUNDEB - IPVA;318814,62;3127206;4543
MG;Funilândia;2025;FUNDEB - ITCMD;55213,23;3127206;4543
MG;Funilândia;2025;FUNDEB - ITR;7935,22;3127206;4543
MG;Galiléia;2025;AJUSTE FUNDEB - FPE;-14,57;3127305;4545
MG;Galiléia;2025;AJUSTE FUNDEB - FPM;-43,6;3127305;4545
MG;Galiléia;2025;AJUSTE FUNDEB - ICME;-141,9;3127305;4545
MG;Galiléia;2025;AJUSTE FUNDEB - IPIE;-1,35;3127305;4545
MG;Galiléia;2025;AJUSTE FUNDEB - IPVA;-21,9;3127305;4545
MG;Galiléia;2025;AJUSTE FUNDEB - ITCMD;-3,67;3127305;4545
MG;Galiléia;2025;AJUSTE FUNDEB - ITR;-0,46;3127305;4545
MG;Galiléia;2025;FUNDEB - FPE;350024,62;3127305;4545
MG;Galiléia;2025;FUNDEB - FPM;1078322,92;3127305;4545
MG;Galiléia;2025;FUNDEB - FUNDEB - FTI;125432,26;3127305;4545
MG;Galiléia;2025;FUNDEB - ICMS;3416750,35;3127305;4545
MG;Galiléia;2025;FUNDEB - IPI-EXP;43521,08;3127305;4545
MG;Galiléia;2025;FUNDEB - IPVA;496537,61;3127305;4545
MG;Galiléia;2025;FUNDEB - ITCMD;85985,52;3127305;4545
MG;Galiléia;2025;FUNDEB - ITR;12357,15;3127305;4545
MG;Gameleiras;2025;AJUSTE FUNDEB - AJUSTE FUNDEB VAAR;-18310,56;3127339;614
MG;Gameleiras;2025;AJUSTE FUNDEB - FPE;-12,48;3127339;614
MG;Gameleiras;2025;AJUSTE FUNDEB - FPM;-37,5;3127339;614
MG;Gameleiras;2025;AJUSTE FUNDEB - ICME;-122,21;3127339;614
MG;Gameleiras;2025;AJUSTE FUNDEB - IPIE;-1,15;3127339;614
MG;Gameleiras;2025;AJUSTE FUNDEB - IPVA;-18,86;3127339;614
MG;Gameleiras;2025;AJUSTE FUNDEB - ITCMD;-3,21;3127339;614
MG;Gameleiras;2025;AJUSTE FUNDEB - ITR;-0,43;3127339;614
MG;Gameleiras;2025;FUNDEB - COUN VAAR;271580,28;3127339;614
MG;Gameleiras;2025;FUNDEB - COUN VAAT;817348,49;3127339;614
MG;Gameleiras;2025;FUNDEB - FPE;352659,56;3127339;614
MG;Gameleiras;2025;FUNDEB - FPM;1086440,47;3127339;614
MG;Gameleiras;2025;FUNDEB - FUNDEB - FTI;172708,7;3127339;614
MG;Gameleiras;2025;FUNDEB - ICMS;3436317,94;3127339;614
MG;Gameleiras;2025;FUNDEB - IPI-EXP;43848,71;3127339;614
MG;Gameleiras;2025;FUNDEB - IPVA;500170,28;3127339;614
MG;Gameleiras;2025;FUNDEB - ITCMD;86415,56;3127339;614
MG;Gameleiras;2025;FUNDEB - ITR;12398,5;3127339;614
MG;Glaucilândia;2025;AJUSTE FUNDEB - AJUSTE FUNDEB VAAR;-4183,5;3127354;616
MG;Glaucilândia;2025;AJUSTE FUNDEB - FPE;-5,32;3127354;616
MG;Glaucilândia;2025;AJUSTE FUNDEB - FPM;-16,14;3127354;616
MG;Glaucilândia;2025;AJUSTE FUNDEB - ICME;-52,45;3127354;616
MG;Glaucilândia;2025;AJUSTE FUNDEB - IPIE;-0,52;3127354;616
MG;Glaucilândia;2025;AJUSTE FUNDEB - IPVA;-8,09;3127354;616
MG;Glaucilândia;2025;AJUSTE FUNDEB - ITCMD;-1,36;3127354;616
MG;Glaucilândia;2025;AJUSTE FUNDEB - ITR;-0,16;3127354;616
MG;Glaucilândia;2025;FUNDEB - COUN VAAR;66931,99;3127354;616
MG;Glaucilândia;2025;FUNDEB - FPE;137035,4;3127354;616
MG;Glaucilândia;2025;FUNDEB - FPM;422165,83;3127354;616
MG;Glaucilândia;2025;FUNDEB - FUNDEB - FTI;57480,06;3127354;616
MG;Glaucilândia;2025;FUNDEB - ICMS;1338661,73;3127354;616
MG;Glaucilândia;2025;FUNDEB - IPI-EXP;17038,6;3127354;616
MG;Glaucilândia;2025;FUNDEB - IPVA;194392,88;3127354;616
MG;Glaucilândia;2025;FUNDEB - ITCMD;33658,04;3127354;616
MG;Glaucilândia;2025;FUNDEB - ITR;4836,57;3127354;616
MG;Goiabeira;2025;AJUSTE FUNDEB - FPE;-8,9;3127370;618
MG;Goiabeira;2025;AJUSTE FUNDEB - FPM;-26,81;3127370;618
MG;Goiabeira;2025;AJUSTE FUNDEB - ICME;-87,23;3127370;618
MG;Goiabeira;2025;AJUSTE FUNDEB - IPIE;-0,84;3127370;618
MG;Goiabeira;2025;AJUSTE FUNDEB - IPVA;-13,27;3127370;618
MG;Goiabeira;2025;AJUSTE FUNDEB - ITCMD;-2,25;3127370;618
MG;Goiabeira;2025;AJUSTE FUNDEB - ITR;-0,27;3127370;618
MG;Goiabeira;2025;FUNDEB - FPE;225029,48;3127370;618
MG;Goiabeira;2025;FUNDEB - FPM;693249,65;3127370;618
MG;Goiabeira;2025;FUNDEB - FUNDEB - FTI;105235,95;3127370;618
MG;Goiabeira;2025;FUNDEB - ICMS;2195303,63;3127370;618
MG;Goiabeira;2025;FUNDEB - IPI-EXP;27979,56;3127370;618
MG;Goiabeira;2025;FUNDEB - IPVA;319228,52;3127370;618
MG;Goiabeira;2025;FUNDEB - ITCMD;55292,91;3127370;618
MG;Goiabeira;2025;FUNDEB - ITR;7947,5;3127370;618
MG;Goianá;2025;AJUSTE FUNDEB - AJUSTE FUNDEB VAAR;-6374,6;3127388;620
MG;Goianá;2025;AJUSTE FUNDEB - FPE;-7,26;3127388;620
MG;Goianá;2025;AJUSTE FUNDEB - FPM;-21,66;3127388;620
MG;Goianá;2025;AJUSTE FUNDEB - ICME;-70,64;3127388;620
MG;Goianá;2025;AJUSTE FUNDEB - IPIE;-0,65;3127388;620
MG;Goianá;2025;AJUSTE FUNDEB - IPVA;-10,98;3127388;620
MG;Goianá;2025;AJUSTE FUNDEB - ITCMD;-1,83;3127388;620
MG;Goianá;2025;AJUSTE FUNDEB - ITR;-0,22;3127388;620
MG;Goianá;2025;FUNDEB - COUN VAAR;92485,82;3127388;620
MG;Goianá;2025;FUNDEB - FPE;167968,82;3127388;620
MG;Goianá;2025;FUNDEB - FPM;517462,56;3127388;620
MG;Goianá;2025;FUNDEB - ICMS;1640573,12;3127388;620
MG;Goianá;2025;FUNDEB - IPI-EXP;20884,79;3127388;620
MG;Goianá;2025;FUNDEB - IPVA;238273,23;3127388;620
MG;Goianá;2025;FUNDEB - ITCMD;41254,74;3127388;620
MG;Goianá;2025;FUNDEB - ITR;5928,07;3127388;620
MG;Gonçalves;2025;AJUSTE FUNDEB - AJUSTE FUNDEB VAAR;-13935,19;3127404;4547
MG;Gonçalves;2025;AJUSTE FUNDEB - FPE;-7,97;3127404;4547
MG;Gonçalves;2025;AJUSTE FUNDEB - FPM;-24,03;3127404;4547
MG;Gonçalves;2025;AJUSTE FUNDEB - ICME;-78,13;3127404;4547
MG;Gonçalves;2025;AJUSTE FUNDEB - IPIE;-0,77;3127404;4547
MG;Gonçalves;2025;AJUSTE FUNDEB - IPVA;-12,06;3127404;4547
MG;Gonçalves;2025;AJUSTE FUNDEB - ITCMD;-2,06;3127404;4547
MG;Gonçalves;2025;AJUSTE FUNDEB - ITR;-0,27;3127404;4547
MG;Gonçalves;2025;FUNDEB - COUN VAAR;221104,39;3127404;4547
MG;Gonçalves;2025;FUNDEB - FPE;241357,56;3127404;4547
MG;Gonçalves;2025;FUNDEB - FPM;743551,76;3127404;4547
MG;Gonçalves;2025;FUNDEB - FUNDEB - FTI;52570,63;3127404;4547
MG;Gonçalves;2025;FUNDEB - ICMS;2349022,48;3127404;4547
MG;Gonçalves;2025;FUNDEB - IPI-EXP;30009,73;3127404;4547
MG;Gonçalves;2025;FUNDEB - IPVA;342290,36;3127404;4547
MG;Gonçalves;2025;FUNDEB - ITCMD;59095,86;3127404;4547
MG;Gonçalves;2025;FUNDEB - ITR;8474,42;3127404;4547
MG;Gonzaga;2025;AJUSTE FUNDEB - AJUSTE FUNDEB VAAR;-18059,32;3127503;4549
MG;Gonzaga;2025;AJUSTE FUNDEB - FPE;-10,31;3127503;4549
MG;Gonzaga;2025;AJUSTE FUNDEB - FPM;-31,01;3127503;4549
MG;Gonzaga;2025;AJUSTE FUNDEB - ICME;-100,82;3127503;4549
MG;Gonzaga;2025;AJUSTE FUNDEB - IPIE;-0,93;3127503;4549
MG;Gonzaga;2025;AJUSTE FUNDEB - IPVA;-15,42;3127503;4549
MG;Gonzaga;2025;AJUSTE FUNDEB - ITCMD;-2,6;3127503;4549
MG;Gonzaga;2025;AJUSTE FUNDEB - ITR;-0,35;3127503;4549
MG;Gonzaga;2025;FUNDEB - COUN VAAR;267700,8;3127503;4549
MG;Gonzaga;2025;FUNDEB - FPE;280089,77;3127503;4549
MG;Gonzaga;2025;FUNDEB - FPM;862874,23;3127503;4549
MG;Gonzaga;2025;FUNDEB - FUNDEB - FTI;54147,89;3127503;4549
MG;Gonzaga;2025;FUNDEB - ICMS;2735265,26;3127503;4549
MG;Gonzaga;2025;FUNDEB - IPI-EXP;34825,58;3127503;4549
MG;Gonzaga;2025;FUNDEB - IPVA;397305,8;3127503;4549
MG;Gonzaga;2025;FUNDEB - ITCMD;68756,48;3127503;4549
MG;Gonzaga;2025;FUNDEB - ITR;9876,5;3127503;4549
MG;Gouveia;2025;AJUSTE FUNDEB - AJUSTE FUNDEB VAAR;-2919,49;3127602;4551
MG;Gouveia;2025;AJUSTE FUNDEB - FPE;-24,73;3127602;4551
MG;Gouveia;2025;AJUSTE FUNDEB - FPM;-74,01;3127602;4551
MG;Gouveia;2025;AJUSTE FUNDEB - ICME;-240,83;3127602;4551
MG;Gouveia;2025;AJUSTE FUNDEB - IPIE;-2,26;3127602;4551
MG;Gouveia;2025;AJUSTE FUNDEB - IPVA;-36,96;3127602;4551
MG;Gouveia;2025;AJUSTE FUNDEB - ITCMD;-6,19;3127602;4551
MG;Gouveia;2025;AJUSTE FUNDEB - ITR;-0,78;3127602;4551
MG;Gouveia;2025;FUNDEB - COUN VAAR;20755,27;3127602;4551
MG;Gouveia;2025;FUNDEB - COUN VAAT;199228,02;3127602;4551
MG;Gouveia;2025;FUNDEB - FPE;595567,18;3127602;4551
MG;Gouveia;2025;FUNDEB - FPM;1834767,44;3127602;4551
MG;Gouveia;2025;FUNDEB - ICMS;5803508,68;3127602;4551
MG;Gouveia;2025;FUNDEB - IPI-EXP;74051,19;3127602;4551
MG;Gouveia;2025;FUNDEB - IPVA;844844,23;3127602;4551
MG;Gouveia;2025;FUNDEB - ITCMD;146273,58;3127602;4551
MG;Gouveia;2025;FUNDEB - ITR;21018,38;3127602;4551
MG;Governador Valadares;2025;AJUSTE FUNDEB - AJUSTE FUNDEB VAAR;148101,17;3127701;4553
MG;Governador Valadares;2025;AJUSTE FUNDEB - FPE;-456,18;3127701;4553
MG;Governador Valadares;2025;AJUSTE FUNDEB - FPM;-1368,06;3127701;4553
MG;Governador Valadares;2025;AJUSTE FUNDEB - ICME;-4452,04;3127701;4553
MG;Governador Valadares;2025;AJUSTE FUNDEB - IPIE;-42,59;3127701;4553
MG;Governador Valadares;2025;AJUSTE FUNDEB - IPVA;-684,38;3127701;4553
MG;Governador Valadares;2025;AJUSTE FUNDEB - ITCMD;-115,43;3127701;4553
MG;Governador Valadares;2025;AJUSTE FUNDEB - ITR;-15,06;3127701;4553
MG;Governador Valadares;2025;FUNDEB - COUN VAAR;730082,17;3127701;4553
MG;Governador Valadares;2025;FUNDEB - FPE;12170787,32;3127701;4553
MG;Governador Valadares;2025;FUNDEB - FPM;37494619,16;3127701;4553
MG;Governador Valadares;2025;FUNDEB - ICMS;118704323,8;3127701;4553
MG;Governador Valadares;2025;FUNDEB - IPI-EXP;1513282,37;3127701;4553
MG;Governador Valadares;2025;FUNDEB - IPVA;17263366,9;3127701;4553
MG;Governador Valadares;2025;FUNDEB - ITCMD;2985985,13;3127701;4553
MG;Governador Valadares;2025;FUNDEB - ITR;428760,56;3127701;4553
MG;Grão Mogol;2025;AJUSTE FUNDEB - AJUSTE FUNDEB VAAR;-60138,81;3127800;4555
MG;Grão Mogol;2025;AJUSTE FUNDEB - AJUSTE FUNDEB VAAT;64076,78;3127800;4555
MG;Grão Mogol;2025;AJUSTE FUNDEB - FPE;-33,19;3127800;4555
MG;Grão Mogol;2025;AJUSTE FUNDEB - FPM;-99,42;3127800;4555
MG;Grão Mogol;2025;AJUSTE FUNDEB - ICME;-323,73;3127800;4555
MG;Grão Mogol;2025;AJUSTE FUNDEB - IPIE;-3,1;3127800;4555
MG;Grão Mogol;2025;AJUSTE FUNDEB - IPVA;-49,92;3127800;4555
MG;Grão Mogol;2025;AJUSTE FUNDEB - ITCMD;-8,4;3127800;4555
MG;Grão Mogol;2025;AJUSTE FUNDEB - ITR;-1,09;3127800;4555
MG;Grão Mogol;2025;FUNDEB - COUN VAAR;761268,43;3127800;4555
MG;Grão Mogol;2025;FUNDEB - COUN VAAT;851397,88;3127800;4555
MG;Grão Mogol;2025;FUNDEB - FPE;892004,99;3127800;4555
MG;Grão Mogol;2025;FUNDEB - FPM;2748005,17;3127800;4555
MG;Grão Mogol;2025;FUNDEB - FUNDEB - FTI;248438,34;3127800;4555
MG;Grão Mogol;2025;FUNDEB - ICMS;8710362,61;3127800;4555
MG;Grão Mogol;2025;FUNDEB - IPI-EXP;110909,46;3127800;4555
MG;Grão Mogol;2025;FUNDEB - IPVA;1265401,88;3127800;4555
MG;Grão Mogol;2025;FUNDEB - ITCMD;219171,74;3127800;4555
MG;Grão Mogol;2025;FUNDEB - ITR;31501,92;3127800;4555
MG;Grupiara;2025;AJUSTE FUNDEB - FPE;-1,06;3127909;4557
MG;Grupiara;2025;AJUSTE FUNDEB - FPM;-3,03;3127909;4557
MG;Grupiara;2025;AJUSTE FUNDEB - ICME;-10,1;3127909;4557
MG;Grupiara;2025;AJUSTE FUNDEB - IPIE;-0,09;3127909;4557
MG;Grupiara;2025;AJUSTE FUNDEB - IPVA;-1,51;3127909;4557
MG;Grupiara;2025;AJUSTE FUNDEB - ITCMD;-0,32;3127909;4557
MG;Grupiara;2025;AJUSTE FUNDEB - ITR;-0,03;3127909;4557
MG;Grupiara;2025;FUNDEB - FPE;29243,16;3127909;4557
MG;Grupiara;2025;FUNDEB - FPM;90089,44;3127909;4557
MG;Grupiara;2025;FUNDEB - ICMS;284376,64;3127909;4557
MG;Grupiara;2025;FUNDEB - IPI-EXP;3636,02;3127909;4557
MG;Grupiara;2025;FUNDEB - IPVA;41480,87;3127909;4557
MG;Grupiara;2025;FUNDEB - ITCMD;7177,91;3127909;4557
MG;Grupiara;2025;FUNDEB - ITR;1031;3127909;4557
MG;Guanhães;2025;AJUSTE FUNDEB - AJUSTE FUNDEB VAAR;-18633,32;3128006;4559
MG;Guanhães;2025;AJUSTE FUNDEB - FPE;-52,94;3128006;4559
MG;Guanhães;2025;AJUSTE FUNDEB - FPM;-158,66;3128006;4559
MG;Guanhães;2025;AJUSTE FUNDEB - ICME;-516,39;3128006;4559
MG;Guanhães;2025;AJUSTE FUNDEB - IPIE;-4,95;3128006;4559
MG;Guanhães;2025;AJUSTE FUNDEB - IPVA;-79,44;3128006;4559
MG;Guanhães;2025;AJUSTE FUNDEB - ITCMD;-13,33;3128006;4559
MG;Guanhães;2025;AJUSTE FUNDEB - ITR;-1,73;3128006;4559
MG;Guanhães;2025;FUNDEB - COUN VAAR;556504,39;3128006;4559
MG;Guanhães;2025;FUNDEB - FPE;1214234,81;3128006;4559
MG;Guanhães;2025;FUNDEB - FPM;3740700,65;3128006;4559
MG;Guanhães;2025;FUNDEB - ICMS;11860200,48;3128006;4559
MG;Guanhães;2025;FUNDEB - IPI-EXP;150974,63;3128006;4559
MG;Guanhães;2025;FUNDEB - IPVA;1722536,07;3128006;4559
MG;Guanhães;2025;FUNDEB - ITCMD;298382,42;3128006;4559
MG;Guanhães;2025;FUNDEB - ITR;42890,44;3128006;4559
MG;Guapé;2025;AJUSTE FUNDEB - AJUSTE FUNDEB VAAR;-57741,87;3128105;4561
MG;Guapé;2025;AJUSTE FUNDEB - AJUSTE FUNDEB VAAT;55693,75;3128105;4561
MG;Guapé;2025;AJUSTE FUNDEB - FPE;-27,64;3128105;4561
MG;Guapé;2025;AJUSTE FUNDEB - FPM;-82,96;3128105;4561
MG;Guapé;2025;AJUSTE FUNDEB - ICME;-270,07;3128105;4561
MG;Guapé;2025;AJUSTE FUNDEB - IPIE;-2,54;3128105;4561
MG;Guapé;2025;AJUSTE FUNDEB - IPVA;-41,58;3128105;4561
MG;Guapé;2025;AJUSTE FUNDEB - ITCMD;-7,01;3128105;4561
MG;Guapé;2025;AJUSTE FUNDEB - ITR;-0,94;3128105;4561
MG;Guapé;2025;FUNDEB - COUN VAAR;792760,97;3128105;4561
MG;Guapé;2025;FUNDEB - COUN VAAT;762410,02;3128105;4561
MG;Guapé;2025;FUNDEB - FPE;789122,91;3128105;4561
MG;Guapé;2025;FUNDEB - FPM;2431055,78;3128105;4561
MG;Guapé;2025;FUNDEB - FUNDEB - FTI;69232,45;3128105;4561
MG;Guapé;2025;FUNDEB - ICMS;7683346,93;3128105;4561
MG;Guapé;2025;FUNDEB - IPI-EXP;98117,41;3128105;4561
MG;Guapé;2025;FUNDEB - IPVA;1119405,05;3128105;4561
MG;Guapé;2025;FUNDEB - ITCMD;193793,99;3128105;4561
MG;Guapé;2025;FUNDEB - ITR;27845,05;3128105;4561
MG;Guaraciaba;2025;AJUSTE FUNDEB - AJUSTE FUNDEB VAAR;-2579,6;3128204;4563
MG;Guaraciaba;2025;AJUSTE FUNDEB - FPE;-8,73;3128204;4563
MG;Guaraciaba;2025;AJUSTE FUNDEB - FPM;-26,27;3128204;4563
MG;Guaraciaba;2025;AJUSTE FUNDEB - ICME;-85,71;3128204;4563
MG;Guaraciaba;2025;AJUSTE FUNDEB - IPIE;-0,83;3128204;4563
MG;Guaraciaba;2025;AJUSTE FUNDEB - IPVA;-13,21;3128204;4563
MG;Guaraciaba;2025;AJUSTE FUNDEB - ITCMD;-2,21;3128204;4563
MG;Guaraciaba;2025;AJUSTE FUNDEB - ITR;-0,26;3128204;4563
MG;Guaraciaba;2025;FUNDEB - COUN VAAR;9559,76;3128204;4563
MG;Guaraciaba;2025;FUNDEB - FPE;219315,59;3128204;4563
MG;Guaraciaba;2025;FUNDEB - FPM;675646,85;3128204;4563
MG;Guaraciaba;2025;FUNDEB - ICMS;2143189,78;3128204;4563
MG;Guaraciaba;2025;FUNDEB - IPI-EXP;27269,09;3128204;4563
MG;Guaraciaba;2025;FUNDEB - IPVA;311104,68;3128204;4563
MG;Guaraciaba;2025;FUNDEB - ITCMD;53851,44;3128204;4563
MG;Guaraciaba;2025;FUNDEB - ITR;7736,75;3128204;4563
MG;Guaraciama;2025;AJUSTE FUNDEB - AJUSTE FUNDEB VAAR;-1443,69;3128253;622
MG;Guaraciama;2025;AJUSTE FUNDEB - FPE;-10,74;3128253;622
MG;Guaraciama;2025;AJUSTE FUNDEB - FPM;-32,17;3128253;622
MG;Guaraciama;2025;AJUSTE FUNDEB - ICME;-104,48;3128253;622
MG;Guaraciama;2025;AJUSTE FUNDEB - IPIE;-1,02;3128253;622
MG;Guaraciama;2025;AJUSTE FUNDEB - IPVA;-16,02;3128253;622
MG;Guaraciama;2025;AJUSTE FUNDEB - ITCMD;-2,77;3128253;622
MG;Guaraciama;2025;AJUSTE FUNDEB - ITR;-0,35;3128253;622
MG;Guaraciama;2025;FUNDEB - COUN VAAR;9047,16;3128253;622
MG;Guaraciama;2025;FUNDEB - FPE;255563,06;3128253;622
MG;Guaraciama;2025;FUNDEB - FPM;787314,65;3128253;622
MG;Guaraciama;2025;FUNDEB - FUNDEB - FTI;92892,08;3128253;622
MG;Guaraciama;2025;FUNDEB - ICMS;2495219,52;3128253;622
MG;Guaraciama;2025;FUNDEB - IPI-EXP;31776,02;3128253;622
MG;Guaraciama;2025;FUNDEB - IPVA;362522,98;3128253;622
MG;Guaraciama;2025;FUNDEB - ITCMD;62752,73;3128253;622
MG;Guaraciama;2025;FUNDEB - ITR;9015,72;3128253;622
MG;Guaranésia;2025;AJUSTE FUNDEB - FPE;501,38;3128303;4565
MG;Guaranésia;2025;AJUSTE FUNDEB - FPM;1547,58;3128303;4565
MG;Guaranésia;2025;AJUSTE FUNDEB - ICME;4986,65;3128303;4565
MG;Guaranésia;2025;AJUSTE FUNDEB - IPIE;64,41;3128303;4565
MG;Guaranésia;2025;AJUSTE FUNDEB - IPVA;801,18;3128303;4565
MG;Guaranésia;2025;AJUSTE FUNDEB - ITCMD;113,31;3128303;4565
MG;Guaranésia;2025;AJUSTE FUNDEB - ITR;18,76;3128303;4565
MG;Guaranésia;2025;FUNDEB - COUN VAAT;2718806,06;3128303;4565
MG;Guaranésia;2025;FUNDEB - FPE;1098507,34;3128303;4565
MG;Guaranésia;2025;FUNDEB - FPM;3384178,34;3128303;4565
MG;Guaranésia;2025;FUNDEB - ICMS;10694200,55;3128303;4565
MG;Guaranésia;2025;FUNDEB - IPI-EXP;136584,38;3128303;4565
MG;Guaranésia;2025;FUNDEB - IPVA;1557731,88;3128303;4565
MG;Guaranésia;2025;FUNDEB - ITCMD;268842,5;3128303;4565
MG;Guaranésia;2025;FUNDEB - ITR;38537,31;3128303;4565
MG;Guarani;2025;AJUSTE FUNDEB - FPE;-18,06;3128402;4567
MG;Guarani;2025;AJUSTE FUNDEB - FPM;-53,85;3128402;4567
MG;Guarani;2025;AJUSTE FUNDEB - ICME;-175,35;3128402;4567
MG;Guarani;2025;AJUSTE FUNDEB - IPIE;-1,66;3128402;4567
MG;Guarani;2025;AJUSTE FUNDEB - IPVA;-27,13;3128402;4567
MG;Guarani;2025;AJUSTE FUNDEB - ITCMD;-4,53;3128402;4567
MG;Guarani;2025;AJUSTE FUNDEB - ITR;-0,62;3128402;4567
MG;Guarani;2025;FUNDEB - FPE;417515,7;3128402;4567
MG;Guarani;2025;FUNDEB - FPM;1286243,27;3128402;4567
MG;Guarani;2025;FUNDEB - FUNDEB - FTI;94650,56;3128402;4567
MG;Guarani;2025;FUNDEB - ICMS;4076075,32;3128402;4567
MG;Guarani;2025;FUNDEB - IPI-EXP;51912,79;3128402;4567
MG;Guarani;2025;FUNDEB - IPVA;592287,16;3128402;4567
MG;Guarani;2025;FUNDEB - ITCMD;102581,83;3128402;4567
MG;Guarani;2025;FUNDEB - ITR;14743,78;3128402;4567
MG;Guarará;2025;AJUSTE FUNDEB - AJUSTE FUNDEB VAAR;-4042,66;3128501;4569
MG;Guarará;2025;AJUSTE FUNDEB - FPE;-12,38;3128501;4569
MG;Guarará;2025;AJUSTE FUNDEB - FPM;-37,12;3128501;4569
MG;Guarará;2025;AJUSTE FUNDEB - ICME;-120,99;3128501;4569
MG;Guarará;2025;AJUSTE FUNDEB - IPIE;-1,11;3128501;4569
MG;Guarará;2025;AJUSTE FUNDEB - IPVA;-18,49;3128501;4569
MG;Guarará;2025;AJUSTE FUNDEB - ITCMD;-3,12;3128501;4569
MG;Guarará;2025;AJUSTE FUNDEB - ITR;-0,39;3128501;4569
MG;Guarará;2025;FUNDEB - COUN VAAR;13743,1;3128501;4569
MG;Guarará;2025;FUNDEB - FPE;314734,75;3128501;4569
MG;Guarará;2025;FUNDEB - FPM;969605,31;3128501;4569
MG;Guarará;2025;FUNDEB - FUNDEB - FTI;120752,45;3128501;4569
MG;Guarará;2025;FUNDEB - ICMS;3070846,9;3128501;4569
MG;Guarará;2025;FUNDEB - IPI-EXP;39133,25;3128501;4569
MG;Guarará;2025;FUNDEB - IPVA;446423,38;3128501;4569
MG;Guarará;2025;FUNDEB - ITCMD;77207,4;3128501;4569
MG;Guarará;2025;FUNDEB - ITR;11085,38;3128501;4569
MG;Guarda-Mor;2025;AJUSTE FUNDEB - FPE;-16,34;3128600;4571
MG;Guarda-Mor;2025;AJUSTE FUNDEB - FPM;-48,73;3128600;4571
MG;Guarda-Mor;2025;AJUSTE FUNDEB - ICME;-158,46;3128600;4571
MG;Guarda-Mor;2025;AJUSTE FUNDEB - IPIE;-1,46;3128600;4571
MG;Guarda-Mor;2025;AJUSTE FUNDEB - IPVA;-24,41;3128600;4571
MG;Guarda-Mor;2025;AJUSTE FUNDEB - ITCMD;-4,09;3128600;4571
MG;Guarda-Mor;2025;AJUSTE FUNDEB - ITR;-0,54;3128600;4571
MG;Guarda-Mor;2025;FUNDEB - FPE;387902,29;3128600;4571
MG;Guarda-Mor;2025;FUNDEB - FPM;1195012,92;3128600;4571
MG;Guarda-Mor;2025;FUNDEB - ICMS;3784468,45;3128600;4571
MG;Guarda-Mor;2025;FUNDEB - IPI-EXP;48230,7;3128600;4571
MG;Guarda-Mor;2025;FUNDEB - IPVA;550272,05;3128600;4571
MG;Guarda-Mor;2025;FUNDEB - ITCMD;95294,28;3128600;4571
MG;Guarda-Mor;2025;FUNDEB - ITR;13695,3;3128600;4571
MG;Guaxupé;2025;AJUSTE FUNDEB - FPE;-92,17;3128709;4573
MG;Guaxupé;2025;AJUSTE FUNDEB - FPM;-276,51;3128709;4573
MG;Guaxupé;2025;AJUSTE FUNDEB - ICME;-899,7;3128709;4573
MG;Guaxupé;2025;AJUSTE FUNDEB - IPIE;-8,61;3128709;4573
MG;Guaxupé;2025;AJUSTE FUNDEB - IPVA;-138,46;3128709;4573
MG;Guaxupé;2025;AJUSTE FUNDEB - ITCMD;-23,35;3128709;4573
MG;Guaxupé;2025;AJUSTE FUNDEB - ITR;-2,99;3128709;4573
MG;Guaxupé;2025;FUNDEB - FPE;2329046,46;3128709;4573
MG;Guaxupé;2025;FUNDEB - FPM;7175107,79;3128709;4573
MG;Guaxupé;2025;FUNDEB - FUNDEB - FTI;438974,1;3128709;4573
MG;Guaxupé;2025;FUNDEB - ICMS;22718219,89;3128709;4573
MG;Guaxupé;2025;FUNDEB - IPI-EXP;289587,23;3128709;4573
MG;Guaxupé;2025;FUNDEB - IPVA;3303629,28;3128709;4573
MG;Guaxupé;2025;FUNDEB - ITCMD;571508,22;3128709;4573
MG;Guaxupé;2025;FUNDEB - ITR;82072,81;3128709;4573
MG;Guidoval;2025;AJUSTE FUNDEB - AJUSTE FUNDEB VAAT;24026,94;3128808;4575
MG;Guidoval;2025;AJUSTE FUNDEB - FPE;-11,45;3128808;4575
MG;Guidoval;2025;AJUSTE FUNDEB - FPM;-34,43;3128808;4575
MG;Guidoval;2025;AJUSTE FUNDEB - ICME;-111,84;3128808;4575
MG;Guidoval;2025;AJUSTE FUNDEB - IPIE;-1,02;3128808;4575
MG;Guidoval;2025;AJUSTE FUNDEB - IPVA;-17,28;3128808;4575
MG;Guidoval;2025;AJUSTE FUNDEB - ITCMD;-2,96;3128808;4575
MG;Guidoval;2025;AJUSTE FUNDEB - ITR;-0,34;3128808;4575
MG;Guidoval;2025;FUNDEB - COUN VAAT;611024,42;3128808;4575
MG;Guidoval;2025;FUNDEB - FPE;343728,16;3128808;4575
MG;Guidoval;2025;FUNDEB - FPM;1058925,49;3128808;4575
MG;Guidoval;2025;FUNDEB - ICMS;3348267,8;3128808;4575
MG;Guidoval;2025;FUNDEB - IPI-EXP;42738,21;3128808;4575
MG;Guidoval;2025;FUNDEB - IPVA;487577,3;3128808;4575
MG;Guidoval;2025;FUNDEB - ITCMD;84380,18;3128808;4575
MG;Guidoval;2025;FUNDEB - ITR;12120,91;3128808;4575
MG;Guimarânia;2025;AJUSTE FUNDEB - AJUSTE FUNDEB VAAR;-23913,57;3128907;4577
MG;Guimarânia;2025;AJUSTE FUNDEB - FPE;-19,44;3128907;4577
MG;Guimarânia;2025;AJUSTE FUNDEB - FPM;-58,43;3128907;4577
MG;Guimarânia;2025;AJUSTE FUNDEB - ICME;-190,37;3128907;4577
MG;Guimarânia;2025;AJUSTE FUNDEB - IPIE;-1,85;3128907;4577
MG;Guimarânia;2025;AJUSTE FUNDEB - IPVA;-29,31;3128907;4577
MG;Guimarânia;2025;AJUSTE FUNDEB - ITCMD;-4,98;3128907;4577
MG;Guimarânia;2025;AJUSTE FUNDEB - ITR;-0,65;3128907;4577
MG;Guimarânia;2025;FUNDEB - COUN VAAR;287846,52;3128907;4577
MG;Guimarânia;2025;FUNDEB - COUN VAAT;47921,18;3128907;4577
MG;Guimarânia;2025;FUNDEB - FPE;487537,23;3128907;4577
MG;Guimarânia;2025;FUNDEB - FPM;1501958,9;3128907;4577
MG;Guimarânia;2025;FUNDEB - FUNDEB - FTI;66001,89;3128907;4577
MG;Guimarânia;2025;FUNDEB - ICMS;4752586,23;3128907;4577
MG;Guimarânia;2025;FUNDEB - IPI-EXP;60619,04;3128907;4577
MG;Guimarânia;2025;FUNDEB - IPVA;691564,84;3128907;4577
MG;Guimarânia;2025;FUNDEB - ITCMD;119672,55;3128907;4577
MG;Guimarânia;2025;FUNDEB - ITR;17189,55;3128907;4577
MG;Guiricema;2025;AJUSTE FUNDEB - AJUSTE FUNDEB VAAR;-1411,6;3129004;4579
MG;Guiricema;2025;AJUSTE FUNDEB - FPE;-8,99;3129004;4579
MG;Guiricema;2025;AJUSTE FUNDEB - FPM;-26,86;3129004;4579
MG;Guiricema;2025;AJUSTE FUNDEB - ICME;-87,73;3129004;4579
MG;Guiricema;2025;AJUSTE FUNDEB - IPIE;-0,88;3129004;4579
MG;Guiricema;2025;AJUSTE FUNDEB - IPVA;-13,38;3129004;4579
MG;Guiricema;2025;AJUSTE FUNDEB - ITCMD;-2,24;3129004;4579
MG;Guiricema;2025;AJUSTE FUNDEB - ITR;-0,32;3129004;4579
MG;Guiricema;2025;FUNDEB - COUN VAAR;8773,88;3129004;4579
MG;Guiricema;2025;FUNDEB - FPE;238138,38;3129004;4579
MG;Guiricema;2025;FUNDEB - FPM;733634,4;3129004;4579
MG;Guiricema;2025;FUNDEB - ICMS;2321890,17;3129004;4579
MG;Guiricema;2025;FUNDEB - IPI-EXP;29609,49;3129004;4579
MG;Guiricema;2025;FUNDEB - IPVA;337791,4;3129004;4579
MG;Guiricema;2025;FUNDEB - ITCMD;58444,68;3129004;4579
MG;Guiricema;2025;FUNDEB - ITR;8394;3129004;4579
MG;Gurinhatã;2025;AJUSTE FUNDEB - FPE;-9,56;3129103;4581
MG;Gurinhatã;2025;AJUSTE FUNDEB - FPM;-28,52;3129103;4581
MG;Gurinhatã;2025;AJUSTE FUNDEB - ICME;-92,99;3129103;4581
MG;Gurinhatã;2025;AJUSTE FUNDEB - IPIE;-0,94;3129103;4581
MG;Gurinhatã;2025;AJUSTE FUNDEB - IPVA;-14,54;3129103;4581
MG;Gurinhatã;2025;AJUSTE FUNDEB - ITCMD;-2,44;3129103;4581
MG;Gurinhatã;2025;AJUSTE FUNDEB - ITR;-0,3;3129103;4581
MG;Gurinhatã;2025;FUNDEB - FPE;203122,87;3129103;4581
MG;Gurinhatã;2025;FUNDEB - FPM;625761,82;3129103;4581
MG;Gurinhatã;2025;FUNDEB - ICMS;1984288,84;3129103;4581
MG;Gurinhatã;2025;FUNDEB - IPI-EXP;25255,74;3129103;4581
MG;Gurinhatã;2025;FUNDEB - IPVA;288159,31;3129103;4581
MG;Gurinhatã;2025;FUNDEB - ITCMD;49926,05;3129103;4581
MG;Gurinhatã;2025;FUNDEB - ITR;7177,56;3129103;4581
MG;Heliodora;2025;AJUSTE FUNDEB - FPE;-12,27;3129202;4583
MG;Heliodora;2025;AJUSTE FUNDEB - FPM;-36,75;3129202;4583
MG;Heliodora;2025;AJUSTE FUNDEB - ICME;-119,72;3129202;4583
MG;Heliodora;2025;AJUSTE FUNDEB - IPIE;-1,15;3129202;4583
MG;Heliodora;2025;AJUSTE FUNDEB - IPVA;-18,35;3129202;4583
MG;Heliodora;2025;AJUSTE FUNDEB - ITCMD;-3,03;3129202;4583
MG;Heliodora;2025;AJUSTE FUNDEB - ITR;-0,38;3129202;4583
MG;Heliodora;2025;FUNDEB - FPE;314925,43;3129202;4583
MG;Heliodora;2025;FUNDEB - FPM;970192,61;3129202;4583
MG;Heliodora;2025;FUNDEB - FUNDEB - FTI;118649,21;3129202;4583
MG;Heliodora;2025;FUNDEB - ICMS;3072253,19;3129202;4583
MG;Heliodora;2025;FUNDEB - IPI-EXP;39156,97;3129202;4583
MG;Heliodora;2025;FUNDEB - IPVA;446713,72;3129202;4583
MG;Heliodora;2025;FUNDEB - ITCMD;77295,32;3129202;4583
MG;Heliodora;2025;FUNDEB - ITR;11101,87;3129202;4583
MG;Iapu;2025;AJUSTE FUNDEB - AJUSTE FUNDEB VAAR;-29058,88;3129301;4585
MG;Iapu;2025;AJUSTE FUNDEB - FPE;-19,2;3129301;4585
MG;Iapu;2025;AJUSTE FUNDEB - FPM;-57,59;3129301;4585
MG;Iapu;2025;AJUSTE FUNDEB - ICME;-187,17;3129301;4585
MG;Iapu;2025;AJUSTE FUNDEB - IPIE;-1,84;3129301;4585
MG;Iapu;2025;AJUSTE FUNDEB - IPVA;-28,78;3129301;4585
MG;Iapu;2025;AJUSTE FUNDEB - ITCMD;-4,84;3129301;4585
MG;Iapu;2025;AJUSTE FUNDEB - ITR;-0,61;3129301;4585
MG;Iapu;2025;FUNDEB - COUN VAAR;432048,5;3129301;4585
MG;Iapu;2025;FUNDEB - FPE;464506,08;3129301;4585
MG;Iapu;2025;FUNDEB - FPM;1431006,72;3129301;4585
MG;Iapu;2025;FUNDEB - FUNDEB - FTI;172711,25;3129301;4585
MG;Iapu;2025;FUNDEB - ICMS;4532341,59;3129301;4585
MG;Iapu;2025;FUNDEB - IPI-EXP;57755,41;3129301;4585
MG;Iapu;2025;FUNDEB - IPVA;658907,52;3129301;4585
MG;Iapu;2025;FUNDEB - ITCMD;114044,24;3129301;4585
MG;Iapu;2025;FUNDEB - ITR;16383,49;3129301;4585
MG;Ibertioga;2025;AJUSTE FUNDEB - AJUSTE FUNDEB VAAR;-11172,51;3129400;4587
MG;Ibertioga;2025;AJUSTE FUNDEB - FPE;-9,78;3129400;4587
MG;Ibertioga;2025;AJUSTE FUNDEB - FPM;-29,38;3129400;4587
MG;Ibertioga;2025;AJUSTE FUNDEB - ICME;-95,56;3129400;4587
MG;Ibertioga;2025;AJUSTE FUNDEB - IPIE;-0,91;3129400;4587
MG;Ibertioga;2025;AJUSTE FUNDEB - IPVA;-14,61;3129400;4587
MG;Ibertioga;2025;AJUSTE FUNDEB - ITCMD;-2,46;3129400;4587
MG;Ibertioga;2025;AJUSTE FUNDEB - ITR;-0,34;3129400;4587
MG;Ibertioga;2025;FUNDEB - COUN VAAR;149763,71;3129400;4587
MG;Ibertioga;2025;FUNDEB - FPE;252702,21;3129400;4587
MG;Ibertioga;2025;FUNDEB - FPM;778501,27;3129400;4587
MG;Ibertioga;2025;FUNDEB - FUNDEB - FTI;83562,31;3129400;4587
MG;Ibertioga;2025;FUNDEB - ICMS;2464079,51;3129400;4587
MG;Ibertioga;2025;FUNDEB - IPI-EXP;31420,29;3129400;4587
MG;Ibertioga;2025;FUNDEB - IPVA;358472,21;3129400;4587
MG;Ibertioga;2025;FUNDEB - ITCMD;62065,45;3129400;4587
MG;Ibertioga;2025;FUNDEB - ITR;8918,39;3129400;4587
MG;Ibiá;2025;AJUSTE FUNDEB - FPE;-44,72;3129509;4589
MG;Ibiá;2025;AJUSTE FUNDEB - FPM;-134,04;3129509;4589
MG;Ibiá;2025;AJUSTE FUNDEB - ICME;-436,3;3129509;4589
MG;Ibiá;2025;AJUSTE FUNDEB - IPIE;-4,24;3129509;4589
MG;Ibiá;2025;AJUSTE FUNDEB - IPVA;-67,2;3129509;4589
MG;Ibiá;2025;AJUSTE FUNDEB - ITCMD;-11,31;3129509;4589
MG;Ibiá;2025;AJUSTE FUNDEB - ITR;-1,5;3129509;4589
MG;Ibiá;2025;FUNDEB - FPE;1125477,99;3129509;4589
MG;Ibiá;2025;FUNDEB - FPM;3467266,81;3129509;4589
MG;Ibiá;2025;FUNDEB - FUNDEB - FTI;214285,14;3129509;4589
MG;Ibiá;2025;FUNDEB - ICMS;10973089,57;3129509;4589
MG;Ibiá;2025;FUNDEB - IPI-EXP;139938,87;3129509;4589
MG;Ibiá;2025;FUNDEB - IPVA;1596481,83;3129509;4589
MG;Ibiá;2025;FUNDEB - ITCMD;276278,11;3129509;4589
MG;Ibiá;2025;FUNDEB - ITR;39685,46;3129509;4589
MG;Ibiaí;2025;AJUSTE FUNDEB - AJUSTE FUNDEB VAAR;-22592,21;3129608;4591
MG;Ibiaí;2025;AJUSTE FUNDEB - FPE;-15,65;3129608;4591
MG;Ibiaí;2025;AJUSTE FUNDEB - FPM;-46,77;3129608;4591
MG;Ibiaí;2025;AJUSTE FUNDEB - ICME;-152,34;3129608;4591
MG;Ibiaí;2025;AJUSTE FUNDEB - IPIE;-1,46;3129608;4591
MG;Ibiaí;2025;AJUSTE FUNDEB - IPVA;-23,56;3129608;4591
MG;Ibiaí;2025;AJUSTE FUNDEB - ITCMD;-3,93;3129608;4591
MG;Ibiaí;2025;AJUSTE FUNDEB - ITR;-0,54;3129608;4591
MG;Ibiaí;2025;FUNDEB - COUN VAAR;336083,8;3129608;4591
MG;Ibiaí;2025;FUNDEB - FPE;348004,57;3129608;4591
MG;Ibiaí;2025;FUNDEB - FPM;1072099,66;3129608;4591
MG;Ibiaí;2025;FUNDEB - FUNDEB - FTI;123007,33;3129608;4591
MG;Ibiaí;2025;FUNDEB - ICMS;3403151,37;3129608;4591
MG;Ibiaí;2025;FUNDEB - IPI-EXP;43269,93;3129608;4591
MG;Ibiaí;2025;FUNDEB - IPVA;493695,89;3129608;4591
MG;Ibiaí;2025;FUNDEB - ITCMD;85538,56;3129608;4591
MG;Ibiaí;2025;FUNDEB - ITR;12297,56;3129608;4591
MG;Ibiracatu;2025;AJUSTE FUNDEB - AJUSTE FUNDEB VAAR;-11097,32;3129657;624
MG;Ibiracatu;2025;AJUSTE FUNDEB - FPE;-13,35;3129657;624
MG;Ibiracatu;2025;AJUSTE FUNDEB - FPM;-40,06;3129657;624
MG;Ibiracatu;2025;AJUSTE FUNDEB - ICME;-130,38;3129657;624
MG;Ibiracatu;2025;AJUSTE FUNDEB - IPIE;-1,26;3129657;624
MG;Ibiracatu;2025;AJUSTE FUNDEB - IPVA;-19,9;3129657;624
MG;Ibiracatu;2025;AJUSTE FUNDEB - ITCMD;-3,29;3129657;624
MG;Ibiracatu;2025;AJUSTE FUNDEB - ITR;-0,39;3129657;624
MG;Ibiracatu;2025;FUNDEB - COUN VAAR;153432,63;3129657;624
MG;Ibiracatu;2025;FUNDEB - COUN VAAT;513825,24;3129657;624
MG;Ibiracatu;2025;FUNDEB - FPE;352717,19;3129657;624
MG;Ibiracatu;2025;FUNDEB - FPM;1086618,01;3129657;624
MG;Ibiracatu;2025;FUNDEB - FUNDEB - FTI;151758,66;3129657;624
MG;Ibiracatu;2025;FUNDEB - ICMS;3445609,9;3129657;624
MG;Ibiracatu;2025;FUNDEB - IPI-EXP;43855,9;3129657;624
MG;Ibiracatu;2025;FUNDEB - IPVA;500300,76;3129657;624
MG;Ibiracatu;2025;FUNDEB - ITCMD;86530,47;3129657;624
MG;Ibiracatu;2025;FUNDEB - ITR;12424,49;3129657;624
MG;Ibiraci;2025;AJUSTE FUNDEB - FPE;-20,68;3129707;4593
MG;Ibiraci;2025;AJUSTE FUNDEB - FPM;-61,82;3129707;4593
MG;Ibiraci;2025;AJUSTE FUNDEB - ICME;-201,48;3129707;4593
MG;Ibiraci;2025;AJUSTE FUNDEB - IPIE;-1,86;3129707;4593
MG;Ibiraci;2025;AJUSTE FUNDEB - IPVA;-31,04;3129707;4593
MG;Ibiraci;2025;AJUSTE FUNDEB - ITCMD;-5,23;3129707;4593
MG;Ibiraci;2025;AJUSTE FUNDEB - ITR;-0,68;3129707;4593
MG;Ibiraci;2025;FUNDEB - FPE;584358,07;3129707;4593
MG;Ibiraci;2025;FUNDEB - FPM;1800235,42;3129707;4593
MG;Ibiraci;2025;FUNDEB - FUNDEB - FTI;114505,68;3129707;4593
MG;Ibiraci;2025;FUNDEB - ICMS;5688972,26;3129707;4593
MG;Ibiraci;2025;FUNDEB - IPI-EXP;72657,49;3129707;4593
MG;Ibiraci;2025;FUNDEB - IPVA;828840,78;3129707;4593
MG;Ibiraci;2025;FUNDEB - ITCMD;143308,4;3129707;4593
MG;Ibiraci;2025;FUNDEB - ITR;20572,29;3129707;4593
MG;Ibirité;2025;AJUSTE FUNDEB - FPE;-372,41;3129806;4595
MG;Ibirité;2025;AJUSTE FUNDEB - FPM;-1116,93;3129806;4595
MG;Ibirité;2025;AJUSTE FUNDEB - ICME;-3634,72;3129806;4595
MG;Ibirité;2025;AJUSTE FUNDEB - IPIE;-34,77;3129806;4595
MG;Ibirité;2025;AJUSTE FUNDEB - IPVA;-559,12;3129806;4595
MG;Ibirité;2025;AJUSTE FUNDEB - ITCMD;-94,16;3129806;4595
MG;Ibirité;2025;AJUSTE FUNDEB - ITR;-12,29;3129806;4595
MG;Ibirité;2025;FUNDEB - FPE;8046257,97;3129806;4595
MG;Ibirité;2025;FUNDEB - FPM;24788156,18;3129806;4595
MG;Ibirité;2025;FUNDEB - FUNDEB - FTI;564181,74;3129806;4595
MG;Ibirité;2025;FUNDEB - ICMS;78566884,24;3129806;4595
MG;Ibirité;2025;FUNDEB - IPI-EXP;1000449,65;3129806;4595
MG;Ibirité;2025;FUNDEB - IPVA;11413684,69;3129806;4595
MG;Ibirité;2025;FUNDEB - ITCMD;1975433,16;3129806;4595
MG;Ibirité;2025;FUNDEB - ITR;283782,76;3129806;4595
MG;Ibitiúra de Minas;2025;AJUSTE FUNDEB - FPE;-6,19;3129905;4597
MG;Ibitiúra de Minas;2025;AJUSTE FUNDEB - FPM;-18,47;3129905;4597
MG;Ibitiúra de Minas;2025;AJUSTE FUNDEB - ICME;-60,34;3129905;4597
MG;Ibitiúra de Minas;2025;AJUSTE FUNDEB - IPIE;-0,59;3129905;4597
MG;Ibitiúra de Minas;2025;AJUSTE FUNDEB - IPVA;-9,18;3129905;4597
MG;Ibitiúra de Minas;2025;AJUSTE FUNDEB - ITCMD;-1,56;3129905;4597
MG;Ibitiúra de Minas;2025;AJUSTE FUNDEB - ITR;-0,24;3129905;4597
MG;Ibitiúra de Minas;2025;FUNDEB - FPE;176902,66;3129905;4597
MG;Ibitiúra de Minas;2025;FUNDEB - FPM;544985,14;3129905;4597
MG;Ibitiúra de Minas;2025;FUNDEB - ICMS;1725489,47;3129905;4597
MG;Ibitiúra de Minas;2025;FUNDEB - IPI-EXP;21995,58;3129905;4597
MG;Ibitiúra de Minas;2025;FUNDEB - IPVA;250895,67;3129905;4597
MG;Ibitiúra de Minas;2025;FUNDEB - ITCMD;43343,98;3129905;4597
MG;Ibitiúra de Minas;2025;FUNDEB - ITR;6218,4;3129905;4597
MG;Ibituruna;2025;AJUSTE FUNDEB - FPE;-543,01;3130002;4599
MG;Ibituruna;2025;AJUSTE FUNDEB - FPM;-1672,23;3130002;4599
MG;Ibituruna;2025;AJUSTE FUNDEB - ICME;-5392,48;3130002;4599
MG;Ibituruna;2025;AJUSTE FUNDEB - IPIE;-68,3;3130002;4599
MG;Ibituruna;2025;AJUSTE FUNDEB - IPVA;-863,93;3130002;4599
MG;Ibituruna;2025;AJUSTE FUNDEB - ITCMD;-123,69;3130002;4599
MG;Ibituruna;2025;AJUSTE FUNDEB - ITR;-20,09;3130002;4599
MG;Ibituruna;2025;FUNDEB - FPE;152331,56;3130002;4599
MG;Ibituruna;2025;FUNDEB - FPM;469288,72;3130002;4599
MG;Ibituruna;2025;FUNDEB - ICMS;1486373,59;3130002;4599
MG;Ibituruna;2025;FUNDEB - IPI-EXP;18941,51;3130002;4599
MG;Ibituruna;2025;FUNDEB - IPVA;216159,83;3130002;4599
MG;Ibituruna;2025;FUNDEB - ITCMD;37354,36;3130002;4599
MG;Ibituruna;2025;FUNDEB - ITR;5365,24;3130002;4599
MG;Icaraí de Minas;2025;AJUSTE FUNDEB - AJUSTE FUNDEB VAAT;-8760,18;3130051;2693
MG;Icaraí de Minas;2025;AJUSTE FUNDEB - FPE;-17,09;3130051;2693
MG;Icaraí de Minas;2025;AJUSTE FUNDEB - FPM;-51,41;3130051;2693
MG;Icaraí de Minas;2025;AJUSTE FUNDEB - ICME;-167,08;3130051;2693
MG;Icaraí de Minas;2025;AJUSTE FUNDEB - IPIE;-1,56;3130051;2693
MG;Icaraí de Minas;2025;AJUSTE FUNDEB - IPVA;-25,69;3130051;2693
MG;Icaraí de Minas;2025;AJUSTE FUNDEB - ITCMD;-4,36;3130051;2693
MG;Icaraí de Minas;2025;AJUSTE FUNDEB - ITR;-0,51;3130051;2693
MG;Icaraí de Minas;2025;FUNDEB - COUN VAAT;8760,18;3130051;2693
MG;Icaraí de Minas;2025;FUNDEB - FPE;422537,13;3130051;2693
MG;Icaraí de Minas;2025;FUNDEB - FPM;1301712,78;3130051;2693
MG;Icaraí de Minas;2025;FUNDEB - FUNDEB - FTI;164033,49;3130051;2693
MG;Icaraí de Minas;2025;FUNDEB - ICMS;4124376,7;3130051;2693
MG;Icaraí de Minas;2025;FUNDEB - IPI-EXP;52537,1;3130051;2693
MG;Icaraí de Minas;2025;FUNDEB - IPVA;599379,13;3130051;2693
MG;Icaraí de Minas;2025;FUNDEB - ITCMD;103750,59;3130051;2693
MG;Icaraí de Minas;2025;FUNDEB - ITR;14905,65;3130051;2693
MG;Igarapé;2025;AJUSTE FUNDEB - FPE;-107,93;3130101;4601
MG;Igarapé;2025;AJUSTE FUNDEB - FPM;-323,76;3130101;4601
MG;Igarapé;2025;AJUSTE FUNDEB - ICME;-1053,35;3130101;4601
MG;Igarapé;2025;AJUSTE FUNDEB - IPIE;-10,1;3130101;4601
MG;Igarapé;2025;AJUSTE FUNDEB - IPVA;-162,07;3130101;4601
MG;Igarapé;2025;AJUSTE FUNDEB - ITCMD;-27,29;3130101;4601
MG;Igarapé;2025;AJUSTE FUNDEB - ITR;-3,57;3130101;4601
MG;Igarapé;2025;FUNDEB - FPE;2657908,88;3130101;4601
MG;Igarapé;2025;FUNDEB - FPM;8188236,3;3130101;4601
MG;Igarapé;2025;FUNDEB - FUNDEB - FTI;822424,71;3130101;4601
MG;Igarapé;2025;FUNDEB - ICMS;25895120,4;3130101;4601
MG;Igarapé;2025;FUNDEB - IPI-EXP;330477,11;3130101;4601
MG;Igarapé;2025;FUNDEB - IPVA;3770282,72;3130101;4601
MG;Igarapé;2025;FUNDEB - ITCMD;652575,98;3130101;4601
MG;Igarapé;2025;FUNDEB - ITR;93749,62;3130101;4601
MG;Igaratinga;2025;AJUSTE FUNDEB - AJUSTE FUNDEB VAAT;-13112,84;3130200;4603
MG;Igaratinga;2025;AJUSTE FUNDEB - FPE;-21,89;3130200;4603
MG;Igaratinga;2025;AJUSTE FUNDEB - FPM;-65,66;3130200;4603
MG;Igaratinga;2025;AJUSTE FUNDEB - ICME;-213,51;3130200;4603
MG;Igaratinga;2025;AJUSTE FUNDEB - IPIE;-2,03;3130200;4603
MG;Igaratinga;2025;AJUSTE FUNDEB - IPVA;-32,79;3130200;4603
MG;Igaratinga;2025;AJUSTE FUNDEB - ITCMD;-5,53;3130200;4603
MG;Igaratinga;2025;AJUSTE FUNDEB - ITR;-0,73;3130200;4603
MG;Igaratinga;2025;FUNDEB - COUN VAAT;28468,68;3130200;4603
MG;Igaratinga;2025;FUNDEB - FPE;587844,69;3130200;4603
MG;Igaratinga;2025;FUNDEB - FPM;1810976,73;3130200;4603
MG;Igaratinga;2025;FUNDEB - ICMS;5730205,93;3130200;4603
MG;Igaratinga;2025;FUNDEB - IPI-EXP;73091;3130200;4603
MG;Igaratinga;2025;FUNDEB - IPVA;833809,32;3130200;4603
MG;Igaratinga;2025;FUNDEB - ITCMD;144211,38;3130200;4603
MG;Igaratinga;2025;FUNDEB - ITR;20706,46;3130200;4603
MG;Iguatama;2025;AJUSTE FUNDEB - FPE;-9,76;3130309;4605
MG;Iguatama;2025;AJUSTE FUNDEB - FPM;-29,28;3130309;4605
MG;Iguatama;2025;AJUSTE FUNDEB - ICME;-95,23;3130309;4605
MG;Iguatama;2025;AJUSTE FUNDEB - IPIE;-0,86;3130309;4605
MG;Iguatama;2025;AJUSTE FUNDEB - IPVA;-14,57;3130309;4605
MG;Iguatama;2025;AJUSTE FUNDEB - ITCMD;-2,51;3130309;4605
MG;Iguatama;2025;AJUSTE FUNDEB - ITR;-0,32;3130309;4605
MG;Iguatama;2025;FUNDEB - FPE;260371,67;3130309;4605
MG;Iguatama;2025;FUNDEB - FPM;802128,57;3130309;4605
MG;Iguatama;2025;FUNDEB - ICMS;2540330,7;3130309;4605
MG;Iguatama;2025;FUNDEB - IPI-EXP;32373,91;3130309;4605
MG;Iguatama;2025;FUNDEB - IPVA;369330,33;3130309;4605
MG;Iguatama;2025;FUNDEB - ITCMD;63905,16;3130309;4605
MG;Iguatama;2025;FUNDEB - ITR;9178,61;3130309;4605
MG;Ijaci;2025;AJUSTE FUNDEB - AJUSTE FUNDEB VAAR;-27785,26;3130408;4607
MG;Ijaci;2025;AJUSTE FUNDEB - FPE;-545,19;3130408;4607
MG;Ijaci;2025;AJUSTE FUNDEB - FPM;-1678,44;3130408;4607
MG;Ijaci;2025;AJUSTE FUNDEB - ICME;-5413,17;3130408;4607
MG;Ijaci;2025;AJUSTE FUNDEB - IPIE;-68,4;3130408;4607
MG;Ijaci;2025;AJUSTE FUNDEB - IPVA;-866,79;3130408;4607
MG;Ijaci;2025;AJUSTE FUNDEB - ITCMD;-124,41;3130408;4607
MG;Ijaci;2025;AJUSTE FUNDEB - ITR;-20,17;3130408;4607
MG;Ijaci;2025;FUNDEB - COUN VAAR;351816,96;3130408;4607
MG;Ijaci;2025;FUNDEB - FPE;336568,82;3130408;4607
MG;Ijaci;2025;FUNDEB - FPM;1036869,58;3130408;4607
MG;Ijaci;2025;FUNDEB - ICMS;3282802,72;3130408;4607
MG;Ijaci;2025;FUNDEB - IPI-EXP;41849,07;3130408;4607
MG;Ijaci;2025;FUNDEB - IPVA;477496,53;3130408;4607
MG;Ijaci;2025;FUNDEB - ITCMD;82577,32;3130408;4607
MG;Ijaci;2025;FUNDEB - ITR;11860,92;3130408;4607
MG;Ilicínea;2025;AJUSTE FUNDEB - AJUSTE FUNDEB VAAR;-49964,7;3130507;4609
MG;Ilicínea;2025;AJUSTE FUNDEB - AJUSTE FUNDEB VAAT;51204,29;3130507;4609
MG;Ilicínea;2025;AJUSTE FUNDEB - FPE;-29,84;3130507;4609
MG;Ilicínea;2025;AJUSTE FUNDEB - FPM;-89,49;3130507;4609
MG;Ilicínea;2025;AJUSTE FUNDEB - ICME;-291,34;3130507;4609
MG;Ilicínea;2025;AJUSTE FUNDEB - IPIE;-2,77;3130507;4609
MG;Ilicínea;2025;AJUSTE FUNDEB - IPVA;-44,72;3130507;4609
MG;Ilicínea;2025;AJUSTE FUNDEB - ITCMD;-7,54;3130507;4609
MG;Ilicínea;2025;AJUSTE FUNDEB - ITR;-1,02;3130507;4609
MG;Ilicínea;2025;FUNDEB - COUN VAAR;682962,91;3130507;4609
MG;Ilicínea;2025;FUNDEB - COUN VAAT;86927,64;3130507;4609
MG;Ilicínea;2025;FUNDEB - FPE;700717,52;3130507;4609
MG;Ilicínea;2025;FUNDEB - FPM;2158704,82;3130507;4609
MG;Ilicínea;2025;FUNDEB - ICMS;6837210,09;3130507;4609
MG;Ilicínea;2025;FUNDEB - IPI-EXP;87125,31;3130507;4609
MG;Ilicínea;2025;FUNDEB - IPVA;994061,43;3130507;4609
MG;Ilicínea;2025;FUNDEB - ITCMD;172213,87;3130507;4609
MG;Ilicínea;2025;FUNDEB - ITR;24756,6;3130507;4609
MG;Imbé de Minas;2025;AJUSTE FUNDEB - AJUSTE FUNDEB VAAR;-21470,81;3130556;626
MG;Imbé de Minas;2025;AJUSTE FUNDEB - AJUSTE FUNDEB VAAT;24606,09;3130556;626
MG;Imbé de Minas;2025;AJUSTE FUNDEB - FPE;-13,73;3130556;626
MG;Imbé de Minas;2025;AJUSTE FUNDEB - FPM;-41,21;3130556;626
MG;Imbé de Minas;2025;AJUSTE FUNDEB - ICME;-134,05;3130556;626
MG;Imbé de Minas;2025;AJUSTE FUNDEB - IPIE;-1,33;3130556;626
MG;Imbé de Minas;2025;AJUSTE FUNDEB - IPVA;-20,5;3130556;626
MG;Imbé de Minas;2025;AJUSTE FUNDEB - ITCMD;-3,51;3130556;626
MG;Imbé de Minas;2025;AJUSTE FUNDEB - ITR;-0,46;3130556;626
MG;Imbé de Minas;2025;FUNDEB - COUN VAAR;319768,47;3130556;626
MG;Imbé de Minas;2025;FUNDEB - COUN VAAT;232546,61;3130556;626
MG;Imbé de Minas;2025;FUNDEB - FPE;352995,72;3130556;626
MG;Imbé de Minas;2025;FUNDEB - FPM;1087476,12;3130556;626
MG;Imbé de Minas;2025;FUNDEB - FUNDEB - FTI;108390,13;3130556;626
MG;Imbé de Minas;2025;FUNDEB - ICMS;3442254,45;3130556;626
MG;Imbé de Minas;2025;FUNDEB - IPI-EXP;43890,53;3130556;626
MG;Imbé de Minas;2025;FUNDEB - IPVA;500716,94;3130556;626
MG;Imbé de Minas;2025;FUNDEB - ITCMD;86642,33;3130556;626
MG;Imbé de Minas;2025;FUNDEB - ITR;12444,68;3130556;626
MG;Inconfidentes;2025;AJUSTE FUNDEB - AJUSTE FUNDEB VAAR;-18425,48;3130606;4611
MG;Inconfidentes;2025;AJUSTE FUNDEB - FPE;-12,63;3130606;4611
MG;Inconfidentes;2025;AJUSTE FUNDEB - FPM;-37,8;3130606;4611
MG;Inconfidentes;2025;AJUSTE FUNDEB - ICME;-123,12;3130606;4611
MG;Inconfidentes;2025;AJUSTE FUNDEB - IPIE;-1,23;3130606;4611
MG;Inconfidentes;2025;AJUSTE FUNDEB - IPVA;-19,01;3130606;4611
MG;Inconfidentes;2025;AJUSTE FUNDEB - ITCMD;-3,18;3130606;4611
MG;Inconfidentes;2025;AJUSTE FUNDEB - ITR;-0,42;3130606;4611
MG;Inconfidentes;2025;FUNDEB - COUN VAAR;273439,51;3130606;4611
MG;Inconfidentes;2025;FUNDEB - FPE;301249,03;3130606;4611
MG;Inconfidentes;2025;FUNDEB - FPM;928059,72;3130606;4611
MG;Inconfidentes;2025;FUNDEB - FUNDEB - FTI;149616,66;3130606;4611
MG;Inconfidentes;2025;FUNDEB - ICMS;2940034,13;3130606;4611
MG;Inconfidentes;2025;FUNDEB - IPI-EXP;37456,5;3130606;4611
MG;Inconfidentes;2025;FUNDEB - IPVA;427284,88;3130606;4611
MG;Inconfidentes;2025;FUNDEB - ITCMD;73878,01;3130606;4611
MG;Inconfidentes;2025;FUNDEB - ITR;10605,32;3130606;4611
MG;Indaiabira;2025;AJUSTE FUNDEB - AJUSTE FUNDEB VAAR;-22722,05;3130655;628
MG;Indaiabira;2025;AJUSTE FUNDEB - AJUSTE FUNDEB VAAT;28547,53;3130655;628
MG;Indaiabira;2025;AJUSTE FUNDEB - FPE;-16,13;3130655;628
MG;Indaiabira;2025;AJUSTE FUNDEB - FPM;-48,28;3130655;628
MG;Indaiabira;2025;AJUSTE FUNDEB - ICME;-157,38;3130655;628
MG;Indaiabira;2025;AJUSTE FUNDEB - IPIE;-1,51;3130655;628
MG;Indaiabira;2025;AJUSTE FUNDEB - IPVA;-24,16;3130655;628
MG;Indaiabira;2025;AJUSTE FUNDEB - ITCMD;-4,04;3130655;628
MG;Indaiabira;2025;AJUSTE FUNDEB - ITR;-0,54;3130655;628
MG;Indaiabira;2025;FUNDEB - COUN VAAR;336610,58;3130655;628
MG;Indaiabira;2025;FUNDEB - COUN VAAT;463008,76;3130655;628
MG;Indaiabira;2025;FUNDEB - FPE;411651,31;3130655;628
MG;Indaiabira;2025;FUNDEB - FPM;1268176,58;3130655;628
MG;Indaiabira;2025;FUNDEB - FUNDEB - FTI;138166,96;3130655;628
MG;Indaiabira;2025;FUNDEB - ICMS;4017789,14;3130655;628
MG;Indaiabira;2025;FUNDEB - IPI-EXP;51183,58;3130655;628
MG;Indaiabira;2025;FUNDEB - IPVA;583922,56;3130655;628
MG;Indaiabira;2025;FUNDEB - ITCMD;101047,33;3130655;628
MG;Indaiabira;2025;FUNDEB - ITR;14514,46;3130655;628
MG;Indianópolis;2025;AJUSTE FUNDEB - AJUSTE FUNDEB VAAR;128,33;3130705;4613
MG;Indianópolis;2025;AJUSTE FUNDEB - FPE;-25,93;3130705;4613
MG;Indianópolis;2025;AJUSTE FUNDEB - FPM;-77,74;3130705;4613
MG;Indianópolis;2025;AJUSTE FUNDEB - ICME;-252,66;3130705;4613
MG;Indianópolis;2025;AJUSTE FUNDEB - IPIE;-2,45;3130705;4613
MG;Indianópolis;2025;AJUSTE FUNDEB - IPVA;-38,9;3130705;4613
MG;Indianópolis;2025;AJUSTE FUNDEB - ITCMD;-6,52;3130705;4613
MG;Indianópolis;2025;AJUSTE FUNDEB - ITR;-0,85;3130705;4613
MG;Indianópolis;2025;FUNDEB - COUN VAAR;19863,5;3130705;4613
MG;Indianópolis;2025;FUNDEB - FPE;606950,1;3130705;4613
MG;Indianópolis;2025;FUNDEB - FPM;1869834,88;3130705;4613
MG;Indianópolis;2025;FUNDEB - FUNDEB - FTI;60447,95;3130705;4613
MG;Indianópolis;2025;FUNDEB - ICMS;5920730,69;3130705;4613
MG;Indianópolis;2025;FUNDEB - IPI-EXP;75466,54;3130705;4613
MG;Indianópolis;2025;FUNDEB - IPVA;861005,89;3130705;4613
MG;Indianópolis;2025;FUNDEB - ITCMD;149098,71;3130705;4613
MG;Indianópolis;2025;FUNDEB - ITR;21427,07;3130705;4613
MG;Ingaí;2025;AJUSTE FUNDEB - AJUSTE FUNDEB VAAR;-2630,89;3130804;4615
MG;Ingaí;2025;AJUSTE FUNDEB - FPE;-5,12;3130804;4615
MG;Ingaí;2025;AJUSTE FUNDEB - FPM;-15,13;3130804;4615
MG;Ingaí;2025;AJUSTE FUNDEB - ICME;-49,31;3130804;4615
MG;Ingaí;2025;AJUSTE FUNDEB - IPIE;-0,5;3130804;4615
MG;Ingaí;2025;AJUSTE FUNDEB - IPVA;-7,47;3130804;4615
MG;Ingaí;2025;AJUSTE FUNDEB - ITCMD;-1,27;3130804;4615
MG;Ingaí;2025;AJUSTE FUNDEB - ITR;-0,14;3130804;4615
MG;Ingaí;2025;FUNDEB - COUN VAAR;11021,16;3130804;4615
MG;Ingaí;2025;FUNDEB - FPE;139766,23;3130804;4615
MG;Ingaí;2025;FUNDEB - FPM;430578,62;3130804;4615
MG;Ingaí;2025;FUNDEB - ICMS;1362608,79;3130804;4615
MG;Ingaí;2025;FUNDEB - IPI-EXP;17378,15;3130804;4615
MG;Ingaí;2025;FUNDEB - IPVA;198250,53;3130804;4615
MG;Ingaí;2025;FUNDEB - ITCMD;34295,24;3130804;4615
MG;Ingaí;2025;FUNDEB - ITR;4924,97;3130804;4615
MG;Inhapim;2025;AJUSTE FUNDEB - AJUSTE FUNDEB VAAT;66817,75;3130903;4617
MG;Inhapim;2025;AJUSTE FUNDEB - FPE;-40,92;3130903;4617
MG;Inhapim;2025;AJUSTE FUNDEB - FPM;-122,97;3130903;4617
MG;Inhapim;2025;AJUSTE FUNDEB - ICME;-399,92;3130903;4617
MG;Inhapim;2025;AJUSTE FUNDEB - IPIE;-3,83;3130903;4617
MG;Inhapim;2025;AJUSTE FUNDEB - IPVA;-61,6;3130903;4617
MG;Inhapim;2025;AJUSTE FUNDEB - ITCMD;-10,39;3130903;4617
MG;Inhapim;2025;AJUSTE FUNDEB - ITR;-1,37;3130903;4617
MG;Inhapim;2025;FUNDEB - COUN VAAT;158592,78;3130903;4617
MG;Inhapim;2025;FUNDEB - FPE;1048878,13;3130903;4617
MG;Inhapim;2025;FUNDEB - FPM;3231285,44;3130903;4617
MG;Inhapim;2025;FUNDEB - FUNDEB - FTI;379959,13;3130903;4617
MG;Inhapim;2025;FUNDEB - ICMS;10211678,54;3130903;4617
MG;Inhapim;2025;FUNDEB - IPI-EXP;130414,62;3130903;4617
MG;Inhapim;2025;FUNDEB - IPVA;1487667,4;3130903;4617
MG;Inhapim;2025;FUNDEB - ITCMD;257148,04;3130903;4617
MG;Inhapim;2025;FUNDEB - ITR;36906,78;3130903;4617
MG;Inhaúma;2025;AJUSTE FUNDEB - FPE;-12,71;3131000;4619
MG;Inhaúma;2025;AJUSTE FUNDEB - FPM;-38,19;3131000;4619
MG;Inhaúma;2025;AJUSTE FUNDEB - ICME;-124,42;3131000;4619
MG;Inhaúma;2025;AJUSTE FUNDEB - IPIE;-1,16;3131000;4619
MG;Inhaúma;2025;AJUSTE FUNDEB - IPVA;-19,21;3131000;4619
MG;Inhaúma;2025;AJUSTE FUNDEB - ITCMD;-3,17;3131000;4619
MG;Inhaúma;2025;AJUSTE FUNDEB - ITR;-0,4;3131000;4619
MG;Inhaúma;2025;FUNDEB - FPE;310523,28;3131000;4619
MG;Inhaúma;2025;FUNDEB - FPM;956631,09;3131000;4619
MG;Inhaúma;2025;FUNDEB - FUNDEB - FTI;129897,51;3131000;4619
MG;Inhaúma;2025;FUNDEB - ICMS;3031893,7;3131000;4619
MG;Inhaúma;2025;FUNDEB - IPI-EXP;38609,63;3131000;4619
MG;Inhaúma;2025;FUNDEB - IPVA;440491,74;3131000;4619
MG;Inhaúma;2025;FUNDEB - ITCMD;76260,62;3131000;4619
MG;Inhaúma;2025;FUNDEB - ITR;10957,54;3131000;4619
MG;Inimutaba;2025;AJUSTE FUNDEB - AJUSTE FUNDEB VAAR;-21750,81;3131109;4621
MG;Inimutaba;2025;AJUSTE FUNDEB - FPE;-12,79;3131109;4621
MG;Inimutaba;2025;AJUSTE FUNDEB - FPM;-38,22;3131109;4621
MG;Inimutaba;2025;AJUSTE FUNDEB - ICME;-124,69;3131109;4621
MG;Inimutaba;2025;AJUSTE FUNDEB - IPIE;-1,15;3131109;4621
MG;Inimutaba;2025;AJUSTE FUNDEB - IPVA;-19,14;3131109;4621
MG;Inimutaba;2025;AJUSTE FUNDEB - ITCMD;-3,21;3131109;4621
MG;Inimutaba;2025;AJUSTE FUNDEB - ITR;-0,41;3131109;4621
MG;Inimutaba;2025;FUNDEB - COUN VAAR;323200,26;3131109;4621
MG;Inimutaba;2025;FUNDEB - FPE;329121,26;3131109;4621
MG;Inimutaba;2025;FUNDEB - FPM;1013925,93;3131109;4621
MG;Inimutaba;2025;FUNDEB - ICMS;3213017,6;3131109;4621
MG;Inimutaba;2025;FUNDEB - IPI-EXP;40922;3131109;4621
MG;Inimutaba;2025;FUNDEB - IPVA;466874,37;3131109;4621
MG;Inimutaba;2025;FUNDEB - ITCMD;80829,43;3131109;4621
MG;Inimutaba;2025;FUNDEB - ITR;11614,16;3131109;4621
MG;Ipaba;2025;AJUSTE FUNDEB - AJUSTE FUNDEB VAAR;-54985,13;3131158;2665
MG;Ipaba;2025;AJUSTE FUNDEB - AJUSTE FUNDEB VAAT;55686,57;3131158;2665
MG;Ipaba;2025;AJUSTE FUNDEB - FPE;-34,01;3131158;2665
MG;Ipaba;2025;AJUSTE FUNDEB - FPM;-102,09;3131158;2665
MG;Ipaba;2025;AJUSTE FUNDEB - ICME;-331,88;3131158;2665
MG;Ipaba;2025;AJUSTE FUNDEB - IPIE;-3,16;3131158;2665
MG;Ipaba;2025;AJUSTE FUNDEB - IPVA;-51;3131158;2665
MG;Ipaba;2025;AJUSTE FUNDEB - ITCMD;-8,57;3131158;2665
MG;Ipaba;2025;AJUSTE FUNDEB - ITR;-1,12;3131158;2665
MG;Ipaba;2025;FUNDEB - COUN VAAR;817067,67;3131158;2665
MG;Ipaba;2025;FUNDEB - COUN VAAT;808968,03;3131158;2665
MG;Ipaba;2025;FUNDEB - FPE;835144,1;3131158;2665
MG;Ipaba;2025;FUNDEB - FPM;2572833,53;3131158;2665
MG;Ipaba;2025;FUNDEB - FUNDEB - FTI;328146,52;3131158;2665
MG;Ipaba;2025;FUNDEB - ICMS;8125828,94;3131158;2665
MG;Ipaba;2025;FUNDEB - IPI-EXP;103839,52;3131158;2665
MG;Ipaba;2025;FUNDEB - IPVA;1184585,82;3131158;2665
MG;Ipaba;2025;FUNDEB - ITCMD;204884,76;3131158;2665
MG;Ipaba;2025;FUNDEB - ITR;29418,69;3131158;2665
MG;Ipanema;2025;AJUSTE FUNDEB - AJUSTE FUNDEB VAAR;-100090,17;3131208;4623
MG;Ipanema;2025;AJUSTE FUNDEB - AJUSTE FUNDEB VAAT;78926,3;3131208;4623
MG;Ipanema;2025;AJUSTE FUNDEB - FPE;-47,7;3131208;4623
MG;Ipanema;2025;AJUSTE FUNDEB - FPM;-143,1;3131208;4623
MG;Ipanema;2025;AJUSTE FUNDEB - ICME;-465,92;3131208;4623
MG;Ipanema;2025;AJUSTE FUNDEB - IPIE;-4,47;3131208;4623
MG;Ipanema;2025;AJUSTE FUNDEB - IPVA;-71,73;3131208;4623
MG;Ipanema;2025;AJUSTE FUNDEB - ITCMD;-12,09;3131208;4623
MG;Ipanema;2025;AJUSTE FUNDEB - ITR;-1,58;3131208;4623
MG;Ipanema;2025;FUNDEB - COUN VAAR;1318897,16;3131208;4623
MG;Ipanema;2025;FUNDEB - COUN VAAT;4822458,74;3131208;4623
MG;Ipanema;2025;FUNDEB - FPE;1434716,23;3131208;4623
MG;Ipanema;2025;FUNDEB - FPM;4419939,06;3131208;4623
MG;Ipanema;2025;FUNDEB - FUNDEB - FTI;333903,48;3131208;4623
MG;Ipanema;2025;FUNDEB - ICMS;13940329,85;3131208;4623
MG;Ipanema;2025;FUNDEB - IPI-EXP;178388,69;3131208;4623
MG;Ipanema;2025;FUNDEB - IPVA;2034652,55;3131208;4623
MG;Ipanema;2025;FUNDEB - ITCMD;351194,98;3131208;4623
MG;Ipanema;2025;FUNDEB - ITR;50353,1;3131208;4623
MG;Ipatinga;2025;AJUSTE FUNDEB - FPE;-515,22;3131307;4625
MG;Ipatinga;2025;AJUSTE FUNDEB - FPM;-1545,34;3131307;4625
MG;Ipatinga;2025;AJUSTE FUNDEB - ICME;-5028,7;3131307;4625
MG;Ipatinga;2025;AJUSTE FUNDEB - IPIE;-48,16;3131307;4625
MG;Ipatinga;2025;AJUSTE FUNDEB - IPVA;-773,41;3131307;4625
MG;Ipatinga;2025;AJUSTE FUNDEB - ITCMD;-130,19;3131307;4625
MG;Ipatinga;2025;AJUSTE FUNDEB - ITR;-16,95;3131307;4625
MG;Ipatinga;2025;FUNDEB - FPE;12345382,93;3131307;4625
MG;Ipatinga;2025;FUNDEB - FPM;38032496,93;3131307;4625
MG;Ipatinga;2025;FUNDEB - ICMS;120455671,6;3131307;4625
MG;Ipatinga;2025;FUNDEB - IPI-EXP;1534991,11;3131307;4625
MG;Ipatinga;2025;FUNDEB - IPVA;17512178,71;3131307;4625
MG;Ipatinga;2025;FUNDEB - ITCMD;3031216,71;3131307;4625
MG;Ipatinga;2025;FUNDEB - ITR;435481,34;3131307;4625
MG;Ipiaçu;2025;AJUSTE FUNDEB - AJUSTE FUNDEB VAAR;-23058,19;3131406;4627
MG;Ipiaçu;2025;AJUSTE FUNDEB - AJUSTE FUNDEB VAAT;-10941,47;3131406;4627
MG;Ipiaçu;2025;AJUSTE FUNDEB - FPE;-11,23;3131406;4627
MG;Ipiaçu;2025;AJUSTE FUNDEB - FPM;-33,72;3131406;4627
MG;Ipiaçu;2025;AJUSTE FUNDEB - ICME;-109,5;3131406;4627
MG;Ipiaçu;2025;AJUSTE FUNDEB - IPIE;-1,03;3131406;4627
MG;Ipiaçu;2025;AJUSTE FUNDEB - IPVA;-16,88;3131406;4627
MG;Ipiaçu;2025;AJUSTE FUNDEB - ITCMD;-2,87;3131406;4627
MG;Ipiaçu;2025;AJUSTE FUNDEB - ITR;-0,31;3131406;4627
MG;Ipiaçu;2025;FUNDEB - COUN VAAR;323923,09;3131406;4627
MG;Ipiaçu;2025;FUNDEB - COUN VAAT;10941,47;3131406;4627
MG;Ipiaçu;2025;FUNDEB - FPE;324535,68;3131406;4627
MG;Ipiaçu;2025;FUNDEB - FPM;999799,1;3131406;4627
MG;Ipiaçu;2025;FUNDEB - FUNDEB - FTI;79853,08;3131406;4627
MG;Ipiaçu;2025;FUNDEB - ICMS;3162800,8;3131406;4627
MG;Ipiaçu;2025;FUNDEB - IPI-EXP;40351,91;3131406;4627
MG;Ipiaçu;2025;FUNDEB - IPVA;460361,58;3131406;4627
MG;Ipiaçu;2025;FUNDEB - ITCMD;79686,77;3131406;4627
MG;Ipiaçu;2025;FUNDEB - ITR;11448,43;3131406;4627
MG;Ipuiúna;2025;AJUSTE FUNDEB - FPE;-17,42;3131505;4629
MG;Ipuiúna;2025;AJUSTE FUNDEB - FPM;-52,22;3131505;4629
MG;Ipuiúna;2025;AJUSTE FUNDEB - ICME;-169,82;3131505;4629
MG;Ipuiúna;2025;AJUSTE FUNDEB - IPIE;-1,61;3131505;4629
MG;Ipuiúna;2025;AJUSTE FUNDEB - IPVA;-26,33;3131505;4629
MG;Ipuiúna;2025;AJUSTE FUNDEB - ITCMD;-4,39;3131505;4629
MG;Ipuiúna;2025;AJUSTE FUNDEB - ITR;-0,58;3131505;4629
MG;Ipuiúna;2025;FUNDEB - FPE;430876,04;3131505;4629
MG;Ipuiúna;2025;FUNDEB - FPM;1327402,38;3131505;4629
MG;Ipuiúna;2025;FUNDEB - FUNDEB - FTI;102574,6;3131505;4629
MG;Ipuiúna;2025;FUNDEB - ICMS;4203617,93;3131505;4629
MG;Ipuiúna;2025;FUNDEB - IPI-EXP;53573,96;3131505;4629
MG;Ipuiúna;2025;FUNDEB - IPVA;611175,21;3131505;4629
MG;Ipuiúna;2025;FUNDEB - ITCMD;105730,28;3131505;4629
MG;Ipuiúna;2025;FUNDEB - ITR;15183,72;3131505;4629
MG;Iraí de Minas;2025;AJUSTE FUNDEB - AJUSTE FUNDEB VAAR;2476,32;3131604;4631
MG;Iraí de Minas;2025;AJUSTE FUNDEB - FPE;-18,06;3131604;4631
MG;Iraí de Minas;2025;AJUSTE FUNDEB - FPM;-54,15;3131604;4631
MG;Iraí de Minas;2025;AJUSTE FUNDEB - ICME;-175,85;3131604;4631
MG;Iraí de Minas;2025;AJUSTE FUNDEB - IPIE;-1,74;3131604;4631
MG;Iraí de Minas;2025;AJUSTE FUNDEB - IPVA;-27,08;3131604;4631
MG;Iraí de Minas;2025;AJUSTE FUNDEB - ITCMD;-4,53;3131604;4631
MG;Iraí de Minas;2025;AJUSTE FUNDEB - ITR;-0,61;3131604;4631
MG;Iraí de Minas;2025;FUNDEB - COUN VAAR;32014,25;3131604;4631
MG;Iraí de Minas;2025;FUNDEB - FPE;385383,98;3131604;4631
MG;Iraí de Minas;2025;FUNDEB - FPM;1187254,77;3131604;4631
MG;Iraí de Minas;2025;FUNDEB - ICMS;3764449,17;3131604;4631
MG;Iraí de Minas;2025;FUNDEB - IPI-EXP;47917,59;3131604;4631
MG;Iraí de Minas;2025;FUNDEB - IPVA;546742,17;3131604;4631
MG;Iraí de Minas;2025;FUNDEB - ITCMD;94763,53;3131604;4631
MG;Iraí de Minas;2025;FUNDEB - ITR;13627,3;3131604;4631
MG;Itabira;2025;AJUSTE FUNDEB - AJUSTE FUNDEB VAAR;76498,03;3131703;4633
MG;Itabira;2025;AJUSTE FUNDEB - FPE;-206,44;3131703;4633
MG;Itabira;2025;AJUSTE FUNDEB - FPM;-619,4;3131703;4633
MG;Itabira;2025;AJUSTE FUNDEB - ICME;-2015,38;3131703;4633
MG;Itabira;2025;AJUSTE FUNDEB - IPIE;-19,31;3131703;4633
MG;Itabira;2025;AJUSTE FUNDEB - IPVA;-310,04;3131703;4633
MG;Itabira;2025;AJUSTE FUNDEB - ITCMD;-52,23;3131703;4633
MG;Itabira;2025;AJUSTE FUNDEB - ITR;-6,83;3131703;4633
MG;Itabira;2025;FUNDEB - COUN VAAR;391140,53;3131703;4633
MG;Itabira;2025;FUNDEB - FPE;4957620,48;3131703;4633
MG;Itabira;2025;FUNDEB - FPM;15272971,88;3131703;4633
MG;Itabira;2025;FUNDEB - FUNDEB - FTI;282993,04;3131703;4633
MG;Itabira;2025;FUNDEB - ICMS;48383989,06;3131703;4633
MG;Itabira;2025;FUNDEB - IPI-EXP;616416,96;3131703;4633
MG;Itabira;2025;FUNDEB - IPVA;7032353,19;3131703;4633
MG;Itabira;2025;FUNDEB - ITCMD;1216991,64;3131703;4633
MG;Itabira;2025;FUNDEB - ITR;174813,85;3131703;4633
MG;Itabirinha;2025;AJUSTE FUNDEB - AJUSTE FUNDEB VAAR;-13615,01;3131802;4635
MG;Itabirinha;2025;AJUSTE FUNDEB - FPE;-18,39;3131802;4635
MG;Itabirinha;2025;AJUSTE FUNDEB - FPM;-55,3;3131802;4635
MG;Itabirinha;2025;AJUSTE FUNDEB - ICME;-179,76;3131802;4635
MG;Itabirinha;2025;AJUSTE FUNDEB - IPIE;-1,74;3131802;4635
MG;Itabirinha;2025;AJUSTE FUNDEB - IPVA;-27,75;3131802;4635
MG;Itabirinha;2025;AJUSTE FUNDEB - ITCMD;-4,6;3131802;4635
MG;Itabirinha;2025;AJUSTE FUNDEB - ITR;-0,61;3131802;4635
MG;Itabirinha;2025;FUNDEB - COUN VAAR;217825,56;3131802;4635
MG;Itabirinha;2025;FUNDEB - COUN VAAT;165440,47;3131802;4635
MG;Itabirinha;2025;FUNDEB - FPE;483588,15;3131802;4635
MG;Itabirinha;2025;FUNDEB - FPM;1489793,03;3131802;4635
MG;Itabirinha;2025;FUNDEB - FUNDEB - FTI;149488,89;3131802;4635
MG;Itabirinha;2025;FUNDEB - ICMS;4719041,48;3131802;4635
MG;Itabirinha;2025;FUNDEB - IPI-EXP;60127,98;3131802;4635
MG;Itabirinha;2025;FUNDEB - IPVA;685906,78;3131802;4635
MG;Itabirinha;2025;FUNDEB - ITCMD;118586,89;3131802;4635
MG;Itabirinha;2025;FUNDEB - ITR;17022,66;3131802;4635
MG;Itabirito;2025;AJUSTE FUNDEB - AJUSTE FUNDEB VAAR;-45182,55;3131901;4637
MG;Itabirito;2025;AJUSTE FUNDEB - FPE;-156,5;3131901;4637
MG;Itabirito;2025;AJUSTE FUNDEB - FPM;-469,34;3131901;4637
MG;Itabirito;2025;AJUSTE FUNDEB - ICME;-1527,27;3131901;4637
MG;Itabirito;2025;AJUSTE FUNDEB - IPIE;-14,61;3131901;4637
MG;Itabirito;2025;AJUSTE FUNDEB - IPVA;-234,71;3131901;4637
MG;Itabirito;2025;AJUSTE FUNDEB - ITCMD;-39,57;3131901;4637
MG;Itabirito;2025;AJUSTE FUNDEB - ITR;-5,11;3131901;4637
MG;Itabirito;2025;FUNDEB - COUN VAAR;196239,29;3131901;4637
MG;Itabirito;2025;FUNDEB - FPE;4107288,97;3131901;4637
MG;Itabirito;2025;FUNDEB - FPM;12653350,29;3131901;4637
MG;Itabirito;2025;FUNDEB - FUNDEB - FTI;1174419,13;3131901;4637
MG;Itabirito;2025;FUNDEB - ICMS;40020237,09;3131901;4637
MG;Itabirito;2025;FUNDEB - IPI-EXP;510689,09;3131901;4637
MG;Itabirito;2025;FUNDEB - IPVA;5825933,34;3131901;4637
MG;Itabirito;2025;FUNDEB - ITCMD;1007778,44;3131901;4637
MG;Itabirito;2025;FUNDEB - ITR;144716,84;3131901;4637
MG;Itacambira;2025;AJUSTE FUNDEB - AJUSTE FUNDEB VAAR;-834,15;3132008;4639
MG;Itacambira;2025;AJUSTE FUNDEB - FPE;-6,81;3132008;4639
MG;Itacambira;2025;AJUSTE FUNDEB - FPM;-20,46;3132008;4639
MG;Itacambira;2025;AJUSTE FUNDEB - ICME;-66,36;3132008;4639
MG;Itacambira;2025;AJUSTE FUNDEB - IPIE;-0,63;3132008;4639
MG;Itacambira;2025;AJUSTE FUNDEB - IPVA;-10,18;3132008;4639
MG;Itacambira;2025;AJUSTE FUNDEB - ITCMD;-1,72;3132008;4639
MG;Itacambira;2025;AJUSTE FUNDEB - ITR;-0,23;3132008;4639
MG;Itacambira;2025;FUNDEB - COUN VAAR;5336,25;3132008;4639
MG;Itacambira;2025;FUNDEB - FPE;152723,55;3132008;4639
MG;Itacambira;2025;FUNDEB - FPM;470496,45;3132008;4639
MG;Itacambira;2025;FUNDEB - FUNDEB - FTI;35171,76;3132008;4639
MG;Itacambira;2025;FUNDEB - ICMS;1493171,08;3132008;4639
MG;Itacambira;2025;FUNDEB - IPI-EXP;18989,23;3132008;4639
MG;Itacambira;2025;FUNDEB - IPVA;216650,91;3132008;4639
MG;Itacambira;2025;FUNDEB - ITCMD;37518,36;3132008;4639
MG;Itacambira;2025;FUNDEB - ITR;5391,94;3132008;4639
MG;Itacarambi;2025;AJUSTE FUNDEB - AJUSTE FUNDEB VAAR;-42018,16;3132107;4641
MG;Itacarambi;2025;AJUSTE FUNDEB - FPE;-62,02;3132107;4641
MG;Itacarambi;2025;AJUSTE FUNDEB - FPM;-186;3132107;4641
MG;Itacarambi;2025;AJUSTE FUNDEB - ICME;-605,33;3132107;4641
MG;Itacarambi;2025;AJUSTE FUNDEB - IPIE;-5,87;3132107;4641
MG;Itacarambi;2025;AJUSTE FUNDEB - IPVA;-93,1;3132107;4641
MG;Itacarambi;2025;AJUSTE FUNDEB - ITCMD;-15,68;3132107;4641
MG;Itacarambi;2025;AJUSTE FUNDEB - ITR;-2,05;3132107;4641
MG;Itacarambi;2025;FUNDEB - COUN VAAR;580946,27;3132107;4641
MG;Itacarambi;2025;FUNDEB - COUN VAAT;1246830,26;3132107;4641
MG;Itacarambi;2025;FUNDEB - FPE;1442474,01;3132107;4641
MG;Itacarambi;2025;FUNDEB - FPM;4443838,67;3132107;4641
MG;Itacarambi;2025;FUNDEB - FUNDEB - FTI;354058,68;3132107;4641
MG;Itacarambi;2025;FUNDEB - ICMS;14106223,52;3132107;4641
MG;Itacarambi;2025;FUNDEB - IPI-EXP;179353,27;3132107;4641
MG;Itacarambi;2025;FUNDEB - IPVA;2046286,23;3132107;4641
MG;Itacarambi;2025;FUNDEB - ITCMD;354398,43;3132107;4641
MG;Itacarambi;2025;FUNDEB - ITR;50935,68;3132107;4641
MG;Itaguara;2025;AJUSTE FUNDEB - AJUSTE FUNDEB VAAT;44318,07;3132206;4643
MG;Itaguara;2025;AJUSTE FUNDEB - FPE;-22,84;3132206;4643
MG;Itaguara;2025;AJUSTE FUNDEB - FPM;-68,42;3132206;4643
MG;Itaguara;2025;AJUSTE FUNDEB - ICME;-222,8;3132206;4643
MG;Itaguara;2025;AJUSTE FUNDEB - IPIE;-2,13;3132206;4643
MG;Itaguara;2025;AJUSTE FUNDEB - IPVA;-34,15;3132206;4643
MG;Itaguara;2025;AJUSTE FUNDEB - ITCMD;-5,7;3132206;4643
MG;Itaguara;2025;AJUSTE FUNDEB - ITR;-0,75;3132206;4643
MG;Itaguara;2025;FUNDEB - COUN VAAT;185743,95;3132206;4643
MG;Itaguara;2025;FUNDEB - FPE;615738,92;3132206;4643
MG;Itaguara;2025;FUNDEB - FPM;1896910,74;3132206;4643
MG;Itaguara;2025;FUNDEB - ICMS;5996242,57;3132206;4643
MG;Itaguara;2025;FUNDEB - IPI-EXP;76559,28;3132206;4643
MG;Itaguara;2025;FUNDEB - IPVA;873463,72;3132206;4643
MG;Itaguara;2025;FUNDEB - ITCMD;151237,58;3132206;4643
MG;Itaguara;2025;FUNDEB - ITR;21732,59;3132206;4643
MG;Itaipé;2025;AJUSTE FUNDEB - FPE;-30,4;3132305;4645
MG;Itaipé;2025;AJUSTE FUNDEB - FPM;-91,12;3132305;4645
MG;Itaipé;2025;AJUSTE FUNDEB - ICME;-296,39;3132305;4645
MG;Itaipé;2025;AJUSTE FUNDEB - IPIE;-2,88;3132305;4645
MG;Itaipé;2025;AJUSTE FUNDEB - IPVA;-45,46;3132305;4645
MG;Itaipé;2025;AJUSTE FUNDEB - ITCMD;-7,59;3132305;4645
MG;Itaipé;2025;AJUSTE FUNDEB - ITR;-1,02;3132305;4645
MG;Itaipé;2025;FUNDEB - FPE;700957,37;3132305;4645
MG;Itaipé;2025;FUNDEB - FPM;2159443,67;3132305;4645
MG;Itaipé;2025;FUNDEB - ICMS;6852892,77;3132305;4645
MG;Itaipé;2025;FUNDEB - IPI-EXP;87155,11;3132305;4645
MG;Itaipé;2025;FUNDEB - IPVA;994347,49;3132305;4645
MG;Itaipé;2025;FUNDEB - ITCMD;172160,81;3132305;4645
MG;Itaipé;2025;FUNDEB - ITR;24738,45;3132305;4645
MG;Itajubá;2025;AJUSTE FUNDEB - FPE;-162,51;3132404;4647
MG;Itajubá;2025;AJUSTE FUNDEB - FPM;-487,44;3132404;4647
MG;Itajubá;2025;AJUSTE FUNDEB - ICME;-1586,13;3132404;4647
MG;Itajubá;2025;AJUSTE FUNDEB - IPIE;-15,22;3132404;4647
MG;Itajubá;2025;AJUSTE FUNDEB - IPVA;-243,9;3132404;4647
MG;Itajubá;2025;AJUSTE FUNDEB - ITCMD;-41,12;3132404;4647
MG;Itajubá;2025;AJUSTE FUNDEB - ITR;-5,39;3132404;4647
MG;Itajubá;2025;FUNDEB - FPE;3795842,47;3132404;4647
MG;Itajubá;2025;FUNDEB - FPM;11693875,12;3132404;4647
MG;Itajubá;2025;FUNDEB - ICMS;37031831,36;3132404;4647
MG;Itajubá;2025;FUNDEB - IPI-EXP;471964,64;3132404;4647
MG;Itajubá;2025;FUNDEB - IPVA;5384543,97;3132404;4647
MG;Itajubá;2025;FUNDEB - ITCMD;932141,43;3132404;4647
MG;Itajubá;2025;FUNDEB - ITR;133928,99;3132404;4647
MG;Itamarandiba;2025;AJUSTE FUNDEB - AJUSTE FUNDEB VAAR;-27817,06;3132503;4649
MG;Itamarandiba;2025;AJUSTE FUNDEB - AJUSTE FUNDEB VAAT;137068,5;3132503;4649
MG;Itamarandiba;2025;AJUSTE FUNDEB - FPE;-75,7;3132503;4649
MG;Itamarandiba;2025;AJUSTE FUNDEB - FPM;-227,16;3132503;4649
MG;Itamarandiba;2025;AJUSTE FUNDEB - ICME;-739,2;3132503;4649
MG;Itamarandiba;2025;AJUSTE FUNDEB - IPIE;-7,06;3132503;4649
MG;Itamarandiba;2025;AJUSTE FUNDEB - IPVA;-113,68;3132503;4649
MG;Itamarandiba;2025;AJUSTE FUNDEB - ITCMD;-19,09;3132503;4649
MG;Itamarandiba;2025;AJUSTE FUNDEB - ITR;-2,47;3132503;4649
MG;Itamarandiba;2025;FUNDEB - COUN VAAR;143947,71;3132503;4649
MG;Itamarandiba;2025;FUNDEB - COUN VAAT;4713758,51;3132503;4649
MG;Itamarandiba;2025;FUNDEB - FPE;2033554,91;3132503;4649
MG;Itamarandiba;2025;FUNDEB - FPM;6264785,11;3132503;4649
MG;Itamarandiba;2025;FUNDEB - FUNDEB - FTI;489341,3;3132503;4649
MG;Itamarandiba;2025;FUNDEB - ICMS;19815705,72;3132503;4649
MG;Itamarandiba;2025;FUNDEB - IPI-EXP;252846,64;3132503;4649
MG;Itamarandiba;2025;FUNDEB - IPVA;2884409,95;3132503;4649
MG;Itamarandiba;2025;FUNDEB - ITCMD;498834,2;3132503;4649
MG;Itamarandiba;2025;FUNDEB - ITR;71620,66;3132503;4649
MG;Itamarati de Minas;2025;AJUSTE FUNDEB - FPE;-13,19;3132602;4651
MG;Itamarati de Minas;2025;AJUSTE FUNDEB - FPM;-39,65;3132602;4651
MG;Itamarati de Minas;2025;AJUSTE FUNDEB - ICME;-128,9;3132602;4651
MG;Itamarati de Minas;2025;AJUSTE FUNDEB - IPIE;-1,24;3132602;4651
MG;Itamarati de Minas;2025;AJUSTE FUNDEB - IPVA;-19,77;3132602;4651
MG;Itamarati de Minas;2025;AJUSTE FUNDEB - ITCMD;-3,35;3132602;4651
MG;Itamarati de Minas;2025;AJUSTE FUNDEB - ITR;-0,42;3132602;4651
MG;Itamarati de Minas;2025;FUNDEB - FPE;320082,41;3132602;4651
MG;Itamarati de Minas;2025;FUNDEB - FPM;986079,91;3132602;4651
MG;Itamarati de Minas;2025;FUNDEB - FUNDEB - FTI;153446,25;3132602;4651
MG;Itamarati de Minas;2025;FUNDEB - ICMS;3122424,56;3132602;4651
MG;Itamarati de Minas;2025;FUNDEB - IPI-EXP;39798,18;3132602;4651
MG;Itamarati de Minas;2025;FUNDEB - IPVA;454044,52;3132602;4651
MG;Itamarati de Minas;2025;FUNDEB - ITCMD;78593,15;3132602;4651
MG;Itamarati de Minas;2025;FUNDEB - ITR;11291,31;3132602;4651
MG;Itambacuri;2025;AJUSTE FUNDEB - AJUSTE FUNDEB VAAT;77621,32;3132701;4653
MG;Itambacuri;2025;AJUSTE FUNDEB - FPE;-42,54;3132701;4653
MG;Itambacuri;2025;AJUSTE FUNDEB - FPM;-127,51;3132701;4653
MG;Itambacuri;2025;AJUSTE FUNDEB - ICME;-415,44;3132701;4653
MG;Itambacuri;2025;AJUSTE FUNDEB - IPIE;-3,98;3132701;4653
MG;Itambacuri;2025;AJUSTE FUNDEB - IPVA;-64,08;3132701;4653
MG;Itambacuri;2025;AJUSTE FUNDEB - ITCMD;-10,79;3132701;4653
MG;Itambacuri;2025;AJUSTE FUNDEB - ITR;-1,45;3132701;4653
MG;Itambacuri;2025;FUNDEB - COUN VAAT;2864573,02;3132701;4653
MG;Itambacuri;2025;FUNDEB - FPE;1134648,38;3132701;4653
MG;Itambacuri;2025;FUNDEB - FPM;3495518,23;3132701;4653
MG;Itambacuri;2025;FUNDEB - FUNDEB - FTI;246029,75;3132701;4653
MG;Itambacuri;2025;FUNDEB - ICMS;11074671,17;3132701;4653
MG;Itambacuri;2025;FUNDEB - IPI-EXP;141079,06;3132701;4653
MG;Itambacuri;2025;FUNDEB - IPVA;1609434,5;3132701;4653
MG;Itambacuri;2025;FUNDEB - ITCMD;278414,33;3132701;4653
MG;Itambacuri;2025;FUNDEB - ITR;39981,48;3132701;4653
MG;Itambé do Mato Dentro;2025;AJUSTE FUNDEB - FPE;-2,4;3132800;4655
MG;Itambé do Mato Dentro;2025;AJUSTE FUNDEB - FPM;-7,45;3132800;4655
MG;Itambé do Mato Dentro;2025;AJUSTE FUNDEB - ICME;-24,26;3132800;4655
MG;Itambé do Mato Dentro;2025;AJUSTE FUNDEB - IPIE;-0,26;3132800;4655
MG;Itambé do Mato Dentro;2025;AJUSTE FUNDEB - IPVA;-3,81;3132800;4655
MG;Itambé do Mato Dentro;2025;AJUSTE FUNDEB - ITCMD;-0,61;3132800;4655
MG;Itambé do Mato Dentro;2025;AJUSTE FUNDEB - ITR;-0,09;3132800;4655
MG;Itambé do Mato Dentro;2025;FUNDEB - FPE;67399,99;3132800;4655
MG;Itambé do Mato Dentro;2025;FUNDEB - FPM;207639,58;3132800;4655
MG;Itambé do Mato Dentro;2025;FUNDEB - ICMS;655284,99;3132800;4655
MG;Itambé do Mato Dentro;2025;FUNDEB - IPI-EXP;8380,33;3132800;4655
MG;Itambé do Mato Dentro;2025;FUNDEB - IPVA;95599,84;3132800;4655
MG;Itambé do Mato Dentro;2025;FUNDEB - ITCMD;16531,67;3132800;4655
MG;Itambé do Mato Dentro;2025;FUNDEB - ITR;2373,39;3132800;4655
MG;Itamogi;2025;AJUSTE FUNDEB - FPE;-21,97;3132909;4657
MG;Itamogi;2025;AJUSTE FUNDEB - FPM;-65,64;3132909;4657
MG;Itamogi;2025;AJUSTE FUNDEB - ICME;-213,97;3132909;4657
MG;Itamogi;2025;AJUSTE FUNDEB - IPIE;-2;3132909;4657
MG;Itamogi;2025;AJUSTE FUNDEB - IPVA;-33,01;3132909;4657
MG;Itamogi;2025;AJUSTE FUNDEB - ITCMD;-5,54;3132909;4657
MG;Itamogi;2025;AJUSTE FUNDEB - ITR;-0,75;3132909;4657
MG;Itamogi;2025;FUNDEB - COUN VAAT;72320,09;3132909;4657
MG;Itamogi;2025;FUNDEB - FPE;583132,32;3132909;4657
MG;Itamogi;2025;FUNDEB - FPM;1796459,35;3132909;4657
MG;Itamogi;2025;FUNDEB - FUNDEB - FTI;146882,3;3132909;4657
MG;Itamogi;2025;FUNDEB - ICMS;5684843,94;3132909;4657
MG;Itamogi;2025;FUNDEB - IPI-EXP;72505,05;3132909;4657
MG;Itamogi;2025;FUNDEB - IPVA;827145,46;3132909;4657
MG;Itamogi;2025;FUNDEB - ITCMD;143096,96;3132909;4657
MG;Itamogi;2025;FUNDEB - ITR;20550,39;3132909;4657
MG;Itamonte;2025;AJUSTE FUNDEB - FPE;-22,49;3133006;4659
MG;Itamonte;2025;AJUSTE FUNDEB - FPM;-67,38;3133006;4659
MG;Itamonte;2025;AJUSTE FUNDEB - ICME;-219,47;3133006;4659
MG;Itamonte;2025;AJUSTE FUNDEB - IPIE;-2,11;3133006;4659
MG;Itamonte;2025;AJUSTE FUNDEB - IPVA;-33,64;3133006;4659
MG;Itamonte;2025;AJUSTE FUNDEB - ITCMD;-5,65;3133006;4659
MG;Itamonte;2025;AJUSTE FUNDEB - ITR;-0,72;3133006;4659
MG;Itamonte;2025;FUNDEB - FPE;525822,85;3133006;4659
MG;Itamonte;2025;FUNDEB - FPM;1619905,55;3133006;4659
MG;Itamonte;2025;FUNDEB - ICMS;5140716,1;3133006;4659
MG;Itamonte;2025;FUNDEB - IPI-EXP;65379,36;3133006;4659
MG;Itamonte;2025;FUNDEB - IPVA;745903,01;3133006;4659
MG;Itamonte;2025;FUNDEB - ITCMD;129133,73;3133006;4659
MG;Itamonte;2025;FUNDEB - ITR;18554,52;3133006;4659
MG;Itanhandu;2025;AJUSTE FUNDEB - AJUSTE FUNDEB VAAR;-36090,59;3133105;4661
MG;Itanhandu;2025;AJUSTE FUNDEB - FPE;-23,91;3133105;4661
MG;Itanhandu;2025;AJUSTE FUNDEB - FPM;-71,87;3133105;4661
MG;Itanhandu;2025;AJUSTE FUNDEB - ICME;-234,14;3133105;4661
MG;Itanhandu;2025;AJUSTE FUNDEB - IPIE;-2,32;3133105;4661
MG;Itanhandu;2025;AJUSTE FUNDEB - IPVA;-36,02;3133105;4661
MG;Itanhandu;2025;AJUSTE FUNDEB - ITCMD;-6,05;3133105;4661
MG;Itanhandu;2025;AJUSTE FUNDEB - ITR;-0,81;3133105;4661
MG;Itanhandu;2025;FUNDEB - COUN VAAR;534473,39;3133105;4661
MG;Itanhandu;2025;FUNDEB - FPE;572581,49;3133105;4661
MG;Itanhandu;2025;FUNDEB - FPM;1763955,35;3133105;4661
MG;Itanhandu;2025;FUNDEB - ICMS;5589249,89;3133105;4661
MG;Itanhandu;2025;FUNDEB - IPI-EXP;71193,22;3133105;4661
MG;Itanhandu;2025;FUNDEB - IPVA;812215,85;3133105;4661
MG;Itanhandu;2025;FUNDEB - ITCMD;140582,92;3133105;4661
MG;Itanhandu;2025;FUNDEB - ITR;20196,4;3133105;4661
MG;Itanhomi;2025;AJUSTE FUNDEB - AJUSTE FUNDEB VAAR;-12318,98;3133204;4663
MG;Itanhomi;2025;AJUSTE FUNDEB - FPE;-23,33;3133204;4663
MG;Itanhomi;2025;AJUSTE FUNDEB - FPM;-70,18;3133204;4663
MG;Itanhomi;2025;AJUSTE FUNDEB - ICME;-228,17;3133204;4663
MG;Itanhomi;2025;AJUSTE FUNDEB - IPIE;-2,22;3133204;4663
MG;Itanhomi;2025;AJUSTE FUNDEB - IPVA;-34,92;3133204;4663
MG;Itanhomi;2025;AJUSTE FUNDEB - ITCMD;-5,96;3133204;4663
MG;Itanhomi;2025;AJUSTE FUNDEB - ITR;-0,77;3133204;4663
MG;Itanhomi;2025;FUNDEB - COUN VAAR;197090,21;3133204;4663
MG;Itanhomi;2025;FUNDEB - FPE;531359,76;3133204;4663
MG;Itanhomi;2025;FUNDEB - FPM;1636963,33;3133204;4663
MG;Itanhomi;2025;FUNDEB - FUNDEB - FTI;152237,81;3133204;4663
MG;Itanhomi;2025;FUNDEB - ICMS;5193468,55;3133204;4663
MG;Itanhomi;2025;FUNDEB - IPI-EXP;66067,83;3133204;4663
MG;Itanhomi;2025;FUNDEB - IPVA;753774,02;3133204;4663
MG;Itanhomi;2025;FUNDEB - ITCMD;130527,79;3133204;4663
MG;Itanhomi;2025;FUNDEB - ITR;18758,04;3133204;4663
MG;Itaobim;2025;AJUSTE FUNDEB - FPE;-40,66;3133303;4665
MG;Itaobim;2025;AJUSTE FUNDEB - FPM;-121,79;3133303;4665
MG;Itaobim;2025;AJUSTE FUNDEB - ICME;-396,43;3133303;4665
MG;Itaobim;2025;AJUSTE FUNDEB - IPIE;-3,78;3133303;4665
MG;Itaobim;2025;AJUSTE FUNDEB - IPVA;-61,07;3133303;4665
MG;Itaobim;2025;AJUSTE FUNDEB - ITCMD;-10,28;3133303;4665
MG;Itaobim;2025;AJUSTE FUNDEB - ITR;-1,33;3133303;4665
MG;Itaobim;2025;FUNDEB - COUN VAAT;758940,12;3133303;4665
MG;Itaobim;2025;FUNDEB - FPE;1009350,49;3133303;4665
MG;Itaobim;2025;FUNDEB - FPM;3109512,24;3133303;4665
MG;Itaobim;2025;FUNDEB - FUNDEB - FTI;32580,64;3133303;4665
MG;Itaobim;2025;FUNDEB - ICMS;9847134,36;3133303;4665
MG;Itaobim;2025;FUNDEB - IPI-EXP;125499,85;3133303;4665
MG;Itaobim;2025;FUNDEB - IPVA;1431671,61;3133303;4665
MG;Itaobim;2025;FUNDEB - ITCMD;247597,53;3133303;4665
MG;Itaobim;2025;FUNDEB - ITR;35549,31;3133303;4665
MG;Itapagipe;2025;AJUSTE FUNDEB - AJUSTE FUNDEB VAAR;-22434,95;3133402;4667
MG;Itapagipe;2025;AJUSTE FUNDEB - FPE;-25,59;3133402;4667
MG;Itapagipe;2025;AJUSTE FUNDEB - FPM;-76,63;3133402;4667
MG;Itapagipe;2025;AJUSTE FUNDEB - ICME;-249,32;3133402;4667
MG;Itapagipe;2025;AJUSTE FUNDEB - IPIE;-2,35;3133402;4667
MG;Itapagipe;2025;AJUSTE FUNDEB - IPVA;-38,32;3133402;4667
MG;Itapagipe;2025;AJUSTE FUNDEB - ITCMD;-6,44;3133402;4667
MG;Itapagipe;2025;AJUSTE FUNDEB - ITR;-0,86;3133402;4667
MG;Itapagipe;2025;FUNDEB - COUN VAAR;310187,52;3133402;4667
MG;Itapagipe;2025;FUNDEB - FPE;656426,08;3133402;4667
MG;Itapagipe;2025;FUNDEB - FPM;2022255,77;3133402;4667
MG;Itapagipe;2025;FUNDEB - FUNDEB - FTI;132883,07;3133402;4667
MG;Itapagipe;2025;FUNDEB - ICMS;6401468,24;3133402;4667
MG;Itapagipe;2025;FUNDEB - IPI-EXP;81618,23;3133402;4667
MG;Itapagipe;2025;FUNDEB - IPVA;931028,57;3133402;4667
MG;Itapagipe;2025;FUNDEB - ITCMD;160916,61;3133402;4667
MG;Itapagipe;2025;FUNDEB - ITR;23093,84;3133402;4667
MG;Itapecerica;2025;AJUSTE FUNDEB - AJUSTE FUNDEB VAAR;-34311,9;3133501;4669
MG;Itapecerica;2025;AJUSTE FUNDEB - FPE;-17,17;3133501;4669
MG;Itapecerica;2025;AJUSTE FUNDEB - FPM;-51,51;3133501;4669
MG;Itapecerica;2025;AJUSTE FUNDEB - ICME;-167,65;3133501;4669
MG;Itapecerica;2025;AJUSTE FUNDEB - IPIE;-1,65;3133501;4669
MG;Itapecerica;2025;AJUSTE FUNDEB - IPVA;-25,8;3133501;4669
MG;Itapecerica;2025;AJUSTE FUNDEB - ITCMD;-4,34;3133501;4669
MG;Itapecerica;2025;AJUSTE FUNDEB - ITR;-0,63;3133501;4669
MG;Itapecerica;2025;FUNDEB - COUN VAAR;423389,31;3133501;4669
MG;Itapecerica;2025;FUNDEB - FPE;409353,85;3133501;4669
MG;Itapecerica;2025;FUNDEB - FPM;1261098,88;3133501;4669
MG;Itapecerica;2025;FUNDEB - FUNDEB - FTI;61888,21;3133501;4669
MG;Itapecerica;2025;FUNDEB - ICMS;3996027,03;3133501;4669
MG;Itapecerica;2025;FUNDEB - IPI-EXP;50897,93;3133501;4669
MG;Itapecerica;2025;FUNDEB - IPVA;580695,84;3133501;4669
MG;Itapecerica;2025;FUNDEB - ITCMD;100549,71;3133501;4669
MG;Itapecerica;2025;FUNDEB - ITR;14449,22;3133501;4669
MG;Itapeva;2025;AJUSTE FUNDEB - FPE;-40,82;3133600;4671
MG;Itapeva;2025;AJUSTE FUNDEB - FPM;-122,64;3133600;4671
MG;Itapeva;2025;AJUSTE FUNDEB - ICME;-398,89;3133600;4671
MG;Itapeva;2025;AJUSTE FUNDEB - IPIE;-3,83;3133600;4671
MG;Itapeva;2025;AJUSTE FUNDEB - IPVA;-61,26;3133600;4671
MG;Itapeva;2025;AJUSTE FUNDEB - ITCMD;-10,34;3133600;4671
MG;Itapeva;2025;AJUSTE FUNDEB - ITR;-1,37;3133600;4671
MG;Itapeva;2025;FUNDEB - COUN VAAT;5516861,88;3133600;4671
MG;Itapeva;2025;FUNDEB - FPE;1247530,2;3133600;4671
MG;Itapeva;2025;FUNDEB - FPM;3843274,11;3133600;4671
MG;Itapeva;2025;FUNDEB - FUNDEB - FTI;342759,27;3133600;4671
MG;Itapeva;2025;FUNDEB - ICMS;12143145,69;3133600;4671
MG;Itapeva;2025;FUNDEB - IPI-EXP;155114,51;3133600;4671
MG;Itapeva;2025;FUNDEB - IPVA;1769353,29;3133600;4671
MG;Itapeva;2025;FUNDEB - ITCMD;305704,89;3133600;4671
MG;Itapeva;2025;FUNDEB - ITR;43862,1;3133600;4671
MG;Itatiaiuçu;2025;AJUSTE FUNDEB - FPE;-37,95;3133709;4673
MG;Itatiaiuçu;2025;AJUSTE FUNDEB - FPM;-113,82;3133709;4673
MG;Itatiaiuçu;2025;AJUSTE FUNDEB - ICME;-370,37;3133709;4673
MG;Itatiaiuçu;2025;AJUSTE FUNDEB - IPIE;-3,52;3133709;4673
MG;Itatiaiuçu;2025;AJUSTE FUNDEB - IPVA;-57,09;3133709;4673
MG;Itatiaiuçu;2025;AJUSTE FUNDEB - ITCMD;-9,61;3133709;4673
MG;Itatiaiuçu;2025;AJUSTE FUNDEB - ITR;-1,27;3133709;4673
MG;Itatiaiuçu;2025;FUNDEB - FPE;1205267,68;3133709;4673
MG;Itatiaiuçu;2025;FUNDEB - FPM;3713075,48;3133709;4673
MG;Itatiaiuçu;2025;FUNDEB - FUNDEB - FTI;98644,84;3133709;4673
MG;Itatiaiuçu;2025;FUNDEB - ICMS;11725995,49;3133709;4673
MG;Itatiaiuçu;2025;FUNDEB - IPI-EXP;149859,69;3133709;4673
MG;Itatiaiuçu;2025;FUNDEB - IPVA;1709430,61;3133709;4673
MG;Itatiaiuçu;2025;FUNDEB - ITCMD;295384,92;3133709;4673
MG;Itatiaiuçu;2025;FUNDEB - ITR;42384,85;3133709;4673
MG;Itaú de Minas;2025;AJUSTE FUNDEB - FPE;-37,26;3133758;5731
MG;Itaú de Minas;2025;AJUSTE FUNDEB - FPM;-111,82;3133758;5731
MG;Itaú de Minas;2025;AJUSTE FUNDEB - ICME;-364,14;3133758;5731
MG;Itaú de Minas;2025;AJUSTE FUNDEB - IPIE;-3,53;3133758;5731
MG;Itaú de Minas;2025;AJUSTE FUNDEB - IPVA;-55,82;3133758;5731
MG;Itaú de Minas;2025;AJUSTE FUNDEB - ITCMD;-9,36;3133758;5731
MG;Itaú de Minas;2025;AJUSTE FUNDEB - ITR;-1,25;3133758;5731
MG;Itaú de Minas;2025;FUNDEB - FPE;867948,31;3133758;5731
MG;Itaú de Minas;2025;FUNDEB - FPM;2673893,64;3133758;5731
MG;Itaú de Minas;2025;FUNDEB - FUNDEB - FTI;286705,13;3133758;5731
MG;Itaú de Minas;2025;FUNDEB - ICMS;8482608,59;3133758;5731
MG;Itaú de Minas;2025;FUNDEB - IPI-EXP;107918,31;3133758;5731
MG;Itaú de Minas;2025;FUNDEB - IPVA;1231145;3133758;5731
MG;Itaú de Minas;2025;FUNDEB - ITCMD;212992,89;3133758;5731
MG;Itaú de Minas;2025;FUNDEB - ITR;30588,59;3133758;5731
MG;Itaúna;2025;AJUSTE FUNDEB - AJUSTE FUNDEB VAAR;15370,47;3133808;4675
MG;Itaúna;2025;AJUSTE FUNDEB - FPE;-138,57;3133808;4675
MG;Itaúna;2025;AJUSTE FUNDEB - FPM;-415,65;3133808;4675
MG;Itaúna;2025;AJUSTE FUNDEB - ICME;-1352,5;3133808;4675
MG;Itaúna;2025;AJUSTE FUNDEB - IPIE;-12,93;3133808;4675
MG;Itaúna;2025;AJUSTE FUNDEB - IPVA;-208,02;3133808;4675
MG;Itaúna;2025;AJUSTE FUNDEB - ITCMD;-35,07;3133808;4675
MG;Itaúna;2025;AJUSTE FUNDEB - ITR;-4,6;3133808;4675
MG;Itaúna;2025;FUNDEB - COUN VAAR;263099,39;3133808;4675
MG;Itaúna;2025;FUNDEB - COUN VAAT;4659161,24;3133808;4675
MG;Itaúna;2025;FUNDEB - FPE;3535691,61;3133808;4675
MG;Itaúna;2025;FUNDEB - FPM;10892426,84;3133808;4675
MG;Itaúna;2025;FUNDEB - FUNDEB - FTI;512843;3133808;4675
MG;Itaúna;2025;FUNDEB - ICMS;34446280,29;3133808;4675
MG;Itaúna;2025;FUNDEB - IPI-EXP;439618,21;3133808;4675
MG;Itaúna;2025;FUNDEB - IPVA;5015126,36;3133808;4675
MG;Itaúna;2025;FUNDEB - ITCMD;867463,96;3133808;4675
MG;Itaúna;2025;FUNDEB - ITR;124561,52;3133808;4675
MG;Itaverava;2025;AJUSTE FUNDEB - AJUSTE FUNDEB VAAR;-6019,52;3133907;4677
MG;Itaverava;2025;AJUSTE FUNDEB - FPE;-5,73;3133907;4677
MG;Itaverava;2025;AJUSTE FUNDEB - FPM;-17,2;3133907;4677
MG;Itaverava;2025;AJUSTE FUNDEB - ICME;-55,86;3133907;4677
MG;Itaverava;2025;AJUSTE FUNDEB - IPIE;-0,56;3133907;4677
MG;Itaverava;2025;AJUSTE FUNDEB - IPVA;-8,62;3133907;4677
MG;Itaverava;2025;AJUSTE FUNDEB - ITCMD;-1,5;3133907;4677
MG;Itaverava;2025;AJUSTE FUNDEB - ITR;-0,18;3133907;4677
MG;Itaverava;2025;FUNDEB - COUN VAAR;74185,41;3133907;4677
MG;Itaverava;2025;FUNDEB - FPE;148475,51;3133907;4677
MG;Itaverava;2025;FUNDEB - FPM;457409,48;3133907;4677
MG;Itaverava;2025;FUNDEB - FUNDEB - FTI;114328,49;3133907;4677
MG;Itaverava;2025;FUNDEB - ICMS;1446767,61;3133907;4677
MG;Itaverava;2025;FUNDEB - IPI-EXP;18461,04;3133907;4677
MG;Itaverava;2025;FUNDEB - IPVA;210595,89;3133907;4677
MG;Itaverava;2025;FUNDEB - ITCMD;36415,24;3133907;4677
MG;Itaverava;2025;FUNDEB - ITR;5227,76;3133907;4677
MG;Itinga;2025;AJUSTE FUNDEB - AJUSTE FUNDEB VAAR;-3240,3;3134004;4679
MG;Itinga;2025;AJUSTE FUNDEB - FPE;-24,54;3134004;4679
MG;Itinga;2025;AJUSTE FUNDEB - FPM;-73,45;3134004;4679
MG;Itinga;2025;AJUSTE FUNDEB - ICME;-239,24;3134004;4679
MG;Itinga;2025;AJUSTE FUNDEB - IPIE;-2,31;3134004;4679
MG;Itinga;2025;AJUSTE FUNDEB - IPVA;-36,58;3134004;4679
MG;Itinga;2025;AJUSTE FUNDEB - ITCMD;-6,18;3134004;4679
MG;Itinga;2025;AJUSTE FUNDEB - ITR;-0,8;3134004;4679
MG;Itinga;2025;FUNDEB - COUN VAAR;20050,49;3134004;4679
MG;Itinga;2025;FUNDEB - FPE;659078,23;3134004;4679
MG;Itinga;2025;FUNDEB - FPM;2030426,34;3134004;4679
MG;Itinga;2025;FUNDEB - FUNDEB - FTI;218685,2;3134004;4679
MG;Itinga;2025;FUNDEB - ICMS;6431761,27;3134004;4679
MG;Itinga;2025;FUNDEB - IPI-EXP;81947,95;3134004;4679
MG;Itinga;2025;FUNDEB - IPVA;934838,71;3134004;4679
MG;Itinga;2025;FUNDEB - ITCMD;161666,87;3134004;4679
MG;Itinga;2025;FUNDEB - ITR;23210,93;3134004;4679
MG;Itueta;2025;AJUSTE FUNDEB - FPE;-14,47;3134103;4681
MG;Itueta;2025;AJUSTE FUNDEB - FPM;-43,37;3134103;4681
MG;Itueta;2025;AJUSTE FUNDEB - ICME;-141,14;3134103;4681
MG;Itueta;2025;AJUSTE FUNDEB - IPIE;-1,37;3134103;4681
MG;Itueta;2025;AJUSTE FUNDEB - IPVA;-21,82;3134103;4681
MG;Itueta;2025;AJUSTE FUNDEB - ITCMD;-3,52;3134103;4681
MG;Itueta;2025;AJUSTE FUNDEB - ITR;-0,46;3134103;4681
MG;Itueta;2025;FUNDEB - FPE;343268,71;3134103;4681
MG;Itueta;2025;FUNDEB - FPM;1057509,93;3134103;4681
MG;Itueta;2025;FUNDEB - ICMS;3349801,99;3134103;4681
MG;Itueta;2025;FUNDEB - IPI-EXP;42681,09;3134103;4681
MG;Itueta;2025;FUNDEB - IPVA;486937,95;3134103;4681
MG;Itueta;2025;FUNDEB - ITCMD;84293;3134103;4681
MG;Itueta;2025;FUNDEB - ITR;12110,8;3134103;4681
MG;Ituiutaba;2025;AJUSTE FUNDEB - AJUSTE FUNDEB VAAR;159237,65;3134202;4683
MG;Ituiutaba;2025;AJUSTE FUNDEB - FPE;-193,14;3134202;4683
MG;Ituiutaba;2025;AJUSTE FUNDEB - FPM;-579,18;3134202;4683
MG;Ituiutaba;2025;AJUSTE FUNDEB - ICME;-1884,72;3134202;4683
MG;Ituiutaba;2025;AJUSTE FUNDEB - IPIE;-18,04;3134202;4683
MG;Ituiutaba;2025;AJUSTE FUNDEB - IPVA;-289,75;3134202;4683
MG;Ituiutaba;2025;AJUSTE FUNDEB - ITCMD;-48,76;3134202;4683
MG;Ituiutaba;2025;AJUSTE FUNDEB - ITR;-6,39;3134202;4683
MG;Ituiutaba;2025;FUNDEB - COUN VAAR;237755,51;3134202;4683
MG;Ituiutaba;2025;FUNDEB - FPE;4950118,12;3134202;4683
MG;Ituiutaba;2025;FUNDEB - FPM;15249859,22;3134202;4683
MG;Ituiutaba;2025;FUNDEB - FUNDEB - FTI;644019,3;3134202;4683
MG;Ituiutaba;2025;FUNDEB - ICMS;48258016,96;3134202;4683
MG;Ituiutaba;2025;FUNDEB - IPI-EXP;615484,13;3134202;4683
MG;Ituiutaba;2025;FUNDEB - IPVA;7021445,7;3134202;4683
MG;Ituiutaba;2025;FUNDEB - ITCMD;1214602,32;3134202;4683
MG;Ituiutaba;2025;FUNDEB - ITR;174419;3134202;4683
MG;Itumirim;2025;AJUSTE FUNDEB - AJUSTE FUNDEB VAAR;-13987,66;3134301;4685
MG;Itumirim;2025;AJUSTE FUNDEB - FPE;-541,52;3134301;4685
MG;Itumirim;2025;AJUSTE FUNDEB - FPM;-1667,65;3134301;4685
MG;Itumirim;2025;AJUSTE FUNDEB - ICME;-5377,44;3134301;4685
MG;Itumirim;2025;AJUSTE FUNDEB - IPIE;-68,13;3134301;4685
MG;Itumirim;2025;AJUSTE FUNDEB - IPVA;-861,33;3134301;4685
MG;Itumirim;2025;AJUSTE FUNDEB - ITCMD;-123,44;3134301;4685
MG;Itumirim;2025;AJUSTE FUNDEB - ITR;-20;3134301;4685
MG;Itumirim;2025;FUNDEB - COUN VAAR;175536,85;3134301;4685
MG;Itumirim;2025;FUNDEB - FPE;164991,18;3134301;4685
MG;Itumirim;2025;FUNDEB - FPM;508289,21;3134301;4685
MG;Itumirim;2025;FUNDEB - ICMS;1611746,52;3134301;4685
MG;Itumirim;2025;FUNDEB - IPI-EXP;20515,58;3134301;4685
MG;Itumirim;2025;FUNDEB - IPVA;234139,67;3134301;4685
MG;Itumirim;2025;FUNDEB - ITCMD;40508,96;3134301;4685
MG;Itumirim;2025;FUNDEB - ITR;5822,82;3134301;4685
MG;Iturama;2025;AJUSTE FUNDEB - FPE;448,07;3134400;4687
MG;Iturama;2025;AJUSTE FUNDEB - FPM;1387;3134400;4687
MG;Iturama;2025;AJUSTE FUNDEB - ICME;4464,42;3134400;4687
MG;Iturama;2025;AJUSTE FUNDEB - IPIE;59,37;3134400;4687
MG;Iturama;2025;AJUSTE FUNDEB - IPVA;720,77;3134400;4687
MG;Iturama;2025;AJUSTE FUNDEB - ITCMD;99,91;3134400;4687
MG;Iturama;2025;AJUSTE FUNDEB - ITR;17,06;3134400;4687
MG;Iturama;2025;FUNDEB - FPE;2077114,5;3134400;4687
MG;Iturama;2025;FUNDEB - FPM;6398979,33;3134400;4687
MG;Iturama;2025;FUNDEB - FUNDEB - FTI;329433,99;3134400;4687
MG;Iturama;2025;FUNDEB - ICMS;20262317,86;3134400;4687
MG;Iturama;2025;FUNDEB - IPI-EXP;258261,73;3134400;4687
MG;Iturama;2025;FUNDEB - IPVA;2946169,57;3134400;4687
MG;Iturama;2025;FUNDEB - ITCMD;509667,05;3134400;4687
MG;Iturama;2025;FUNDEB - ITR;73186,67;3134400;4687
MG;Itutinga;2025;AJUSTE FUNDEB - AJUSTE FUNDEB VAAR;-2836,27;3134509;4689
MG;Itutinga;2025;AJUSTE FUNDEB - FPE;-8,3;3134509;4689
MG;Itutinga;2025;AJUSTE FUNDEB - FPM;-24,88;3134509;4689
MG;Itutinga;2025;AJUSTE FUNDEB - ICME;-80,63;3134509;4689
MG;Itutinga;2025;AJUSTE FUNDEB - IPIE;-0,83;3134509;4689
MG;Itutinga;2025;AJUSTE FUNDEB - IPVA;-12,42;3134509;4689
MG;Itutinga;2025;AJUSTE FUNDEB - ITCMD;-2,09;3134509;4689
MG;Itutinga;2025;AJUSTE FUNDEB - ITR;-0,25;3134509;4689
MG;Itutinga;2025;FUNDEB - COUN VAAR;9682,02;3134509;4689
MG;Itutinga;2025;FUNDEB - FPE;207527,95;3134509;4689
MG;Itutinga;2025;FUNDEB - FPM;639332,61;3134509;4689
MG;Itutinga;2025;FUNDEB - FUNDEB - FTI;110825,04;3134509;4689
MG;Itutinga;2025;FUNDEB - ICMS;2021811,35;3134509;4689
MG;Itutinga;2025;FUNDEB - IPI-EXP;25803,47;3134509;4689
MG;Itutinga;2025;FUNDEB - IPVA;294380,94;3134509;4689
MG;Itutinga;2025;FUNDEB - ITCMD;50951,57;3134509;4689
MG;Itutinga;2025;FUNDEB - ITR;7319,63;3134509;4689
MG;Jaboticatubas;2025;AJUSTE FUNDEB - FPE;-32,7;3134608;4691
MG;Jaboticatubas;2025;AJUSTE FUNDEB - FPM;-98,15;3134608;4691
MG;Jaboticatubas;2025;AJUSTE FUNDEB - ICME;-319,25;3134608;4691
MG;Jaboticatubas;2025;AJUSTE FUNDEB - IPIE;-3,02;3134608;4691
MG;Jaboticatubas;2025;AJUSTE FUNDEB - IPVA;-48,95;3134608;4691
MG;Jaboticatubas;2025;AJUSTE FUNDEB - ITCMD;-8,26;3134608;4691
MG;Jaboticatubas;2025;AJUSTE FUNDEB - ITR;-1,1;3134608;4691
MG;Jaboticatubas;2025;FUNDEB - FPE;801944,28;3134608;4691
MG;Jaboticatubas;2025;FUNDEB - FPM;2470554,72;3134608;4691
MG;Jaboticatubas;2025;FUNDEB - FUNDEB - FTI;111737,5;3134608;4691
MG;Jaboticatubas;2025;FUNDEB - ICMS;7823206,29;3134608;4691
MG;Jaboticatubas;2025;FUNDEB - IPI-EXP;99711,53;3134608;4691
MG;Jaboticatubas;2025;FUNDEB - IPVA;1137546,09;3134608;4691
MG;Jaboticatubas;2025;FUNDEB - ITCMD;196846,62;3134608;4691
MG;Jaboticatubas;2025;FUNDEB - ITR;28274,56;3134608;4691
MG;Jacinto;2025;AJUSTE FUNDEB - FPE;-21,74;3134707;4693
MG;Jacinto;2025;AJUSTE FUNDEB - FPM;-65,14;3134707;4693
MG;Jacinto;2025;AJUSTE FUNDEB - ICME;-212,07;3134707;4693
MG;Jacinto;2025;AJUSTE FUNDEB - IPIE;-2,04;3134707;4693
MG;Jacinto;2025;AJUSTE FUNDEB - IPVA;-32,68;3134707;4693
MG;Jacinto;2025;AJUSTE FUNDEB - ITCMD;-5,5;3134707;4693
MG;Jacinto;2025;AJUSTE FUNDEB - ITR;-0,76;3134707;4693
MG;Jacinto;2025;FUNDEB - FPE;471087,19;3134707;4693
MG;Jacinto;2025;FUNDEB - FPM;1451281,18;3134707;4693
MG;Jacinto;2025;FUNDEB - FUNDEB - FTI;97345,45;3134707;4693
MG;Jacinto;2025;FUNDEB - ICMS;4612062,2;3134707;4693
MG;Jacinto;2025;FUNDEB - IPI-EXP;58573,69;3134707;4693
MG;Jacinto;2025;FUNDEB - IPVA;668371,98;3134707;4693
MG;Jacinto;2025;FUNDEB - ITCMD;115926,45;3134707;4693
MG;Jacinto;2025;FUNDEB - ITR;16678,99;3134707;4693
MG;Jacuí;2025;AJUSTE FUNDEB - AJUSTE FUNDEB VAAR;-21428,21;3134806;4695
MG;Jacuí;2025;AJUSTE FUNDEB - FPE;-12,76;3134806;4695
MG;Jacuí;2025;AJUSTE FUNDEB - FPM;-38,34;3134806;4695
MG;Jacuí;2025;AJUSTE FUNDEB - ICME;-124,35;3134806;4695
MG;Jacuí;2025;AJUSTE FUNDEB - IPIE;-1,13;3134806;4695
MG;Jacuí;2025;AJUSTE FUNDEB - IPVA;-19,1;3134806;4695
MG;Jacuí;2025;AJUSTE FUNDEB - ITCMD;-3,18;3134806;4695
MG;Jacuí;2025;AJUSTE FUNDEB - ITR;-0,46;3134806;4695
MG;Jacuí;2025;FUNDEB - COUN VAAR;318706,42;3134806;4695
MG;Jacuí;2025;FUNDEB - FPE;307635,28;3134806;4695
MG;Jacuí;2025;FUNDEB - FPM;947733,93;3134806;4695
MG;Jacuí;2025;FUNDEB - ICMS;3006067,63;3134806;4695
MG;Jacuí;2025;FUNDEB - IPI-EXP;38250,48;3134806;4695
MG;Jacuí;2025;FUNDEB - IPVA;436461,61;3134806;4695
MG;Jacuí;2025;FUNDEB - ITCMD;75689,07;3134806;4695
MG;Jacuí;2025;FUNDEB - ITR;10888,41;3134806;4695
MG;Jacutinga;2025;AJUSTE FUNDEB - AJUSTE FUNDEB VAAR;-23909,8;3134905;4697
MG;Jacutinga;2025;AJUSTE FUNDEB - FPE;-78,53;3134905;4697
MG;Jacutinga;2025;AJUSTE FUNDEB - FPM;-235,4;3134905;4697
MG;Jacutinga;2025;AJUSTE FUNDEB - ICME;-766,2;3134905;4697
MG;Jacutinga;2025;AJUSTE FUNDEB - IPIE;-7,34;3134905;4697
MG;Jacutinga;2025;AJUSTE FUNDEB - IPVA;-117,89;3134905;4697
MG;Jacutinga;2025;AJUSTE FUNDEB - ITCMD;-19,87;3134905;4697
MG;Jacutinga;2025;AJUSTE FUNDEB - ITR;-2,6;3134905;4697
MG;Jacutinga;2025;FUNDEB - COUN VAAR;94999,94;3134905;4697
MG;Jacutinga;2025;FUNDEB - COUN VAAT;3115864,95;3134905;4697
MG;Jacutinga;2025;FUNDEB - FPE;2253087,44;3134905;4697
MG;Jacutinga;2025;FUNDEB - FPM;6941100,29;3134905;4697
MG;Jacutinga;2025;FUNDEB - FUNDEB - FTI;184222,61;3134905;4697
MG;Jacutinga;2025;FUNDEB - ICMS;21927302,31;3134905;4697
MG;Jacutinga;2025;FUNDEB - IPI-EXP;280142,72;3134905;4697
MG;Jacutinga;2025;FUNDEB - IPVA;3195615,45;3134905;4697
MG;Jacutinga;2025;FUNDEB - ITCMD;552311,9;3134905;4697
MG;Jacutinga;2025;FUNDEB - ITR;79263,54;3134905;4697
MG;Jaguaraçu;2025;AJUSTE FUNDEB - AJUSTE FUNDEB VAAR;-13223,89;3135001;4699
MG;Jaguaraçu;2025;AJUSTE FUNDEB - FPE;-9,23;3135001;4699
MG;Jaguaraçu;2025;AJUSTE FUNDEB - FPM;-27,43;3135001;4699
MG;Jaguaraçu;2025;AJUSTE FUNDEB - ICME;-89,64;3135001;4699
MG;Jaguaraçu;2025;AJUSTE FUNDEB - IPIE;-0,88;3135001;4699
MG;Jaguaraçu;2025;AJUSTE FUNDEB - IPVA;-13,62;3135001;4699
MG;Jaguaraçu;2025;AJUSTE FUNDEB - ITCMD;-2,38;3135001;4699
MG;Jaguaraçu;2025;AJUSTE FUNDEB - ITR;-0,32;3135001;4699
MG;Jaguaraçu;2025;FUNDEB - COUN VAAR;185867,25;3135001;4699
MG;Jaguaraçu;2025;FUNDEB - FPE;219096,71;3135001;4699
MG;Jaguaraçu;2025;FUNDEB - FPM;674972,47;3135001;4699
MG;Jaguaraçu;2025;FUNDEB - ICMS;2138268,45;3135001;4699
MG;Jaguaraçu;2025;FUNDEB - IPI-EXP;27241,89;3135001;4699
MG;Jaguaraçu;2025;FUNDEB - IPVA;310790,75;3135001;4699
MG;Jaguaraçu;2025;FUNDEB - ITCMD;53790,99;3135001;4699
MG;Jaguaraçu;2025;FUNDEB - ITR;7727,47;3135001;4699
MG;Jaíba;2025;AJUSTE FUNDEB - FPE;-63,36;3135050;2893
MG;Jaíba;2025;AJUSTE FUNDEB - FPM;-189,93;3135050;2893
MG;Jaíba;2025;AJUSTE FUNDEB - ICME;-618,12;3135050;2893
MG;Jaíba;2025;AJUSTE FUNDEB - IPIE;-5,88;3135050;2893
MG;Jaíba;2025;AJUSTE FUNDEB - IPVA;-95,11;3135050;2893
MG;Jaíba;2025;AJUSTE FUNDEB - ITCMD;-16,02;3135050;2893
MG;Jaíba;2025;AJUSTE FUNDEB - ITR;-2,07;3135050;2893
MG;Jaíba;2025;FUNDEB - FPE;1720421,92;3135050;2893
MG;Jaíba;2025;FUNDEB - FPM;5300114,33;3135050;2893
MG;Jaíba;2025;FUNDEB - FUNDEB - FTI;492924,08;3135050;2893
MG;Jaíba;2025;FUNDEB - ICMS;16766643,72;3135050;2893
MG;Jaíba;2025;FUNDEB - IPI-EXP;213912,55;3135050;2893
MG;Jaíba;2025;FUNDEB - IPVA;2440195,53;3135050;2893
MG;Jaíba;2025;FUNDEB - ITCMD;421889,61;3135050;2893
MG;Jaíba;2025;FUNDEB - ITR;60560,74;3135050;2893
MG;Jampruca;2025;AJUSTE FUNDEB - FPE;-8,46;3135076;2655
MG;Jampruca;2025;AJUSTE FUNDEB - FPM;-25,54;3135076;2655
MG;Jampruca;2025;AJUSTE FUNDEB - ICME;-83,19;3135076;2655
MG;Jampruca;2025;AJUSTE FUNDEB - IPIE;-0,77;3135076;2655
MG;Jampruca;2025;AJUSTE FUNDEB - IPVA;-12,73;3135076;2655
MG;Jampruca;2025;AJUSTE FUNDEB - ITCMD;-2,16;3135076;2655
MG;Jampruca;2025;AJUSTE FUNDEB - ITR;-0,3;3135076;2655
MG;Jampruca;2025;FUNDEB - FPE;184534,21;3135076;2655
MG;Jampruca;2025;FUNDEB - FPM;568495,77;3135076;2655
MG;Jampruca;2025;FUNDEB - FUNDEB - FTI;58331,76;3135076;2655
MG;Jampruca;2025;FUNDEB - ICMS;1804548,81;3135076;2655
MG;Jampruca;2025;FUNDEB - IPI-EXP;22944,45;3135076;2655
MG;Jampruca;2025;FUNDEB - IPVA;261775,74;3135076;2655
MG;Jampruca;2025;FUNDEB - ITCMD;45330,52;3135076;2655
MG;Jampruca;2025;FUNDEB - ITR;6514,42;3135076;2655
MG;Janaúba;2025;AJUSTE FUNDEB - AJUSTE FUNDEB VAAR;-28106,87;3135100;4701
MG;Janaúba;2025;AJUSTE FUNDEB - AJUSTE FUNDEB VAAT;236191,14;3135100;4701
MG;Janaúba;2025;AJUSTE FUNDEB - FPE;-122,83;3135100;4701
MG;Janaúba;2025;AJUSTE FUNDEB - FPM;-368,32;3135100;4701
MG;Janaúba;2025;AJUSTE FUNDEB - ICME;-1198,63;3135100;4701
MG;Janaúba;2025;AJUSTE FUNDEB - IPIE;-11,43;3135100;4701
MG;Janaúba;2025;AJUSTE FUNDEB - IPVA;-184,02;3135100;4701
MG;Janaúba;2025;AJUSTE FUNDEB - ITCMD;-31,08;3135100;4701
MG;Janaúba;2025;AJUSTE FUNDEB - ITR;-3,99;3135100;4701
MG;Janaúba;2025;FUNDEB - COUN VAAR;224073,23;3135100;4701
MG;Janaúba;2025;FUNDEB - COUN VAAT;4009061,94;3135100;4701
MG;Janaúba;2025;FUNDEB - FPE;3317719,12;3135100;4701
MG;Janaúba;2025;FUNDEB - FPM;10220917,67;3135100;4701
MG;Janaúba;2025;FUNDEB - FUNDEB - FTI;570623,45;3135100;4701
MG;Janaúba;2025;FUNDEB - ICMS;32348283,64;3135100;4701
MG;Janaúba;2025;FUNDEB - IPI-EXP;412516,1;3135100;4701
MG;Janaúba;2025;FUNDEB - IPVA;4706042,75;3135100;4701
MG;Janaúba;2025;FUNDEB - ITCMD;814181,21;3135100;4701
MG;Janaúba;2025;FUNDEB - ITR;116928,96;3135100;4701
MG;Januária;2025;AJUSTE FUNDEB - AJUSTE FUNDEB VAAR;-37442,63;3135209;4703
MG;Januária;2025;AJUSTE FUNDEB - AJUSTE FUNDEB VAAT;200863,75;3135209;4703
MG;Januária;2025;AJUSTE FUNDEB - FPE;-107,08;3135209;4703
MG;Januária;2025;AJUSTE FUNDEB - FPM;-321,04;3135209;4703
MG;Januária;2025;AJUSTE FUNDEB - ICME;-1044,69;3135209;4703
MG;Januária;2025;AJUSTE FUNDEB - IPIE;-9,98;3135209;4703
MG;Januária;2025;AJUSTE FUNDEB - IPVA;-160,7;3135209;4703
MG;Januária;2025;AJUSTE FUNDEB - ITCMD;-27,14;3135209;4703
MG;Januária;2025;AJUSTE FUNDEB - ITR;-3,47;3135209;4703
MG;Januária;2025;FUNDEB - COUN VAAR;196575,86;3135209;4703
MG;Januária;2025;FUNDEB - COUN VAAT;8032800,81;3135209;4703
MG;Januária;2025;FUNDEB - FPE;2769353,51;3135209;4703
MG;Januária;2025;FUNDEB - FPM;8531564,29;3135209;4703
MG;Januária;2025;FUNDEB - FUNDEB - FTI;727282,9;3135209;4703
MG;Januária;2025;FUNDEB - ICMS;27011609,6;3135209;4703
MG;Januária;2025;FUNDEB - IPI-EXP;344333,83;3135209;4703
MG;Januária;2025;FUNDEB - IPVA;3928339,91;3135209;4703
MG;Januária;2025;FUNDEB - ITCMD;679879,12;3135209;4703
MG;Januária;2025;FUNDEB - ITR;97666,45;3135209;4703
MG;Japaraíba;2025;AJUSTE FUNDEB - AJUSTE FUNDEB VAAR;-7443,53;3135308;4705
MG;Japaraíba;2025;AJUSTE FUNDEB - FPE;-13,79;3135308;4705
MG;Japaraíba;2025;AJUSTE FUNDEB - FPM;-41,18;3135308;4705
MG;Japaraíba;2025;AJUSTE FUNDEB - ICME;-134,11;3135308;4705
MG;Japaraíba;2025;AJUSTE FUNDEB - IPIE;-1,33;3135308;4705
MG;Japaraíba;2025;AJUSTE FUNDEB - IPVA;-20,6;3135308;4705
MG;Japaraíba;2025;AJUSTE FUNDEB - ITCMD;-3,51;3135308;4705
MG;Japaraíba;2025;AJUSTE FUNDEB - ITR;-0,47;3135308;4705
MG;Japaraíba;2025;FUNDEB - COUN VAAR;30345,03;3135308;4705
MG;Japaraíba;2025;FUNDEB - FPE;307839;3135308;4705
MG;Japaraíba;2025;FUNDEB - FPM;948361,4;3135308;4705
MG;Japaraíba;2025;FUNDEB - ICMS;3003296,11;3135308;4705
MG;Japaraíba;2025;FUNDEB - IPI-EXP;38275,86;3135308;4705
MG;Japaraíba;2025;FUNDEB - IPVA;436712,38;3135308;4705
MG;Japaraíba;2025;FUNDEB - ITCMD;75660,42;3135308;4705
MG;Japaraíba;2025;FUNDEB - ITR;10876,87;3135308;4705
MG;Japonvar;2025;AJUSTE FUNDEB - AJUSTE FUNDEB VAAR;-16420,55;3135357;630
MG;Japonvar;2025;AJUSTE FUNDEB - AJUSTE FUNDEB VAAT;35917,71;3135357;630
MG;Japonvar;2025;AJUSTE FUNDEB - FPE;-20,17;3135357;630
MG;Japonvar;2025;AJUSTE FUNDEB - FPM;-60,56;3135357;630
MG;Japonvar;2025;AJUSTE FUNDEB - ICME;-197,17;3135357;630
MG;Japonvar;2025;AJUSTE FUNDEB - IPIE;-1,85;3135357;630
MG;Japonvar;2025;AJUSTE FUNDEB - IPVA;-30,22;3135357;630
MG;Japonvar;2025;AJUSTE FUNDEB - ITCMD;-5,18;3135357;630
MG;Japonvar;2025;AJUSTE FUNDEB - ITR;-0,68;3135357;630
MG;Japonvar;2025;FUNDEB - COUN VAAR;227031,87;3135357;630
MG;Japonvar;2025;FUNDEB - COUN VAAT;879004,15;3135357;630
MG;Japonvar;2025;FUNDEB - FPE;505781,46;3135357;630
MG;Japonvar;2025;FUNDEB - FPM;1558164,05;3135357;630
MG;Japonvar;2025;FUNDEB - FUNDEB - FTI;201493,48;3135357;630
MG;Japonvar;2025;FUNDEB - ICMS;4933117,44;3135357;630
MG;Japonvar;2025;FUNDEB - IPI-EXP;62887,48;3135357;630
MG;Japonvar;2025;FUNDEB - IPVA;717460,73;3135357;630
MG;Japonvar;2025;FUNDEB - ITCMD;124185,47;3135357;630
MG;Japonvar;2025;FUNDEB - ITR;17841,03;3135357;630
MG;Jeceaba;2025;AJUSTE FUNDEB - AJUSTE FUNDEB VAAR;-24190,91;3135407;4707
MG;Jeceaba;2025;AJUSTE FUNDEB - FPE;-20,33;3135407;4707
MG;Jeceaba;2025;AJUSTE FUNDEB - FPM;-60,85;3135407;4707
MG;Jeceaba;2025;AJUSTE FUNDEB - ICME;-198,32;3135407;4707
MG;Jeceaba;2025;AJUSTE FUNDEB - IPIE;-1,91;3135407;4707
MG;Jeceaba;2025;AJUSTE FUNDEB - IPVA;-30,45;3135407;4707
MG;Jeceaba;2025;AJUSTE FUNDEB - ITCMD;-5,12;3135407;4707
MG;Jeceaba;2025;AJUSTE FUNDEB - ITR;-0,73;3135407;4707
MG;Jeceaba;2025;FUNDEB - COUN VAAR;274663,18;3135407;4707
MG;Jeceaba;2025;FUNDEB - FPE;474927,1;3135407;4707
MG;Jeceaba;2025;FUNDEB - FPM;1463110,79;3135407;4707
MG;Jeceaba;2025;FUNDEB - FUNDEB - FTI;50373,3;3135407;4707
MG;Jeceaba;2025;FUNDEB - ICMS;4627865,48;3135407;4707
MG;Jeceaba;2025;FUNDEB - IPI-EXP;59051,16;3135407;4707
MG;Jeceaba;2025;FUNDEB - IPVA;673695,98;3135407;4707
MG;Jeceaba;2025;FUNDEB - ITCMD;116615,48;3135407;4707
MG;Jeceaba;2025;FUNDEB - ITR;16754,07;3135407;4707
MG;Jenipapo de Minas;2025;AJUSTE FUNDEB - FPE;-8,53;3135456;632
MG;Jenipapo de Minas;2025;AJUSTE FUNDEB - FPM;-25,55;3135456;632
MG;Jenipapo de Minas;2025;AJUSTE FUNDEB - ICME;-83,4;3135456;632
MG;Jenipapo de Minas;2025;AJUSTE FUNDEB - IPIE;-0,78;3135456;632
MG;Jenipapo de Minas;2025;AJUSTE FUNDEB - IPVA;-12,77;3135456;632
MG;Jenipapo de Minas;2025;AJUSTE FUNDEB - ITCMD;-2,17;3135456;632
MG;Jenipapo de Minas;2025;AJUSTE FUNDEB - ITR;-0,28;3135456;632
MG;Jenipapo de Minas;2025;FUNDEB - FPE;209618,96;3135456;632
MG;Jenipapo de Minas;2025;FUNDEB - FPM;645774,44;3135456;632
MG;Jenipapo de Minas;2025;FUNDEB - ICMS;2048609,97;3135456;632
MG;Jenipapo de Minas;2025;FUNDEB - IPI-EXP;26063,42;3135456;632
MG;Jenipapo de Minas;2025;FUNDEB - IPVA;297344,48;3135456;632
MG;Jenipapo de Minas;2025;FUNDEB - ITCMD;51459,8;3135456;632
MG;Jenipapo de Minas;2025;FUNDEB - ITR;7392,19;3135456;632
MG;Jequeri;2025;AJUSTE FUNDEB - AJUSTE FUNDEB VAAR;-2438,85;3135506;4709
MG;Jequeri;2025;AJUSTE FUNDEB - AJUSTE FUNDEB VAAT;41705,44;3135506;4709
MG;Jequeri;2025;AJUSTE FUNDEB - FPE;-22,1;3135506;4709
MG;Jequeri;2025;AJUSTE FUNDEB - FPM;-66,45;3135506;4709
MG;Jequeri;2025;AJUSTE FUNDEB - ICME;-216,15;3135506;4709
MG;Jequeri;2025;AJUSTE FUNDEB - IPIE;-2,07;3135506;4709
MG;Jequeri;2025;AJUSTE FUNDEB - IPVA;-33,28;3135506;4709
MG;Jequeri;2025;AJUSTE FUNDEB - ITCMD;-5,62;3135506;4709
MG;Jequeri;2025;AJUSTE FUNDEB - ITR;-0,74;3135506;4709
MG;Jequeri;2025;FUNDEB - COUN VAAR;45623,69;3135506;4709
MG;Jequeri;2025;FUNDEB - COUN VAAT;134099,7;3135506;4709
MG;Jequeri;2025;FUNDEB - FPE;532867,94;3135506;4709
MG;Jequeri;2025;FUNDEB - FPM;1641609,64;3135506;4709
MG;Jequeri;2025;FUNDEB - FUNDEB - FTI;168747,27;3135506;4709
MG;Jequeri;2025;FUNDEB - ICMS;5196243,87;3135506;4709
MG;Jequeri;2025;FUNDEB - IPI-EXP;66255,31;3135506;4709
MG;Jequeri;2025;FUNDEB - IPVA;755944,01;3135506;4709
MG;Jequeri;2025;FUNDEB - ITCMD;130961,13;3135506;4709
MG;Jequeri;2025;FUNDEB - ITR;18826,27;3135506;4709
MG;Jequitaí;2025;AJUSTE FUNDEB - FPE;-15,45;3135605;4711
MG;Jequitaí;2025;AJUSTE FUNDEB - FPM;-46,5;3135605;4711
MG;Jequitaí;2025;AJUSTE FUNDEB - ICME;-151,03;3135605;4711
MG;Jequitaí;2025;AJUSTE FUNDEB - IPIE;-1,44;3135605;4711
MG;Jequitaí;2025;AJUSTE FUNDEB - IPVA;-23,3;3135605;4711
MG;Jequitaí;2025;AJUSTE FUNDEB - ITCMD;-3,9;3135605;4711
MG;Jequitaí;2025;AJUSTE FUNDEB - ITR;-0,5;3135605;4711
MG;Jequitaí;2025;FUNDEB - FPE;348361,82;3135605;4711
MG;Jequitaí;2025;FUNDEB - FPM;1073200,44;3135605;4711
MG;Jequitaí;2025;FUNDEB - FUNDEB - FTI;115378,47;3135605;4711
MG;Jequitaí;2025;FUNDEB - ICMS;3399851,59;3135605;4711
MG;Jequitaí;2025;FUNDEB - IPI-EXP;43314,35;3135605;4711
MG;Jequitaí;2025;FUNDEB - IPVA;494161,72;3135605;4711
MG;Jequitaí;2025;FUNDEB - ITCMD;85541,68;3135605;4711
MG;Jequitaí;2025;FUNDEB - ITR;12290,03;3135605;4711
MG;Jequitibá;2025;AJUSTE FUNDEB - FPE;-13,08;3135704;4713
MG;Jequitibá;2025;AJUSTE FUNDEB - FPM;-39,13;3135704;4713
MG;Jequitibá;2025;AJUSTE FUNDEB - ICME;-127,43;3135704;4713
MG;Jequitibá;2025;AJUSTE FUNDEB - IPIE;-1,17;3135704;4713
MG;Jequitibá;2025;AJUSTE FUNDEB - IPVA;-19,54;3135704;4713
MG;Jequitibá;2025;AJUSTE FUNDEB - ITCMD;-3,38;3135704;4713
MG;Jequitibá;2025;AJUSTE FUNDEB - ITR;-0,47;3135704;4713
MG;Jequitibá;2025;FUNDEB - FPE;308303,01;3135704;4713
MG;Jequitibá;2025;FUNDEB - FPM;949790,99;3135704;4713
MG;Jequitibá;2025;FUNDEB - FUNDEB - FTI;50644,12;3135704;4713
MG;Jequitibá;2025;FUNDEB - ICMS;3007047,56;3135704;4713
MG;Jequitibá;2025;FUNDEB - IPI-EXP;38333,54;3135704;4713
MG;Jequitibá;2025;FUNDEB - IPVA;437330,76;3135704;4713
MG;Jequitibá;2025;FUNDEB - ITCMD;75691,93;3135704;4713
MG;Jequitibá;2025;FUNDEB - ITR;10873,63;3135704;4713
MG;Jequitinhonha;2025;AJUSTE FUNDEB - FPE;-39,99;3135803;4715
MG;Jequitinhonha;2025;AJUSTE FUNDEB - FPM;-119,94;3135803;4715
MG;Jequitinhonha;2025;AJUSTE FUNDEB - ICME;-390,25;3135803;4715
MG;Jequitinhonha;2025;AJUSTE FUNDEB - IPIE;-3,78;3135803;4715
MG;Jequitinhonha;2025;AJUSTE FUNDEB - IPVA;-60,03;3135803;4715
MG;Jequitinhonha;2025;AJUSTE FUNDEB - ITCMD;-10,04;3135803;4715
MG;Jequitinhonha;2025;AJUSTE FUNDEB - ITR;-1,33;3135803;4715
MG;Jequitinhonha;2025;FUNDEB - COUN VAAT;990830,04;3135803;4715
MG;Jequitinhonha;2025;FUNDEB - FPE;960403,56;3135803;4715
MG;Jequitinhonha;2025;FUNDEB - FPM;2958721,21;3135803;4715
MG;Jequitinhonha;2025;FUNDEB - FUNDEB - FTI;148803,93;3135803;4715
MG;Jequitinhonha;2025;FUNDEB - ICMS;9376759,47;3135803;4715
MG;Jequitinhonha;2025;FUNDEB - IPI-EXP;119413,96;3135803;4715
MG;Jequitinhonha;2025;FUNDEB - IPVA;1362438,43;3135803;4715
MG;Jequitinhonha;2025;FUNDEB - ITCMD;235990,13;3135803;4715
MG;Jequitinhonha;2025;FUNDEB - ITR;33920,39;3135803;4715
MG;Jesuânia;2025;AJUSTE FUNDEB - AJUSTE FUNDEB VAAR;-15084,74;3135902;4717
MG;Jesuânia;2025;AJUSTE FUNDEB - FPE;-9,32;3135902;4717
MG;Jesuânia;2025;AJUSTE FUNDEB - FPM;-27,89;3135902;4717
MG;Jesuânia;2025;AJUSTE FUNDEB - ICME;-90,74;3135902;4717
MG;Jesuânia;2025;AJUSTE FUNDEB - IPIE;-0,78;3135902;4717
MG;Jesuânia;2025;AJUSTE FUNDEB - IPVA;-13,97;3135902;4717
MG;Jesuânia;2025;AJUSTE FUNDEB - ITCMD;-2,34;3135902;4717
MG;Jesuânia;2025;AJUSTE FUNDEB - ITR;-0,32;3135902;4717
MG;Jesuânia;2025;FUNDEB - COUN VAAR;223769,48;3135902;4717
MG;Jesuânia;2025;FUNDEB - FPE;219461,3;3135902;4717
MG;Jesuânia;2025;FUNDEB - FPM;676095,82;3135902;4717
MG;Jesuânia;2025;FUNDEB - FUNDEB - FTI;86666,17;3135902;4717
MG;Jesuânia;2025;FUNDEB - ICMS;2140294,06;3135902;4717
MG;Jesuânia;2025;FUNDEB - IPI-EXP;27287,19;3135902;4717
MG;Jesuânia;2025;FUNDEB - IPVA;311332,51;3135902;4717
MG;Jesuânia;2025;FUNDEB - ITCMD;53931,17;3135902;4717
MG;Jesuânia;2025;FUNDEB - ITR;7752,35;3135902;4717
MG;Joaíma;2025;AJUSTE FUNDEB - FPE;-38,43;3136009;4719
MG;Joaíma;2025;AJUSTE FUNDEB - FPM;-115,32;3136009;4719
MG;Joaíma;2025;AJUSTE FUNDEB - ICME;-375,28;3136009;4719
MG;Joaíma;2025;AJUSTE FUNDEB - IPIE;-3,59;3136009;4719
MG;Joaíma;2025;AJUSTE FUNDEB - IPVA;-57,57;3136009;4719
MG;Joaíma;2025;AJUSTE FUNDEB - ITCMD;-9,67;3136009;4719
MG;Joaíma;2025;AJUSTE FUNDEB - ITR;-1,24;3136009;4719
MG;Joaíma;2025;FUNDEB - COUN VAAT;452304,63;3136009;4719
MG;Joaíma;2025;FUNDEB - FPE;916569,82;3136009;4719
MG;Joaíma;2025;FUNDEB - FPM;2823682,25;3136009;4719
MG;Joaíma;2025;FUNDEB - FUNDEB - FTI;263441,28;3136009;4719
MG;Joaíma;2025;FUNDEB - ICMS;8955741,74;3136009;4719
MG;Joaíma;2025;FUNDEB - IPI-EXP;113963,77;3136009;4719
MG;Joaíma;2025;FUNDEB - IPVA;1300146,71;3136009;4719
MG;Joaíma;2025;FUNDEB - ITCMD;224995,03;3136009;4719
MG;Joaíma;2025;FUNDEB - ITR;32318,94;3136009;4719
MG;Joanésia;2025;AJUSTE FUNDEB - AJUSTE FUNDEB VAAR;-7521,57;3136108;4721
MG;Joanésia;2025;AJUSTE FUNDEB - FPE;-4,79;3136108;4721
MG;Joanésia;2025;AJUSTE FUNDEB - FPM;-14,43;3136108;4721
MG;Joanésia;2025;AJUSTE FUNDEB - ICME;-46,66;3136108;4721
MG;Joanésia;2025;AJUSTE FUNDEB - IPIE;-0,48;3136108;4721
MG;Joanésia;2025;AJUSTE FUNDEB - IPVA;-7,23;3136108;4721
MG;Joanésia;2025;AJUSTE FUNDEB - ITCMD;-1,27;3136108;4721
MG;Joanésia;2025;AJUSTE FUNDEB - ITR;-0,17;3136108;4721
MG;Joanésia;2025;FUNDEB - COUN VAAR;111833,64;3136108;4721
MG;Joanésia;2025;FUNDEB - FPE;118770,01;3136108;4721
MG;Joanésia;2025;FUNDEB - FPM;365895,51;3136108;4721
MG;Joanésia;2025;FUNDEB - ICMS;1160539,21;3136108;4721
MG;Joanésia;2025;FUNDEB - IPI-EXP;14767,55;3136108;4721
MG;Joanésia;2025;FUNDEB - IPVA;168457,97;3136108;4721
MG;Joanésia;2025;FUNDEB - ITCMD;29121,52;3136108;4721
MG;Joanésia;2025;FUNDEB - ITR;4179,92;3136108;4721
MG;João Monlevade;2025;AJUSTE FUNDEB - AJUSTE FUNDEB VAAR;-6095,6;3136207;4723
MG;João Monlevade;2025;AJUSTE FUNDEB - FPE;-139,71;3136207;4723
MG;João Monlevade;2025;AJUSTE FUNDEB - FPM;-419,24;3136207;4723
MG;João Monlevade;2025;AJUSTE FUNDEB - ICME;-1363,94;3136207;4723
MG;João Monlevade;2025;AJUSTE FUNDEB - IPIE;-13,08;3136207;4723
MG;João Monlevade;2025;AJUSTE FUNDEB - IPVA;-209,66;3136207;4723
MG;João Monlevade;2025;AJUSTE FUNDEB - ITCMD;-35,32;3136207;4723
MG;João Monlevade;2025;AJUSTE FUNDEB - ITR;-4,58;3136207;4723
MG;João Monlevade;2025;FUNDEB - COUN VAAR;109500,96;3136207;4723
MG;João Monlevade;2025;FUNDEB - FPE;3445742,99;3136207;4723
MG;João Monlevade;2025;FUNDEB - FPM;10615321,55;3136207;4723
MG;João Monlevade;2025;FUNDEB - FUNDEB - FTI;743940,91;3136207;4723
MG;João Monlevade;2025;FUNDEB - ICMS;33605428,57;3136207;4723
MG;João Monlevade;2025;FUNDEB - IPI-EXP;428434,24;3136207;4723
MG;João Monlevade;2025;FUNDEB - IPVA;4887656,95;3136207;4723
MG;João Monlevade;2025;FUNDEB - ITCMD;845635,5;3136207;4723
MG;João Monlevade;2025;FUNDEB - ITR;121449,77;3136207;4723
MG;João Pinheiro;2025;AJUSTE FUNDEB - FPE;-60,97;3136306;4725
MG;João Pinheiro;2025;AJUSTE FUNDEB - FPM;-182,89;3136306;4725
MG;João Pinheiro;2025;AJUSTE FUNDEB - ICME;-595,2;3136306;4725
MG;João Pinheiro;2025;AJUSTE FUNDEB - IPIE;-5,71;3136306;4725
MG;João Pinheiro;2025;AJUSTE FUNDEB - IPVA;-91,67;3136306;4725
MG;João Pinheiro;2025;AJUSTE FUNDEB - ITCMD;-15,46;3136306;4725
MG;João Pinheiro;2025;AJUSTE FUNDEB - ITR;-2,04;3136306;4725
MG;João Pinheiro;2025;FUNDEB - FPE;1627966,55;3136306;4725
MG;João Pinheiro;2025;FUNDEB - FPM;5015286,57;3136306;4725
MG;João Pinheiro;2025;FUNDEB - ICMS;15873908,74;3136306;4725
MG;João Pinheiro;2025;FUNDEB - IPI-EXP;202416,92;3136306;4725
MG;João Pinheiro;2025;FUNDEB - IPVA;2309081,27;3136306;4725
MG;João Pinheiro;2025;FUNDEB - ITCMD;399262,14;3136306;4725
MG;João Pinheiro;2025;FUNDEB - ITR;57316,92;3136306;4725
MG;Joaquim Felício;2025;AJUSTE FUNDEB - AJUSTE FUNDEB VAAR;-9968,91;3136405;4727
MG;Joaquim Felício;2025;AJUSTE FUNDEB - FPE;-13,38;3136405;4727
MG;Joaquim Felício;2025;AJUSTE FUNDEB - FPM;-40,14;3136405;4727
MG;Joaquim Felício;2025;AJUSTE FUNDEB - ICME;-130,58;3136405;4727
MG;Joaquim Felício;2025;AJUSTE FUNDEB - IPIE;-1,23;3136405;4727
MG;Joaquim Felício;2025;AJUSTE FUNDEB - IPVA;-20,05;3136405;4727
MG;Joaquim Felício;2025;AJUSTE FUNDEB - ITCMD;-3,38;3136405;4727
MG;Joaquim Felício;2025;AJUSTE FUNDEB - ITR;-0,41;3136405;4727
MG;Joaquim Felício;2025;FUNDEB - COUN VAAR;159492,26;3136405;4727
MG;Joaquim Felício;2025;FUNDEB - FPE;337667,25;3136405;4727
MG;Joaquim Felício;2025;FUNDEB - FPM;1040253,74;3136405;4727
MG;Joaquim Felício;2025;FUNDEB - FUNDEB - FTI;97293,21;3136405;4727
MG;Joaquim Felício;2025;FUNDEB - ICMS;3296879,74;3136405;4727
MG;Joaquim Felício;2025;FUNDEB - IPI-EXP;41984,61;3136405;4727
MG;Joaquim Felício;2025;FUNDEB - IPVA;478999,42;3136405;4727
MG;Joaquim Felício;2025;FUNDEB - ITCMD;82932,68;3136405;4727
MG;Joaquim Felício;2025;FUNDEB - ITR;11916,82;3136405;4727
MG;Jordânia;2025;AJUSTE FUNDEB - AJUSTE FUNDEB VAAR;-8709,95;3136504;4729
MG;Jordânia;2025;AJUSTE FUNDEB - AJUSTE FUNDEB VAAT;22829,06;3136504;4729
MG;Jordânia;2025;AJUSTE FUNDEB - FPE;-10,64;3136504;4729
MG;Jordânia;2025;AJUSTE FUNDEB - FPM;-32;3136504;4729
MG;Jordânia;2025;AJUSTE FUNDEB - ICME;-104,05;3136504;4729
MG;Jordânia;2025;AJUSTE FUNDEB - IPIE;-1,03;3136504;4729
MG;Jordânia;2025;AJUSTE FUNDEB - IPVA;-15,87;3136504;4729
MG;Jordânia;2025;AJUSTE FUNDEB - ITCMD;-2,67;3136504;4729
MG;Jordânia;2025;AJUSTE FUNDEB - ITR;-0,32;3136504;4729
MG;Jordânia;2025;FUNDEB - COUN VAAR;128731,14;3136504;4729
MG;Jordânia;2025;FUNDEB - COUN VAAT;474552,07;3136504;4729
MG;Jordânia;2025;FUNDEB - FPE;305543,83;3136504;4729
MG;Jordânia;2025;FUNDEB - FPM;941290,77;3136504;4729
MG;Jordânia;2025;FUNDEB - FUNDEB - FTI;144518,45;3136504;4729
MG;Jordânia;2025;FUNDEB - ICMS;2979058,03;3136504;4729
MG;Jordânia;2025;FUNDEB - IPI-EXP;37990,51;3136504;4729
MG;Jordânia;2025;FUNDEB - IPVA;433410,23;3136504;4729
MG;Jordânia;2025;FUNDEB - ITCMD;75000,84;3136504;4729
MG;Jordânia;2025;FUNDEB - ITR;10773,05;3136504;4729
MG;José Gonçalves de Minas;2025;AJUSTE FUNDEB - AJUSTE FUNDEB VAAR;-6220,87;3136520;634
MG;José Gonçalves de Minas;2025;AJUSTE FUNDEB - FPE;-8,65;3136520;634
MG;José Gonçalves de Minas;2025;AJUSTE FUNDEB - FPM;-25,78;3136520;634
MG;José Gonçalves de Minas;2025;AJUSTE FUNDEB - ICME;-84,24;3136520;634
MG;José Gonçalves de Minas;2025;AJUSTE FUNDEB - IPIE;-0,79;3136520;634
MG;José Gonçalves de Minas;2025;AJUSTE FUNDEB - IPVA;-12,88;3136520;634
MG;José Gonçalves de Minas;2025;AJUSTE FUNDEB - ITCMD;-2,19;3136520;634
MG;José Gonçalves de Minas;2025;AJUSTE FUNDEB - ITR;-0,29;3136520;634
MG;José Gonçalves de Minas;2025;FUNDEB - COUN VAAR;99527,18;3136520;634
MG;José Gonçalves de Minas;2025;FUNDEB - FPE;216141,51;3136520;634
MG;José Gonçalves de Minas;2025;FUNDEB - FPM;665868,49;3136520;634
MG;José Gonçalves de Minas;2025;FUNDEB - FUNDEB - FTI;116844,32;3136520;634
MG;José Gonçalves de Minas;2025;FUNDEB - ICMS;2106789,5;3136520;634
MG;José Gonçalves de Minas;2025;FUNDEB - IPI-EXP;26874,43;3136520;634
MG;José Gonçalves de Minas;2025;FUNDEB - IPVA;306659,71;3136520;634
MG;José Gonçalves de Minas;2025;FUNDEB - ITCMD;53191,31;3136520;634
MG;José Gonçalves de Minas;2025;FUNDEB - ITR;7653,16;3136520;634
MG;José Raydan;2025;AJUSTE FUNDEB - AJUSTE FUNDEB VAAR;-6874,07;3136553;636
MG;José Raydan;2025;AJUSTE FUNDEB - FPE;-9,99;3136553;636
MG;José Raydan;2025;AJUSTE FUNDEB - FPM;-30,08;3136553;636
MG;José Raydan;2025;AJUSTE FUNDEB - ICME;-97,79;3136553;636
MG;José Raydan;2025;AJUSTE FUNDEB - IPIE;-0,96;3136553;636
MG;José Raydan;2025;AJUSTE FUNDEB - IPVA;-15,11;3136553;636
MG;José Raydan;2025;AJUSTE FUNDEB - ITCMD;-2,53;3136553;636
MG;José Raydan;2025;AJUSTE FUNDEB - ITR;-0,32;3136553;636
MG;José Raydan;2025;FUNDEB - COUN VAAR;109977,53;3136553;636
MG;José Raydan;2025;FUNDEB - FPE;232265,67;3136553;636
MG;José Raydan;2025;FUNDEB - FPM;715542,27;3136553;636
MG;José Raydan;2025;FUNDEB - FUNDEB - FTI;29033,64;3136553;636
MG;José Raydan;2025;FUNDEB - ICMS;2266400,48;3136553;636
MG;José Raydan;2025;FUNDEB - IPI-EXP;28879,29;3136553;636
MG;José Raydan;2025;FUNDEB - IPVA;329471,8;3136553;636
MG;José Raydan;2025;FUNDEB - ITCMD;57025,51;3136553;636
MG;José Raydan;2025;FUNDEB - ITR;8192,25;3136553;636
MG;Josenópolis;2025;AJUSTE FUNDEB - AJUSTE FUNDEB VAAR;-15205,06;3136579;638
MG;Josenópolis;2025;AJUSTE FUNDEB - FPE;-8,14;3136579;638
MG;Josenópolis;2025;AJUSTE FUNDEB - FPM;-24,51;3136579;638
MG;Josenópolis;2025;AJUSTE FUNDEB - ICME;-79,45;3136579;638
MG;Josenópolis;2025;AJUSTE FUNDEB - IPIE;-0,78;3136579;638
MG;Josenópolis;2025;AJUSTE FUNDEB - IPVA;-12,34;3136579;638
MG;Josenópolis;2025;AJUSTE FUNDEB - ITCMD;-2,05;3136579;638
MG;Josenópolis;2025;AJUSTE FUNDEB - ITR;-0,25;3136579;638
MG;Josenópolis;2025;FUNDEB - COUN VAAR;207358,2;3136579;638
MG;Josenópolis;2025;FUNDEB - FPE;209871,81;3136579;638
MG;Josenópolis;2025;FUNDEB - FPM;646553,44;3136579;638
MG;Josenópolis;2025;FUNDEB - FUNDEB - FTI;73158,4;3136579;638
MG;Josenópolis;2025;FUNDEB - ICMS;2052933,29;3136579;638
MG;Josenópolis;2025;FUNDEB - IPI-EXP;26094,9;3136579;638
MG;Josenópolis;2025;FUNDEB - IPVA;297676,15;3136579;638
MG;Josenópolis;2025;FUNDEB - ITCMD;51466,05;3136579;638
MG;Josenópolis;2025;FUNDEB - ITR;7387,79;3136579;638
MG;Juatuba;2025;AJUSTE FUNDEB - FPE;-647,21;3136652;2691
MG;Juatuba;2025;AJUSTE FUNDEB - FPM;-1984,63;3136652;2691
MG;Juatuba;2025;AJUSTE FUNDEB - ICME;-6409,25;3136652;2691
MG;Juatuba;2025;AJUSTE FUNDEB - IPIE;-77,99;3136652;2691
MG;Juatuba;2025;AJUSTE FUNDEB - IPVA;-1020,12;3136652;2691
MG;Juatuba;2025;AJUSTE FUNDEB - ITCMD;-150,21;3136652;2691
MG;Juatuba;2025;AJUSTE FUNDEB - ITR;-23,54;3136652;2691
MG;Juatuba;2025;FUNDEB - FPE;2696814,15;3136652;2691
MG;Juatuba;2025;FUNDEB - FPM;8308091,94;3136652;2691
MG;Juatuba;2025;FUNDEB - FUNDEB - FTI;23733,73;3136652;2691
MG;Juatuba;2025;FUNDEB - ICMS;26308764,6;3136652;2691
MG;Juatuba;2025;FUNDEB - IPI-EXP;335315,52;3136652;2691
MG;Juatuba;2025;FUNDEB - IPVA;3825559,76;3136652;2691
MG;Juatuba;2025;FUNDEB - ITCMD;662111,84;3136652;2691
MG;Juatuba;2025;FUNDEB - ITR;95121,29;3136652;2691
MG;Juiz de Fora;2025;AJUSTE FUNDEB - FPE;-828,01;3136702;4733
MG;Juiz de Fora;2025;AJUSTE FUNDEB - FPM;-2483,43;3136702;4733
MG;Juiz de Fora;2025;AJUSTE FUNDEB - ICME;-8081,54;3136702;4733
MG;Juiz de Fora;2025;AJUSTE FUNDEB - IPIE;-77,33;3136702;4733
MG;Juiz de Fora;2025;AJUSTE FUNDEB - IPVA;-1242,76;3136702;4733
MG;Juiz de Fora;2025;AJUSTE FUNDEB - ITCMD;-209,28;3136702;4733
MG;Juiz de Fora;2025;AJUSTE FUNDEB - ITR;-27,2;3136702;4733
MG;Juiz de Fora;2025;FUNDEB - FPE;20483920,37;3136702;4733
MG;Juiz de Fora;2025;FUNDEB - FPM;63104939,17;3136702;4733
MG;Juiz de Fora;2025;FUNDEB - FUNDEB - FTI;1276134,98;3136702;4733
MG;Juiz de Fora;2025;FUNDEB - ICMS;199877888;3136702;4733
MG;Juiz de Fora;2025;FUNDEB - IPI-EXP;2546914,53;3136702;4733
MG;Juiz de Fora;2025;FUNDEB - IPVA;29056199,69;3136702;4733
MG;Juiz de Fora;2025;FUNDEB - ITCMD;5028142,91;3136702;4733
MG;Juiz de Fora;2025;FUNDEB - ITR;722242,14;3136702;4733
MG;Juramento;2025;AJUSTE FUNDEB - FPE;-8,46;3136801;4735
MG;Juramento;2025;AJUSTE FUNDEB - FPM;-25,41;3136801;4735
MG;Juramento;2025;AJUSTE FUNDEB - ICME;-82,56;3136801;4735
MG;Juramento;2025;AJUSTE FUNDEB - IPIE;-0,79;3136801;4735
MG;Juramento;2025;AJUSTE FUNDEB - IPVA;-12,68;3136801;4735
MG;Juramento;2025;AJUSTE FUNDEB - ITCMD;-2,16;3136801;4735
MG;Juramento;2025;AJUSTE FUNDEB - ITR;-0,29;3136801;4735
MG;Juramento;2025;FUNDEB - FPE;186648,89;3136801;4735
MG;Juramento;2025;FUNDEB - FPM;575010,31;3136801;4735
MG;Juramento;2025;FUNDEB - FUNDEB - FTI;126686,04;3136801;4735
MG;Juramento;2025;FUNDEB - ICMS;1824374,85;3136801;4735
MG;Juramento;2025;FUNDEB - IPI-EXP;23207,41;3136801;4735
MG;Juramento;2025;FUNDEB - IPVA;264794,57;3136801;4735
MG;Juramento;2025;FUNDEB - ITCMD;45889,09;3136801;4735
MG;Juramento;2025;FUNDEB - ITR;6598,34;3136801;4735
MG;Juruaia;2025;AJUSTE FUNDEB - AJUSTE FUNDEB VAAT;45662,11;3136900;4737
MG;Juruaia;2025;AJUSTE FUNDEB - FPE;-25,11;3136900;4737
MG;Juruaia;2025;AJUSTE FUNDEB - FPM;-75,34;3136900;4737
MG;Juruaia;2025;AJUSTE FUNDEB - ICME;-245,35;3136900;4737
MG;Juruaia;2025;AJUSTE FUNDEB - IPIE;-2,34;3136900;4737
MG;Juruaia;2025;AJUSTE FUNDEB - IPVA;-37,65;3136900;4737
MG;Juruaia;2025;AJUSTE FUNDEB - ITCMD;-6,38;3136900;4737
MG;Juruaia;2025;AJUSTE FUNDEB - ITR;-0,84;3136900;4737
MG;Juruaia;2025;FUNDEB - COUN VAAT;540955,58;3136900;4737
MG;Juruaia;2025;FUNDEB - FPE;654438,47;3136900;4737
MG;Juruaia;2025;FUNDEB - FPM;2016132,61;3136900;4737
MG;Juruaia;2025;FUNDEB - ICMS;6377336,61;3136900;4737
MG;Juruaia;2025;FUNDEB - IPI-EXP;81371,08;3136900;4737
MG;Juruaia;2025;FUNDEB - IPVA;928314,39;3136900;4737
MG;Juruaia;2025;FUNDEB - ITCMD;160646,04;3136900;4737
MG;Juruaia;2025;FUNDEB - ITR;23075,41;3136900;4737
MG;Juvenília;2025;AJUSTE FUNDEB - FPE;-12,89;3136959;640
MG;Juvenília;2025;AJUSTE FUNDEB - FPM;-38,77;3136959;640
MG;Juvenília;2025;AJUSTE FUNDEB - ICME;-126,11;3136959;640
MG;Juvenília;2025;AJUSTE FUNDEB - IPIE;-1,22;3136959;640
MG;Juvenília;2025;AJUSTE FUNDEB - IPVA;-19,33;3136959;640
MG;Juvenília;2025;AJUSTE FUNDEB - ITCMD;-3,19;3136959;640
MG;Juvenília;2025;AJUSTE FUNDEB - ITR;-0,38;3136959;640
MG;Juvenília;2025;FUNDEB - FPE;294139,91;3136959;640
MG;Juvenília;2025;FUNDEB - FPM;906158,62;3136959;640
MG;Juvenília;2025;FUNDEB - ICMS;2876741,92;3136959;640
MG;Juvenília;2025;FUNDEB - IPI-EXP;36572,55;3136959;640
MG;Juvenília;2025;FUNDEB - IPVA;417265,86;3136959;640
MG;Juvenília;2025;FUNDEB - ITCMD;72267,69;3136959;640
MG;Juvenília;2025;FUNDEB - ITR;10386,73;3136959;640
MG;Ladainha;2025;AJUSTE FUNDEB - AJUSTE FUNDEB VAAT;52583,67;3137007;4739
MG;Ladainha;2025;AJUSTE FUNDEB - FPE;-22,98;3137007;4739
MG;Ladainha;2025;AJUSTE FUNDEB - FPM;-69,01;3137007;4739
MG;Ladainha;2025;AJUSTE FUNDEB - ICME;-224,47;3137007;4739
MG;Ladainha;2025;AJUSTE FUNDEB - IPIE;-2,18;3137007;4739
MG;Ladainha;2025;AJUSTE FUNDEB - IPVA;-34,37;3137007;4739
MG;Ladainha;2025;AJUSTE FUNDEB - ITCMD;-5,83;3137007;4739
MG;Ladainha;2025;AJUSTE FUNDEB - ITR;-0,71;3137007;4739
MG;Ladainha;2025;FUNDEB - COUN VAAT;3025738,75;3137007;4739
MG;Ladainha;2025;FUNDEB - FPE;772184,64;3137007;4739
MG;Ladainha;2025;FUNDEB - FPM;2378874,02;3137007;4739
MG;Ladainha;2025;FUNDEB - ICMS;7530294,6;3137007;4739
MG;Ladainha;2025;FUNDEB - IPI-EXP;96011,3;3137007;4739
MG;Ladainha;2025;FUNDEB - IPVA;1095331,4;3137007;4739
MG;Ladainha;2025;FUNDEB - ITCMD;189539,57;3137007;4739
MG;Ladainha;2025;FUNDEB - ITR;27224,77;3137007;4739
MG;Lagamar;2025;AJUSTE FUNDEB - AJUSTE FUNDEB VAAR;-14729,15;3137106;4741
MG;Lagamar;2025;AJUSTE FUNDEB - FPE;-9,24;3137106;4741
MG;Lagamar;2025;AJUSTE FUNDEB - FPM;-27,69;3137106;4741
MG;Lagamar;2025;AJUSTE FUNDEB - ICME;-90,25;3137106;4741
MG;Lagamar;2025;AJUSTE FUNDEB - IPIE;-0,84;3137106;4741
MG;Lagamar;2025;AJUSTE FUNDEB - IPVA;-13,94;3137106;4741
MG;Lagamar;2025;AJUSTE FUNDEB - ITCMD;-2,34;3137106;4741
MG;Lagamar;2025;AJUSTE FUNDEB - ITR;-0,32;3137106;4741
MG;Lagamar;2025;FUNDEB - COUN VAAR;218616,86;3137106;4741
MG;Lagamar;2025;FUNDEB - FPE;234772,64;3137106;4741
MG;Lagamar;2025;FUNDEB - FPM;723265,55;3137106;4741
MG;Lagamar;2025;FUNDEB - ICMS;2293291,72;3137106;4741
MG;Lagamar;2025;FUNDEB - IPI-EXP;29190,98;3137106;4741
MG;Lagamar;2025;FUNDEB - IPVA;333017,99;3137106;4741
MG;Lagamar;2025;FUNDEB - ITCMD;57620,21;3137106;4741
MG;Lagamar;2025;FUNDEB - ITR;8275,71;3137106;4741
MG;Lagoa da Prata;2025;AJUSTE FUNDEB - AJUSTE FUNDEB VAAR;-8886,75;3137205;4743
MG;Lagoa da Prata;2025;AJUSTE FUNDEB - FPE;-554,64;3137205;4743
MG;Lagoa da Prata;2025;AJUSTE FUNDEB - FPM;-1703,94;3137205;4743
MG;Lagoa da Prata;2025;AJUSTE FUNDEB - ICME;-5499,18;3137205;4743
MG;Lagoa da Prata;2025;AJUSTE FUNDEB - IPIE;-68,09;3137205;4743
MG;Lagoa da Prata;2025;AJUSTE FUNDEB - IPVA;-877,6;3137205;4743
MG;Lagoa da Prata;2025;AJUSTE FUNDEB - ITCMD;-127,75;3137205;4743
MG;Lagoa da Prata;2025;AJUSTE FUNDEB - ITR;-20,35;3137205;4743
MG;Lagoa da Prata;2025;FUNDEB - COUN VAAR;55426,5;3137205;4743
MG;Lagoa da Prata;2025;FUNDEB - FPE;1548004,3;3137205;4743
MG;Lagoa da Prata;2025;FUNDEB - FPM;4768946,3;3137205;4743
MG;Lagoa da Prata;2025;FUNDEB - FUNDEB - FTI;203439,26;3137205;4743
MG;Lagoa da Prata;2025;FUNDEB - ICMS;15095209,11;3137205;4743
MG;Lagoa da Prata;2025;FUNDEB - IPI-EXP;192475,55;3137205;4743
MG;Lagoa da Prata;2025;FUNDEB - IPVA;2196018,37;3137205;4743
MG;Lagoa da Prata;2025;FUNDEB - ITCMD;380196,34;3137205;4743
MG;Lagoa da Prata;2025;FUNDEB - ITR;54634,29;3137205;4743
MG;Lagoa dos Patos;2025;AJUSTE FUNDEB - AJUSTE FUNDEB VAAR;-6112;3137304;4745
MG;Lagoa dos Patos;2025;AJUSTE FUNDEB - FPE;-8,33;3137304;4745
MG;Lagoa dos Patos;2025;AJUSTE FUNDEB - FPM;-25,08;3137304;4745
MG;Lagoa dos Patos;2025;AJUSTE FUNDEB - ICME;-81,56;3137304;4745
MG;Lagoa dos Patos;2025;AJUSTE FUNDEB - IPIE;-0,79;3137304;4745
MG;Lagoa dos Patos;2025;AJUSTE FUNDEB - IPVA;-12,37;3137304;4745
MG;Lagoa dos Patos;2025;AJUSTE FUNDEB - ITCMD;-2,16;3137304;4745
MG;Lagoa dos Patos;2025;AJUSTE FUNDEB - ITR;-0,3;3137304;4745
MG;Lagoa dos Patos;2025;FUNDEB - COUN VAAR;97785,44;3137304;4745
MG;Lagoa dos Patos;2025;FUNDEB - FPE;204678,41;3137304;4745
MG;Lagoa dos Patos;2025;FUNDEB - FPM;630554,09;3137304;4745
MG;Lagoa dos Patos;2025;FUNDEB - ICMS;1999695,89;3137304;4745
MG;Lagoa dos Patos;2025;FUNDEB - IPI-EXP;25449,15;3137304;4745
MG;Lagoa dos Patos;2025;FUNDEB - IPVA;290338,5;3137304;4745
MG;Lagoa dos Patos;2025;FUNDEB - ITCMD;50251,46;3137304;4745
MG;Lagoa dos Patos;2025;FUNDEB - ITR;7219,01;3137304;4745
MG;Lagoa Dourada;2025;AJUSTE FUNDEB - AJUSTE FUNDEB VAAR;-20713,4;3137403;4747
MG;Lagoa Dourada;2025;AJUSTE FUNDEB - FPE;-43,2;3137403;4747
MG;Lagoa Dourada;2025;AJUSTE FUNDEB - FPM;-129,76;3137403;4747
MG;Lagoa Dourada;2025;AJUSTE FUNDEB - ICME;-422,03;3137403;4747
MG;Lagoa Dourada;2025;AJUSTE FUNDEB - IPIE;-4,08;3137403;4747
MG;Lagoa Dourada;2025;AJUSTE FUNDEB - IPVA;-65,01;3137403;4747
MG;Lagoa Dourada;2025;AJUSTE FUNDEB - ITCMD;-11,11;3137403;4747
MG;Lagoa Dourada;2025;AJUSTE FUNDEB - ITR;-1,38;3137403;4747
MG;Lagoa Dourada;2025;FUNDEB - COUN VAAR;85862,27;3137403;4747
MG;Lagoa Dourada;2025;FUNDEB - FPE;998183,77;3137403;4747
MG;Lagoa Dourada;2025;FUNDEB - FPM;3075110,88;3137403;4747
MG;Lagoa Dourada;2025;FUNDEB - FUNDEB - FTI;218441,4;3137403;4747
MG;Lagoa Dourada;2025;FUNDEB - ICMS;9749108,38;3137403;4747
MG;Lagoa Dourada;2025;FUNDEB - IPI-EXP;124111,42;3137403;4747
MG;Lagoa Dourada;2025;FUNDEB - IPVA;1415958,05;3137403;4747
MG;Lagoa Dourada;2025;FUNDEB - ITCMD;245117,2;3137403;4747
MG;Lagoa Dourada;2025;FUNDEB - ITR;35217,57;3137403;4747
MG;Lagoa Formosa;2025;AJUSTE FUNDEB - FPE;-37,63;3137502;4749
MG;Lagoa Formosa;2025;AJUSTE FUNDEB - FPM;-112,87;3137502;4749
MG;Lagoa Formosa;2025;AJUSTE FUNDEB - ICME;-367,39;3137502;4749
MG;Lagoa Formosa;2025;AJUSTE FUNDEB - IPIE;-3,48;3137502;4749
MG;Lagoa Formosa;2025;AJUSTE FUNDEB - IPVA;-56,46;3137502;4749
MG;Lagoa Formosa;2025;AJUSTE FUNDEB - ITCMD;-9,57;3137502;4749
MG;Lagoa Formosa;2025;AJUSTE FUNDEB - ITR;-1,23;3137502;4749
MG;Lagoa Formosa;2025;FUNDEB - FPE;921439,55;3137502;4749
MG;Lagoa Formosa;2025;FUNDEB - FPM;2838684,42;3137502;4749
MG;Lagoa Formosa;2025;FUNDEB - ICMS;8981490,57;3137502;4749
MG;Lagoa Formosa;2025;FUNDEB - IPI-EXP;114569,27;3137502;4749
MG;Lagoa Formosa;2025;FUNDEB - IPVA;1307047,25;3137502;4749
MG;Lagoa Formosa;2025;FUNDEB - ITCMD;226175,79;3137502;4749
MG;Lagoa Formosa;2025;FUNDEB - ITR;32487,16;3137502;4749
MG;Lagoa Grande;2025;AJUSTE FUNDEB - AJUSTE FUNDEB VAAR;-9715,06;3137536;2905
MG;Lagoa Grande;2025;AJUSTE FUNDEB - FPE;-21,19;3137536;2905
MG;Lagoa Grande;2025;AJUSTE FUNDEB - FPM;-63,63;3137536;2905
MG;Lagoa Grande;2025;AJUSTE FUNDEB - ICME;-206,95;3137536;2905
MG;Lagoa Grande;2025;AJUSTE FUNDEB - IPIE;-2,01;3137536;2905
MG;Lagoa Grande;2025;AJUSTE FUNDEB - IPVA;-31,84;3137536;2905
MG;Lagoa Grande;2025;AJUSTE FUNDEB - ITCMD;-5,37;3137536;2905
MG;Lagoa Grande;2025;AJUSTE FUNDEB - ITR;-0,71;3137536;2905
MG;Lagoa Grande;2025;FUNDEB - COUN VAAR;44035,07;3137536;2905
MG;Lagoa Grande;2025;FUNDEB - COUN VAAT;290297,51;3137536;2905
MG;Lagoa Grande;2025;FUNDEB - FPE;571204,63;3137536;2905
MG;Lagoa Grande;2025;FUNDEB - FPM;1759713,64;3137536;2905
MG;Lagoa Grande;2025;FUNDEB - ICMS;5564841,45;3137536;2905
MG;Lagoa Grande;2025;FUNDEB - IPI-EXP;71022,01;3137536;2905
MG;Lagoa Grande;2025;FUNDEB - IPVA;810187,06;3137536;2905
MG;Lagoa Grande;2025;FUNDEB - ITCMD;140088,45;3137536;2905
MG;Lagoa Grande;2025;FUNDEB - ITR;20110,61;3137536;2905
MG;Lagoa Santa;2025;AJUSTE FUNDEB - AJUSTE FUNDEB VAAR;-32568,89;3137601;4751
MG;Lagoa Santa;2025;AJUSTE FUNDEB - FPE;-185,46;3137601;4751
MG;Lagoa Santa;2025;AJUSTE FUNDEB - FPM;-556,27;3137601;4751
MG;Lagoa Santa;2025;AJUSTE FUNDEB - ICME;-1810,4;3137601;4751
MG;Lagoa Santa;2025;AJUSTE FUNDEB - IPIE;-17,29;3137601;4751
MG;Lagoa Santa;2025;AJUSTE FUNDEB - IPVA;-278,48;3137601;4751
MG;Lagoa Santa;2025;AJUSTE FUNDEB - ITCMD;-46,87;3137601;4751
MG;Lagoa Santa;2025;AJUSTE FUNDEB - ITR;-6,1;3137601;4751
MG;Lagoa Santa;2025;FUNDEB - COUN VAAR;241780,63;3137601;4751
MG;Lagoa Santa;2025;FUNDEB - FPE;4923997,13;3137601;4751
MG;Lagoa Santa;2025;FUNDEB - FPM;15169388,12;3137601;4751
MG;Lagoa Santa;2025;FUNDEB - FUNDEB - FTI;924650,59;3137601;4751
MG;Lagoa Santa;2025;FUNDEB - ICMS;47971316,69;3137601;4751
MG;Lagoa Santa;2025;FUNDEB - IPI-EXP;612236,33;3137601;4751
MG;Lagoa Santa;2025;FUNDEB - IPVA;6984096,98;3137601;4751
MG;Lagoa Santa;2025;FUNDEB - ITCMD;1207578,49;3137601;4751
MG;Lagoa Santa;2025;FUNDEB - ITR;173352,49;3137601;4751
MG;Lajinha;2025;AJUSTE FUNDEB - AJUSTE FUNDEB VAAR;-88451,53;3137700;4753
MG;Lajinha;2025;AJUSTE FUNDEB - AJUSTE FUNDEB VAAT;96120,62;3137700;4753
MG;Lajinha;2025;AJUSTE FUNDEB - FPE;-43,12;3137700;4753
MG;Lajinha;2025;AJUSTE FUNDEB - FPM;-129,09;3137700;4753
MG;Lajinha;2025;AJUSTE FUNDEB - ICME;-420,31;3137700;4753
MG;Lajinha;2025;AJUSTE FUNDEB - IPIE;-4,04;3137700;4753
MG;Lajinha;2025;AJUSTE FUNDEB - IPVA;-64,77;3137700;4753
MG;Lajinha;2025;AJUSTE FUNDEB - ITCMD;-10,92;3137700;4753
MG;Lajinha;2025;AJUSTE FUNDEB - ITR;-1,41;3137700;4753
MG;Lajinha;2025;FUNDEB - COUN VAAR;1193305,78;3137700;4753
MG;Lajinha;2025;FUNDEB - COUN VAAT;5959861,71;3137700;4753
MG;Lajinha;2025;FUNDEB - FPE;1402023,83;3137700;4753
MG;Lajinha;2025;FUNDEB - FPM;4319223,48;3137700;4753
MG;Lajinha;2025;FUNDEB - FUNDEB - FTI;154947,15;3137700;4753
MG;Lajinha;2025;FUNDEB - ICMS;13647092,03;3137700;4753
MG;Lajinha;2025;FUNDEB - IPI-EXP;174323,83;3137700;4753
MG;Lajinha;2025;FUNDEB - IPVA;1988773,93;3137700;4753
MG;Lajinha;2025;FUNDEB - ITCMD;344192,2;3137700;4753
MG;Lajinha;2025;FUNDEB - ITR;49443,58;3137700;4753
MG;Lambari;2025;AJUSTE FUNDEB - FPE;-34,82;3137809;4755
MG;Lambari;2025;AJUSTE FUNDEB - FPM;-104,28;3137809;4755
MG;Lambari;2025;AJUSTE FUNDEB - ICME;-339,48;3137809;4755
MG;Lambari;2025;AJUSTE FUNDEB - IPIE;-3,28;3137809;4755
MG;Lambari;2025;AJUSTE FUNDEB - IPVA;-52,24;3137809;4755
MG;Lambari;2025;AJUSTE FUNDEB - ITCMD;-8,81;3137809;4755
MG;Lambari;2025;AJUSTE FUNDEB - ITR;-1,15;3137809;4755
MG;Lambari;2025;FUNDEB - FPE;751450,45;3137809;4755
MG;Lambari;2025;FUNDEB - FPM;2314997,91;3137809;4755
MG;Lambari;2025;FUNDEB - FUNDEB - FTI;239598,93;3137809;4755
MG;Lambari;2025;FUNDEB - ICMS;7335269,93;3137809;4755
MG;Lambari;2025;FUNDEB - IPI-EXP;93433,31;3137809;4755
MG;Lambari;2025;FUNDEB - IPVA;1066030,36;3137809;4755
MG;Lambari;2025;FUNDEB - ITCMD;184677,43;3137809;4755
MG;Lambari;2025;FUNDEB - ITR;26547,85;3137809;4755
MG;Lamim;2025;AJUSTE FUNDEB - AJUSTE FUNDEB VAAR;-3459,46;3137908;4757
MG;Lamim;2025;AJUSTE FUNDEB - FPE;-3,23;3137908;4757
MG;Lamim;2025;AJUSTE FUNDEB - FPM;-9,67;3137908;4757
MG;Lamim;2025;AJUSTE FUNDEB - ICME;-31,46;3137908;4757
MG;Lamim;2025;AJUSTE FUNDEB - IPIE;-0,35;3137908;4757
MG;Lamim;2025;AJUSTE FUNDEB - IPVA;-4,86;3137908;4757
MG;Lamim;2025;AJUSTE FUNDEB - ITCMD;-0,83;3137908;4757
MG;Lamim;2025;AJUSTE FUNDEB - ITR;-0,16;3137908;4757
MG;Lamim;2025;FUNDEB - COUN VAAR;40976,72;3137908;4757
MG;Lamim;2025;FUNDEB - FPE;86083,45;3137908;4757
MG;Lamim;2025;FUNDEB - FPM;265197,81;3137908;4757
MG;Lamim;2025;FUNDEB - ICMS;842826,83;3137908;4757
MG;Lamim;2025;FUNDEB - IPI-EXP;10703,39;3137908;4757
MG;Lamim;2025;FUNDEB - IPVA;122109,37;3137908;4757
MG;Lamim;2025;FUNDEB - ITCMD;21132,79;3137908;4757
MG;Lamim;2025;FUNDEB - ITR;3035,7;3137908;4757
MG;Laranjal;2025;AJUSTE FUNDEB - FPE;-16,02;3138005;4759
MG;Laranjal;2025;AJUSTE FUNDEB - FPM;-48,14;3138005;4759
MG;Laranjal;2025;AJUSTE FUNDEB - ICME;-156,8;3138005;4759
MG;Laranjal;2025;AJUSTE FUNDEB - IPIE;-1,5;3138005;4759
MG;Laranjal;2025;AJUSTE FUNDEB - IPVA;-24,35;3138005;4759
MG;Laranjal;2025;AJUSTE FUNDEB - ITCMD;-4,11;3138005;4759
MG;Laranjal;2025;AJUSTE FUNDEB - ITR;-0,53;3138005;4759
MG;Laranjal;2025;FUNDEB - FPE;368859,29;3138005;4759
MG;Laranjal;2025;FUNDEB - FPM;1136347,18;3138005;4759
MG;Laranjal;2025;FUNDEB - FUNDEB - FTI;156365,29;3138005;4759
MG;Laranjal;2025;FUNDEB - ICMS;3600176,76;3138005;4759
MG;Laranjal;2025;FUNDEB - IPI-EXP;45862,93;3138005;4759
MG;Laranjal;2025;FUNDEB - IPVA;523247,9;3138005;4759
MG;Laranjal;2025;FUNDEB - ITCMD;90595,18;3138005;4759
MG;Laranjal;2025;FUNDEB - ITR;13017,97;3138005;4759
MG;Lassance;2025;AJUSTE FUNDEB - FPE;81861,78;3138104;4761
MG;Lassance;2025;AJUSTE FUNDEB - FPM;245806,47;3138104;4761
MG;Lassance;2025;AJUSTE FUNDEB - ICME;799562,96;3138104;4761
MG;Lassance;2025;AJUSTE FUNDEB - IPIE;7758,96;3138104;4761
MG;Lassance;2025;AJUSTE FUNDEB - IPVA;123190,17;3138104;4761
MG;Lassance;2025;AJUSTE FUNDEB - ITCMD;20609,07;3138104;4761
MG;Lassance;2025;AJUSTE FUNDEB - ITR;2708,32;3138104;4761
MG;Lassance;2025;FUNDEB - FPE;334956,12;3138104;4761
MG;Lassance;2025;FUNDEB - FPM;1031901,37;3138104;4761
MG;Lassance;2025;FUNDEB - FUNDEB - FTI;43177,11;3138104;4761
MG;Lassance;2025;FUNDEB - ICMS;3269531,52;3138104;4761
MG;Lassance;2025;FUNDEB - IPI-EXP;41647,55;3138104;4761
MG;Lassance;2025;FUNDEB - IPVA;475164,28;3138104;4761
MG;Lassance;2025;FUNDEB - ITCMD;82289,07;3138104;4761
MG;Lassance;2025;FUNDEB - ITR;11826,41;3138104;4761
MG;Lavras;2025;AJUSTE FUNDEB - FPE;2431,39;3138203;4763
MG;Lavras;2025;AJUSTE FUNDEB - FPM;7507,68;3138203;4763
MG;Lavras;2025;AJUSTE FUNDEB - ICME;24188,36;3138203;4763
MG;Lavras;2025;AJUSTE FUNDEB - IPIE;313,98;3138203;4763
MG;Lavras;2025;AJUSTE FUNDEB - IPVA;3890,27;3138203;4763
MG;Lavras;2025;AJUSTE FUNDEB - ITCMD;548,3;3138203;4763
MG;Lavras;2025;AJUSTE FUNDEB - ITR;91,15;3138203;4763
MG;Lavras;2025;FUNDEB - FPE;5460426,47;3138203;4763
MG;Lavras;2025;FUNDEB - FPM;16821969,44;3138203;4763
MG;Lavras;2025;FUNDEB - ICMS;53248124,03;3138203;4763
MG;Lavras;2025;FUNDEB - IPI-EXP;678929,4;3138203;4763
MG;Lavras;2025;FUNDEB - IPVA;7745072,95;3138203;4763
MG;Lavras;2025;FUNDEB - ITCMD;1340367,18;3138203;4763
MG;Lavras;2025;FUNDEB - ITR;192514,93;3138203;4763
MG;Leandro Ferreira;2025;AJUSTE FUNDEB - AJUSTE FUNDEB VAAR;-3188,18;3138302;4765
MG;Leandro Ferreira;2025;AJUSTE FUNDEB - FPE;-4,64;3138302;4765
MG;Leandro Ferreira;2025;AJUSTE FUNDEB - FPM;-13,99;3138302;4765
MG;Leandro Ferreira;2025;AJUSTE FUNDEB - ICME;-45,43;3138302;4765
MG;Leandro Ferreira;2025;AJUSTE FUNDEB - IPIE;-0,49;3138302;4765
MG;Leandro Ferreira;2025;AJUSTE FUNDEB - IPVA;-7,08;3138302;4765
MG;Leandro Ferreira;2025;AJUSTE FUNDEB - ITCMD;-1,19;3138302;4765
MG;Leandro Ferreira;2025;AJUSTE FUNDEB - ITR;-0,15;3138302;4765
MG;Leandro Ferreira;2025;FUNDEB - COUN VAAR;51007,66;3138302;4765
MG;Leandro Ferreira;2025;FUNDEB - FPE;126057,86;3138302;4765
MG;Leandro Ferreira;2025;FUNDEB - FPM;388347,27;3138302;4765
MG;Leandro Ferreira;2025;FUNDEB - FUNDEB - FTI;133928,3;3138302;4765
MG;Leandro Ferreira;2025;FUNDEB - ICMS;1225961,57;3138302;4765
MG;Leandro Ferreira;2025;FUNDEB - IPI-EXP;15673,68;3138302;4765
MG;Leandro Ferreira;2025;FUNDEB - IPVA;178800,96;3138302;4765
MG;Leandro Ferreira;2025;FUNDEB - ITCMD;30921,31;3138302;4765
MG;Leandro Ferreira;2025;FUNDEB - ITR;4439,47;3138302;4765
MG;Leme do Prado;2025;AJUSTE FUNDEB - FPE;-11,69;3138351;642
MG;Leme do Prado;2025;AJUSTE FUNDEB - FPM;-34,93;3138351;642
MG;Leme do Prado;2025;AJUSTE FUNDEB - ICME;-113,61;3138351;642
MG;Leme do Prado;2025;AJUSTE FUNDEB - IPIE;-1,1;3138351;642
MG;Leme do Prado;2025;AJUSTE FUNDEB - IPVA;-17,44;3138351;642
MG;Leme do Prado;2025;AJUSTE FUNDEB - ITCMD;-2,97;3138351;642
MG;Leme do Prado;2025;AJUSTE FUNDEB - ITR;-0,35;3138351;642
MG;Leme do Prado;2025;FUNDEB - FPE;289031,75;3138351;642
MG;Leme do Prado;2025;FUNDEB - FPM;890421,81;3138351;642
MG;Leme do Prado;2025;FUNDEB - FUNDEB - FTI;71437,4;3138351;642
MG;Leme do Prado;2025;FUNDEB - ICMS;2825808,05;3138351;642
MG;Leme do Prado;2025;FUNDEB - IPI-EXP;35937,41;3138351;642
MG;Leme do Prado;2025;FUNDEB - IPVA;409939,46;3138351;642
MG;Leme do Prado;2025;FUNDEB - ITCMD;70847,68;3138351;642
MG;Leme do Prado;2025;FUNDEB - ITR;10167,09;3138351;642
MG;Leopoldina;2025;AJUSTE FUNDEB - FPE;-100,69;3138401;4767
MG;Leopoldina;2025;AJUSTE FUNDEB - FPM;-301,98;3138401;4767
MG;Leopoldina;2025;AJUSTE FUNDEB - ICME;-982,6;3138401;4767
MG;Leopoldina;2025;AJUSTE FUNDEB - IPIE;-9,4;3138401;4767
MG;Leopoldina;2025;AJUSTE FUNDEB - IPVA;-150,87;3138401;4767
MG;Leopoldina;2025;AJUSTE FUNDEB - ITCMD;-25,44;3138401;4767
MG;Leopoldina;2025;AJUSTE FUNDEB - ITR;-3,23;3138401;4767
MG;Leopoldina;2025;FUNDEB - FPE;2377675,85;3138401;4767
MG;Leopoldina;2025;FUNDEB - FPM;7324920,68;3138401;4767
MG;Leopoldina;2025;FUNDEB - FUNDEB - FTI;465090,85;3138401;4767
MG;Leopoldina;2025;FUNDEB - ICMS;23209263,8;3138401;4767
MG;Leopoldina;2025;FUNDEB - IPI-EXP;295633,73;3138401;4767
MG;Leopoldina;2025;FUNDEB - IPVA;3372900,81;3138401;4767
MG;Leopoldina;2025;FUNDEB - ITCMD;584046,87;3138401;4767
MG;Leopoldina;2025;FUNDEB - ITR;83930,5;3138401;4767
MG;Liberdade;2025;AJUSTE FUNDEB - AJUSTE FUNDEB VAAR;-11990,85;3138500;4769
MG;Liberdade;2025;AJUSTE FUNDEB - FPE;-7,1;3138500;4769
MG;Liberdade;2025;AJUSTE FUNDEB - FPM;-21,36;3138500;4769
MG;Liberdade;2025;AJUSTE FUNDEB - ICME;-69,55;3138500;4769
MG;Liberdade;2025;AJUSTE FUNDEB - IPIE;-0,66;3138500;4769
MG;Liberdade;2025;AJUSTE FUNDEB - IPVA;-10,58;3138500;4769
MG;Liberdade;2025;AJUSTE FUNDEB - ITCMD;-1,85;3138500;4769
MG;Liberdade;2025;AJUSTE FUNDEB - ITR;-0,25;3138500;4769
MG;Liberdade;2025;FUNDEB - COUN VAAR;177816,62;3138500;4769
MG;Liberdade;2025;FUNDEB - FPE;170392,41;3138500;4769
MG;Liberdade;2025;FUNDEB - FPM;524929;3138500;4769
MG;Liberdade;2025;FUNDEB - ICMS;1665354,15;3138500;4769
MG;Liberdade;2025;FUNDEB - IPI-EXP;21186,12;3138500;4769
MG;Liberdade;2025;FUNDEB - IPVA;241733,12;3138500;4769
MG;Liberdade;2025;FUNDEB - ITCMD;41894,85;3138500;4769
MG;Liberdade;2025;FUNDEB - ITR;6024,29;3138500;4769
MG;Lima Duarte;2025;AJUSTE FUNDEB - FPE;-30,13;3138609;4771
MG;Lima Duarte;2025;AJUSTE FUNDEB - FPM;-90,56;3138609;4771
MG;Lima Duarte;2025;AJUSTE FUNDEB - ICME;-294,24;3138609;4771
MG;Lima Duarte;2025;AJUSTE FUNDEB - IPIE;-2,87;3138609;4771
MG;Lima Duarte;2025;AJUSTE FUNDEB - IPVA;-45,38;3138609;4771
MG;Lima Duarte;2025;AJUSTE FUNDEB - ITCMD;-7,58;3138609;4771
MG;Lima Duarte;2025;AJUSTE FUNDEB - ITR;-0,98;3138609;4771
MG;Lima Duarte;2025;FUNDEB - COUN VAAT;204182,48;3138609;4771
MG;Lima Duarte;2025;FUNDEB - FPE;791249,51;3138609;4771
MG;Lima Duarte;2025;FUNDEB - FPM;2437607,35;3138609;4771
MG;Lima Duarte;2025;FUNDEB - FUNDEB - FTI;213459,86;3138609;4771
MG;Lima Duarte;2025;FUNDEB - ICMS;7715387,61;3138609;4771
MG;Lima Duarte;2025;FUNDEB - IPI-EXP;98381,81;3138609;4771
MG;Lima Duarte;2025;FUNDEB - IPVA;1122377,23;3138609;4771
MG;Lima Duarte;2025;FUNDEB - ITCMD;194224,3;3138609;4771
MG;Lima Duarte;2025;FUNDEB - ITR;27898,18;3138609;4771
MG;Limeira do Oeste;2025;AJUSTE FUNDEB - AJUSTE FUNDEB VAAR;-15863,21;3138625;2687
MG;Limeira do Oeste;2025;AJUSTE FUNDEB - FPE;-19,59;3138625;2687
MG;Limeira do Oeste;2025;AJUSTE FUNDEB - FPM;-58,73;3138625;2687
MG;Limeira do Oeste;2025;AJUSTE FUNDEB - ICME;-190,81;3138625;2687
MG;Limeira do Oeste;2025;AJUSTE FUNDEB - IPIE;-1,9;3138625;2687
MG;Limeira do Oeste;2025;AJUSTE FUNDEB - IPVA;-29,32;3138625;2687
MG;Limeira do Oeste;2025;AJUSTE FUNDEB - ITCMD;-4,9;3138625;2687
MG;Limeira do Oeste;2025;AJUSTE FUNDEB - ITR;-0,63;3138625;2687
MG;Limeira do Oeste;2025;FUNDEB - COUN VAAR;253794,28;3138625;2687
MG;Limeira do Oeste;2025;FUNDEB - FPE;552675,88;3138625;2687
MG;Limeira do Oeste;2025;FUNDEB - FPM;1702632,02;3138625;2687
MG;Limeira do Oeste;2025;FUNDEB - FUNDEB - FTI;131673,64;3138625;2687
MG;Limeira do Oeste;2025;FUNDEB - ICMS;5383358,06;3138625;2687
MG;Limeira do Oeste;2025;FUNDEB - IPI-EXP;68718,23;3138625;2687
MG;Limeira do Oeste;2025;FUNDEB - IPVA;783845,99;3138625;2687
MG;Limeira do Oeste;2025;FUNDEB - ITCMD;135419,94;3138625;2687
MG;Limeira do Oeste;2025;FUNDEB - ITR;19428,75;3138625;2687
MG;Lontra;2025;AJUSTE FUNDEB - AJUSTE FUNDEB VAAT;49129,87;3138658;2695
MG;Lontra;2025;AJUSTE FUNDEB - FPE;-28,36;3138658;2695
MG;Lontra;2025;AJUSTE FUNDEB - FPM;-85,09;3138658;2695
MG;Lontra;2025;AJUSTE FUNDEB - ICME;-276,79;3138658;2695
MG;Lontra;2025;AJUSTE FUNDEB - IPIE;-2,69;3138658;2695
MG;Lontra;2025;AJUSTE FUNDEB - IPVA;-42,51;3138658;2695
MG;Lontra;2025;AJUSTE FUNDEB - ITCMD;-7,21;3138658;2695
MG;Lontra;2025;AJUSTE FUNDEB - ITR;-0,95;3138658;2695
MG;Lontra;2025;FUNDEB - COUN VAAT;1630982,2;3138658;2695
MG;Lontra;2025;FUNDEB - FPE;687393,22;3138658;2695
MG;Lontra;2025;FUNDEB - FPM;2117656,6;3138658;2695
MG;Lontra;2025;FUNDEB - ICMS;6700891,26;3138658;2695
MG;Lontra;2025;FUNDEB - IPI-EXP;85468,59;3138658;2695
MG;Lontra;2025;FUNDEB - IPVA;975085,47;3138658;2695
MG;Lontra;2025;FUNDEB - ITCMD;168787,08;3138658;2695
MG;Lontra;2025;FUNDEB - ITR;24249,66;3138658;2695
MG;Luisburgo;2025;AJUSTE FUNDEB - AJUSTE FUNDEB VAAR;-2309,92;3138674;644
MG;Luisburgo;2025;AJUSTE FUNDEB - FPE;-17,3;3138674;644
MG;Luisburgo;2025;AJUSTE FUNDEB - FPM;-51,58;3138674;644
MG;Luisburgo;2025;AJUSTE FUNDEB - ICME;-168,11;3138674;644
MG;Luisburgo;2025;AJUSTE FUNDEB - IPIE;-1,65;3138674;644
MG;Luisburgo;2025;AJUSTE FUNDEB - IPVA;-25,92;3138674;644
MG;Luisburgo;2025;AJUSTE FUNDEB - ITCMD;-4,34;3138674;644
MG;Luisburgo;2025;AJUSTE FUNDEB - ITR;-0,56;3138674;644
MG;Luisburgo;2025;FUNDEB - COUN VAAR;14361,85;3138674;644
MG;Luisburgo;2025;FUNDEB - COUN VAAT;387394,4;3138674;644
MG;Luisburgo;2025;FUNDEB - FPE;448331,61;3138674;644
MG;Luisburgo;2025;FUNDEB - FPM;1381177,86;3138674;644
MG;Luisburgo;2025;FUNDEB - ICMS;4369329,09;3138674;644
MG;Luisburgo;2025;FUNDEB - IPI-EXP;55744,33;3138674;644
MG;Luisburgo;2025;FUNDEB - IPVA;635923,65;3138674;644
MG;Luisburgo;2025;FUNDEB - ITCMD;109990,23;3138674;644
MG;Luisburgo;2025;FUNDEB - ITR;15793,25;3138674;644
MG;Luislândia;2025;AJUSTE FUNDEB - AJUSTE FUNDEB VAAR;-16340,11;3138682;646
MG;Luislândia;2025;AJUSTE FUNDEB - FPE;-11,18;3138682;646
MG;Luislândia;2025;AJUSTE FUNDEB - FPM;-33,71;3138682;646
MG;Luislândia;2025;AJUSTE FUNDEB - ICME;-109,73;3138682;646
MG;Luislândia;2025;AJUSTE FUNDEB - IPIE;-1,11;3138682;646
MG;Luislândia;2025;AJUSTE FUNDEB - IPVA;-16,77;3138682;646
MG;Luislândia;2025;AJUSTE FUNDEB - ITCMD;-2,8;3138682;646
MG;Luislândia;2025;AJUSTE FUNDEB - ITR;-0,33;3138682;646
MG;Luislândia;2025;FUNDEB - COUN VAAR;230331,91;3138682;646
MG;Luislândia;2025;FUNDEB - FPE;265966,99;3138682;646
MG;Luislândia;2025;FUNDEB - FPM;819366,23;3138682;646
MG;Luislândia;2025;FUNDEB - FUNDEB - FTI;161663,37;3138682;646
MG;Luislândia;2025;FUNDEB - ICMS;2596536,05;3138682;646
MG;Luislândia;2025;FUNDEB - IPI-EXP;33069,64;3138682;646
MG;Luislândia;2025;FUNDEB - IPVA;377294,73;3138682;646
MG;Luislândia;2025;FUNDEB - ITCMD;65335,24;3138682;646
MG;Luislândia;2025;FUNDEB - ITR;9389,38;3138682;646
MG;Luminárias;2025;AJUSTE FUNDEB - AJUSTE FUNDEB VAAR;-2047,14;3138708;4773
MG;Luminárias;2025;AJUSTE FUNDEB - FPE;-11,34;3138708;4773
MG;Luminárias;2025;AJUSTE FUNDEB - FPM;-33,98;3138708;4773
MG;Luminárias;2025;AJUSTE FUNDEB - ICME;-110,36;3138708;4773
MG;Luminárias;2025;AJUSTE FUNDEB - IPIE;-1,03;3138708;4773
MG;Luminárias;2025;AJUSTE FUNDEB - IPVA;-16,9;3138708;4773
MG;Luminárias;2025;AJUSTE FUNDEB - ITCMD;-2,94;3138708;4773
MG;Luminárias;2025;AJUSTE FUNDEB - ITR;-0,32;3138708;4773
MG;Luminárias;2025;FUNDEB - COUN VAAR;12585,98;3138708;4773
MG;Luminárias;2025;FUNDEB - FPE;273621,07;3138708;4773
MG;Luminárias;2025;FUNDEB - FPM;842946,13;3138708;4773
MG;Luminárias;2025;FUNDEB - FUNDEB - FTI;157454,34;3138708;4773
MG;Luminárias;2025;FUNDEB - ICMS;2668176,74;3138708;4773
MG;Luminárias;2025;FUNDEB - IPI-EXP;34021,27;3138708;4773
MG;Luminárias;2025;FUNDEB - IPVA;388160,96;3138708;4773
MG;Luminárias;2025;FUNDEB - ITCMD;67232,74;3138708;4773
MG;Luminárias;2025;FUNDEB - ITR;9663,66;3138708;4773
MG;Luz;2025;AJUSTE FUNDEB - AJUSTE FUNDEB VAAR;-46137,27;3138807;4775
MG;Luz;2025;AJUSTE FUNDEB - FPE;-31,24;3138807;4775
MG;Luz;2025;AJUSTE FUNDEB - FPM;-93,77;3138807;4775
MG;Luz;2025;AJUSTE FUNDEB - ICME;-304,88;3138807;4775
MG;Luz;2025;AJUSTE FUNDEB - IPIE;-2,9;3138807;4775
MG;Luz;2025;AJUSTE FUNDEB - IPVA;-46,71;3138807;4775
MG;Luz;2025;AJUSTE FUNDEB - ITCMD;-7,9;3138807;4775
MG;Luz;2025;AJUSTE FUNDEB - ITR;-1,09;3138807;4775
MG;Luz;2025;FUNDEB - COUN VAAR;686423,48;3138807;4775
MG;Luz;2025;FUNDEB - FPE;765916,56;3138807;4775
MG;Luz;2025;FUNDEB - FPM;2359563,74;3138807;4775
MG;Luz;2025;FUNDEB - FUNDEB - FTI;24006,3;3138807;4775
MG;Luz;2025;FUNDEB - ICMS;7473475,06;3138807;4775
MG;Luz;2025;FUNDEB - IPI-EXP;95231,98;3138807;4775
MG;Luz;2025;FUNDEB - IPVA;1086479,69;3138807;4775
MG;Luz;2025;FUNDEB - ITCMD;188082,54;3138807;4775
MG;Luz;2025;FUNDEB - ITR;27023,2;3138807;4775
MG;Machacalis;2025;AJUSTE FUNDEB - AJUSTE FUNDEB VAAR;-10606,6;3138906;4777
MG;Machacalis;2025;AJUSTE FUNDEB - FPE;-13,91;3138906;4777
MG;Machacalis;2025;AJUSTE FUNDEB - FPM;-41,69;3138906;4777
MG;Machacalis;2025;AJUSTE FUNDEB - ICME;-135,75;3138906;4777
MG;Machacalis;2025;AJUSTE FUNDEB - IPIE;-1,29;3138906;4777
MG;Machacalis;2025;AJUSTE FUNDEB - IPVA;-21,04;3138906;4777
MG;Machacalis;2025;AJUSTE FUNDEB - ITCMD;-3,51;3138906;4777
MG;Machacalis;2025;AJUSTE FUNDEB - ITR;-0,44;3138906;4777
MG;Machacalis;2025;FUNDEB - COUN VAAR;169693,85;3138906;4777
MG;Machacalis;2025;FUNDEB - FPE;323581,68;3138906;4777
MG;Machacalis;2025;FUNDEB - FPM;996860,13;3138906;4777
MG;Machacalis;2025;FUNDEB - ICMS;3158219,31;3138906;4777
MG;Machacalis;2025;FUNDEB - IPI-EXP;40233,28;3138906;4777
MG;Machacalis;2025;FUNDEB - IPVA;459057,02;3138906;4777
MG;Machacalis;2025;FUNDEB - ITCMD;79553,31;3138906;4777
MG;Machacalis;2025;FUNDEB - ITR;11438,76;3138906;4777
MG;Machado;2025;AJUSTE FUNDEB - AJUSTE FUNDEB VAAR;16554,41;3139003;4779
MG;Machado;2025;AJUSTE FUNDEB - FPE;467,04;3139003;4779
MG;Machado;2025;AJUSTE FUNDEB - FPM;1444,18;3139003;4779
MG;Machado;2025;AJUSTE FUNDEB - ICME;4650,64;3139003;4779
MG;Machado;2025;AJUSTE FUNDEB - IPIE;61,14;3139003;4779
MG;Machado;2025;AJUSTE FUNDEB - IPVA;749,64;3139003;4779
MG;Machado;2025;AJUSTE FUNDEB - ITCMD;104,63;3139003;4779
MG;Machado;2025;AJUSTE FUNDEB - ITR;17,59;3139003;4779
MG;Machado;2025;FUNDEB - COUN VAAR;48608,76;3139003;4779
MG;Machado;2025;FUNDEB - FPE;1654748,81;3139003;4779
MG;Machado;2025;FUNDEB - FPM;5097794,75;3139003;4779
MG;Machado;2025;FUNDEB - ICMS;16131493,87;3139003;4779
MG;Machado;2025;FUNDEB - IPI-EXP;205745,92;3139003;4779
MG;Machado;2025;FUNDEB - IPVA;2347119,68;3139003;4779
MG;Machado;2025;FUNDEB - ITCMD;406136,43;3139003;4779
MG;Machado;2025;FUNDEB - ITR;58329,37;3139003;4779
MG;Madre de Deus de Minas;2025;AJUSTE FUNDEB - FPE;-8,17;3139102;4781
MG;Madre de Deus de Minas;2025;AJUSTE FUNDEB - FPM;-24,33;3139102;4781
MG;Madre de Deus de Minas;2025;AJUSTE FUNDEB - ICME;-79,23;3139102;4781
MG;Madre de Deus de Minas;2025;AJUSTE FUNDEB - IPIE;-0,73;3139102;4781
MG;Madre de Deus de Minas;2025;AJUSTE FUNDEB - IPVA;-12,24;3139102;4781
MG;Madre de Deus de Minas;2025;AJUSTE FUNDEB - ITCMD;-2,06;3139102;4781
MG;Madre de Deus de Minas;2025;AJUSTE FUNDEB - ITR;-0,27;3139102;4781
MG;Madre de Deus de Minas;2025;FUNDEB - FPE;229408,41;3139102;4781
MG;Madre de Deus de Minas;2025;FUNDEB - FPM;706739,85;3139102;4781
MG;Madre de Deus de Minas;2025;FUNDEB - ICMS;2236245,82;3139102;4781
MG;Madre de Deus de Minas;2025;FUNDEB - IPI-EXP;28524;3139102;4781
MG;Madre de Deus de Minas;2025;FUNDEB - IPVA;325393,79;3139102;4781
MG;Madre de Deus de Minas;2025;FUNDEB - ITCMD;56272,18;3139102;4781
MG;Madre de Deus de Minas;2025;FUNDEB - ITR;8079,12;3139102;4781
MG;Malacacheta;2025;AJUSTE FUNDEB - AJUSTE FUNDEB VAAR;-44503,66;3139201;4783
MG;Malacacheta;2025;AJUSTE FUNDEB - FPE;-26,05;3139201;4783
MG;Malacacheta;2025;AJUSTE FUNDEB - FPM;-77,81;3139201;4783
MG;Malacacheta;2025;AJUSTE FUNDEB - ICME;-253,69;3139201;4783
MG;Malacacheta;2025;AJUSTE FUNDEB - IPIE;-2,43;3139201;4783
MG;Malacacheta;2025;AJUSTE FUNDEB - IPVA;-39,06;3139201;4783
MG;Malacacheta;2025;AJUSTE FUNDEB - ITCMD;-6,54;3139201;4783
MG;Malacacheta;2025;AJUSTE FUNDEB - ITR;-0,9;3139201;4783
MG;Malacacheta;2025;FUNDEB - COUN VAAR;537971,24;3139201;4783
MG;Malacacheta;2025;FUNDEB - FPE;607185,55;3139201;4783
MG;Malacacheta;2025;FUNDEB - FPM;1870560,14;3139201;4783
MG;Malacacheta;2025;FUNDEB - FUNDEB - FTI;218462,92;3139201;4783
MG;Malacacheta;2025;FUNDEB - ICMS;5926665,32;3139201;4783
MG;Malacacheta;2025;FUNDEB - IPI-EXP;75495,8;3139201;4783
MG;Malacacheta;2025;FUNDEB - IPVA;861309,56;3139201;4783
MG;Malacacheta;2025;FUNDEB - ITCMD;149094,32;3139201;4783
MG;Malacacheta;2025;FUNDEB - ITR;21420,59;3139201;4783
MG;Mamonas;2025;AJUSTE FUNDEB - AJUSTE FUNDEB VAAR;-23979,43;3139250;2895
MG;Mamonas;2025;AJUSTE FUNDEB - FPE;-11,86;3139250;2895
MG;Mamonas;2025;AJUSTE FUNDEB - FPM;-35,4;3139250;2895
MG;Mamonas;2025;AJUSTE FUNDEB - ICME;-114,88;3139250;2895
MG;Mamonas;2025;AJUSTE FUNDEB - IPIE;-1,12;3139250;2895
MG;Mamonas;2025;AJUSTE FUNDEB - IPVA;-17,68;3139250;2895
MG;Mamonas;2025;AJUSTE FUNDEB - ITCMD;-2,97;3139250;2895
MG;Mamonas;2025;AJUSTE FUNDEB - ITR;-0,36;3139250;2895
MG;Mamonas;2025;FUNDEB - COUN VAAR;284578,02;3139250;2895
MG;Mamonas;2025;FUNDEB - FPE;275872,86;3139250;2895
MG;Mamonas;2025;FUNDEB - FPM;849883,04;3139250;2895
MG;Mamonas;2025;FUNDEB - ICMS;2692455,57;3139250;2895
MG;Mamonas;2025;FUNDEB - IPI-EXP;34301,24;3139250;2895
MG;Mamonas;2025;FUNDEB - IPVA;391374,71;3139250;2895
MG;Mamonas;2025;FUNDEB - ITCMD;67826,05;3139250;2895
MG;Mamonas;2025;FUNDEB - ITR;9752,72;3139250;2895
MG;Manga;2025;AJUSTE FUNDEB - FPE;-45,09;3139300;4785
MG;Manga;2025;AJUSTE FUNDEB - FPM;-135,28;3139300;4785
MG;Manga;2025;AJUSTE FUNDEB - ICME;-440,28;3139300;4785
MG;Manga;2025;AJUSTE FUNDEB - IPIE;-4,19;3139300;4785
MG;Manga;2025;AJUSTE FUNDEB - IPVA;-67,48;3139300;4785
MG;Manga;2025;AJUSTE FUNDEB - ITCMD;-11,39;3139300;4785
MG;Manga;2025;AJUSTE FUNDEB - ITR;-1,48;3139300;4785
MG;Manga;2025;FUNDEB - COUN VAAT;620543,38;3139300;4785
MG;Manga;2025;FUNDEB - FPE;1051389,69;3139300;4785
MG;Manga;2025;FUNDEB - FPM;3239022,66;3139300;4785
MG;Manga;2025;FUNDEB - FUNDEB - FTI;316111,82;3139300;4785
MG;Manga;2025;FUNDEB - ICMS;10286577,23;3139300;4785
MG;Manga;2025;FUNDEB - IPI-EXP;130726,92;3139300;4785
MG;Manga;2025;FUNDEB - IPVA;1491412,44;3139300;4785
MG;Manga;2025;FUNDEB - ITCMD;258141,49;3139300;4785
MG;Manga;2025;FUNDEB - ITR;37085,01;3139300;4785
MG;Manhuaçu;2025;AJUSTE FUNDEB - AJUSTE FUNDEB VAAR;-81126,3;3139409;4787
MG;Manhuaçu;2025;AJUSTE FUNDEB - FPE;-149,14;3139409;4787
MG;Manhuaçu;2025;AJUSTE FUNDEB - FPM;-447,21;3139409;4787
MG;Manhuaçu;2025;AJUSTE FUNDEB - ICME;-1455,61;3139409;4787
MG;Manhuaçu;2025;AJUSTE FUNDEB - IPIE;-13,93;3139409;4787
MG;Manhuaçu;2025;AJUSTE FUNDEB - IPVA;-223,92;3139409;4787
MG;Manhuaçu;2025;AJUSTE FUNDEB - ITCMD;-37,65;3139409;4787
MG;Manhuaçu;2025;AJUSTE FUNDEB - ITR;-4,88;3139409;4787
MG;Manhuaçu;2025;FUNDEB - COUN VAAR;1297932,86;3139409;4787
MG;Manhuaçu;2025;FUNDEB - COUN VAAT;2081860,54;3139409;4787
MG;Manhuaçu;2025;FUNDEB - FPE;3849616,21;3139409;4787
MG;Manhuaçu;2025;FUNDEB - FPM;11859536,27;3139409;4787
MG;Manhuaçu;2025;FUNDEB - FUNDEB - FTI;501320,99;3139409;4787
MG;Manhuaçu;2025;FUNDEB - ICMS;37522644,68;3139409;4787
MG;Manhuaçu;2025;FUNDEB - IPI-EXP;478650,76;3139409;4787
MG;Manhuaçu;2025;FUNDEB - IPVA;5460522,06;3139409;4787
MG;Manhuaçu;2025;FUNDEB - ITCMD;944723,09;3139409;4787
MG;Manhuaçu;2025;FUNDEB - ITR;135677,92;3139409;4787
MG;Manhumirim;2025;AJUSTE FUNDEB - FPE;-49,43;3139508;4789
MG;Manhumirim;2025;AJUSTE FUNDEB - FPM;-148,22;3139508;4789
MG;Manhumirim;2025;AJUSTE FUNDEB - ICME;-482,51;3139508;4789
MG;Manhumirim;2025;AJUSTE FUNDEB - IPIE;-4,63;3139508;4789
MG;Manhumirim;2025;AJUSTE FUNDEB - IPVA;-74,16;3139508;4789
MG;Manhumirim;2025;AJUSTE FUNDEB - ITCMD;-12,52;3139508;4789
MG;Manhumirim;2025;AJUSTE FUNDEB - ITR;-1,64;3139508;4789
MG;Manhumirim;2025;FUNDEB - FPE;1161831,58;3139508;4789
MG;Manhumirim;2025;FUNDEB - FPM;3579261,77;3139508;4789
MG;Manhumirim;2025;FUNDEB - FUNDEB - FTI;142444,97;3139508;4789
MG;Manhumirim;2025;FUNDEB - ICMS;11351359,51;3139508;4789
MG;Manhumirim;2025;FUNDEB - IPI-EXP;144458,95;3139508;4789
MG;Manhumirim;2025;FUNDEB - IPVA;1648139,98;3139508;4789
MG;Manhumirim;2025;FUNDEB - ITCMD;285389,51;3139508;4789
MG;Manhumirim;2025;FUNDEB - ITR;41011,91;3139508;4789
MG;Mantena;2025;AJUSTE FUNDEB - AJUSTE FUNDEB VAAT;-44747,52;3139607;4791
MG;Mantena;2025;AJUSTE FUNDEB - FPE;-55,45;3139607;4791
MG;Mantena;2025;AJUSTE FUNDEB - FPM;-166,25;3139607;4791
MG;Mantena;2025;AJUSTE FUNDEB - ICME;-541,11;3139607;4791
MG;Mantena;2025;AJUSTE FUNDEB - IPIE;-5,16;3139607;4791
MG;Mantena;2025;AJUSTE FUNDEB - IPVA;-83,16;3139607;4791
MG;Mantena;2025;AJUSTE FUNDEB - ITCMD;-13,97;3139607;4791
MG;Mantena;2025;AJUSTE FUNDEB - ITR;-1,82;3139607;4791
MG;Mantena;2025;FUNDEB - COUN VAAT;44747,52;3139607;4791
MG;Mantena;2025;FUNDEB - FPE;1352790,32;3139607;4791
MG;Mantena;2025;FUNDEB - FPM;4167549,45;3139607;4791
MG;Mantena;2025;FUNDEB - ICMS;13219621,76;3139607;4791
MG;Mantena;2025;FUNDEB - IPI-EXP;168202,22;3139607;4791
MG;Mantena;2025;FUNDEB - IPVA;1918873,19;3139607;4791
MG;Mantena;2025;FUNDEB - ITCMD;331975,7;3139607;4791
MG;Mantena;2025;FUNDEB - ITR;47676,43;3139607;4791
MG;Mar de Espanha;2025;AJUSTE FUNDEB - AJUSTE FUNDEB VAAR;-5216,95;3139805;4795
MG;Mar de Espanha;2025;AJUSTE FUNDEB - AJUSTE FUNDEB VAAT;34781,55;3139805;4795
MG;Mar de Espanha;2025;AJUSTE FUNDEB - FPE;-18,16;3139805;4795
MG;Mar de Espanha;2025;AJUSTE FUNDEB - FPM;-54,54;3139805;4795
MG;Mar de Espanha;2025;AJUSTE FUNDEB - ICME;-177,23;3139805;4795
MG;Mar de Espanha;2025;AJUSTE FUNDEB - IPIE;-1,78;3139805;4795
MG;Mar de Espanha;2025;AJUSTE FUNDEB - IPVA;-27,28;3139805;4795
MG;Mar de Espanha;2025;AJUSTE FUNDEB - ITCMD;-4,58;3139805;4795
MG;Mar de Espanha;2025;AJUSTE FUNDEB - ITR;-0,61;3139805;4795
MG;Mar de Espanha;2025;FUNDEB - COUN VAAR;17667,54;3139805;4795
MG;Mar de Espanha;2025;FUNDEB - COUN VAAT;158381,31;3139805;4795
MG;Mar de Espanha;2025;FUNDEB - FPE;438263,23;3139805;4795
MG;Mar de Espanha;2025;FUNDEB - FPM;1350160,31;3139805;4795
MG;Mar de Espanha;2025;FUNDEB - ICMS;4268761,88;3139805;4795
MG;Mar de Espanha;2025;FUNDEB - IPI-EXP;54492,48;3139805;4795
MG;Mar de Espanha;2025;FUNDEB - IPVA;621732,59;3139805;4795
MG;Mar de Espanha;2025;FUNDEB - ITCMD;107706,04;3139805;4795
MG;Mar de Espanha;2025;FUNDEB - ITR;15482,79;3139805;4795
MG;Maravilhas;2025;AJUSTE FUNDEB - AJUSTE FUNDEB VAAR;-2245,75;3139706;4793
MG;Maravilhas;2025;AJUSTE FUNDEB - FPE;-19,4;3139706;4793
MG;Maravilhas;2025;AJUSTE FUNDEB - FPM;-58,3;3139706;4793
MG;Maravilhas;2025;AJUSTE FUNDEB - ICME;-189,85;3139706;4793
MG;Maravilhas;2025;AJUSTE FUNDEB - IPIE;-1,82;3139706;4793
MG;Maravilhas;2025;AJUSTE FUNDEB - IPVA;-29,21;3139706;4793
MG;Maravilhas;2025;AJUSTE FUNDEB - ITCMD;-4,93;3139706;4793
MG;Maravilhas;2025;AJUSTE FUNDEB - ITR;-0,62;3139706;4793
MG;Maravilhas;2025;FUNDEB - COUN VAAR;14016,64;3139706;4793
MG;Maravilhas;2025;FUNDEB - COUN VAAT;67695,73;3139706;4793
MG;Maravilhas;2025;FUNDEB - FPE;487643,43;3139706;4793
MG;Maravilhas;2025;FUNDEB - FPM;1502286,18;3139706;4793
MG;Maravilhas;2025;FUNDEB - FUNDEB - FTI;100132,38;3139706;4793
MG;Maravilhas;2025;FUNDEB - ICMS;4759182,06;3139706;4793
MG;Maravilhas;2025;FUNDEB - IPI-EXP;60632,25;3139706;4793
MG;Maravilhas;2025;FUNDEB - IPVA;691680,84;3139706;4793
MG;Maravilhas;2025;FUNDEB - ITCMD;119627,15;3139706;4793
MG;Maravilhas;2025;FUNDEB - ITR;17176,31;3139706;4793
MG;Maria da Fé;2025;AJUSTE FUNDEB - AJUSTE FUNDEB VAAT;73806,5;3139904;4797
MG;Maria da Fé;2025;AJUSTE FUNDEB - FPE;-44,77;3139904;4797
MG;Maria da Fé;2025;AJUSTE FUNDEB - FPM;-134,22;3139904;4797
MG;Maria da Fé;2025;AJUSTE FUNDEB - ICME;-436,79;3139904;4797
MG;Maria da Fé;2025;AJUSTE FUNDEB - IPIE;-4,22;3139904;4797
MG;Maria da Fé;2025;AJUSTE FUNDEB - IPVA;-67,18;3139904;4797
MG;Maria da Fé;2025;AJUSTE FUNDEB - ITCMD;-11,29;3139904;4797
MG;Maria da Fé;2025;AJUSTE FUNDEB - ITR;-1,5;3139904;4797
MG;Maria da Fé;2025;FUNDEB - COUN VAAT;1065865,41;3139904;4797
MG;Maria da Fé;2025;FUNDEB - FPE;1080582,02;3139904;4797
MG;Maria da Fé;2025;FUNDEB - FPM;3328955,56;3139904;4797
MG;Maria da Fé;2025;FUNDEB - FUNDEB - FTI;414500,87;3139904;4797
MG;Maria da Fé;2025;FUNDEB - ICMS;10534464,54;3139904;4797
MG;Maria da Fé;2025;FUNDEB - IPI-EXP;134356,62;3139904;4797
MG;Maria da Fé;2025;FUNDEB - IPVA;1532815,09;3139904;4797
MG;Maria da Fé;2025;FUNDEB - ITCMD;265293,98;3139904;4797
MG;Maria da Fé;2025;FUNDEB - ITR;38111,11;3139904;4797
MG;Mariana;2025;AJUSTE FUNDEB - AJUSTE FUNDEB VAAR;-34094,25;3140001;4799
MG;Mariana;2025;AJUSTE FUNDEB - FPE;-156,88;3140001;4799
MG;Mariana;2025;AJUSTE FUNDEB - FPM;-470,57;3140001;4799
MG;Mariana;2025;AJUSTE FUNDEB - ICME;-1531,28;3140001;4799
MG;Mariana;2025;AJUSTE FUNDEB - IPIE;-14,64;3140001;4799
MG;Mariana;2025;AJUSTE FUNDEB - IPVA;-235,43;3140001;4799
MG;Mariana;2025;AJUSTE FUNDEB - ITCMD;-39,67;3140001;4799
MG;Mariana;2025;AJUSTE FUNDEB - ITR;-5,15;3140001;4799
MG;Mariana;2025;FUNDEB - COUN VAAR;165303,3;3140001;4799
MG;Mariana;2025;FUNDEB - FPE;4240186;3140001;4799
MG;Mariana;2025;FUNDEB - FPM;13062767,09;3140001;4799
MG;Mariana;2025;FUNDEB - FUNDEB - FTI;508265,75;3140001;4799
MG;Mariana;2025;FUNDEB - ICMS;41306403,17;3140001;4799
MG;Mariana;2025;FUNDEB - IPI-EXP;527213,11;3140001;4799
MG;Mariana;2025;FUNDEB - IPVA;6013957,35;3140001;4799
MG;Mariana;2025;FUNDEB - ITCMD;1039391,02;3140001;4799
MG;Mariana;2025;FUNDEB - ITR;149162,54;3140001;4799
MG;Marilac;2025;AJUSTE FUNDEB - AJUSTE FUNDEB VAAR;-21879,14;3140100;4801
MG;Marilac;2025;AJUSTE FUNDEB - AJUSTE FUNDEB VAAT;18901,74;3140100;4801
MG;Marilac;2025;AJUSTE FUNDEB - FPE;-15,64;3140100;4801
MG;Marilac;2025;AJUSTE FUNDEB - FPM;-46,87;3140100;4801
MG;Marilac;2025;AJUSTE FUNDEB - ICME;-152,58;3140100;4801
MG;Marilac;2025;AJUSTE FUNDEB - IPIE;-1,46;3140100;4801
MG;Marilac;2025;AJUSTE FUNDEB - IPVA;-23,3;3140100;4801
MG;Marilac;2025;AJUSTE FUNDEB - ITCMD;-3,9;3140100;4801
MG;Marilac;2025;AJUSTE FUNDEB - ITR;-0,51;3140100;4801
MG;Marilac;2025;FUNDEB - COUN VAAR;324366,64;3140100;4801
MG;Marilac;2025;FUNDEB - COUN VAAT;63574,62;3140100;4801
MG;Marilac;2025;FUNDEB - FPE;367018,21;3140100;4801
MG;Marilac;2025;FUNDEB - FPM;1130675,25;3140100;4801
MG;Marilac;2025;FUNDEB - ICMS;3579983,3;3140100;4801
MG;Marilac;2025;FUNDEB - IPI-EXP;45634,03;3140100;4801
MG;Marilac;2025;FUNDEB - IPVA;520618,25;3140100;4801
MG;Marilac;2025;FUNDEB - ITCMD;90106,21;3140100;4801
MG;Marilac;2025;FUNDEB - ITR;12944,26;3140100;4801
MG;Mário Campos;2025;AJUSTE FUNDEB - AJUSTE FUNDEB VAAR;-12788,82;3140159;648
MG;Mário Campos;2025;AJUSTE FUNDEB - FPE;-31,4;3140159;648
MG;Mário Campos;2025;AJUSTE FUNDEB - FPM;-94,22;3140159;648
MG;Mário Campos;2025;AJUSTE FUNDEB - ICME;-306,44;3140159;648
MG;Mário Campos;2025;AJUSTE FUNDEB - IPIE;-3;3140159;648
MG;Mário Campos;2025;AJUSTE FUNDEB - IPVA;-47,14;3140159;648
MG;Mário Campos;2025;AJUSTE FUNDEB - ITCMD;-7,87;3140159;648
MG;Mário Campos;2025;AJUSTE FUNDEB - ITR;-1,02;3140159;648
MG;Mário Campos;2025;FUNDEB - COUN VAAR;64848,36;3140159;648
MG;Mário Campos;2025;FUNDEB - FPE;758045,1;3140159;648
MG;Mário Campos;2025;FUNDEB - FPM;2335314,17;3140159;648
MG;Mário Campos;2025;FUNDEB - FUNDEB - FTI;216863,3;3140159;648
MG;Mário Campos;2025;FUNDEB - ICMS;7393256,42;3140159;648
MG;Mário Campos;2025;FUNDEB - IPI-EXP;94253,28;3140159;648
MG;Mário Campos;2025;FUNDEB - IPVA;1075305,91;3140159;648
MG;Mário Campos;2025;FUNDEB - ITCMD;186133,2;3140159;648
MG;Mário Campos;2025;FUNDEB - ITR;26741,58;3140159;648
MG;Maripá de Minas;2025;AJUSTE FUNDEB - AJUSTE FUNDEB VAAR;-14810,09;3140209;4803
MG;Maripá de Minas;2025;AJUSTE FUNDEB - FPE;-12,17;3140209;4803
MG;Maripá de Minas;2025;AJUSTE FUNDEB - FPM;-36,47;3140209;4803
MG;Maripá de Minas;2025;AJUSTE FUNDEB - ICME;-118,84;3140209;4803
MG;Maripá de Minas;2025;AJUSTE FUNDEB - IPIE;-1,16;3140209;4803
MG;Maripá de Minas;2025;AJUSTE FUNDEB - IPVA;-18,24;3140209;4803
MG;Maripá de Minas;2025;AJUSTE FUNDEB - ITCMD;-3,03;3140209;4803
MG;Maripá de Minas;2025;AJUSTE FUNDEB - ITR;-0,37;3140209;4803
MG;Maripá de Minas;2025;FUNDEB - COUN VAAR;221019,57;3140209;4803
MG;Maripá de Minas;2025;FUNDEB - FPE;299523,31;3140209;4803
MG;Maripá de Minas;2025;FUNDEB - FPM;922743,3;3140209;4803
MG;Maripá de Minas;2025;FUNDEB - ICMS;2922079,22;3140209;4803
MG;Maripá de Minas;2025;FUNDEB - IPI-EXP;37241,92;3140209;4803
MG;Maripá de Minas;2025;FUNDEB - IPVA;424861,41;3140209;4803
MG;Maripá de Minas;2025;FUNDEB - ITCMD;73505,05;3140209;4803
MG;Maripá de Minas;2025;FUNDEB - ITR;10556,53;3140209;4803
MG;Marliéria;2025;AJUSTE FUNDEB - AJUSTE FUNDEB VAAR;-3991,23;3140308;4805
MG;Marliéria;2025;AJUSTE FUNDEB - FPE;-9,37;3140308;4805
MG;Marliéria;2025;AJUSTE FUNDEB - FPM;-28,32;3140308;4805
MG;Marliéria;2025;AJUSTE FUNDEB - ICME;-91,7;3140308;4805
MG;Marliéria;2025;AJUSTE FUNDEB - IPIE;-0,89;3140308;4805
MG;Marliéria;2025;AJUSTE FUNDEB - IPVA;-14,22;3140308;4805
MG;Marliéria;2025;AJUSTE FUNDEB - ITCMD;-2,37;3140308;4805
MG;Marliéria;2025;AJUSTE FUNDEB - ITR;-0,35;3140308;4805
MG;Marliéria;2025;FUNDEB - COUN VAAR;17815,84;3140308;4805
MG;Marliéria;2025;FUNDEB - FPE;222571,44;3140308;4805
MG;Marliéria;2025;FUNDEB - FPM;685677,26;3140308;4805
MG;Marliéria;2025;FUNDEB - FUNDEB - FTI;20084,95;3140308;4805
MG;Marliéria;2025;FUNDEB - ICMS;2173883,73;3140308;4805
MG;Marliéria;2025;FUNDEB - IPI-EXP;27673,93;3140308;4805
MG;Marliéria;2025;FUNDEB - IPVA;315715,07;3140308;4805
MG;Marliéria;2025;FUNDEB - ITCMD;54634,31;3140308;4805
MG;Marliéria;2025;FUNDEB - ITR;7847,67;3140308;4805
MG;Marmelópolis;2025;AJUSTE FUNDEB - FPE;-5,55;3140407;4807
MG;Marmelópolis;2025;AJUSTE FUNDEB - FPM;-16,57;3140407;4807
MG;Marmelópolis;2025;AJUSTE FUNDEB - ICME;-54,18;3140407;4807
MG;Marmelópolis;2025;AJUSTE FUNDEB - IPIE;-0,52;3140407;4807
MG;Marmelópolis;2025;AJUSTE FUNDEB - IPVA;-8,37;3140407;4807
MG;Marmelópolis;2025;AJUSTE FUNDEB - ITCMD;-1,44;3140407;4807
MG;Marmelópolis;2025;AJUSTE FUNDEB - ITR;-0,16;3140407;4807
MG;Marmelópolis;2025;FUNDEB - FPE;169582,21;3140407;4807
MG;Marmelópolis;2025;FUNDEB - FPM;522432,86;3140407;4807
MG;Marmelópolis;2025;FUNDEB - ICMS;1651015,91;3140407;4807
MG;Marmelópolis;2025;FUNDEB - IPI-EXP;21085,39;3140407;4807
MG;Marmelópolis;2025;FUNDEB - IPVA;240515,46;3140407;4807
MG;Marmelópolis;2025;FUNDEB - ITCMD;41554,92;3140407;4807
MG;Marmelópolis;2025;FUNDEB - ITR;5962,18;3140407;4807
MG;Martinho Campos;2025;AJUSTE FUNDEB - AJUSTE FUNDEB VAAR;-39830,54;3140506;4809
MG;Martinho Campos;2025;AJUSTE FUNDEB - FPE;-30,98;3140506;4809
MG;Martinho Campos;2025;AJUSTE FUNDEB - FPM;-93,06;3140506;4809
MG;Martinho Campos;2025;AJUSTE FUNDEB - ICME;-302,53;3140506;4809
MG;Martinho Campos;2025;AJUSTE FUNDEB - IPIE;-2,92;3140506;4809
MG;Martinho Campos;2025;AJUSTE FUNDEB - IPVA;-46,42;3140506;4809
MG;Martinho Campos;2025;AJUSTE FUNDEB - ITCMD;-7,78;3140506;4809
MG;Martinho Campos;2025;AJUSTE FUNDEB - ITR;-1,03;3140506;4809
MG;Martinho Campos;2025;FUNDEB - COUN VAAR;585580,42;3140506;4809
MG;Martinho Campos;2025;FUNDEB - COUN VAAT;342511,19;3140506;4809
MG;Martinho Campos;2025;FUNDEB - FPE;805595,98;3140506;4809
MG;Martinho Campos;2025;FUNDEB - FPM;2481804,46;3140506;4809
MG;Martinho Campos;2025;FUNDEB - FUNDEB - FTI;144152,78;3140506;4809
MG;Martinho Campos;2025;FUNDEB - ICMS;7852182,76;3140506;4809
MG;Martinho Campos;2025;FUNDEB - IPI-EXP;100165,59;3140506;4809
MG;Martinho Campos;2025;FUNDEB - IPVA;1142617,91;3140506;4809
MG;Martinho Campos;2025;FUNDEB - ITCMD;197519,69;3140506;4809
MG;Martinho Campos;2025;FUNDEB - ITR;28350,22;3140506;4809
MG;Martins Soares;2025;AJUSTE FUNDEB - FPE;-18,8;3140530;650
MG;Martins Soares;2025;AJUSTE FUNDEB - FPM;-56,31;3140530;650
MG;Martins Soares;2025;AJUSTE FUNDEB - ICME;-183,41;3140530;650
MG;Martins Soares;2025;AJUSTE FUNDEB - IPIE;-1,76;3140530;650
MG;Martins Soares;2025;AJUSTE FUNDEB - IPVA;-28,31;3140530;650
MG;Martins Soares;2025;AJUSTE FUNDEB - ITCMD;-4,71;3140530;650
MG;Martins Soares;2025;AJUSTE FUNDEB - ITR;-0,62;3140530;650
MG;Martins Soares;2025;FUNDEB - COUN VAAT;3533294,07;3140530;650
MG;Martins Soares;2025;FUNDEB - FPE;642749,29;3140530;650
MG;Martins Soares;2025;FUNDEB - FPM;1980121,74;3140530;650
MG;Martins Soares;2025;FUNDEB - ICMS;6255440,08;3140530;650
MG;Martins Soares;2025;FUNDEB - IPI-EXP;79917,67;3140530;650
MG;Martins Soares;2025;FUNDEB - IPVA;911843,8;3140530;650
MG;Martins Soares;2025;FUNDEB - ITCMD;158004,33;3140530;650
MG;Martins Soares;2025;FUNDEB - ITR;22717,42;3140530;650
MG;Mata Verde;2025;AJUSTE FUNDEB - AJUSTE FUNDEB VAAR;-28021,24;3140555;2659
MG;Mata Verde;2025;AJUSTE FUNDEB - AJUSTE FUNDEB VAAT;32544,33;3140555;2659
MG;Mata Verde;2025;AJUSTE FUNDEB - FPE;-18,84;3140555;2659
MG;Mata Verde;2025;AJUSTE FUNDEB - FPM;-56,65;3140555;2659
MG;Mata Verde;2025;AJUSTE FUNDEB - ICME;-184,04;3140555;2659
MG;Mata Verde;2025;AJUSTE FUNDEB - IPIE;-1,76;3140555;2659
MG;Mata Verde;2025;AJUSTE FUNDEB - IPVA;-28,25;3140555;2659
MG;Mata Verde;2025;AJUSTE FUNDEB - ITCMD;-4,77;3140555;2659
MG;Mata Verde;2025;AJUSTE FUNDEB - ITR;-0,64;3140555;2659
MG;Mata Verde;2025;FUNDEB - COUN VAAR;413009,49;3140555;2659
MG;Mata Verde;2025;FUNDEB - COUN VAAT;978911,23;3140555;2659
MG;Mata Verde;2025;FUNDEB - FPE;491817,91;3140555;2659
MG;Mata Verde;2025;FUNDEB - FPM;1515146,42;3140555;2659
MG;Mata Verde;2025;FUNDEB - FUNDEB - FTI;195736,52;3140555;2659
MG;Mata Verde;2025;FUNDEB - ICMS;4798189,69;3140555;2659
MG;Mata Verde;2025;FUNDEB - IPI-EXP;61151,27;3140555;2659
MG;Mata Verde;2025;FUNDEB - IPVA;697597,71;3140555;2659
MG;Mata Verde;2025;FUNDEB - ITCMD;120642,67;3140555;2659
MG;Mata Verde;2025;FUNDEB - ITR;17321,3;3140555;2659
MG;Materlândia;2025;AJUSTE FUNDEB - AJUSTE FUNDEB VAAR;-7817,9;3140605;4811
MG;Materlândia;2025;AJUSTE FUNDEB - FPE;-10,65;3140605;4811
MG;Materlândia;2025;AJUSTE FUNDEB - FPM;-32,08;3140605;4811
MG;Materlândia;2025;AJUSTE FUNDEB - ICME;-104,08;3140605;4811
MG;Materlândia;2025;AJUSTE FUNDEB - IPIE;-1;3140605;4811
MG;Materlândia;2025;AJUSTE FUNDEB - IPVA;-16,04;3140605;4811
MG;Materlândia;2025;AJUSTE FUNDEB - ITCMD;-2,72;3140605;4811
MG;Materlândia;2025;AJUSTE FUNDEB - ITR;-0,32;3140605;4811
MG;Materlândia;2025;FUNDEB - COUN VAAR;108090,77;3140605;4811
MG;Materlândia;2025;FUNDEB - FPE;248074,67;3140605;4811
MG;Materlândia;2025;FUNDEB - FPM;764245,19;3140605;4811
MG;Materlândia;2025;FUNDEB - FUNDEB - FTI;79204,42;3140605;4811
MG;Materlândia;2025;FUNDEB - ICMS;2424019,91;3140605;4811
MG;Materlândia;2025;FUNDEB - IPI-EXP;30844,92;3140605;4811
MG;Materlândia;2025;FUNDEB - IPVA;351896,7;3140605;4811
MG;Materlândia;2025;FUNDEB - ITCMD;60906,07;3140605;4811
MG;Materlândia;2025;FUNDEB - ITR;8749,68;3140605;4811
MG;Mateus Leme;2025;AJUSTE FUNDEB - AJUSTE FUNDEB VAAR;-15845,36;3140704;4813
MG;Mateus Leme;2025;AJUSTE FUNDEB - AJUSTE FUNDEB VAAT;200514,15;3140704;4813
MG;Mateus Leme;2025;AJUSTE FUNDEB - FPE;456,31;3140704;4813
MG;Mateus Leme;2025;AJUSTE FUNDEB - FPM;1412,04;3140704;4813
MG;Mateus Leme;2025;AJUSTE FUNDEB - ICME;4546,3;3140704;4813
MG;Mateus Leme;2025;AJUSTE FUNDEB - IPIE;60,23;3140704;4813
MG;Mateus Leme;2025;AJUSTE FUNDEB - IPVA;733,56;3140704;4813
MG;Mateus Leme;2025;AJUSTE FUNDEB - ITCMD;101,94;3140704;4813
MG;Mateus Leme;2025;AJUSTE FUNDEB - ITR;17,3;3140704;4813
MG;Mateus Leme;2025;FUNDEB - COUN VAAR;140261,54;3140704;4813
MG;Mateus Leme;2025;FUNDEB - COUN VAAT;18232795,14;3140704;4813
MG;Mateus Leme;2025;FUNDEB - FPE;3023462,35;3140704;4813
MG;Mateus Leme;2025;FUNDEB - FPM;9314399,09;3140704;4813
MG;Mateus Leme;2025;FUNDEB - FUNDEB - FTI;648683,28;3140704;4813
MG;Mateus Leme;2025;FUNDEB - ICMS;29387967,13;3140704;4813
MG;Mateus Leme;2025;FUNDEB - IPI-EXP;375928,02;3140704;4813
MG;Mateus Leme;2025;FUNDEB - IPVA;4288641,23;3140704;4813
MG;Mateus Leme;2025;FUNDEB - ITCMD;742147,33;3140704;4813
MG;Mateus Leme;2025;FUNDEB - ITR;106597,29;3140704;4813
MG;Mathias Lobato;2025;AJUSTE FUNDEB - AJUSTE FUNDEB VAAR;-1764,51;3171501;5431
MG;Mathias Lobato;2025;AJUSTE FUNDEB - AJUSTE FUNDEB VAAT;24095,45;3171501;5431
MG;Mathias Lobato;2025;AJUSTE FUNDEB - FPE;-8,5;3171501;5431
MG;Mathias Lobato;2025;AJUSTE FUNDEB - FPM;-25,54;3171501;5431
MG;Mathias Lobato;2025;AJUSTE FUNDEB - ICME;-83,32;3171501;5431
MG;Mathias Lobato;2025;AJUSTE FUNDEB - IPIE;-0,75;3171501;5431
MG;Mathias Lobato;2025;AJUSTE FUNDEB - IPVA;-12,82;3171501;5431
MG;Mathias Lobato;2025;AJUSTE FUNDEB - ITCMD;-2,22;3171501;5431
MG;Mathias Lobato;2025;AJUSTE FUNDEB - ITR;-0,29;3171501;5431
MG;Mathias Lobato;2025;FUNDEB - COUN VAAR;10823,52;3171501;5431
MG;Mathias Lobato;2025;FUNDEB - COUN VAAT;1946123,08;3171501;5431
MG;Mathias Lobato;2025;FUNDEB - FPE;357875,82;3171501;5431
MG;Mathias Lobato;2025;FUNDEB - FPM;1102510,24;3171501;5431
MG;Mathias Lobato;2025;FUNDEB - FUNDEB - FTI;123086,72;3171501;5431
MG;Mathias Lobato;2025;FUNDEB - ICMS;3483694,17;3171501;5431
MG;Mathias Lobato;2025;FUNDEB - IPI-EXP;44497,26;3171501;5431
MG;Mathias Lobato;2025;FUNDEB - IPVA;507655,09;3171501;5431
MG;Mathias Lobato;2025;FUNDEB - ITCMD;87872,85;3171501;5431
MG;Mathias Lobato;2025;FUNDEB - ITR;12624,47;3171501;5431
MG;Matias Barbosa;2025;AJUSTE FUNDEB - AJUSTE FUNDEB VAAR;-19695,7;3140803;4815
MG;Matias Barbosa;2025;AJUSTE FUNDEB - FPE;-25,03;3140803;4815
MG;Matias Barbosa;2025;AJUSTE FUNDEB - FPM;-74,77;3140803;4815
MG;Matias Barbosa;2025;AJUSTE FUNDEB - ICME;-243,62;3140803;4815
MG;Matias Barbosa;2025;AJUSTE FUNDEB - IPIE;-2,31;3140803;4815
MG;Matias Barbosa;2025;AJUSTE FUNDEB - IPVA;-37,52;3140803;4815
MG;Matias Barbosa;2025;AJUSTE FUNDEB - ITCMD;-6,34;3140803;4815
MG;Matias Barbosa;2025;AJUSTE FUNDEB - ITR;-0,8;3140803;4815
MG;Matias Barbosa;2025;FUNDEB - COUN VAAR;272314,67;3140803;4815
MG;Matias Barbosa;2025;FUNDEB - FPE;672595,09;3140803;4815
MG;Matias Barbosa;2025;FUNDEB - FPM;2072067,58;3140803;4815
MG;Matias Barbosa;2025;FUNDEB - FUNDEB - FTI;44898,46;3140803;4815
MG;Matias Barbosa;2025;FUNDEB - ICMS;6557817,07;3140803;4815
MG;Matias Barbosa;2025;FUNDEB - IPI-EXP;83628,65;3140803;4815
MG;Matias Barbosa;2025;FUNDEB - IPVA;953927,1;3140803;4815
MG;Matias Barbosa;2025;FUNDEB - ITCMD;164809,29;3140803;4815
MG;Matias Barbosa;2025;FUNDEB - ITR;23645,79;3140803;4815
MG;Matias Cardoso;2025;AJUSTE FUNDEB - AJUSTE FUNDEB VAAR;-4074,43;3140852;2897
MG;Matias Cardoso;2025;AJUSTE FUNDEB - AJUSTE FUNDEB VAAT;56750,21;3140852;2897
MG;Matias Cardoso;2025;AJUSTE FUNDEB - FPE;-32,89;3140852;2897
MG;Matias Cardoso;2025;AJUSTE FUNDEB - FPM;-98,63;3140852;2897
MG;Matias Cardoso;2025;AJUSTE FUNDEB - ICME;-320,76;3140852;2897
MG;Matias Cardoso;2025;AJUSTE FUNDEB - IPIE;-3,06;3140852;2897
MG;Matias Cardoso;2025;AJUSTE FUNDEB - IPVA;-49,13;3140852;2897
MG;Matias Cardoso;2025;AJUSTE FUNDEB - ITCMD;-8,28;3140852;2897
MG;Matias Cardoso;2025;AJUSTE FUNDEB - ITR;-1,07;3140852;2897
MG;Matias Cardoso;2025;FUNDEB - COUN VAAR;25271,66;3140852;2897
MG;Matias Cardoso;2025;FUNDEB - COUN VAAT;2100676,6;3140852;2897
MG;Matias Cardoso;2025;FUNDEB - FPE;847016,63;3140852;2897
MG;Matias Cardoso;2025;FUNDEB - FPM;2609409,29;3140852;2897
MG;Matias Cardoso;2025;FUNDEB - ICMS;8253359,12;3140852;2897
MG;Matias Cardoso;2025;FUNDEB - IPI-EXP;105315,73;3140852;2897
MG;Matias Cardoso;2025;FUNDEB - IPVA;1201448,77;3140852;2897
MG;Matias Cardoso;2025;FUNDEB - ITCMD;207844,44;3140852;2897
MG;Matias Cardoso;2025;FUNDEB - ITR;29848,05;3140852;2897
MG;Matipó;2025;AJUSTE FUNDEB - AJUSTE FUNDEB VAAR;-3432,8;3140902;4817
MG;Matipó;2025;AJUSTE FUNDEB - FPE;-24,21;3140902;4817
MG;Matipó;2025;AJUSTE FUNDEB - FPM;-72,69;3140902;4817
MG;Matipó;2025;AJUSTE FUNDEB - ICME;-236,41;3140902;4817
MG;Matipó;2025;AJUSTE FUNDEB - IPIE;-2,27;3140902;4817
MG;Matipó;2025;AJUSTE FUNDEB - IPVA;-36,37;3140902;4817
MG;Matipó;2025;AJUSTE FUNDEB - ITCMD;-6,15;3140902;4817
MG;Matipó;2025;AJUSTE FUNDEB - ITR;-0,79;3140902;4817
MG;Matipó;2025;FUNDEB - COUN VAAR;21395,33;3140902;4817
MG;Matipó;2025;FUNDEB - COUN VAAT;2463788,83;3140902;4817
MG;Matipó;2025;FUNDEB - FPE;806073,86;3140902;4817
MG;Matipó;2025;FUNDEB - FPM;2483276,73;3140902;4817
MG;Matipó;2025;FUNDEB - FUNDEB - FTI;221626,82;3140902;4817
MG;Matipó;2025;FUNDEB - ICMS;7856407,5;3140902;4817
MG;Matipó;2025;FUNDEB - IPI-EXP;100225,04;3140902;4817
MG;Matipó;2025;FUNDEB - IPVA;1143296,69;3140902;4817
MG;Matipó;2025;FUNDEB - ITCMD;197638,94;3140902;4817
MG;Matipó;2025;FUNDEB - ITR;28367,51;3140902;4817
MG;Mato Verde;2025;AJUSTE FUNDEB - AJUSTE FUNDEB VAAR;-33789,35;3141009;4819
MG;Mato Verde;2025;AJUSTE FUNDEB - FPE;-19,73;3141009;4819
MG;Mato Verde;2025;AJUSTE FUNDEB - FPM;-59,1;3141009;4819
MG;Mato Verde;2025;AJUSTE FUNDEB - ICME;-192,45;3141009;4819
MG;Mato Verde;2025;AJUSTE FUNDEB - IPIE;-1,85;3141009;4819
MG;Mato Verde;2025;AJUSTE FUNDEB - IPVA;-29,56;3141009;4819
MG;Mato Verde;2025;AJUSTE FUNDEB - ITCMD;-5,02;3141009;4819
MG;Mato Verde;2025;AJUSTE FUNDEB - ITR;-0,61;3141009;4819
MG;Mato Verde;2025;FUNDEB - COUN VAAR;426046,57;3141009;4819
MG;Mato Verde;2025;FUNDEB - FPE;462059,05;3141009;4819
MG;Mato Verde;2025;FUNDEB - FPM;1423468,17;3141009;4819
MG;Mato Verde;2025;FUNDEB - FUNDEB - FTI;175023,81;3141009;4819
MG;Mato Verde;2025;FUNDEB - ICMS;4507001,66;3141009;4819
MG;Mato Verde;2025;FUNDEB - IPI-EXP;57451,15;3141009;4819
MG;Mato Verde;2025;FUNDEB - IPVA;655434,09;3141009;4819
MG;Mato Verde;2025;FUNDEB - ITCMD;113438,72;3141009;4819
MG;Mato Verde;2025;FUNDEB - ITR;16296,04;3141009;4819
MG;Matozinhos;2025;AJUSTE FUNDEB - AJUSTE FUNDEB VAAR;-24570,16;3141108;4821
MG;Matozinhos;2025;AJUSTE FUNDEB - FPE;-68,11;3141108;4821
MG;Matozinhos;2025;AJUSTE FUNDEB - FPM;-204,39;3141108;4821
MG;Matozinhos;2025;AJUSTE FUNDEB - ICME;-665,09;3141108;4821
MG;Matozinhos;2025;AJUSTE FUNDEB - IPIE;-6,39;3141108;4821
MG;Matozinhos;2025;AJUSTE FUNDEB - IPVA;-102,07;3141108;4821
MG;Matozinhos;2025;AJUSTE FUNDEB - ITCMD;-17,27;3141108;4821
MG;Matozinhos;2025;AJUSTE FUNDEB - ITR;-2,28;3141108;4821
MG;Matozinhos;2025;FUNDEB - COUN VAAR;127885,89;3141108;4821
MG;Matozinhos;2025;FUNDEB - FPE;1605215,63;3141108;4821
MG;Matozinhos;2025;FUNDEB - FPM;4945197,75;3141108;4821
MG;Matozinhos;2025;FUNDEB - ICMS;15668787,95;3141108;4821
MG;Matozinhos;2025;FUNDEB - IPI-EXP;199588,1;3141108;4821
MG;Matozinhos;2025;FUNDEB - IPVA;2277069,35;3141108;4821
MG;Matozinhos;2025;FUNDEB - ITCMD;394214,39;3141108;4821
MG;Matozinhos;2025;FUNDEB - ITR;56642,43;3141108;4821
MG;Matutina;2025;AJUSTE FUNDEB - FPE;-8,94;3141207;4823
MG;Matutina;2025;AJUSTE FUNDEB - FPM;-26,92;3141207;4823
MG;Matutina;2025;AJUSTE FUNDEB - ICME;-87,35;3141207;4823
MG;Matutina;2025;AJUSTE FUNDEB - IPIE;-0,85;3141207;4823
MG;Matutina;2025;AJUSTE FUNDEB - IPVA;-13,21;3141207;4823
MG;Matutina;2025;AJUSTE FUNDEB - ITCMD;-2,29;3141207;4823
MG;Matutina;2025;AJUSTE FUNDEB - ITR;-0,31;3141207;4823
MG;Matutina;2025;FUNDEB - FPE;215749,94;3141207;4823
MG;Matutina;2025;FUNDEB - FPM;664662,16;3141207;4823
MG;Matutina;2025;FUNDEB - ICMS;2105093,49;3141207;4823
MG;Matutina;2025;FUNDEB - IPI-EXP;26825,75;3141207;4823
MG;Matutina;2025;FUNDEB - IPVA;306049,72;3141207;4823
MG;Matutina;2025;FUNDEB - ITCMD;52982,26;3141207;4823
MG;Matutina;2025;FUNDEB - ITR;7612,48;3141207;4823
MG;Medeiros;2025;AJUSTE FUNDEB - FPE;-14,68;3141306;4825
MG;Medeiros;2025;AJUSTE FUNDEB - FPM;-43,98;3141306;4825
MG;Medeiros;2025;AJUSTE FUNDEB - ICME;-143,09;3141306;4825
MG;Medeiros;2025;AJUSTE FUNDEB - IPIE;-1,38;3141306;4825
MG;Medeiros;2025;AJUSTE FUNDEB - IPVA;-22,1;3141306;4825
MG;Medeiros;2025;AJUSTE FUNDEB - ITCMD;-3,7;3141306;4825
MG;Medeiros;2025;AJUSTE FUNDEB - ITR;-0,45;3141306;4825
MG;Medeiros;2025;FUNDEB - FPE;343766,55;3141306;4825
MG;Medeiros;2025;FUNDEB - FPM;1059043,73;3141306;4825
MG;Medeiros;2025;FUNDEB - ICMS;3351350,27;3141306;4825
MG;Medeiros;2025;FUNDEB - IPI-EXP;42743;3141306;4825
MG;Medeiros;2025;FUNDEB - IPVA;487625,51;3141306;4825
MG;Medeiros;2025;FUNDEB - ITCMD;84376,72;3141306;4825
MG;Medeiros;2025;FUNDEB - ITR;12119,18;3141306;4825
MG;Medina;2025;AJUSTE FUNDEB - AJUSTE FUNDEB VAAT;60185,69;3141405;4827
MG;Medina;2025;AJUSTE FUNDEB - FPE;-34,44;3141405;4827
MG;Medina;2025;AJUSTE FUNDEB - FPM;-103,37;3141405;4827
MG;Medina;2025;AJUSTE FUNDEB - ICME;-336,06;3141405;4827
MG;Medina;2025;AJUSTE FUNDEB - IPIE;-3,25;3141405;4827
MG;Medina;2025;AJUSTE FUNDEB - IPVA;-51,52;3141405;4827
MG;Medina;2025;AJUSTE FUNDEB - ITCMD;-8,67;3141405;4827
MG;Medina;2025;AJUSTE FUNDEB - ITR;-1,16;3141405;4827
MG;Medina;2025;FUNDEB - COUN VAAT;939632,19;3141405;4827
MG;Medina;2025;FUNDEB - FPE;856835,07;3141405;4827
MG;Medina;2025;FUNDEB - FPM;2639657,02;3141405;4827
MG;Medina;2025;FUNDEB - ICMS;8349205,11;3141405;4827
MG;Medina;2025;FUNDEB - IPI-EXP;106536,52;3141405;4827
MG;Medina;2025;FUNDEB - IPVA;1215425,95;3141405;4827
MG;Medina;2025;FUNDEB - ITCMD;210357,52;3141405;4827
MG;Medina;2025;FUNDEB - ITR;30218,78;3141405;4827
MG;Mendes Pimentel;2025;AJUSTE FUNDEB - AJUSTE FUNDEB VAAR;-15172,64;3141504;4829
MG;Mendes Pimentel;2025;AJUSTE FUNDEB - FPE;-9,83;3141504;4829
MG;Mendes Pimentel;2025;AJUSTE FUNDEB - FPM;-29,64;3141504;4829
MG;Mendes Pimentel;2025;AJUSTE FUNDEB - ICME;-96,4;3141504;4829
MG;Mendes Pimentel;2025;AJUSTE FUNDEB - IPIE;-0,9;3141504;4829
MG;Mendes Pimentel;2025;AJUSTE FUNDEB - IPVA;-14,8;3141504;4829
MG;Mendes Pimentel;2025;AJUSTE FUNDEB - ITCMD;-2,5;3141504;4829
MG;Mendes Pimentel;2025;AJUSTE FUNDEB - ITR;-0,35;3141504;4829
MG;Mendes Pimentel;2025;FUNDEB - COUN VAAR;225119,98;3141504;4829
MG;Mendes Pimentel;2025;FUNDEB - FPE;234529,23;3141504;4829
MG;Mendes Pimentel;2025;FUNDEB - FPM;722515,76;3141504;4829
MG;Mendes Pimentel;2025;FUNDEB - ICMS;2290549,51;3141504;4829
MG;Mendes Pimentel;2025;FUNDEB - IPI-EXP;29160,73;3141504;4829
MG;Mendes Pimentel;2025;FUNDEB - IPVA;332691;3141504;4829
MG;Mendes Pimentel;2025;FUNDEB - ITCMD;57598,29;3141504;4829
MG;Mendes Pimentel;2025;FUNDEB - ITR;8276,12;3141504;4829
MG;Mercês;2025;AJUSTE FUNDEB - AJUSTE FUNDEB VAAR;-18831,64;3141603;4831
MG;Mercês;2025;AJUSTE FUNDEB - FPE;-19,21;3141603;4831
MG;Mercês;2025;AJUSTE FUNDEB - FPM;-57,6;3141603;4831
MG;Mercês;2025;AJUSTE FUNDEB - ICME;-187,43;3141603;4831
MG;Mercês;2025;AJUSTE FUNDEB - IPIE;-1,75;3141603;4831
MG;Mercês;2025;AJUSTE FUNDEB - IPVA;-28,81;3141603;4831
MG;Mercês;2025;AJUSTE FUNDEB - ITCMD;-4,82;3141603;4831
MG;Mercês;2025;AJUSTE FUNDEB - ITR;-0,61;3141603;4831
MG;Mercês;2025;FUNDEB - COUN VAAR;217097,36;3141603;4831
MG;Mercês;2025;FUNDEB - FPE;479368,17;3141603;4831
MG;Mercês;2025;FUNDEB - FPM;1476792,46;3141603;4831
MG;Mercês;2025;FUNDEB - FUNDEB - FTI;130298,12;3141603;4831
MG;Mercês;2025;FUNDEB - ICMS;4678641,27;3141603;4831
MG;Mercês;2025;FUNDEB - IPI-EXP;59603,31;3141603;4831
MG;Mercês;2025;FUNDEB - IPVA;679899,39;3141603;4831
MG;Mercês;2025;FUNDEB - ITCMD;117506,9;3141603;4831
MG;Mercês;2025;FUNDEB - ITR;16863,33;3141603;4831
MG;Mesquita;2025;AJUSTE FUNDEB - AJUSTE FUNDEB VAAR;-16916,92;3141702;4833
MG;Mesquita;2025;AJUSTE FUNDEB - FPE;-10,63;3141702;4833
MG;Mesquita;2025;AJUSTE FUNDEB - FPM;-31,89;3141702;4833
MG;Mesquita;2025;AJUSTE FUNDEB - ICME;-103,95;3141702;4833
MG;Mesquita;2025;AJUSTE FUNDEB - IPIE;-1,02;3141702;4833
MG;Mesquita;2025;AJUSTE FUNDEB - IPVA;-15,96;3141702;4833
MG;Mesquita;2025;AJUSTE FUNDEB - ITCMD;-2,68;3141702;4833
MG;Mesquita;2025;AJUSTE FUNDEB - ITR;-0,37;3141702;4833
MG;Mesquita;2025;FUNDEB - COUN VAAR;245276,94;3141702;4833
MG;Mesquita;2025;FUNDEB - FPE;251310,66;3141702;4833
MG;Mesquita;2025;FUNDEB - FPM;774214,25;3141702;4833
MG;Mesquita;2025;FUNDEB - FUNDEB - FTI;32924,13;3141702;4833
MG;Mesquita;2025;FUNDEB - ICMS;2454982,55;3141702;4833
MG;Mesquita;2025;FUNDEB - IPI-EXP;31247,27;3141702;4833
MG;Mesquita;2025;FUNDEB - IPVA;356472,47;3141702;4833
MG;Mesquita;2025;FUNDEB - ITCMD;61670,68;3141702;4833
MG;Mesquita;2025;FUNDEB - ITR;8856,67;3141702;4833
MG;Minas Novas;2025;AJUSTE FUNDEB - AJUSTE FUNDEB VAAR;-46877,18;3141801;4835
MG;Minas Novas;2025;AJUSTE FUNDEB - AJUSTE FUNDEB VAAT;103129,62;3141801;4835
MG;Minas Novas;2025;AJUSTE FUNDEB - FPE;-37,96;3141801;4835
MG;Minas Novas;2025;AJUSTE FUNDEB - FPM;-113,67;3141801;4835
MG;Minas Novas;2025;AJUSTE FUNDEB - ICME;-369,99;3141801;4835
MG;Minas Novas;2025;AJUSTE FUNDEB - IPIE;-3,53;3141801;4835
MG;Minas Novas;2025;AJUSTE FUNDEB - IPVA;-56,8;3141801;4835
MG;Minas Novas;2025;AJUSTE FUNDEB - ITCMD;-9,63;3141801;4835
MG;Minas Novas;2025;AJUSTE FUNDEB - ITR;-1,26;3141801;4835
MG;Minas Novas;2025;FUNDEB - COUN VAAR;648127,66;3141801;4835
MG;Minas Novas;2025;FUNDEB - COUN VAAT;9182282,74;3141801;4835
MG;Minas Novas;2025;FUNDEB - FPE;1479293,57;3141801;4835
MG;Minas Novas;2025;FUNDEB - FPM;4557268,73;3141801;4835
MG;Minas Novas;2025;FUNDEB - FUNDEB - FTI;55964,3;3141801;4835
MG;Minas Novas;2025;FUNDEB - ICMS;14404657,35;3141801;4835
MG;Minas Novas;2025;FUNDEB - IPI-EXP;183931,31;3141801;4835
MG;Minas Novas;2025;FUNDEB - IPVA;2098417;3141801;4835
MG;Minas Novas;2025;FUNDEB - ITCMD;363235,73;3141801;4835
MG;Minas Novas;2025;FUNDEB - ITR;52186,15;3141801;4835
MG;Minduri;2025;AJUSTE FUNDEB - FPE;-8,04;3141900;4837
MG;Minduri;2025;AJUSTE FUNDEB - FPM;-23,93;3141900;4837
MG;Minduri;2025;AJUSTE FUNDEB - ICME;-78,08;3141900;4837
MG;Minduri;2025;AJUSTE FUNDEB - IPIE;-0,75;3141900;4837
MG;Minduri;2025;AJUSTE FUNDEB - IPVA;-12;3141900;4837
MG;Minduri;2025;AJUSTE FUNDEB - ITCMD;-2,07;3141900;4837
MG;Minduri;2025;AJUSTE FUNDEB - ITR;-0,24;3141900;4837
MG;Minduri;2025;FUNDEB - FPE;159854,1;3141900;4837
MG;Minduri;2025;FUNDEB - FPM;492463,41;3141900;4837
MG;Minduri;2025;FUNDEB - FUNDEB - FTI;8240,21;3141900;4837
MG;Minduri;2025;FUNDEB - ICMS;1563383,38;3141900;4837
MG;Minduri;2025;FUNDEB - IPI-EXP;19875,82;3141900;4837
MG;Minduri;2025;FUNDEB - IPVA;226804,28;3141900;4837
MG;Minduri;2025;FUNDEB - ITCMD;39348,86;3141900;4837
MG;Minduri;2025;FUNDEB - ITR;5662,41;3141900;4837
MG;Mirabela;2025;AJUSTE FUNDEB - AJUSTE FUNDEB VAAR;-48469,68;3142007;4839
MG;Mirabela;2025;AJUSTE FUNDEB - AJUSTE FUNDEB VAAT;47012,7;3142007;4839
MG;Mirabela;2025;AJUSTE FUNDEB - FPE;-25,6;3142007;4839
MG;Mirabela;2025;AJUSTE FUNDEB - FPM;-76,7;3142007;4839
MG;Mirabela;2025;AJUSTE FUNDEB - ICME;-249,91;3142007;4839
MG;Mirabela;2025;AJUSTE FUNDEB - IPIE;-2,38;3142007;4839
MG;Mirabela;2025;AJUSTE FUNDEB - IPVA;-38,65;3142007;4839
MG;Mirabela;2025;AJUSTE FUNDEB - ITCMD;-6,41;3142007;4839
MG;Mirabela;2025;AJUSTE FUNDEB - ITR;-0,89;3142007;4839
MG;Mirabela;2025;FUNDEB - COUN VAAR;617487,15;3142007;4839
MG;Mirabela;2025;FUNDEB - COUN VAAT;885738,09;3142007;4839
MG;Mirabela;2025;FUNDEB - FPE;670656,21;3142007;4839
MG;Mirabela;2025;FUNDEB - FPM;2066094,63;3142007;4839
MG;Mirabela;2025;FUNDEB - FUNDEB - FTI;223048,5;3142007;4839
MG;Mirabela;2025;FUNDEB - ICMS;6540842,93;3142007;4839
MG;Mirabela;2025;FUNDEB - IPI-EXP;83387,54;3142007;4839
MG;Mirabela;2025;FUNDEB - IPVA;951301,91;3142007;4839
MG;Mirabela;2025;FUNDEB - ITCMD;164591,44;3142007;4839
MG;Mirabela;2025;FUNDEB - ITR;23638,76;3142007;4839
MG;Miradouro;2025;AJUSTE FUNDEB - FPE;-18,83;3142106;4841
MG;Miradouro;2025;AJUSTE FUNDEB - FPM;-56,56;3142106;4841
MG;Miradouro;2025;AJUSTE FUNDEB - ICME;-183,69;3142106;4841
MG;Miradouro;2025;AJUSTE FUNDEB - IPIE;-1,75;3142106;4841
MG;Miradouro;2025;AJUSTE FUNDEB - IPVA;-28,26;3142106;4841
MG;Miradouro;2025;AJUSTE FUNDEB - ITCMD;-4,75;3142106;4841
MG;Miradouro;2025;AJUSTE FUNDEB - ITR;-0,64;3142106;4841
MG;Miradouro;2025;FUNDEB - FPE;454103,73;3142106;4841
MG;Miradouro;2025;FUNDEB - FPM;1398960,09;3142106;4841
MG;Miradouro;2025;FUNDEB - FUNDEB - FTI;144468,72;3142106;4841
MG;Miradouro;2025;FUNDEB - ICMS;4440223,51;3142106;4841
MG;Miradouro;2025;FUNDEB - IPI-EXP;56462,03;3142106;4841
MG;Miradouro;2025;FUNDEB - IPVA;644162,4;3142106;4841
MG;Miradouro;2025;FUNDEB - ITCMD;111512,54;3142106;4841
MG;Miradouro;2025;FUNDEB - ITR;16021,87;3142106;4841
MG;Miraí;2025;AJUSTE FUNDEB - FPE;-19,63;3142205;4843
MG;Miraí;2025;AJUSTE FUNDEB - FPM;-58,88;3142205;4843
MG;Miraí;2025;AJUSTE FUNDEB - ICME;-191,41;3142205;4843
MG;Miraí;2025;AJUSTE FUNDEB - IPIE;-1,87;3142205;4843
MG;Miraí;2025;AJUSTE FUNDEB - IPVA;-29,4;3142205;4843
MG;Miraí;2025;AJUSTE FUNDEB - ITCMD;-5,04;3142205;4843
MG;Miraí;2025;AJUSTE FUNDEB - ITR;-0,64;3142205;4843
MG;Miraí;2025;FUNDEB - FPE;494160,51;3142205;4843
MG;Miraí;2025;FUNDEB - FPM;1522363,25;3142205;4843
MG;Miraí;2025;FUNDEB - FUNDEB - FTI;108651,11;3142205;4843
MG;Miraí;2025;FUNDEB - ICMS;4821668,52;3142205;4843
MG;Miraí;2025;FUNDEB - IPI-EXP;61442,57;3142205;4843
MG;Miraí;2025;FUNDEB - IPVA;701010,48;3142205;4843
MG;Miraí;2025;FUNDEB - ITCMD;121402,99;3142205;4843
MG;Miraí;2025;FUNDEB - ITR;17447,97;3142205;4843
MG;Miravânia;2025;AJUSTE FUNDEB - AJUSTE FUNDEB VAAR;-6113,54;3142254;652
MG;Miravânia;2025;AJUSTE FUNDEB - FPE;-11,61;3142254;652
MG;Miravânia;2025;AJUSTE FUNDEB - FPM;-34,74;3142254;652
MG;Miravânia;2025;AJUSTE FUNDEB - ICME;-113,08;3142254;652
MG;Miravânia;2025;AJUSTE FUNDEB - IPIE;-1,08;3142254;652
MG;Miravânia;2025;AJUSTE FUNDEB - IPVA;-17,35;3142254;652
MG;Miravânia;2025;AJUSTE FUNDEB - ITCMD;-2,92;3142254;652
MG;Miravânia;2025;AJUSTE FUNDEB - ITR;-0,37;3142254;652
MG;Miravânia;2025;FUNDEB - COUN VAAR;84526,58;3142254;652
MG;Miravânia;2025;FUNDEB - COUN VAAT;287183,79;3142254;652
MG;Miravânia;2025;FUNDEB - FPE;302055,94;3142254;652
MG;Miravânia;2025;FUNDEB - FPM;930545,5;3142254;652
MG;Miravânia;2025;FUNDEB - FUNDEB - FTI;165624,29;3142254;652
MG;Miravânia;2025;FUNDEB - ICMS;2952522,15;3142254;652
MG;Miravânia;2025;FUNDEB - IPI-EXP;37556,83;3142254;652
MG;Miravânia;2025;FUNDEB - IPVA;428446,85;3142254;652
MG;Miravânia;2025;FUNDEB - ITCMD;74112,27;3142254;652
MG;Miravânia;2025;FUNDEB - ITR;10642,41;3142254;652
MG;Moeda;2025;AJUSTE FUNDEB - AJUSTE FUNDEB VAAR;-3715,38;3142304;4845
MG;Moeda;2025;AJUSTE FUNDEB - FPE;-9,75;3142304;4845
MG;Moeda;2025;AJUSTE FUNDEB - FPM;-28,97;3142304;4845
MG;Moeda;2025;AJUSTE FUNDEB - ICME;-94,45;3142304;4845
MG;Moeda;2025;AJUSTE FUNDEB - IPIE;-0,91;3142304;4845
MG;Moeda;2025;AJUSTE FUNDEB - IPVA;-14,57;3142304;4845
MG;Moeda;2025;AJUSTE FUNDEB - ITCMD;-2,45;3142304;4845
MG;Moeda;2025;AJUSTE FUNDEB - ITR;-0,28;3142304;4845
MG;Moeda;2025;FUNDEB - COUN VAAR;12607,55;3142304;4845
MG;Moeda;2025;FUNDEB - FPE;282277,83;3142304;4845
MG;Moeda;2025;FUNDEB - FPM;869614,93;3142304;4845
MG;Moeda;2025;FUNDEB - FUNDEB - FTI;49960,2;3142304;4845
MG;Moeda;2025;FUNDEB - ICMS;2752043,8;3142304;4845
MG;Moeda;2025;FUNDEB - IPI-EXP;35097,65;3142304;4845
MG;Moeda;2025;FUNDEB - IPVA;400341,48;3142304;4845
MG;Moeda;2025;FUNDEB - ITCMD;69153,33;3142304;4845
MG;Moeda;2025;FUNDEB - ITR;9920,24;3142304;4845
MG;Moema;2025;AJUSTE FUNDEB - AJUSTE FUNDEB VAAR;-1880,55;3142403;4847
MG;Moema;2025;AJUSTE FUNDEB - AJUSTE FUNDEB VAAT;29527,43;3142403;4847
MG;Moema;2025;AJUSTE FUNDEB - FPE;-16,73;3142403;4847
MG;Moema;2025;AJUSTE FUNDEB - FPM;-50,31;3142403;4847
MG;Moema;2025;AJUSTE FUNDEB - ICME;-163,79;3142403;4847
MG;Moema;2025;AJUSTE FUNDEB - IPIE;-1,6;3142403;4847
MG;Moema;2025;AJUSTE FUNDEB - IPVA;-25,31;3142403;4847
MG;Moema;2025;AJUSTE FUNDEB - ITCMD;-4,28;3142403;4847
MG;Moema;2025;AJUSTE FUNDEB - ITR;-0,57;3142403;4847
MG;Moema;2025;FUNDEB - COUN VAAR;39238,94;3142403;4847
MG;Moema;2025;FUNDEB - COUN VAAT;215865,28;3142403;4847
MG;Moema;2025;FUNDEB - FPE;412185,47;3142403;4847
MG;Moema;2025;FUNDEB - FPM;1269822,27;3142403;4847
MG;Moema;2025;FUNDEB - FUNDEB - FTI;178465,65;3142403;4847
MG;Moema;2025;FUNDEB - ICMS;4013291,91;3142403;4847
MG;Moema;2025;FUNDEB - IPI-EXP;51250,04;3142403;4847
MG;Moema;2025;FUNDEB - IPVA;584697,86;3142403;4847
MG;Moema;2025;FUNDEB - ITCMD;101214,53;3142403;4847
MG;Moema;2025;FUNDEB - ITR;14541,88;3142403;4847
MG;Monjolos;2025;AJUSTE FUNDEB - FPE;-4,01;3142502;4849
MG;Monjolos;2025;AJUSTE FUNDEB - FPM;-12,07;3142502;4849
MG;Monjolos;2025;AJUSTE FUNDEB - ICME;-39,35;3142502;4849
MG;Monjolos;2025;AJUSTE FUNDEB - IPIE;-0,43;3142502;4849
MG;Monjolos;2025;AJUSTE FUNDEB - IPVA;-5,98;3142502;4849
MG;Monjolos;2025;AJUSTE FUNDEB - ITCMD;-1;3142502;4849
MG;Monjolos;2025;AJUSTE FUNDEB - ITR;-0,11;3142502;4849
MG;Monjolos;2025;FUNDEB - FPE;88267,87;3142502;4849
MG;Monjolos;2025;FUNDEB - FPM;271927,4;3142502;4849
MG;Monjolos;2025;FUNDEB - FUNDEB - FTI;106771,05;3142502;4849
MG;Monjolos;2025;FUNDEB - ICMS;864689,03;3142502;4849
MG;Monjolos;2025;FUNDEB - IPI-EXP;10974,99;3142502;4849
MG;Monjolos;2025;FUNDEB - IPVA;125222,57;3142502;4849
MG;Monjolos;2025;FUNDEB - ITCMD;21698,94;3142502;4849
MG;Monjolos;2025;FUNDEB - ITR;3119,86;3142502;4849
MG;Monsenhor Paulo;2025;AJUSTE FUNDEB - AJUSTE FUNDEB VAAT;38101,52;3142601;4851
MG;Monsenhor Paulo;2025;AJUSTE FUNDEB - FPE;-21,14;3142601;4851
MG;Monsenhor Paulo;2025;AJUSTE FUNDEB - FPM;-63,34;3142601;4851
MG;Monsenhor Paulo;2025;AJUSTE FUNDEB - ICME;-206,21;3142601;4851
MG;Monsenhor Paulo;2025;AJUSTE FUNDEB - IPIE;-2,03;3142601;4851
MG;Monsenhor Paulo;2025;AJUSTE FUNDEB - IPVA;-31,81;3142601;4851
MG;Monsenhor Paulo;2025;AJUSTE FUNDEB - ITCMD;-5,3;3142601;4851
MG;Monsenhor Paulo;2025;AJUSTE FUNDEB - ITR;-0,68;3142601;4851
MG;Monsenhor Paulo;2025;FUNDEB - COUN VAAT;681034,59;3142601;4851
MG;Monsenhor Paulo;2025;FUNDEB - FPE;573198,27;3142601;4851
MG;Monsenhor Paulo;2025;FUNDEB - FPM;1765855,36;3142601;4851
MG;Monsenhor Paulo;2025;FUNDEB - FUNDEB - FTI;115139,13;3142601;4851
MG;Monsenhor Paulo;2025;FUNDEB - ICMS;5579203,67;3142601;4851
MG;Monsenhor Paulo;2025;FUNDEB - IPI-EXP;71269,9;3142601;4851
MG;Monsenhor Paulo;2025;FUNDEB - IPVA;813062,08;3142601;4851
MG;Monsenhor Paulo;2025;FUNDEB - ITCMD;140674,88;3142601;4851
MG;Monsenhor Paulo;2025;FUNDEB - ITR;20204,01;3142601;4851
MG;Montalvânia;2025;AJUSTE FUNDEB - AJUSTE FUNDEB VAAR;-11787,65;3142700;4853
MG;Montalvânia;2025;AJUSTE FUNDEB - AJUSTE FUNDEB VAAT;41916,54;3142700;4853
MG;Montalvânia;2025;AJUSTE FUNDEB - FPE;-18,9;3142700;4853
MG;Montalvânia;2025;AJUSTE FUNDEB - FPM;-56,62;3142700;4853
MG;Montalvânia;2025;AJUSTE FUNDEB - ICME;-184,43;3142700;4853
MG;Montalvânia;2025;AJUSTE FUNDEB - IPIE;-1,78;3142700;4853
MG;Montalvânia;2025;AJUSTE FUNDEB - IPVA;-28,44;3142700;4853
MG;Montalvânia;2025;AJUSTE FUNDEB - ITCMD;-4,76;3142700;4853
MG;Montalvânia;2025;AJUSTE FUNDEB - ITR;-0,62;3142700;4853
MG;Montalvânia;2025;FUNDEB - COUN VAAR;48628,33;3142700;4853
MG;Montalvânia;2025;FUNDEB - COUN VAAT;1692927,56;3142700;4853
MG;Montalvânia;2025;FUNDEB - FPE;588446,28;3142700;4853
MG;Montalvânia;2025;FUNDEB - FPM;1812830,06;3142700;4853
MG;Montalvânia;2025;FUNDEB - FUNDEB - FTI;127898,57;3142700;4853
MG;Montalvânia;2025;FUNDEB - ICMS;5737715,1;3142700;4853
MG;Montalvânia;2025;FUNDEB - IPI-EXP;73165,81;3142700;4853
MG;Montalvânia;2025;FUNDEB - IPVA;834694,83;3142700;4853
MG;Montalvânia;2025;FUNDEB - ITCMD;144425,5;3142700;4853
MG;Montalvânia;2025;FUNDEB - ITR;20743,48;3142700;4853
MG;Monte Alegre de Minas;2025;AJUSTE FUNDEB - FPE;-46,25;3142809;4855
MG;Monte Alegre de Minas;2025;AJUSTE FUNDEB - FPM;-138,56;3142809;4855
MG;Monte Alegre de Minas;2025;AJUSTE FUNDEB - ICME;-451,08;3142809;4855
MG;Monte Alegre de Minas;2025;AJUSTE FUNDEB - IPIE;-4,25;3142809;4855
MG;Monte Alegre de Minas;2025;AJUSTE FUNDEB - IPVA;-69,28;3142809;4855
MG;Monte Alegre de Minas;2025;AJUSTE FUNDEB - ITCMD;-11,65;3142809;4855
MG;Monte Alegre de Minas;2025;AJUSTE FUNDEB - ITR;-1,56;3142809;4855
MG;Monte Alegre de Minas;2025;FUNDEB - FPE;1250614,92;3142809;4855
MG;Monte Alegre de Minas;2025;FUNDEB - FPM;3852777,05;3142809;4855
MG;Monte Alegre de Minas;2025;FUNDEB - ICMS;12182749,41;3142809;4855
MG;Monte Alegre de Minas;2025;FUNDEB - IPI-EXP;155498,02;3142809;4855
MG;Monte Alegre de Minas;2025;FUNDEB - IPVA;1773878,86;3142809;4855
MG;Monte Alegre de Minas;2025;FUNDEB - ITCMD;306771,86;3142809;4855
MG;Monte Alegre de Minas;2025;FUNDEB - ITR;44044,56;3142809;4855
MG;Monte Azul;2025;AJUSTE FUNDEB - FPE;-21,68;3142908;4857
MG;Monte Azul;2025;AJUSTE FUNDEB - FPM;-64,92;3142908;4857
MG;Monte Azul;2025;AJUSTE FUNDEB - ICME;-211,51;3142908;4857
MG;Monte Azul;2025;AJUSTE FUNDEB - IPIE;-1,99;3142908;4857
MG;Monte Azul;2025;AJUSTE FUNDEB - IPVA;-32,41;3142908;4857
MG;Monte Azul;2025;AJUSTE FUNDEB - ITCMD;-5,47;3142908;4857
MG;Monte Azul;2025;AJUSTE FUNDEB - ITR;-0,7;3142908;4857
MG;Monte Azul;2025;FUNDEB - COUN VAAT;444144,81;3142908;4857
MG;Monte Azul;2025;FUNDEB - FPE;606865,28;3142908;4857
MG;Monte Azul;2025;FUNDEB - FPM;1869573,6;3142908;4857
MG;Monte Azul;2025;FUNDEB - ICMS;5918278;3142908;4857
MG;Monte Azul;2025;FUNDEB - IPI-EXP;75455,96;3142908;4857
MG;Monte Azul;2025;FUNDEB - IPVA;860788,62;3142908;4857
MG;Monte Azul;2025;FUNDEB - ITCMD;148878,01;3142908;4857
MG;Monte Azul;2025;FUNDEB - ITR;21376,57;3142908;4857
MG;Monte Belo;2025;AJUSTE FUNDEB - AJUSTE FUNDEB VAAR;-11851,8;3143005;4859
MG;Monte Belo;2025;AJUSTE FUNDEB - FPE;-24,16;3143005;4859
MG;Monte Belo;2025;AJUSTE FUNDEB - FPM;-72,56;3143005;4859
MG;Monte Belo;2025;AJUSTE FUNDEB - ICME;-235,91;3143005;4859
MG;Monte Belo;2025;AJUSTE FUNDEB - IPIE;-2,2;3143005;4859
MG;Monte Belo;2025;AJUSTE FUNDEB - IPVA;-36,03;3143005;4859
MG;Monte Belo;2025;AJUSTE FUNDEB - ITCMD;-6,14;3143005;4859
MG;Monte Belo;2025;AJUSTE FUNDEB - ITR;-0,85;3143005;4859
MG;Monte Belo;2025;FUNDEB - COUN VAAR;49448,18;3143005;4859
MG;Monte Belo;2025;FUNDEB - FPE;634133,03;3143005;4859
MG;Monte Belo;2025;FUNDEB - FPM;1953577,55;3143005;4859
MG;Monte Belo;2025;FUNDEB - ICMS;6183366,84;3143005;4859
MG;Monte Belo;2025;FUNDEB - IPI-EXP;78846,37;3143005;4859
MG;Monte Belo;2025;FUNDEB - IPVA;899480,05;3143005;4859
MG;Monte Belo;2025;FUNDEB - ITCMD;155597,22;3143005;4859
MG;Monte Belo;2025;FUNDEB - ITR;22344,13;3143005;4859
MG;Monte Carmelo;2025;AJUSTE FUNDEB - AJUSTE FUNDEB VAAR;18400,59;3143104;4861
MG;Monte Carmelo;2025;AJUSTE FUNDEB - FPE;-67,99;3143104;4861
MG;Monte Carmelo;2025;AJUSTE FUNDEB - FPM;-203,77;3143104;4861
MG;Monte Carmelo;2025;AJUSTE FUNDEB - ICME;-663,15;3143104;4861
MG;Monte Carmelo;2025;AJUSTE FUNDEB - IPIE;-6,35;3143104;4861
MG;Monte Carmelo;2025;AJUSTE FUNDEB - IPVA;-102,01;3143104;4861
MG;Monte Carmelo;2025;AJUSTE FUNDEB - ITCMD;-17,16;3143104;4861
MG;Monte Carmelo;2025;AJUSTE FUNDEB - ITR;-2,2;3143104;4861
MG;Monte Carmelo;2025;FUNDEB - COUN VAAR;77138,96;3143104;4861
MG;Monte Carmelo;2025;FUNDEB - FPE;1758423,82;3143104;4861
MG;Monte Carmelo;2025;FUNDEB - FPM;5417187,11;3143104;4861
MG;Monte Carmelo;2025;FUNDEB - FUNDEB - FTI;350329;3143104;4861
MG;Monte Carmelo;2025;FUNDEB - ICMS;17145343,28;3143104;4861
MG;Monte Carmelo;2025;FUNDEB - IPI-EXP;218637,61;3143104;4861
MG;Monte Carmelo;2025;FUNDEB - IPVA;2494299,99;3143104;4861
MG;Monte Carmelo;2025;FUNDEB - ITCMD;431629,24;3143104;4861
MG;Monte Carmelo;2025;FUNDEB - ITR;61998,53;3143104;4861
MG;Monte Formoso;2025;AJUSTE FUNDEB - FPE;-9;3143153;654
MG;Monte Formoso;2025;AJUSTE FUNDEB - FPM;-26,8;3143153;654
MG;Monte Formoso;2025;AJUSTE FUNDEB - ICME;-87,02;3143153;654
MG;Monte Formoso;2025;AJUSTE FUNDEB - IPIE;-0,86;3143153;654
MG;Monte Formoso;2025;AJUSTE FUNDEB - IPVA;-13,4;3143153;654
MG;Monte Formoso;2025;AJUSTE FUNDEB - ITCMD;-2,26;3143153;654
MG;Monte Formoso;2025;AJUSTE FUNDEB - ITR;-0,3;3143153;654
MG;Monte Formoso;2025;FUNDEB - FPE;219015,3;3143153;654
MG;Monte Formoso;2025;FUNDEB - FPM;674721,7;3143153;654
MG;Monte Formoso;2025;FUNDEB - FUNDEB - FTI;48231,58;3143153;654
MG;Monte Formoso;2025;FUNDEB - ICMS;2142739,59;3143153;654
MG;Monte Formoso;2025;FUNDEB - IPI-EXP;27231,77;3143153;654
MG;Monte Formoso;2025;FUNDEB - IPVA;310666,43;3143153;654
MG;Monte Formoso;2025;FUNDEB - ITCMD;53752,95;3143153;654
MG;Monte Formoso;2025;FUNDEB - ITR;7720,29;3143153;654
MG;Monte Santo de Minas;2025;AJUSTE FUNDEB - AJUSTE FUNDEB VAAR;-12949,54;3143203;4863
MG;Monte Santo de Minas;2025;AJUSTE FUNDEB - FPE;-42,83;3143203;4863
MG;Monte Santo de Minas;2025;AJUSTE FUNDEB - FPM;-128,5;3143203;4863
MG;Monte Santo de Minas;2025;AJUSTE FUNDEB - ICME;-418,09;3143203;4863
MG;Monte Santo de Minas;2025;AJUSTE FUNDEB - IPIE;-3,96;3143203;4863
MG;Monte Santo de Minas;2025;AJUSTE FUNDEB - IPVA;-64,19;3143203;4863
MG;Monte Santo de Minas;2025;AJUSTE FUNDEB - ITCMD;-10,82;3143203;4863
MG;Monte Santo de Minas;2025;AJUSTE FUNDEB - ITR;-1,42;3143203;4863
MG;Monte Santo de Minas;2025;FUNDEB - COUN VAAR;50184,21;3143203;4863
MG;Monte Santo de Minas;2025;FUNDEB - COUN VAAT;934981,36;3143203;4863
MG;Monte Santo de Minas;2025;FUNDEB - FPE;1113195,51;3143203;4863
MG;Monte Santo de Minas;2025;FUNDEB - FPM;3429428,3;3143203;4863
MG;Monte Santo de Minas;2025;FUNDEB - ICMS;10855681;3143203;4863
MG;Monte Santo de Minas;2025;FUNDEB - IPI-EXP;138411,7;3143203;4863
MG;Monte Santo de Minas;2025;FUNDEB - IPVA;1578998,39;3143203;4863
MG;Monte Santo de Minas;2025;FUNDEB - ITCMD;273137,55;3143203;4863
MG;Monte Santo de Minas;2025;FUNDEB - ITR;39222,52;3143203;4863
MG;Monte Sião;2025;AJUSTE FUNDEB - AJUSTE FUNDEB VAAR;-7282,66;3143401;4867
MG;Monte Sião;2025;AJUSTE FUNDEB - FPE;-72,07;3143401;4867
MG;Monte Sião;2025;AJUSTE FUNDEB - FPM;-216,02;3143401;4867
MG;Monte Sião;2025;AJUSTE FUNDEB - ICME;-702,91;3143401;4867
MG;Monte Sião;2025;AJUSTE FUNDEB - IPIE;-6,7;3143401;4867
MG;Monte Sião;2025;AJUSTE FUNDEB - IPVA;-108,07;3143401;4867
MG;Monte Sião;2025;AJUSTE FUNDEB - ITCMD;-18,23;3143401;4867
MG;Monte Sião;2025;AJUSTE FUNDEB - ITR;-2,39;3143401;4867
MG;Monte Sião;2025;FUNDEB - COUN VAAR;58073,05;3143401;4867
MG;Monte Sião;2025;FUNDEB - FPE;1714536,22;3143401;4867
MG;Monte Sião;2025;FUNDEB - FPM;5281982,14;3143401;4867
MG;Monte Sião;2025;FUNDEB - FUNDEB - FTI;88708,79;3143401;4867
MG;Monte Sião;2025;FUNDEB - ICMS;16714777,59;3143401;4867
MG;Monte Sião;2025;FUNDEB - IPI-EXP;213180,72;3143401;4867
MG;Monte Sião;2025;FUNDEB - IPVA;2432123,76;3143401;4867
MG;Monte Sião;2025;FUNDEB - ITCMD;421016,91;3143401;4867
MG;Monte Sião;2025;FUNDEB - ITR;60489,29;3143401;4867
MG;Montes Claros;2025;AJUSTE FUNDEB - AJUSTE FUNDEB VAAT;-319523,95;3143302;4865
MG;Montes Claros;2025;AJUSTE FUNDEB - FPE;-680,85;3143302;4865
MG;Montes Claros;2025;AJUSTE FUNDEB - FPM;-2042,03;3143302;4865
MG;Montes Claros;2025;AJUSTE FUNDEB - ICME;-6644,6;3143302;4865
MG;Montes Claros;2025;AJUSTE FUNDEB - IPIE;-63,57;3143302;4865
MG;Montes Claros;2025;AJUSTE FUNDEB - IPVA;-1021,94;3143302;4865
MG;Montes Claros;2025;AJUSTE FUNDEB - ITCMD;-172,07;3143302;4865
MG;Montes Claros;2025;AJUSTE FUNDEB - ITR;-22,43;3143302;4865
MG;Montes Claros;2025;FUNDEB - COUN VAAT;319523,95;3143302;4865
MG;Montes Claros;2025;FUNDEB - FPE;16541433,59;3143302;4865
MG;Montes Claros;2025;FUNDEB - FPM;50959296,04;3143302;4865
MG;Montes Claros;2025;FUNDEB - FUNDEB - FTI;1039129,11;3143302;4865
MG;Montes Claros;2025;FUNDEB - ICMS;161317048,9;3143302;4865
MG;Montes Claros;2025;FUNDEB - IPI-EXP;2056716,54;3143302;4865
MG;Montes Claros;2025;FUNDEB - IPVA;23464755,38;3143302;4865
MG;Montes Claros;2025;FUNDEB - ITCMD;4062302,44;3143302;4865
MG;Montes Claros;2025;FUNDEB - ITR;583689,22;3143302;4865
MG;Montezuma;2025;AJUSTE FUNDEB - AJUSTE FUNDEB VAAR;-28280,25;3143450;2697
MG;Montezuma;2025;AJUSTE FUNDEB - FPE;-14,7;3143450;2697
MG;Montezuma;2025;AJUSTE FUNDEB - FPM;-44,11;3143450;2697
MG;Montezuma;2025;AJUSTE FUNDEB - ICME;-143,47;3143450;2697
MG;Montezuma;2025;AJUSTE FUNDEB - IPIE;-1,41;3143450;2697
MG;Montezuma;2025;AJUSTE FUNDEB - IPVA;-22,1;3143450;2697
MG;Montezuma;2025;AJUSTE FUNDEB - ITCMD;-3,68;3143450;2697
MG;Montezuma;2025;AJUSTE FUNDEB - ITR;-0,43;3143450;2697
MG;Montezuma;2025;FUNDEB - COUN VAAR;377778,49;3143450;2697
MG;Montezuma;2025;FUNDEB - FPE;355693,34;3143450;2697
MG;Montezuma;2025;FUNDEB - FPM;1095786,6;3143450;2697
MG;Montezuma;2025;FUNDEB - ICMS;3468924,29;3143450;2697
MG;Montezuma;2025;FUNDEB - IPI-EXP;44225,92;3143450;2697
MG;Montezuma;2025;FUNDEB - IPVA;504567,97;3143450;2697
MG;Montezuma;2025;FUNDEB - ITCMD;87354,89;3143450;2697
MG;Montezuma;2025;FUNDEB - ITR;12551,77;3143450;2697
MG;Morada Nova de Minas;2025;AJUSTE FUNDEB - AJUSTE FUNDEB VAAR;-9586,88;3143500;4869
MG;Morada Nova de Minas;2025;AJUSTE FUNDEB - AJUSTE FUNDEB VAAT;52255,69;3143500;4869
MG;Morada Nova de Minas;2025;AJUSTE FUNDEB - FPE;-30,7;3143500;4869
MG;Morada Nova de Minas;2025;AJUSTE FUNDEB - FPM;-92,02;3143500;4869
MG;Morada Nova de Minas;2025;AJUSTE FUNDEB - ICME;-299,4;3143500;4869
MG;Morada Nova de Minas;2025;AJUSTE FUNDEB - IPIE;-2,85;3143500;4869
MG;Morada Nova de Minas;2025;AJUSTE FUNDEB - IPVA;-45,87;3143500;4869
MG;Morada Nova de Minas;2025;AJUSTE FUNDEB - ITCMD;-7,72;3143500;4869
MG;Morada Nova de Minas;2025;AJUSTE FUNDEB - ITR;-1,04;3143500;4869
MG;Morada Nova de Minas;2025;FUNDEB - COUN VAAR;32567,76;3143500;4869
MG;Morada Nova de Minas;2025;FUNDEB - COUN VAAT;127364,8;3143500;4869
MG;Morada Nova de Minas;2025;FUNDEB - FPE;715201,39;3143500;4869
MG;Morada Nova de Minas;2025;FUNDEB - FPM;2203325,3;3143500;4869
MG;Morada Nova de Minas;2025;FUNDEB - FUNDEB - FTI;280941,38;3143500;4869
MG;Morada Nova de Minas;2025;FUNDEB - ICMS;6977571,9;3143500;4869
MG;Morada Nova de Minas;2025;FUNDEB - IPI-EXP;88926,19;3143500;4869
MG;Morada Nova de Minas;2025;FUNDEB - IPVA;1014598,09;3143500;4869
MG;Morada Nova de Minas;2025;FUNDEB - ITCMD;175751,83;3143500;4869
MG;Morada Nova de Minas;2025;FUNDEB - ITR;25263,17;3143500;4869
MG;Morro da Garça;2025;AJUSTE FUNDEB - FPE;-8,46;3143609;4871
MG;Morro da Garça;2025;AJUSTE FUNDEB - FPM;-25,5;3143609;4871
MG;Morro da Garça;2025;AJUSTE FUNDEB - ICME;-82,94;3143609;4871
MG;Morro da Garça;2025;AJUSTE FUNDEB - IPIE;-0,77;3143609;4871
MG;Morro da Garça;2025;AJUSTE FUNDEB - IPVA;-12,75;3143609;4871
MG;Morro da Garça;2025;AJUSTE FUNDEB - ITCMD;-2,14;3143609;4871
MG;Morro da Garça;2025;AJUSTE FUNDEB - ITR;-0,26;3143609;4871
MG;Morro da Garça;2025;FUNDEB - FPE;207722,86;3143609;4871
MG;Morro da Garça;2025;FUNDEB - FPM;639933,09;3143609;4871
MG;Morro da Garça;2025;FUNDEB - FUNDEB - FTI;61899,72;3143609;4871
MG;Morro da Garça;2025;FUNDEB - ICMS;2030496,29;3143609;4871
MG;Morro da Garça;2025;FUNDEB - IPI-EXP;25827,72;3143609;4871
MG;Morro da Garça;2025;FUNDEB - IPVA;294662,53;3143609;4871
MG;Morro da Garça;2025;FUNDEB - ITCMD;51010,25;3143609;4871
MG;Morro da Garça;2025;FUNDEB - ITR;7329,09;3143609;4871
MG;Morro do Pilar;2025;AJUSTE FUNDEB - FPE;-2;3143708;4873
MG;Morro do Pilar;2025;AJUSTE FUNDEB - FPM;-6,06;3143708;4873
MG;Morro do Pilar;2025;AJUSTE FUNDEB - ICME;-19,73;3143708;4873
MG;Morro do Pilar;2025;AJUSTE FUNDEB - IPIE;-0,17;3143708;4873
MG;Morro do Pilar;2025;AJUSTE FUNDEB - IPVA;-3,13;3143708;4873
MG;Morro do Pilar;2025;AJUSTE FUNDEB - ITCMD;-0,56;3143708;4873
MG;Morro do Pilar;2025;AJUSTE FUNDEB - ITR;-0,06;3143708;4873
MG;Morro do Pilar;2025;FUNDEB - FPE;82246,69;3143708;4873
MG;Morro do Pilar;2025;FUNDEB - FPM;253377,8;3143708;4873
MG;Morro do Pilar;2025;FUNDEB - ICMS;800442,91;3143708;4873
MG;Morro do Pilar;2025;FUNDEB - IPI-EXP;10226,31;3143708;4873
MG;Morro do Pilar;2025;FUNDEB - IPVA;116638,79;3143708;4873
MG;Morro do Pilar;2025;FUNDEB - ITCMD;20132,77;3143708;4873
MG;Morro do Pilar;2025;FUNDEB - ITR;2886,55;3143708;4873
MG;Munhoz;2025;AJUSTE FUNDEB - FPE;-16,58;3143807;4875
MG;Munhoz;2025;AJUSTE FUNDEB - FPM;-49,93;3143807;4875
MG;Munhoz;2025;AJUSTE FUNDEB - ICME;-162,49;3143807;4875
MG;Munhoz;2025;AJUSTE FUNDEB - IPIE;-1,55;3143807;4875
MG;Munhoz;2025;AJUSTE FUNDEB - IPVA;-24,92;3143807;4875
MG;Munhoz;2025;AJUSTE FUNDEB - ITCMD;-4,19;3143807;4875
MG;Munhoz;2025;AJUSTE FUNDEB - ITR;-0,56;3143807;4875
MG;Munhoz;2025;FUNDEB - FPE;403898,32;3143807;4875
MG;Munhoz;2025;FUNDEB - FPM;1244292,07;3143807;4875
MG;Munhoz;2025;FUNDEB - ICMS;3934702,01;3143807;4875
MG;Munhoz;2025;FUNDEB - IPI-EXP;50219,62;3143807;4875
MG;Munhoz;2025;FUNDEB - IPVA;572932,69;3143807;4875
MG;Munhoz;2025;FUNDEB - ITCMD;99159,6;3143807;4875
MG;Munhoz;2025;FUNDEB - ITR;14244,77;3143807;4875
MG;Muriaé;2025;AJUSTE FUNDEB - FPE;313,88;3143906;4877
MG;Muriaé;2025;AJUSTE FUNDEB - FPM;984,93;3143906;4877
MG;Muriaé;2025;AJUSTE FUNDEB - ICME;3156,41;3143906;4877
MG;Muriaé;2025;AJUSTE FUNDEB - IPIE;46,92;3143906;4877
MG;Muriaé;2025;AJUSTE FUNDEB - IPVA;519,84;3143906;4877
MG;Muriaé;2025;AJUSTE FUNDEB - ITCMD;65,93;3143906;4877
MG;Muriaé;2025;AJUSTE FUNDEB - ITR;12,71;3143906;4877
MG;Muriaé;2025;FUNDEB - COUN VAAT;492644,08;3143906;4877
MG;Muriaé;2025;FUNDEB - FPE;5769007,52;3143906;4877
MG;Muriaé;2025;FUNDEB - FPM;17772616,95;3143906;4877
MG;Muriaé;2025;FUNDEB - FUNDEB - FTI;1198042,57;3143906;4877
MG;Muriaé;2025;FUNDEB - ICMS;56230938,58;3143906;4877
MG;Muriaé;2025;FUNDEB - IPI-EXP;717301,57;3143906;4877
MG;Muriaé;2025;FUNDEB - IPVA;8183004,11;3143906;4877
MG;Muriaé;2025;FUNDEB - ITCMD;1415759,33;3143906;4877
MG;Muriaé;2025;FUNDEB - ITR;203323,68;3143906;4877
MG;Mutum;2025;AJUSTE FUNDEB - AJUSTE FUNDEB VAAR;-14559,93;3144003;4879
MG;Mutum;2025;AJUSTE FUNDEB - FPE;-35,36;3144003;4879
MG;Mutum;2025;AJUSTE FUNDEB - FPM;-105,93;3144003;4879
MG;Mutum;2025;AJUSTE FUNDEB - ICME;-344,89;3144003;4879
MG;Mutum;2025;AJUSTE FUNDEB - IPIE;-3,23;3144003;4879
MG;Mutum;2025;AJUSTE FUNDEB - IPVA;-53,15;3144003;4879
MG;Mutum;2025;AJUSTE FUNDEB - ITCMD;-8,92;3144003;4879
MG;Mutum;2025;AJUSTE FUNDEB - ITR;-1,16;3144003;4879
MG;Mutum;2025;FUNDEB - COUN VAAR;74732,48;3144003;4879
MG;Mutum;2025;FUNDEB - COUN VAAT;1763451,88;3144003;4879
MG;Mutum;2025;FUNDEB - FPE;981860,26;3144003;4879
MG;Mutum;2025;FUNDEB - FPM;3024822,87;3144003;4879
MG;Mutum;2025;FUNDEB - ICMS;9566609,85;3144003;4879
MG;Mutum;2025;FUNDEB - IPI-EXP;122081,8;3144003;4879
MG;Mutum;2025;FUNDEB - IPVA;1392557,78;3144003;4879
MG;Mutum;2025;FUNDEB - ITCMD;240603,34;3144003;4879
MG;Mutum;2025;FUNDEB - ITR;34521,47;3144003;4879
MG;Muzambinho;2025;AJUSTE FUNDEB - AJUSTE FUNDEB VAAR;-2297,95;3144102;4881
MG;Muzambinho;2025;AJUSTE FUNDEB - FPE;-37,14;3144102;4881
MG;Muzambinho;2025;AJUSTE FUNDEB - FPM;-111,36;3144102;4881
MG;Muzambinho;2025;AJUSTE FUNDEB - ICME;-362,61;3144102;4881
MG;Muzambinho;2025;AJUSTE FUNDEB - IPIE;-3,5;3144102;4881
MG;Muzambinho;2025;AJUSTE FUNDEB - IPVA;-55,75;3144102;4881
MG;Muzambinho;2025;AJUSTE FUNDEB - ITCMD;-9,37;3144102;4881
MG;Muzambinho;2025;AJUSTE FUNDEB - ITR;-1,26;3144102;4881
MG;Muzambinho;2025;FUNDEB - COUN VAAR;37843,49;3144102;4881
MG;Muzambinho;2025;FUNDEB - FPE;842155,65;3144102;4881
MG;Muzambinho;2025;FUNDEB - FPM;2594434,05;3144102;4881
MG;Muzambinho;2025;FUNDEB - ICMS;8219950,24;3144102;4881
MG;Muzambinho;2025;FUNDEB - IPI-EXP;104711,34;3144102;4881
MG;Muzambinho;2025;FUNDEB - IPVA;1194714,06;3144102;4881
MG;Muzambinho;2025;FUNDEB - ITCMD;206982,76;3144102;4881
MG;Muzambinho;2025;FUNDEB - ITR;29755,56;3144102;4881
MG;Nacip Raydan;2025;AJUSTE FUNDEB - AJUSTE FUNDEB VAAR;-7983,23;3144201;4883
MG;Nacip Raydan;2025;AJUSTE FUNDEB - FPE;-4,73;3144201;4883
MG;Nacip Raydan;2025;AJUSTE FUNDEB - FPM;-14,18;3144201;4883
MG;Nacip Raydan;2025;AJUSTE FUNDEB - ICME;-46,01;3144201;4883
MG;Nacip Raydan;2025;AJUSTE FUNDEB - IPIE;-0,43;3144201;4883
MG;Nacip Raydan;2025;AJUSTE FUNDEB - IPVA;-7,21;3144201;4883
MG;Nacip Raydan;2025;AJUSTE FUNDEB - ITCMD;-1,14;3144201;4883
MG;Nacip Raydan;2025;AJUSTE FUNDEB - ITR;-0,13;3144201;4883
MG;Nacip Raydan;2025;FUNDEB - COUN VAAR;118317,8;3144201;4883
MG;Nacip Raydan;2025;FUNDEB - FPE;114017,15;3144201;4883
MG;Nacip Raydan;2025;FUNDEB - FPM;351253,27;3144201;4883
MG;Nacip Raydan;2025;FUNDEB - ICMS;1115025;3144201;4883
MG;Nacip Raydan;2025;FUNDEB - IPI-EXP;14176,56;3144201;4883
MG;Nacip Raydan;2025;FUNDEB - IPVA;161731,81;3144201;4883
MG;Nacip Raydan;2025;FUNDEB - ITCMD;27987,42;3144201;4883
MG;Nacip Raydan;2025;FUNDEB - ITR;4020,07;3144201;4883
MG;Nanuque;2025;AJUSTE FUNDEB - AJUSTE FUNDEB VAAR;-44847,71;3144300;4885
MG;Nanuque;2025;AJUSTE FUNDEB - FPE;-44,09;3144300;4885
MG;Nanuque;2025;AJUSTE FUNDEB - FPM;-132,3;3144300;4885
MG;Nanuque;2025;AJUSTE FUNDEB - ICME;-430,75;3144300;4885
MG;Nanuque;2025;AJUSTE FUNDEB - IPIE;-4,23;3144300;4885
MG;Nanuque;2025;AJUSTE FUNDEB - IPVA;-66,29;3144300;4885
MG;Nanuque;2025;AJUSTE FUNDEB - ITCMD;-11,16;3144300;4885
MG;Nanuque;2025;AJUSTE FUNDEB - ITR;-1,49;3144300;4885
MG;Nanuque;2025;FUNDEB - COUN VAAR;785434,76;3144300;4885
MG;Nanuque;2025;FUNDEB - FPE;1060514,46;3144300;4885
MG;Nanuque;2025;FUNDEB - FPM;3267133,39;3144300;4885
MG;Nanuque;2025;FUNDEB - FUNDEB - FTI;14394,74;3144300;4885
MG;Nanuque;2025;FUNDEB - ICMS;10359796,3;3144300;4885
MG;Nanuque;2025;FUNDEB - IPI-EXP;131861,46;3144300;4885
MG;Nanuque;2025;FUNDEB - IPVA;1504300,81;3144300;4885
MG;Nanuque;2025;FUNDEB - ITCMD;260267,35;3144300;4885
MG;Nanuque;2025;FUNDEB - ITR;37379,61;3144300;4885
MG;Naque;2025;AJUSTE FUNDEB - AJUSTE FUNDEB VAAR;-26566,6;3144359;656
MG;Naque;2025;AJUSTE FUNDEB - AJUSTE FUNDEB VAAT;32119,72;3144359;656
MG;Naque;2025;AJUSTE FUNDEB - FPE;-17,83;3144359;656
MG;Naque;2025;AJUSTE FUNDEB - FPM;-53,39;3144359;656
MG;Naque;2025;AJUSTE FUNDEB - ICME;-174,05;3144359;656
MG;Naque;2025;AJUSTE FUNDEB - IPIE;-1,66;3144359;656
MG;Naque;2025;AJUSTE FUNDEB - IPVA;-26,67;3144359;656
MG;Naque;2025;AJUSTE FUNDEB - ITCMD;-4,42;3144359;656
MG;Naque;2025;AJUSTE FUNDEB - ITR;-0,56;3144359;656
MG;Naque;2025;FUNDEB - COUN VAAR;419935,92;3144359;656
MG;Naque;2025;FUNDEB - COUN VAAT;846507,51;3144359;656
MG;Naque;2025;FUNDEB - FPE;463991,71;3144359;656
MG;Naque;2025;FUNDEB - FPM;1429422,04;3144359;656
MG;Naque;2025;FUNDEB - FUNDEB - FTI;167466,66;3144359;656
MG;Naque;2025;FUNDEB - ICMS;4521190,67;3144359;656
MG;Naque;2025;FUNDEB - IPI-EXP;57691,46;3144359;656
MG;Naque;2025;FUNDEB - IPVA;658155,74;3144359;656
MG;Naque;2025;FUNDEB - ITCMD;113872,51;3144359;656
MG;Naque;2025;FUNDEB - ITR;16354,51;3144359;656
MG;Natalândia;2025;AJUSTE FUNDEB - AJUSTE FUNDEB VAAR;-17183,53;3144375;658
MG;Natalândia;2025;AJUSTE FUNDEB - FPE;-7,63;3144375;658
MG;Natalândia;2025;AJUSTE FUNDEB - FPM;-22,84;3144375;658
MG;Natalândia;2025;AJUSTE FUNDEB - ICME;-74,2;3144375;658
MG;Natalândia;2025;AJUSTE FUNDEB - IPIE;-0,67;3144375;658
MG;Natalândia;2025;AJUSTE FUNDEB - IPVA;-11,55;3144375;658
MG;Natalândia;2025;AJUSTE FUNDEB - ITCMD;-1,89;3144375;658
MG;Natalândia;2025;AJUSTE FUNDEB - ITR;-0,26;3144375;658
MG;Natalândia;2025;FUNDEB - COUN VAAR;224989,38;3144375;658
MG;Natalândia;2025;FUNDEB - COUN VAAT;1092548,27;3144375;658
MG;Natalândia;2025;FUNDEB - FPE;305347,15;3144375;658
MG;Natalândia;2025;FUNDEB - FPM;940684,79;3144375;658
MG;Natalândia;2025;FUNDEB - FUNDEB - FTI;60102,23;3144375;658
MG;Natalândia;2025;FUNDEB - ICMS;2973210,03;3144375;658
MG;Natalândia;2025;FUNDEB - IPI-EXP;37966,01;3144375;658
MG;Natalândia;2025;FUNDEB - IPVA;433004,59;3144375;658
MG;Natalândia;2025;FUNDEB - ITCMD;74691,15;3144375;658
MG;Natalândia;2025;FUNDEB - ITR;10703,97;3144375;658
MG;Natércia;2025;AJUSTE FUNDEB - AJUSTE FUNDEB VAAR;-6096,43;3144409;4887
MG;Natércia;2025;AJUSTE FUNDEB - FPE;-10,05;3144409;4887
MG;Natércia;2025;AJUSTE FUNDEB - FPM;-30,08;3144409;4887
MG;Natércia;2025;AJUSTE FUNDEB - ICME;-98,14;3144409;4887
MG;Natércia;2025;AJUSTE FUNDEB - IPIE;-0,92;3144409;4887
MG;Natércia;2025;AJUSTE FUNDEB - IPVA;-15,17;3144409;4887
MG;Natércia;2025;AJUSTE FUNDEB - ITCMD;-2,5;3144409;4887
MG;Natércia;2025;AJUSTE FUNDEB - ITR;-0,34;3144409;4887
MG;Natércia;2025;FUNDEB - COUN VAAR;97536,6;3144409;4887
MG;Natércia;2025;FUNDEB - FPE;237822,96;3144409;4887
MG;Natércia;2025;FUNDEB - FPM;732662,76;3144409;4887
MG;Natércia;2025;FUNDEB - ICMS;2319254,4;3144409;4887
MG;Natércia;2025;FUNDEB - IPI-EXP;29570,26;3144409;4887
MG;Natércia;2025;FUNDEB - IPVA;337361,42;3144409;4887
MG;Natércia;2025;FUNDEB - ITCMD;58403,36;3144409;4887
MG;Natércia;2025;FUNDEB - ITR;8391,47;3144409;4887
MG;Nazareno;2025;AJUSTE FUNDEB - AJUSTE FUNDEB VAAR;-15139,3;3144508;4889
MG;Nazareno;2025;AJUSTE FUNDEB - FPE;-16,52;3144508;4889
MG;Nazareno;2025;AJUSTE FUNDEB - FPM;-49,62;3144508;4889
MG;Nazareno;2025;AJUSTE FUNDEB - ICME;-161,4;3144508;4889
MG;Nazareno;2025;AJUSTE FUNDEB - IPIE;-1,55;3144508;4889
MG;Nazareno;2025;AJUSTE FUNDEB - IPVA;-24,64;3144508;4889
MG;Nazareno;2025;AJUSTE FUNDEB - ITCMD;-4,23;3144508;4889
MG;Nazareno;2025;AJUSTE FUNDEB - ITR;-0,57;3144508;4889
MG;Nazareno;2025;FUNDEB - COUN VAAR;209317,36;3144508;4889
MG;Nazareno;2025;FUNDEB - FPE;393898,13;3144508;4889
MG;Nazareno;2025;FUNDEB - FPM;1213484,32;3144508;4889
MG;Nazareno;2025;FUNDEB - ICMS;3844925,15;3144508;4889
MG;Nazareno;2025;FUNDEB - IPI-EXP;48976,19;3144508;4889
MG;Nazareno;2025;FUNDEB - IPVA;558768,82;3144508;4889
MG;Nazareno;2025;FUNDEB - ITCMD;96749,18;3144508;4889
MG;Nazareno;2025;FUNDEB - ITR;13902,68;3144508;4889
MG;Nepomuceno;2025;AJUSTE FUNDEB - AJUSTE FUNDEB VAAR;-5931,98;3144607;4891
MG;Nepomuceno;2025;AJUSTE FUNDEB - AJUSTE FUNDEB VAAT;81148,14;3144607;4891
MG;Nepomuceno;2025;AJUSTE FUNDEB - FPE;-43,32;3144607;4891
MG;Nepomuceno;2025;AJUSTE FUNDEB - FPM;-129,86;3144607;4891
MG;Nepomuceno;2025;AJUSTE FUNDEB - ICME;-422,42;3144607;4891
MG;Nepomuceno;2025;AJUSTE FUNDEB - IPIE;-4,06;3144607;4891
MG;Nepomuceno;2025;AJUSTE FUNDEB - IPVA;-64,97;3144607;4891
MG;Nepomuceno;2025;AJUSTE FUNDEB - ITCMD;-10,88;3144607;4891
MG;Nepomuceno;2025;AJUSTE FUNDEB - ITR;-1,39;3144607;4891
MG;Nepomuceno;2025;FUNDEB - COUN VAAR;593762,27;3144607;4891
MG;Nepomuceno;2025;FUNDEB - COUN VAAT;856971,41;3144607;4891
MG;Nepomuceno;2025;FUNDEB - FPE;1178046,12;3144607;4891
MG;Nepomuceno;2025;FUNDEB - FPM;3629213,98;3144607;4891
MG;Nepomuceno;2025;FUNDEB - ICMS;11472394,71;3144607;4891
MG;Nepomuceno;2025;FUNDEB - IPI-EXP;146475,04;3144607;4891
MG;Nepomuceno;2025;FUNDEB - IPVA;1671033,87;3144607;4891
MG;Nepomuceno;2025;FUNDEB - ITCMD;289150,29;3144607;4891
MG;Nepomuceno;2025;FUNDEB - ITR;41531,42;3144607;4891
MG;Ninheira;2025;AJUSTE FUNDEB - AJUSTE FUNDEB VAAR;-2213,67;3144656;660
MG;Ninheira;2025;AJUSTE FUNDEB - AJUSTE FUNDEB VAAT;-5130,62;3144656;660
MG;Ninheira;2025;AJUSTE FUNDEB - FPE;-19,84;3144656;660
MG;Ninheira;2025;AJUSTE FUNDEB - FPM;-59,57;3144656;660
MG;Ninheira;2025;AJUSTE FUNDEB - ICME;-193,83;3144656;660
MG;Ninheira;2025;AJUSTE FUNDEB - IPIE;-1,84;3144656;660
MG;Ninheira;2025;AJUSTE FUNDEB - IPVA;-29,77;3144656;660
MG;Ninheira;2025;AJUSTE FUNDEB - ITCMD;-5;3144656;660
MG;Ninheira;2025;AJUSTE FUNDEB - ITR;-0,64;3144656;660
MG;Ninheira;2025;FUNDEB - COUN VAAR;15447,79;3144656;660
MG;Ninheira;2025;FUNDEB - COUN VAAT;5130,62;3144656;660
MG;Ninheira;2025;FUNDEB - FPE;495617,23;3144656;660
MG;Ninheira;2025;FUNDEB - FPM;1526851,1;3144656;660
MG;Ninheira;2025;FUNDEB - FUNDEB - FTI;174207,64;3144656;660
MG;Ninheira;2025;FUNDEB - ICMS;4838312,07;3144656;660
MG;Ninheira;2025;FUNDEB - IPI-EXP;61623,68;3144656;660
MG;Ninheira;2025;FUNDEB - IPVA;703016,86;3144656;660
MG;Ninheira;2025;FUNDEB - ITCMD;121636,56;3144656;660
MG;Ninheira;2025;FUNDEB - ITR;17469,82;3144656;660
MG;Nova Belém;2025;AJUSTE FUNDEB - AJUSTE FUNDEB VAAT;22309,5;3144672;662
MG;Nova Belém;2025;AJUSTE FUNDEB - FPE;-11,29;3144672;662
MG;Nova Belém;2025;AJUSTE FUNDEB - FPM;-33,81;3144672;662
MG;Nova Belém;2025;AJUSTE FUNDEB - ICME;-110,13;3144672;662
MG;Nova Belém;2025;AJUSTE FUNDEB - IPIE;-1,04;3144672;662
MG;Nova Belém;2025;AJUSTE FUNDEB - IPVA;-16,87;3144672;662
MG;Nova Belém;2025;AJUSTE FUNDEB - ITCMD;-2,85;3144672;662
MG;Nova Belém;2025;AJUSTE FUNDEB - ITR;-0,4;3144672;662
MG;Nova Belém;2025;FUNDEB - COUN VAAT;175275,22;3144672;662
MG;Nova Belém;2025;FUNDEB - FPE;267801,7;3144672;662
MG;Nova Belém;2025;FUNDEB - FPM;825018,31;3144672;662
MG;Nova Belém;2025;FUNDEB - ICMS;2609768,06;3144672;662
MG;Nova Belém;2025;FUNDEB - IPI-EXP;33297,73;3144672;662
MG;Nova Belém;2025;FUNDEB - IPVA;379944,18;3144672;662
MG;Nova Belém;2025;FUNDEB - ITCMD;65882,57;3144672;662
MG;Nova Belém;2025;FUNDEB - ITR;9477,12;3144672;662
MG;Nova Era;2025;AJUSTE FUNDEB - FPE;-33,86;3144706;4893
MG;Nova Era;2025;AJUSTE FUNDEB - FPM;-101,61;3144706;4893
MG;Nova Era;2025;AJUSTE FUNDEB - ICME;-330,63;3144706;4893
MG;Nova Era;2025;AJUSTE FUNDEB - IPIE;-3,23;3144706;4893
MG;Nova Era;2025;AJUSTE FUNDEB - IPVA;-50,78;3144706;4893
MG;Nova Era;2025;AJUSTE FUNDEB - ITCMD;-8,61;3144706;4893
MG;Nova Era;2025;AJUSTE FUNDEB - ITR;-1,1;3144706;4893
MG;Nova Era;2025;FUNDEB - FPE;750648,25;3144706;4893
MG;Nova Era;2025;FUNDEB - FPM;2312526,67;3144706;4893
MG;Nova Era;2025;FUNDEB - FUNDEB - FTI;13707,95;3144706;4893
MG;Nova Era;2025;FUNDEB - ICMS;7334871,78;3144706;4893
MG;Nova Era;2025;FUNDEB - IPI-EXP;93333,57;3144706;4893
MG;Nova Era;2025;FUNDEB - IPVA;1064812,29;3144706;4893
MG;Nova Era;2025;FUNDEB - ITCMD;184314,95;3144706;4893
MG;Nova Era;2025;FUNDEB - ITR;26480,16;3144706;4893
MG;Nova Lima;2025;AJUSTE FUNDEB - AJUSTE FUNDEB VAAR;-59754,6;3144805;4895
MG;Nova Lima;2025;AJUSTE FUNDEB - FPE;-197,93;3144805;4895
MG;Nova Lima;2025;AJUSTE FUNDEB - FPM;-593,65;3144805;4895
MG;Nova Lima;2025;AJUSTE FUNDEB - ICME;-1931,84;3144805;4895
MG;Nova Lima;2025;AJUSTE FUNDEB - IPIE;-18,5;3144805;4895
MG;Nova Lima;2025;AJUSTE FUNDEB - IPVA;-297,14;3144805;4895
MG;Nova Lima;2025;AJUSTE FUNDEB - ITCMD;-50,05;3144805;4895
MG;Nova Lima;2025;AJUSTE FUNDEB - ITR;-6,48;3144805;4895
MG;Nova Lima;2025;FUNDEB - COUN VAAR;373377,26;3144805;4895
MG;Nova Lima;2025;FUNDEB - FPE;4970634,74;3144805;4895
MG;Nova Lima;2025;FUNDEB - FPM;15313065,02;3144805;4895
MG;Nova Lima;2025;FUNDEB - FUNDEB - FTI;349734,59;3144805;4895
MG;Nova Lima;2025;FUNDEB - ICMS;48480652,7;3144805;4895
MG;Nova Lima;2025;FUNDEB - IPI-EXP;618035,1;3144805;4895
MG;Nova Lima;2025;FUNDEB - IPVA;7050390,09;3144805;4895
MG;Nova Lima;2025;FUNDEB - ITCMD;1219311,75;3144805;4895
MG;Nova Lima;2025;FUNDEB - ITR;175064,66;3144805;4895
MG;Nova Módica;2025;AJUSTE FUNDEB - FPE;-7,99;3144904;4897
MG;Nova Módica;2025;AJUSTE FUNDEB - FPM;-24,03;3144904;4897
MG;Nova Módica;2025;AJUSTE FUNDEB - ICME;-78,22;3144904;4897
MG;Nova Módica;2025;AJUSTE FUNDEB - IPIE;-0,72;3144904;4897
MG;Nova Módica;2025;AJUSTE FUNDEB - IPVA;-12,11;3144904;4897
MG;Nova Módica;2025;AJUSTE FUNDEB - ITCMD;-1,96;3144904;4897
MG;Nova Módica;2025;AJUSTE FUNDEB - ITR;-0,25;3144904;4897
MG;Nova Módica;2025;FUNDEB - FPE;140655,64;3144904;4897
MG;Nova Módica;2025;FUNDEB - FPM;433318,73;3144904;4897
MG;Nova Módica;2025;FUNDEB - ICMS;1379446,74;3144904;4897
MG;Nova Módica;2025;FUNDEB - IPI-EXP;17488,73;3144904;4897
MG;Nova Módica;2025;FUNDEB - IPVA;199540,79;3144904;4897
MG;Nova Módica;2025;FUNDEB - ITCMD;34572,61;3144904;4897
MG;Nova Módica;2025;FUNDEB - ITR;4970,35;3144904;4897
MG;Nova Ponte;2025;AJUSTE FUNDEB - FPE;-50,36;3145000;4899
MG;Nova Ponte;2025;AJUSTE FUNDEB - FPM;-151,08;3145000;4899
MG;Nova Ponte;2025;AJUSTE FUNDEB - ICME;-491,51;3145000;4899
MG;Nova Ponte;2025;AJUSTE FUNDEB - IPIE;-4,69;3145000;4899
MG;Nova Ponte;2025;AJUSTE FUNDEB - IPVA;-75,82;3145000;4899
MG;Nova Ponte;2025;AJUSTE FUNDEB - ITCMD;-12,7;3145000;4899
MG;Nova Ponte;2025;AJUSTE FUNDEB - ITR;-1,68;3145000;4899
MG;Nova Ponte;2025;FUNDEB - FPE;1189682,48;3145000;4899
MG;Nova Ponte;2025;FUNDEB - FPM;3665062,18;3145000;4899
MG;Nova Ponte;2025;FUNDEB - ICMS;11605650,17;3145000;4899
MG;Nova Ponte;2025;FUNDEB - IPI-EXP;147921,84;3145000;4899
MG;Nova Ponte;2025;FUNDEB - IPVA;1687556,38;3145000;4899
MG;Nova Ponte;2025;FUNDEB - ITCMD;292040,69;3145000;4899
MG;Nova Ponte;2025;FUNDEB - ITR;41949,82;3145000;4899
MG;Nova Porteirinha;2025;AJUSTE FUNDEB - AJUSTE FUNDEB VAAT;32425,1;3145059;664
MG;Nova Porteirinha;2025;AJUSTE FUNDEB - FPE;-16,65;3145059;664
MG;Nova Porteirinha;2025;AJUSTE FUNDEB - FPM;-49,78;3145059;664
MG;Nova Porteirinha;2025;AJUSTE FUNDEB - ICME;-162,13;3145059;664
MG;Nova Porteirinha;2025;AJUSTE FUNDEB - IPIE;-1,56;3145059;664
MG;Nova Porteirinha;2025;AJUSTE FUNDEB - IPVA;-24,98;3145059;664
MG;Nova Porteirinha;2025;AJUSTE FUNDEB - ITCMD;-4,21;3145059;664
MG;Nova Porteirinha;2025;AJUSTE FUNDEB - ITR;-0,53;3145059;664
MG;Nova Porteirinha;2025;FUNDEB - COUN VAAT;1012047,27;3145059;664
MG;Nova Porteirinha;2025;FUNDEB - FPE;447499,83;3145059;664
MG;Nova Porteirinha;2025;FUNDEB - FPM;1378615,49;3145059;664
MG;Nova Porteirinha;2025;FUNDEB - FUNDEB - FTI;1509,65;3145059;664
MG;Nova Porteirinha;2025;FUNDEB - ICMS;4361788,86;3145059;664
MG;Nova Porteirinha;2025;FUNDEB - IPI-EXP;55640,9;3145059;664
MG;Nova Porteirinha;2025;FUNDEB - IPVA;634798,9;3145059;664
MG;Nova Porteirinha;2025;FUNDEB - ITCMD;109899,83;3145059;664
MG;Nova Porteirinha;2025;FUNDEB - ITR;15791,02;3145059;664
MG;Nova Resende;2025;AJUSTE FUNDEB - FPE;-36,92;3145109;4901
MG;Nova Resende;2025;AJUSTE FUNDEB - FPM;-110,85;3145109;4901
MG;Nova Resende;2025;AJUSTE FUNDEB - ICME;-360,34;3145109;4901
MG;Nova Resende;2025;AJUSTE FUNDEB - IPIE;-3,43;3145109;4901
MG;Nova Resende;2025;AJUSTE FUNDEB - IPVA;-55,39;3145109;4901
MG;Nova Resende;2025;AJUSTE FUNDEB - ITCMD;-9,34;3145109;4901
MG;Nova Resende;2025;AJUSTE FUNDEB - ITR;-1,24;3145109;4901
MG;Nova Resende;2025;FUNDEB - FPE;902162,27;3145109;4901
MG;Nova Resende;2025;FUNDEB - FPM;2779296,95;3145109;4901
MG;Nova Resende;2025;FUNDEB - ICMS;8799101,6;3145109;4901
MG;Nova Resende;2025;FUNDEB - IPI-EXP;112172,4;3145109;4901
MG;Nova Resende;2025;FUNDEB - IPVA;1279729,02;3145109;4901
MG;Nova Resende;2025;FUNDEB - ITCMD;221498,03;3145109;4901
MG;Nova Resende;2025;FUNDEB - ITR;31820,32;3145109;4901
MG;Nova Serrana;2025;AJUSTE FUNDEB - AJUSTE FUNDEB VAAR;-641812,67;3145208;4903
MG;Nova Serrana;2025;AJUSTE FUNDEB - AJUSTE FUNDEB VAAT;635742,48;3145208;4903
MG;Nova Serrana;2025;AJUSTE FUNDEB - FPE;-359,6;3145208;4903
MG;Nova Serrana;2025;AJUSTE FUNDEB - FPM;-1078,48;3145208;4903
MG;Nova Serrana;2025;AJUSTE FUNDEB - ICME;-3509,82;3145208;4903
MG;Nova Serrana;2025;AJUSTE FUNDEB - IPIE;-33,55;3145208;4903
MG;Nova Serrana;2025;AJUSTE FUNDEB - IPVA;-539,63;3145208;4903
MG;Nova Serrana;2025;AJUSTE FUNDEB - ITCMD;-90,98;3145208;4903
MG;Nova Serrana;2025;AJUSTE FUNDEB - ITR;-11,79;3145208;4903
MG;Nova Serrana;2025;FUNDEB - COUN VAAR;8374700,98;3145208;4903
MG;Nova Serrana;2025;FUNDEB - COUN VAAT;32760840,17;3145208;4903
MG;Nova Serrana;2025;FUNDEB - FPE;9532987,16;3145208;4903
MG;Nova Serrana;2025;FUNDEB - FPM;29368332,04;3145208;4903
MG;Nova Serrana;2025;FUNDEB - FUNDEB - FTI;1600433,91;3145208;4903
MG;Nova Serrana;2025;FUNDEB - ICMS;92781673,73;3145208;4903
MG;Nova Serrana;2025;FUNDEB - IPI-EXP;1185305,51;3145208;4903
MG;Nova Serrana;2025;FUNDEB - IPVA;13521944,12;3145208;4903
MG;Nova Serrana;2025;FUNDEB - ITCMD;2339038,41;3145208;4903
MG;Nova Serrana;2025;FUNDEB - ITR;335884,8;3145208;4903
MG;Nova União;2025;AJUSTE FUNDEB - FPE;-10,68;3136603;4731
MG;Nova União;2025;AJUSTE FUNDEB - FPM;-32,19;3136603;4731
MG;Nova União;2025;AJUSTE FUNDEB - ICME;-105,07;3136603;4731
MG;Nova União;2025;AJUSTE FUNDEB - IPIE;-1,02;3136603;4731
MG;Nova União;2025;AJUSTE FUNDEB - IPVA;-16;3136603;4731
MG;Nova União;2025;AJUSTE FUNDEB - ITCMD;-2,76;3136603;4731
MG;Nova União;2025;AJUSTE FUNDEB - ITR;-0,33;3136603;4731
MG;Nova União;2025;FUNDEB - COUN VAAT;20202,83;3136603;4731
MG;Nova União;2025;FUNDEB - FPE;297216,15;3136603;4731
MG;Nova União;2025;FUNDEB - FPM;915635,67;3136603;4731
MG;Nova União;2025;FUNDEB - ICMS;2896901,82;3136603;4731
MG;Nova União;2025;FUNDEB - IPI-EXP;36955,04;3136603;4731
MG;Nova União;2025;FUNDEB - IPVA;421636,05;3136603;4731
MG;Nova União;2025;FUNDEB - ITCMD;73036,33;3136603;4731
MG;Nova União;2025;FUNDEB - ITR;10498,39;3136603;4731
MG;Novo Cruzeiro;2025;AJUSTE FUNDEB - AJUSTE FUNDEB VAAR;-77969,97;3145307;4905
MG;Novo Cruzeiro;2025;AJUSTE FUNDEB - AJUSTE FUNDEB VAAT;90522,04;3145307;4905
MG;Novo Cruzeiro;2025;AJUSTE FUNDEB - FPE;-49,7;3145307;4905
MG;Novo Cruzeiro;2025;AJUSTE FUNDEB - FPM;-149,33;3145307;4905
MG;Novo Cruzeiro;2025;AJUSTE FUNDEB - ICME;-485,78;3145307;4905
MG;Novo Cruzeiro;2025;AJUSTE FUNDEB - IPIE;-4,7;3145307;4905
MG;Novo Cruzeiro;2025;AJUSTE FUNDEB - IPVA;-74,77;3145307;4905
MG;Novo Cruzeiro;2025;AJUSTE FUNDEB - ITCMD;-12,58;3145307;4905
MG;Novo Cruzeiro;2025;AJUSTE FUNDEB - ITR;-1,63;3145307;4905
MG;Novo Cruzeiro;2025;FUNDEB - COUN VAAR;1145785,41;3145307;4905
MG;Novo Cruzeiro;2025;FUNDEB - COUN VAAT;4308781,32;3145307;4905
MG;Novo Cruzeiro;2025;FUNDEB - FPE;1427807,58;3145307;4905
MG;Novo Cruzeiro;2025;FUNDEB - FPM;4398655,62;3145307;4905
MG;Novo Cruzeiro;2025;FUNDEB - FUNDEB - FTI;289774,38;3145307;4905
MG;Novo Cruzeiro;2025;FUNDEB - ICMS;13917031,39;3145307;4905
MG;Novo Cruzeiro;2025;FUNDEB - IPI-EXP;177529,71;3145307;4905
MG;Novo Cruzeiro;2025;FUNDEB - IPVA;2025041,8;3145307;4905
MG;Novo Cruzeiro;2025;FUNDEB - ITCMD;349889,41;3145307;4905
MG;Novo Cruzeiro;2025;FUNDEB - ITR;50202,36;3145307;4905
MG;Novo Oriente de Minas;2025;AJUSTE FUNDEB - FPE;-21,37;3145356;666
MG;Novo Oriente de Minas;2025;AJUSTE FUNDEB - FPM;-64,25;3145356;666
MG;Novo Oriente de Minas;2025;AJUSTE FUNDEB - ICME;-208,67;3145356;666
MG;Novo Oriente de Minas;2025;AJUSTE FUNDEB - IPIE;-1,99;3145356;666
MG;Novo Oriente de Minas;2025;AJUSTE FUNDEB - IPVA;-32,03;3145356;666
MG;Novo Oriente de Minas;2025;AJUSTE FUNDEB - ITCMD;-5,36;3145356;666
MG;Novo Oriente de Minas;2025;AJUSTE FUNDEB - ITR;-0,74;3145356;666
MG;Novo Oriente de Minas;2025;FUNDEB - COUN VAAT;132385,13;3145356;666
MG;Novo Oriente de Minas;2025;FUNDEB - FPE;515246,52;3145356;666
MG;Novo Oriente de Minas;2025;FUNDEB - FPM;1587323,13;3145356;666
MG;Novo Oriente de Minas;2025;FUNDEB - ICMS;5028976,47;3145356;666
MG;Novo Oriente de Minas;2025;FUNDEB - IPI-EXP;64064,34;3145356;666
MG;Novo Oriente de Minas;2025;FUNDEB - IPVA;730888,47;3145356;666
MG;Novo Oriente de Minas;2025;FUNDEB - ITCMD;126512,06;3145356;666
MG;Novo Oriente de Minas;2025;FUNDEB - ITR;18175,54;3145356;666
MG;Novorizonte;2025;AJUSTE FUNDEB - AJUSTE FUNDEB VAAR;-4273,68;3145372;668
MG;Novorizonte;2025;AJUSTE FUNDEB - FPE;-13,73;3145372;668
MG;Novorizonte;2025;AJUSTE FUNDEB - FPM;-41,2;3145372;668
MG;Novorizonte;2025;AJUSTE FUNDEB - ICME;-133,98;3145372;668
MG;Novorizonte;2025;AJUSTE FUNDEB - IPIE;-1,3;3145372;668
MG;Novorizonte;2025;AJUSTE FUNDEB - IPVA;-20,59;3145372;668
MG;Novorizonte;2025;AJUSTE FUNDEB - ITCMD;-3,51;3145372;668
MG;Novorizonte;2025;AJUSTE FUNDEB - ITR;-0,46;3145372;668
MG;Novorizonte;2025;FUNDEB - COUN VAAR;14770,77;3145372;668
MG;Novorizonte;2025;FUNDEB - FPE;331816,11;3145372;668
MG;Novorizonte;2025;FUNDEB - FPM;1022227,91;3145372;668
MG;Novorizonte;2025;FUNDEB - ICMS;3238320,44;3145372;668
MG;Novorizonte;2025;FUNDEB - IPI-EXP;41257,09;3145372;668
MG;Novorizonte;2025;FUNDEB - IPVA;470651,84;3145372;668
MG;Novorizonte;2025;FUNDEB - ITCMD;81397,78;3145372;668
MG;Novorizonte;2025;FUNDEB - ITR;11687,05;3145372;668
MG;Olaria;2025;AJUSTE FUNDEB - AJUSTE FUNDEB VAAR;-4741,42;3145406;4907
MG;Olaria;2025;AJUSTE FUNDEB - FPE;-7,01;3145406;4907
MG;Olaria;2025;AJUSTE FUNDEB - FPM;-20,95;3145406;4907
MG;Olaria;2025;AJUSTE FUNDEB - ICME;-68,18;3145406;4907
MG;Olaria;2025;AJUSTE FUNDEB - IPIE;-0,69;3145406;4907
MG;Olaria;2025;AJUSTE FUNDEB - IPVA;-10,43;3145406;4907
MG;Olaria;2025;AJUSTE FUNDEB - ITCMD;-1,77;3145406;4907
MG;Olaria;2025;AJUSTE FUNDEB - ITR;-0,2;3145406;4907
MG;Olaria;2025;FUNDEB - COUN VAAR;65555,38;3145406;4907
MG;Olaria;2025;FUNDEB - FPE;152406,09;3145406;4907
MG;Olaria;2025;FUNDEB - FPM;469518,4;3145406;4907
MG;Olaria;2025;FUNDEB - ICMS;1488201,84;3145406;4907
MG;Olaria;2025;FUNDEB - IPI-EXP;18949,77;3145406;4907
MG;Olaria;2025;FUNDEB - IPVA;216192,74;3145406;4907
MG;Olaria;2025;FUNDEB - ITCMD;37424,22;3145406;4907
MG;Olaria;2025;FUNDEB - ITR;5376,86;3145406;4907
MG;Olhos-DÁgua;2025;AJUSTE FUNDEB - FPE;-13,68;3145455;670
MG;Olhos-DÁgua;2025;AJUSTE FUNDEB - FPM;-40,86;3145455;670
MG;Olhos-DÁgua;2025;AJUSTE FUNDEB - ICME;-133,41;3145455;670
MG;Olhos-DÁgua;2025;AJUSTE FUNDEB - IPIE;-1,27;3145455;670
MG;Olhos-DÁgua;2025;AJUSTE FUNDEB - IPVA;-20,56;3145455;670
MG;Olhos-DÁgua;2025;AJUSTE FUNDEB - ITCMD;-3,39;3145455;670
MG;Olhos-DÁgua;2025;AJUSTE FUNDEB - ITR;-0,44;3145455;670
MG;Olhos-DÁgua;2025;FUNDEB - FPE;330487,49;3145455;670
MG;Olhos-DÁgua;2025;FUNDEB - FPM;1018134,73;3145455;670
MG;Olhos-DÁgua;2025;FUNDEB - FUNDEB - FTI;127585,17;3145455;670
MG;Olhos-DÁgua;2025;FUNDEB - ICMS;3227941,56;3145455;670
MG;Olhos-DÁgua;2025;FUNDEB - IPI-EXP;41091,9;3145455;670
MG;Olhos-DÁgua;2025;FUNDEB - IPVA;468806,26;3145455;670
MG;Olhos-DÁgua;2025;FUNDEB - ITCMD;81152,26;3145455;670
MG;Olhos-DÁgua;2025;FUNDEB - ITR;11659,37;3145455;670
MG;Olímpio Noronha;2025;AJUSTE FUNDEB - FPE;-7,85;3145505;4909
MG;Olímpio Noronha;2025;AJUSTE FUNDEB - FPM;-23,52;3145505;4909
MG;Olímpio Noronha;2025;AJUSTE FUNDEB - ICME;-76,74;3145505;4909
MG;Olímpio Noronha;2025;AJUSTE FUNDEB - IPIE;-0,73;3145505;4909
MG;Olímpio Noronha;2025;AJUSTE FUNDEB - IPVA;-11,66;3145505;4909
MG;Olímpio Noronha;2025;AJUSTE FUNDEB - ITCMD;-2,01;3145505;4909
MG;Olímpio Noronha;2025;AJUSTE FUNDEB - ITR;-0,3;3145505;4909
MG;Olímpio Noronha;2025;FUNDEB - FPE;207245,68;3145505;4909
MG;Olímpio Noronha;2025;FUNDEB - FPM;638463,01;3145505;4909
MG;Olímpio Noronha;2025;FUNDEB - ICMS;2022613,36;3145505;4909
MG;Olímpio Noronha;2025;FUNDEB - IPI-EXP;25768,34;3145505;4909
MG;Olímpio Noronha;2025;FUNDEB - IPVA;293935,91;3145505;4909
MG;Olímpio Noronha;2025;FUNDEB - ITCMD;50790,25;3145505;4909
MG;Olímpio Noronha;2025;FUNDEB - ITR;7287,8;3145505;4909
MG;Oliveira;2025;AJUSTE FUNDEB - FPE;-66,49;3145604;4911
MG;Oliveira;2025;AJUSTE FUNDEB - FPM;-199,45;3145604;4911
MG;Oliveira;2025;AJUSTE FUNDEB - ICME;-648,9;3145604;4911
MG;Oliveira;2025;AJUSTE FUNDEB - IPIE;-6,16;3145604;4911
MG;Oliveira;2025;AJUSTE FUNDEB - IPVA;-99,87;3145604;4911
MG;Oliveira;2025;AJUSTE FUNDEB - ITCMD;-16,79;3145604;4911
MG;Oliveira;2025;AJUSTE FUNDEB - ITR;-2,28;3145604;4911
MG;Oliveira;2025;FUNDEB - FPE;1641636,37;3145604;4911
MG;Oliveira;2025;FUNDEB - FPM;5057399,17;3145604;4911
MG;Oliveira;2025;FUNDEB - ICMS;16005188,66;3145604;4911
MG;Oliveira;2025;FUNDEB - IPI-EXP;204116,56;3145604;4911
MG;Oliveira;2025;FUNDEB - IPVA;2328753,39;3145604;4911
MG;Oliveira;2025;FUNDEB - ITCMD;403199,13;3145604;4911
MG;Oliveira;2025;FUNDEB - ITR;57937,23;3145604;4911
MG;Oliveira Fortes;2025;AJUSTE FUNDEB - FPE;-4,99;3145703;4913
MG;Oliveira Fortes;2025;AJUSTE FUNDEB - FPM;-15,08;3145703;4913
MG;Oliveira Fortes;2025;AJUSTE FUNDEB - ICME;-48,91;3145703;4913
MG;Oliveira Fortes;2025;AJUSTE FUNDEB - IPIE;-0,47;3145703;4913
MG;Oliveira Fortes;2025;AJUSTE FUNDEB - IPVA;-7,47;3145703;4913
MG;Oliveira Fortes;2025;AJUSTE FUNDEB - ITCMD;-1,29;3145703;4913
MG;Oliveira Fortes;2025;AJUSTE FUNDEB - ITR;-0,13;3145703;4913
MG;Oliveira Fortes;2025;FUNDEB - FPE;114607,27;3145703;4913
MG;Oliveira Fortes;2025;FUNDEB - FPM;353071,42;3145703;4913
MG;Oliveira Fortes;2025;FUNDEB - ICMS;1119705,51;3145703;4913
MG;Oliveira Fortes;2025;FUNDEB - IPI-EXP;14249,96;3145703;4913
MG;Oliveira Fortes;2025;FUNDEB - IPVA;162580,17;3145703;4913
MG;Oliveira Fortes;2025;FUNDEB - ITCMD;28155,17;3145703;4913
MG;Oliveira Fortes;2025;FUNDEB - ITR;4046,33;3145703;4913
MG;Onça de Pitangui;2025;AJUSTE FUNDEB - FPE;-4,51;3145802;4915
MG;Onça de Pitangui;2025;AJUSTE FUNDEB - FPM;-13,29;3145802;4915
MG;Onça de Pitangui;2025;AJUSTE FUNDEB - ICME;-43,45;3145802;4915
MG;Onça de Pitangui;2025;AJUSTE FUNDEB - IPIE;-0,38;3145802;4915
MG;Onça de Pitangui;2025;AJUSTE FUNDEB - IPVA;-6,63;3145802;4915
MG;Onça de Pitangui;2025;AJUSTE FUNDEB - ITCMD;-1,23;3145802;4915
MG;Onça de Pitangui;2025;AJUSTE FUNDEB - ITR;-0,12;3145802;4915
MG;Onça de Pitangui;2025;FUNDEB - FPE;96422,22;3145802;4915
MG;Onça de Pitangui;2025;FUNDEB - FPM;297048,53;3145802;4915
MG;Onça de Pitangui;2025;FUNDEB - ICMS;941546,07;3145802;4915
MG;Onça de Pitangui;2025;FUNDEB - IPI-EXP;11988,85;3145802;4915
MG;Onça de Pitangui;2025;FUNDEB - IPVA;136773;3145802;4915
MG;Onça de Pitangui;2025;FUNDEB - ITCMD;23667,11;3145802;4915
MG;Onça de Pitangui;2025;FUNDEB - ITR;3399,42;3145802;4915
MG;Oratórios;2025;AJUSTE FUNDEB - FPE;-17,84;3145851;672
MG;Oratórios;2025;AJUSTE FUNDEB - FPM;-53,61;3145851;672
MG;Oratórios;2025;AJUSTE FUNDEB - ICME;-174,53;3145851;672
MG;Oratórios;2025;AJUSTE FUNDEB - IPIE;-1,67;3145851;672
MG;Oratórios;2025;AJUSTE FUNDEB - IPVA;-26,85;3145851;672
MG;Oratórios;2025;AJUSTE FUNDEB - ITCMD;-4,54;3145851;672
MG;Oratórios;2025;AJUSTE FUNDEB - ITR;-0,58;3145851;672
MG;Oratórios;2025;FUNDEB - FPE;418105,28;3145851;672
MG;Oratórios;2025;FUNDEB - FPM;1288059,53;3145851;672
MG;Oratórios;2025;FUNDEB - ICMS;4084184,59;3145851;672
MG;Oratórios;2025;FUNDEB - IPI-EXP;51986,03;3145851;672
MG;Oratórios;2025;FUNDEB - IPVA;593094,61;3145851;672
MG;Oratórios;2025;FUNDEB - ITCMD;102666,6;3145851;672
MG;Oratórios;2025;FUNDEB - ITR;14750,34;3145851;672
MG;Orizânia;2025;AJUSTE FUNDEB - AJUSTE FUNDEB VAAT;49358,09;3145877;674
MG;Orizânia;2025;AJUSTE FUNDEB - FPE;-1118,57;3145877;674
MG;Orizânia;2025;AJUSTE FUNDEB - FPM;-3443,43;3145877;674
MG;Orizânia;2025;AJUSTE FUNDEB - ICME;-11105,54;3145877;674
MG;Orizânia;2025;AJUSTE FUNDEB - IPIE;-140,2;3145877;674
MG;Orizânia;2025;AJUSTE FUNDEB - IPVA;-1778,06;3145877;674
MG;Orizânia;2025;AJUSTE FUNDEB - ITCMD;-255,46;3145877;674
MG;Orizânia;2025;AJUSTE FUNDEB - ITR;-41,47;3145877;674
MG;Orizânia;2025;FUNDEB - COUN VAAT;977876,22;3145877;674
MG;Orizânia;2025;FUNDEB - FPE;724892,92;3145877;674
MG;Orizânia;2025;FUNDEB - FPM;2233181,93;3145877;674
MG;Orizânia;2025;FUNDEB - ICMS;7069359,11;3145877;674
MG;Orizânia;2025;FUNDEB - IPI-EXP;90133,27;3145877;674
MG;Orizânia;2025;FUNDEB - IPVA;1028452,07;3145877;674
MG;Orizânia;2025;FUNDEB - ITCMD;177941,56;3145877;674
MG;Orizânia;2025;FUNDEB - ITR;25566,51;3145877;674
MG;Ouro Branco;2025;AJUSTE FUNDEB - AJUSTE FUNDEB VAAR;-1363,25;3145901;4917
MG;Ouro Branco;2025;AJUSTE FUNDEB - FPE;-118,54;3145901;4917
MG;Ouro Branco;2025;AJUSTE FUNDEB - FPM;-355,46;3145901;4917
MG;Ouro Branco;2025;AJUSTE FUNDEB - ICME;-1156,83;3145901;4917
MG;Ouro Branco;2025;AJUSTE FUNDEB - IPIE;-11,07;3145901;4917
MG;Ouro Branco;2025;AJUSTE FUNDEB - IPVA;-177,82;3145901;4917
MG;Ouro Branco;2025;AJUSTE FUNDEB - ITCMD;-29,94;3145901;4917
MG;Ouro Branco;2025;AJUSTE FUNDEB - ITR;-3,89;3145901;4917
MG;Ouro Branco;2025;FUNDEB - COUN VAAR;220073,15;3145901;4917
MG;Ouro Branco;2025;FUNDEB - FPE;2890562,74;3145901;4917
MG;Ouro Branco;2025;FUNDEB - FPM;8904974,36;3145901;4917
MG;Ouro Branco;2025;FUNDEB - ICMS;28182994,25;3145901;4917
MG;Ouro Branco;2025;FUNDEB - IPI-EXP;359404,64;3145901;4917
MG;Ouro Branco;2025;FUNDEB - IPVA;4099980,29;3145901;4917
MG;Ouro Branco;2025;FUNDEB - ITCMD;709026,43;3145901;4917
MG;Ouro Branco;2025;FUNDEB - ITR;101796,12;3145901;4917
MG;Ouro Fino;2025;AJUSTE FUNDEB - FPE;-38,31;3146008;4919
MG;Ouro Fino;2025;AJUSTE FUNDEB - FPM;-114,94;3146008;4919
MG;Ouro Fino;2025;AJUSTE FUNDEB - ICME;-373,95;3146008;4919
MG;Ouro Fino;2025;AJUSTE FUNDEB - IPIE;-3,64;3146008;4919
MG;Ouro Fino;2025;AJUSTE FUNDEB - IPVA;-57,43;3146008;4919
MG;Ouro Fino;2025;AJUSTE FUNDEB - ITCMD;-9,71;3146008;4919
MG;Ouro Fino;2025;AJUSTE FUNDEB - ITR;-1,28;3146008;4919
MG;Ouro Fino;2025;FUNDEB - FPE;1048577,42;3146008;4919
MG;Ouro Fino;2025;FUNDEB - FPM;3230358,97;3146008;4919
MG;Ouro Fino;2025;FUNDEB - ICMS;10208081,08;3146008;4919
MG;Ouro Fino;2025;FUNDEB - IPI-EXP;130377,26;3146008;4919
MG;Ouro Fino;2025;FUNDEB - IPVA;1487304,26;3146008;4919
MG;Ouro Fino;2025;FUNDEB - ITCMD;257205,08;3146008;4919
MG;Ouro Fino;2025;FUNDEB - ITR;36927,3;3146008;4919
MG;Ouro Preto;2025;AJUSTE FUNDEB - FPE;-144,64;3146107;4921
MG;Ouro Preto;2025;AJUSTE FUNDEB - FPM;-433,77;3146107;4921
MG;Ouro Preto;2025;AJUSTE FUNDEB - ICME;-1411,79;3146107;4921
MG;Ouro Preto;2025;AJUSTE FUNDEB - IPIE;-13,56;3146107;4921
MG;Ouro Preto;2025;AJUSTE FUNDEB - IPVA;-217,16;3146107;4921
MG;Ouro Preto;2025;AJUSTE FUNDEB - ITCMD;-36,53;3146107;4921
MG;Ouro Preto;2025;AJUSTE FUNDEB - ITR;-4,72;3146107;4921
MG;Ouro Preto;2025;FUNDEB - FPE;3564109,94;3146107;4921
MG;Ouro Preto;2025;FUNDEB - FPM;10979975,36;3146107;4921
MG;Ouro Preto;2025;FUNDEB - FUNDEB - FTI;309435,95;3146107;4921
MG;Ouro Preto;2025;FUNDEB - ICMS;34801094,26;3146107;4921
MG;Ouro Preto;2025;FUNDEB - IPI-EXP;443151,68;3146107;4921
MG;Ouro Preto;2025;FUNDEB - IPVA;5055673,33;3146107;4921
MG;Ouro Preto;2025;FUNDEB - ITCMD;874926,55;3146107;4921
MG;Ouro Preto;2025;FUNDEB - ITR;125679,34;3146107;4921
MG;Ouro Verde de Minas;2025;AJUSTE FUNDEB - AJUSTE FUNDEB VAAR;-21749,53;3146206;4923
MG;Ouro Verde de Minas;2025;AJUSTE FUNDEB - AJUSTE FUNDEB VAAT;29343,13;3146206;4923
MG;Ouro Verde de Minas;2025;AJUSTE FUNDEB - FPE;-15,01;3146206;4923
MG;Ouro Verde de Minas;2025;AJUSTE FUNDEB - FPM;-44,87;3146206;4923
MG;Ouro Verde de Minas;2025;AJUSTE FUNDEB - ICME;-146,11;3146206;4923
MG;Ouro Verde de Minas;2025;AJUSTE FUNDEB - IPIE;-1,39;3146206;4923
MG;Ouro Verde de Minas;2025;AJUSTE FUNDEB - IPVA;-22,47;3146206;4923
MG;Ouro Verde de Minas;2025;AJUSTE FUNDEB - ITCMD;-3,8;3146206;4923
MG;Ouro Verde de Minas;2025;AJUSTE FUNDEB - ITR;-0,48;3146206;4923
MG;Ouro Verde de Minas;2025;FUNDEB - COUN VAAR;214086,85;3146206;4923
MG;Ouro Verde de Minas;2025;FUNDEB - COUN VAAT;1341126,27;3146206;4923
MG;Ouro Verde de Minas;2025;FUNDEB - FPE;420246,77;3146206;4923
MG;Ouro Verde de Minas;2025;FUNDEB - FPM;1294656,79;3146206;4923
MG;Ouro Verde de Minas;2025;FUNDEB - ICMS;4088771,76;3146206;4923
MG;Ouro Verde de Minas;2025;FUNDEB - IPI-EXP;52252,31;3146206;4923
MG;Ouro Verde de Minas;2025;FUNDEB - IPVA;596109,24;3146206;4923
MG;Ouro Verde de Minas;2025;FUNDEB - ITCMD;103145,05;3146206;4923
MG;Ouro Verde de Minas;2025;FUNDEB - ITR;14814,61;3146206;4923
MG;Padre Carvalho;2025;AJUSTE FUNDEB - FPE;-9,25;3146255;676
MG;Padre Carvalho;2025;AJUSTE FUNDEB - FPM;-27,78;3146255;676
MG;Padre Carvalho;2025;AJUSTE FUNDEB - ICME;-90,69;3146255;676
MG;Padre Carvalho;2025;AJUSTE FUNDEB - IPIE;-0,87;3146255;676
MG;Padre Carvalho;2025;AJUSTE FUNDEB - IPVA;-13,91;3146255;676
MG;Padre Carvalho;2025;AJUSTE FUNDEB - ITCMD;-2,36;3146255;676
MG;Padre Carvalho;2025;AJUSTE FUNDEB - ITR;-0,29;3146255;676
MG;Padre Carvalho;2025;FUNDEB - FPE;195582,4;3146255;676
MG;Padre Carvalho;2025;FUNDEB - FPM;602531,81;3146255;676
MG;Padre Carvalho;2025;FUNDEB - FUNDEB - FTI;70250,46;3146255;676
MG;Padre Carvalho;2025;FUNDEB - ICMS;1916532,64;3146255;676
MG;Padre Carvalho;2025;FUNDEB - IPI-EXP;24318,2;3146255;676
MG;Padre Carvalho;2025;FUNDEB - IPVA;277452,91;3146255;676
MG;Padre Carvalho;2025;FUNDEB - ITCMD;48053,96;3146255;676
MG;Padre Carvalho;2025;FUNDEB - ITR;6906,67;3146255;676
MG;Padre Paraíso;2025;AJUSTE FUNDEB - AJUSTE FUNDEB VAAR;-31402,44;3146305;4925
MG;Padre Paraíso;2025;AJUSTE FUNDEB - AJUSTE FUNDEB VAAT;85231,96;3146305;4925
MG;Padre Paraíso;2025;AJUSTE FUNDEB - FPE;-47,53;3146305;4925
MG;Padre Paraíso;2025;AJUSTE FUNDEB - FPM;-142,7;3146305;4925
MG;Padre Paraíso;2025;AJUSTE FUNDEB - ICME;-464,25;3146305;4925
MG;Padre Paraíso;2025;AJUSTE FUNDEB - IPIE;-4,46;3146305;4925
MG;Padre Paraíso;2025;AJUSTE FUNDEB - IPVA;-71,43;3146305;4925
MG;Padre Paraíso;2025;AJUSTE FUNDEB - ITCMD;-12,02;3146305;4925
MG;Padre Paraíso;2025;AJUSTE FUNDEB - ITR;-1,56;3146305;4925
MG;Padre Paraíso;2025;FUNDEB - COUN VAAR;434172,32;3146305;4925
MG;Padre Paraíso;2025;FUNDEB - COUN VAAT;2860065,81;3146305;4925
MG;Padre Paraíso;2025;FUNDEB - FPE;1199395,46;3146305;4925
MG;Padre Paraíso;2025;FUNDEB - FPM;3694984,86;3146305;4925
MG;Padre Paraíso;2025;FUNDEB - FUNDEB - FTI;207250,43;3146305;4925
MG;Padre Paraíso;2025;FUNDEB - ICMS;11695445,01;3146305;4925
MG;Padre Paraíso;2025;FUNDEB - IPI-EXP;149129,56;3146305;4925
MG;Padre Paraíso;2025;FUNDEB - IPVA;1701343,78;3146305;4925
MG;Padre Paraíso;2025;FUNDEB - ITCMD;294444,82;3146305;4925
MG;Padre Paraíso;2025;FUNDEB - ITR;42297,05;3146305;4925
MG;Pai Pedro;2025;AJUSTE FUNDEB - AJUSTE FUNDEB VAAR;-2181,6;3146552;678
MG;Pai Pedro;2025;AJUSTE FUNDEB - FPE;-17,46;3146552;678
MG;Pai Pedro;2025;AJUSTE FUNDEB - FPM;-52,21;3146552;678
MG;Pai Pedro;2025;AJUSTE FUNDEB - ICME;-169,88;3146552;678
MG;Pai Pedro;2025;AJUSTE FUNDEB - IPIE;-1,6;3146552;678
MG;Pai Pedro;2025;AJUSTE FUNDEB - IPVA;-26,06;3146552;678
MG;Pai Pedro;2025;AJUSTE FUNDEB - ITCMD;-4,42;3146552;678
MG;Pai Pedro;2025;AJUSTE FUNDEB - ITR;-0,59;3146552;678
MG;Pai Pedro;2025;FUNDEB - COUN VAAR;13448,5;3146552;678
MG;Pai Pedro;2025;FUNDEB - COUN VAAT;253723,93;3146552;678
MG;Pai Pedro;2025;FUNDEB - FPE;430625,2;3146552;678
MG;Pai Pedro;2025;FUNDEB - FPM;1326629,68;3146552;678
MG;Pai Pedro;2025;FUNDEB - FUNDEB - FTI;146197,01;3146552;678
MG;Pai Pedro;2025;FUNDEB - ICMS;4208094,46;3146552;678
MG;Pai Pedro;2025;FUNDEB - IPI-EXP;53542,77;3146552;678
MG;Pai Pedro;2025;FUNDEB - IPVA;610841,68;3146552;678
MG;Pai Pedro;2025;FUNDEB - ITCMD;105714,79;3146552;678
MG;Pai Pedro;2025;FUNDEB - ITR;15185,83;3146552;678
MG;Paineiras;2025;AJUSTE FUNDEB - FPE;-7,47;3146404;4927
MG;Paineiras;2025;AJUSTE FUNDEB - FPM;-22,43;3146404;4927
MG;Paineiras;2025;AJUSTE FUNDEB - ICME;-72,92;3146404;4927
MG;Paineiras;2025;AJUSTE FUNDEB - IPIE;-0,67;3146404;4927
MG;Paineiras;2025;AJUSTE FUNDEB - IPVA;-11,09;3146404;4927
MG;Paineiras;2025;AJUSTE FUNDEB - ITCMD;-1,84;3146404;4927
MG;Paineiras;2025;AJUSTE FUNDEB - ITR;-0,27;3146404;4927
MG;Paineiras;2025;FUNDEB - FPE;179107,85;3146404;4927
MG;Paineiras;2025;FUNDEB - FPM;551778,62;3146404;4927
MG;Paineiras;2025;FUNDEB - ICMS;1750280,84;3146404;4927
MG;Paineiras;2025;FUNDEB - IPI-EXP;22269,78;3146404;4927
MG;Paineiras;2025;FUNDEB - IPVA;254060,54;3146404;4927
MG;Paineiras;2025;FUNDEB - ITCMD;43961,37;3146404;4927
MG;Paineiras;2025;FUNDEB - ITR;6314,24;3146404;4927
MG;Pains;2025;AJUSTE FUNDEB - AJUSTE FUNDEB VAAR;-3542,24;3146503;4929
MG;Pains;2025;AJUSTE FUNDEB - FPE;-14,54;3146503;4929
MG;Pains;2025;AJUSTE FUNDEB - FPM;-43,64;3146503;4929
MG;Pains;2025;AJUSTE FUNDEB - ICME;-141,84;3146503;4929
MG;Pains;2025;AJUSTE FUNDEB - IPIE;-1,34;3146503;4929
MG;Pains;2025;AJUSTE FUNDEB - IPVA;-21,92;3146503;4929
MG;Pains;2025;AJUSTE FUNDEB - ITCMD;-3,73;3146503;4929
MG;Pains;2025;AJUSTE FUNDEB - ITR;-0,5;3146503;4929
MG;Pains;2025;FUNDEB - COUN VAAR;17294,31;3146503;4929
MG;Pains;2025;FUNDEB - FPE;347838,44;3146503;4929
MG;Pains;2025;FUNDEB - FPM;1071588,03;3146503;4929
MG;Pains;2025;FUNDEB - ICMS;3397065,86;3146503;4929
MG;Pains;2025;FUNDEB - IPI-EXP;43249,29;3146503;4929
MG;Pains;2025;FUNDEB - IPVA;493438,08;3146503;4929
MG;Pains;2025;FUNDEB - ITCMD;85451,95;3146503;4929
MG;Pains;2025;FUNDEB - ITR;12280,8;3146503;4929
MG;Paiva;2025;AJUSTE FUNDEB - AJUSTE FUNDEB VAAR;-6422,87;3146602;4931
MG;Paiva;2025;AJUSTE FUNDEB - FPE;-3,8;3146602;4931
MG;Paiva;2025;AJUSTE FUNDEB - FPM;-11,45;3146602;4931
MG;Paiva;2025;AJUSTE FUNDEB - ICME;-37,26;3146602;4931
MG;Paiva;2025;AJUSTE FUNDEB - IPIE;-0,37;3146602;4931
MG;Paiva;2025;AJUSTE FUNDEB - IPVA;-5,68;3146602;4931
MG;Paiva;2025;AJUSTE FUNDEB - ITCMD;-0,87;3146602;4931
MG;Paiva;2025;AJUSTE FUNDEB - ITR;-0,1;3146602;4931
MG;Paiva;2025;FUNDEB - COUN VAAR;91276,22;3146602;4931
MG;Paiva;2025;FUNDEB - FPE;85015,48;3146602;4931
MG;Paiva;2025;FUNDEB - FPM;261907,81;3146602;4931
MG;Paiva;2025;FUNDEB - ICMS;830287,14;3146602;4931
MG;Paiva;2025;FUNDEB - IPI-EXP;10570,57;3146602;4931
MG;Paiva;2025;FUNDEB - IPVA;120606,02;3146602;4931
MG;Paiva;2025;FUNDEB - ITCMD;20894,45;3146602;4931
MG;Paiva;2025;FUNDEB - ITR;3003,68;3146602;4931
MG;Palma;2025;AJUSTE FUNDEB - AJUSTE FUNDEB VAAR;-16650,6;3146701;4933
MG;Palma;2025;AJUSTE FUNDEB - FPE;-9,55;3146701;4933
MG;Palma;2025;AJUSTE FUNDEB - FPM;-28,62;3146701;4933
MG;Palma;2025;AJUSTE FUNDEB - ICME;-93,18;3146701;4933
MG;Palma;2025;AJUSTE FUNDEB - IPIE;-0,88;3146701;4933
MG;Palma;2025;AJUSTE FUNDEB - IPVA;-14,26;3146701;4933
MG;Palma;2025;AJUSTE FUNDEB - ITCMD;-2,47;3146701;4933
MG;Palma;2025;AJUSTE FUNDEB - ITR;-0,31;3146701;4933
MG;Palma;2025;FUNDEB - COUN VAAR;236345,05;3146701;4933
MG;Palma;2025;FUNDEB - FPE;242818,41;3146701;4933
MG;Palma;2025;FUNDEB - FPM;748052,18;3146701;4933
MG;Palma;2025;FUNDEB - FUNDEB - FTI;129887,06;3146701;4933
MG;Palma;2025;FUNDEB - ICMS;2368380,11;3146701;4933
MG;Palma;2025;FUNDEB - IPI-EXP;30191,36;3146701;4933
MG;Palma;2025;FUNDEB - IPVA;344436,54;3146701;4933
MG;Palma;2025;FUNDEB - ITCMD;59607,14;3146701;4933
MG;Palma;2025;FUNDEB - ITR;8562,28;3146701;4933
MG;Palmópolis;2025;AJUSTE FUNDEB - FPE;-10,4;3146750;2661
MG;Palmópolis;2025;AJUSTE FUNDEB - FPM;-31,26;3146750;2661
MG;Palmópolis;2025;AJUSTE FUNDEB - ICME;-101,66;3146750;2661
MG;Palmópolis;2025;AJUSTE FUNDEB - IPIE;-0,96;3146750;2661
MG;Palmópolis;2025;AJUSTE FUNDEB - IPVA;-15,75;3146750;2661
MG;Palmópolis;2025;AJUSTE FUNDEB - ITCMD;-2,57;3146750;2661
MG;Palmópolis;2025;AJUSTE FUNDEB - ITR;-0,34;3146750;2661
MG;Palmópolis;2025;FUNDEB - FPE;245617,42;3146750;2661
MG;Palmópolis;2025;FUNDEB - FPM;756675,02;3146750;2661
MG;Palmópolis;2025;FUNDEB - ICMS;2400038,42;3146750;2661
MG;Palmópolis;2025;FUNDEB - IPI-EXP;30539,38;3146750;2661
MG;Palmópolis;2025;FUNDEB - IPVA;348411,38;3146750;2661
MG;Palmópolis;2025;FUNDEB - ITCMD;60303,53;3146750;2661
MG;Palmópolis;2025;FUNDEB - ITR;8663,17;3146750;2661
MG;Papagaios;2025;AJUSTE FUNDEB - AJUSTE FUNDEB VAAR;-28619,87;3146909;4937
MG;Papagaios;2025;AJUSTE FUNDEB - FPE;-28,02;3146909;4937
MG;Papagaios;2025;AJUSTE FUNDEB - FPM;-84,09;3146909;4937
MG;Papagaios;2025;AJUSTE FUNDEB - ICME;-273,94;3146909;4937
MG;Papagaios;2025;AJUSTE FUNDEB - IPIE;-2,64;3146909;4937
MG;Papagaios;2025;AJUSTE FUNDEB - IPVA;-42,16;3146909;4937
MG;Papagaios;2025;AJUSTE FUNDEB - ITCMD;-7,12;3146909;4937
MG;Papagaios;2025;AJUSTE FUNDEB - ITR;-0,92;3146909;4937
MG;Papagaios;2025;FUNDEB - COUN VAAR;365674,18;3146909;4937
MG;Papagaios;2025;FUNDEB - FPE;662636,1;3146909;4937
MG;Papagaios;2025;FUNDEB - FPM;2041387,21;3146909;4937
MG;Papagaios;2025;FUNDEB - FUNDEB - FTI;217131,68;3146909;4937
MG;Papagaios;2025;FUNDEB - ICMS;6470326,56;3146909;4937
MG;Papagaios;2025;FUNDEB - IPI-EXP;82390,38;3146909;4937
MG;Papagaios;2025;FUNDEB - IPVA;939958,14;3146909;4937
MG;Papagaios;2025;FUNDEB - ITCMD;162690,05;3146909;4937
MG;Papagaios;2025;FUNDEB - ITR;23372;3146909;4937
MG;Pará de Minas;2025;AJUSTE FUNDEB - AJUSTE FUNDEB VAAR;-30919,65;3147105;4941
MG;Pará de Minas;2025;AJUSTE FUNDEB - FPE;-183,52;3147105;4941
MG;Pará de Minas;2025;AJUSTE FUNDEB - FPM;-550,26;3147105;4941
MG;Pará de Minas;2025;AJUSTE FUNDEB - ICME;-1790,91;3147105;4941
MG;Pará de Minas;2025;AJUSTE FUNDEB - IPIE;-17,14;3147105;4941
MG;Pará de Minas;2025;AJUSTE FUNDEB - IPVA;-275,56;3147105;4941
MG;Pará de Minas;2025;AJUSTE FUNDEB - ITCMD;-46,34;3147105;4941
MG;Pará de Minas;2025;AJUSTE FUNDEB - ITR;-6,07;3147105;4941
MG;Pará de Minas;2025;FUNDEB - COUN VAAR;232530,11;3147105;4941
MG;Pará de Minas;2025;FUNDEB - FPE;4622660,78;3147105;4941
MG;Pará de Minas;2025;FUNDEB - FPM;14241059,36;3147105;4941
MG;Pará de Minas;2025;FUNDEB - FUNDEB - FTI;947786,5;3147105;4941
MG;Pará de Minas;2025;FUNDEB - ICMS;45070461,55;3147105;4941
MG;Pará de Minas;2025;FUNDEB - IPI-EXP;574768,99;3147105;4941
MG;Pará de Minas;2025;FUNDEB - IPVA;6557178,7;3147105;4941
MG;Pará de Minas;2025;FUNDEB - ITCMD;1134691,34;3147105;4941
MG;Pará de Minas;2025;FUNDEB - ITR;162984,83;3147105;4941
MG;Paracatu;2025;AJUSTE FUNDEB - AJUSTE FUNDEB VAAR;-155116,06;3147006;4939
MG;Paracatu;2025;AJUSTE FUNDEB - FPE;-191,15;3147006;4939
MG;Paracatu;2025;AJUSTE FUNDEB - FPM;-573,26;3147006;4939
MG;Paracatu;2025;AJUSTE FUNDEB - ICME;-1865,62;3147006;4939
MG;Paracatu;2025;AJUSTE FUNDEB - IPIE;-17,87;3147006;4939
MG;Paracatu;2025;AJUSTE FUNDEB - IPVA;-286,94;3147006;4939
MG;Paracatu;2025;AJUSTE FUNDEB - ITCMD;-48,3;3147006;4939
MG;Paracatu;2025;AJUSTE FUNDEB - ITR;-6,27;3147006;4939
MG;Paracatu;2025;FUNDEB - COUN VAAR;2137800,97;3147006;4939
MG;Paracatu;2025;FUNDEB - FPE;4552664,84;3147006;4939
MG;Paracatu;2025;FUNDEB - FPM;14025422,44;3147006;4939
MG;Paracatu;2025;FUNDEB - ICMS;44425828,63;3147006;4939
MG;Paracatu;2025;FUNDEB - IPI-EXP;566065,88;3147006;4939
MG;Paracatu;2025;FUNDEB - IPVA;6458265,63;3147006;4939
MG;Paracatu;2025;FUNDEB - ITCMD;1118284,43;3147006;4939
MG;Paracatu;2025;FUNDEB - ITR;160701,14;3147006;4939
MG;Paraguaçu;2025;AJUSTE FUNDEB - AJUSTE FUNDEB VAAR;-3176,14;3147204;4943
MG;Paraguaçu;2025;AJUSTE FUNDEB - FPE;-42,81;3147204;4943
MG;Paraguaçu;2025;AJUSTE FUNDEB - FPM;-128,28;3147204;4943
MG;Paraguaçu;2025;AJUSTE FUNDEB - ICME;-417,57;3147204;4943
MG;Paraguaçu;2025;AJUSTE FUNDEB - IPIE;-4,01;3147204;4943
MG;Paraguaçu;2025;AJUSTE FUNDEB - IPVA;-64,28;3147204;4943
MG;Paraguaçu;2025;AJUSTE FUNDEB - ITCMD;-10,85;3147204;4943
MG;Paraguaçu;2025;AJUSTE FUNDEB - ITR;-1,39;3147204;4943
MG;Paraguaçu;2025;FUNDEB - COUN VAAR;32851,73;3147204;4943
MG;Paraguaçu;2025;FUNDEB - FPE;1022258,6;3147204;4943
MG;Paraguaçu;2025;FUNDEB - FPM;3149278,36;3147204;4943
MG;Paraguaçu;2025;FUNDEB - FUNDEB - FTI;264984,68;3147204;4943
MG;Paraguaçu;2025;FUNDEB - ICMS;9973802,59;3147204;4943
MG;Paraguaçu;2025;FUNDEB - IPI-EXP;127104,82;3147204;4943
MG;Paraguaçu;2025;FUNDEB - IPVA;1450062,53;3147204;4943
MG;Paraguaçu;2025;FUNDEB - ITCMD;250933,08;3147204;4943
MG;Paraguaçu;2025;FUNDEB - ITR;36044,15;3147204;4943
MG;Paraisópolis;2025;AJUSTE FUNDEB - FPE;-37;3147303;4945
MG;Paraisópolis;2025;AJUSTE FUNDEB - FPM;-110,97;3147303;4945
MG;Paraisópolis;2025;AJUSTE FUNDEB - ICME;-360,98;3147303;4945
MG;Paraisópolis;2025;AJUSTE FUNDEB - IPIE;-3,47;3147303;4945
MG;Paraisópolis;2025;AJUSTE FUNDEB - IPVA;-55,82;3147303;4945
MG;Paraisópolis;2025;AJUSTE FUNDEB - ITCMD;-9,41;3147303;4945
MG;Paraisópolis;2025;AJUSTE FUNDEB - ITR;-1,24;3147303;4945
MG;Paraisópolis;2025;FUNDEB - COUN VAAT;314582,01;3147303;4945
MG;Paraisópolis;2025;FUNDEB - FPE;891957,86;3147303;4945
MG;Paraisópolis;2025;FUNDEB - FPM;2747859,94;3147303;4945
MG;Paraisópolis;2025;FUNDEB - FUNDEB - FTI;171341,5;3147303;4945
MG;Paraisópolis;2025;FUNDEB - ICMS;8695663,06;3147303;4945
MG;Paraisópolis;2025;FUNDEB - IPI-EXP;110903,58;3147303;4945
MG;Paraisópolis;2025;FUNDEB - IPVA;1265325,63;3147303;4945
MG;Paraisópolis;2025;FUNDEB - ITCMD;219140,87;3147303;4945
MG;Paraisópolis;2025;FUNDEB - ITR;31495,63;3147303;4945
MG;Paraopeba;2025;AJUSTE FUNDEB - FPE;-51,38;3147402;4947
MG;Paraopeba;2025;AJUSTE FUNDEB - FPM;-154,07;3147402;4947
MG;Paraopeba;2025;AJUSTE FUNDEB - ICME;-501,23;3147402;4947
MG;Paraopeba;2025;AJUSTE FUNDEB - IPIE;-4,82;3147402;4947
MG;Paraopeba;2025;AJUSTE FUNDEB - IPVA;-77,13;3147402;4947
MG;Paraopeba;2025;AJUSTE FUNDEB - ITCMD;-12,97;3147402;4947
MG;Paraopeba;2025;AJUSTE FUNDEB - ITR;-1,72;3147402;4947
MG;Paraopeba;2025;FUNDEB - FPE;1243455,58;3147402;4947
MG;Paraopeba;2025;FUNDEB - FPM;3830721,29;3147402;4947
MG;Paraopeba;2025;FUNDEB - FUNDEB - FTI;340126,45;3147402;4947
MG;Paraopeba;2025;FUNDEB - ICMS;12143347,46;3147402;4947
MG;Paraopeba;2025;FUNDEB - IPI-EXP;154607,88;3147402;4947
MG;Paraopeba;2025;FUNDEB - IPVA;1763853,83;3147402;4947
MG;Paraopeba;2025;FUNDEB - ITCMD;305283,51;3147402;4947
MG;Paraopeba;2025;FUNDEB - ITR;43856,1;3147402;4947
MG;Passa Quatro;2025;AJUSTE FUNDEB - FPE;-14,53;3147600;4951
MG;Passa Quatro;2025;AJUSTE FUNDEB - FPM;-43,65;3147600;4951
MG;Passa Quatro;2025;AJUSTE FUNDEB - ICME;-141,91;3147600;4951
MG;Passa Quatro;2025;AJUSTE FUNDEB - IPIE;-1,29;3147600;4951
MG;Passa Quatro;2025;AJUSTE FUNDEB - IPVA;-21,94;3147600;4951
MG;Passa Quatro;2025;AJUSTE FUNDEB - ITCMD;-3,74;3147600;4951
MG;Passa Quatro;2025;AJUSTE FUNDEB - ITR;-0,5;3147600;4951
MG;Passa Quatro;2025;FUNDEB - FPE;384469,82;3147600;4951
MG;Passa Quatro;2025;FUNDEB - FPM;1184438,6;3147600;4951
MG;Passa Quatro;2025;FUNDEB - FUNDEB - FTI;68240,44;3147600;4951
MG;Passa Quatro;2025;FUNDEB - ICMS;3750697,99;3147600;4951
MG;Passa Quatro;2025;FUNDEB - IPI-EXP;47803,9;3147600;4951
MG;Passa Quatro;2025;FUNDEB - IPVA;545381,67;3147600;4951
MG;Passa Quatro;2025;FUNDEB - ITCMD;94407,41;3147600;4951
MG;Passa Quatro;2025;FUNDEB - ITR;13563,76;3147600;4951
MG;Passa Tempo;2025;AJUSTE FUNDEB - AJUSTE FUNDEB VAAR;-11290,74;3147709;4953
MG;Passa Tempo;2025;AJUSTE FUNDEB - FPE;-16,16;3147709;4953
MG;Passa Tempo;2025;AJUSTE FUNDEB - FPM;-48,3;3147709;4953
MG;Passa Tempo;2025;AJUSTE FUNDEB - ICME;-157,25;3147709;4953
MG;Passa Tempo;2025;AJUSTE FUNDEB - IPIE;-1,54;3147709;4953
MG;Passa Tempo;2025;AJUSTE FUNDEB - IPVA;-24,24;3147709;4953
MG;Passa Tempo;2025;AJUSTE FUNDEB - ITCMD;-4,08;3147709;4953
MG;Passa Tempo;2025;AJUSTE FUNDEB - ITR;-0,57;3147709;4953
MG;Passa Tempo;2025;FUNDEB - COUN VAAR;206320,53;3147709;4953
MG;Passa Tempo;2025;FUNDEB - FPE;392354,71;3147709;4953
MG;Passa Tempo;2025;FUNDEB - FPM;1208729,61;3147709;4953
MG;Passa Tempo;2025;FUNDEB - FUNDEB - FTI;97180,84;3147709;4953
MG;Passa Tempo;2025;FUNDEB - ICMS;3825221,27;3147709;4953
MG;Passa Tempo;2025;FUNDEB - IPI-EXP;48784,31;3147709;4953
MG;Passa Tempo;2025;FUNDEB - IPVA;556534,57;3147709;4953
MG;Passa Tempo;2025;FUNDEB - ITCMD;96277,31;3147709;4953
MG;Passa Tempo;2025;FUNDEB - ITR;13826,13;3147709;4953
MG;Passa-Vinte;2025;AJUSTE FUNDEB - AJUSTE FUNDEB VAAR;-609,72;3147808;4955
MG;Passa-Vinte;2025;AJUSTE FUNDEB - FPE;-6,83;3147808;4955
MG;Passa-Vinte;2025;AJUSTE FUNDEB - FPM;-20,49;3147808;4955
MG;Passa-Vinte;2025;AJUSTE FUNDEB - ICME;-66,62;3147808;4955
MG;Passa-Vinte;2025;AJUSTE FUNDEB - IPIE;-0,66;3147808;4955
MG;Passa-Vinte;2025;AJUSTE FUNDEB - IPVA;-10,22;3147808;4955
MG;Passa-Vinte;2025;AJUSTE FUNDEB - ITCMD;-1,73;3147808;4955
MG;Passa-Vinte;2025;AJUSTE FUNDEB - ITR;-0,22;3147808;4955
MG;Passa-Vinte;2025;FUNDEB - COUN VAAR;13495,11;3147808;4955
MG;Passa-Vinte;2025;FUNDEB - FPE;165868,13;3147808;4955
MG;Passa-Vinte;2025;FUNDEB - FPM;510990,95;3147808;4955
MG;Passa-Vinte;2025;FUNDEB - ICMS;1618257,82;3147808;4955
MG;Passa-Vinte;2025;FUNDEB - IPI-EXP;20623,59;3147808;4955
MG;Passa-Vinte;2025;FUNDEB - IPVA;235296,81;3147808;4955
MG;Passa-Vinte;2025;FUNDEB - ITCMD;40745,98;3147808;4955
MG;Passa-Vinte;2025;FUNDEB - ITR;5855,64;3147808;4955
MG;Passabém;2025;AJUSTE FUNDEB - FPE;-3,89;3147501;4949
MG;Passabém;2025;AJUSTE FUNDEB - FPM;-11,72;3147501;4949
MG;Passabém;2025;AJUSTE FUNDEB - ICME;-38,09;3147501;4949
MG;Passabém;2025;AJUSTE FUNDEB - IPIE;-0,38;3147501;4949
MG;Passabém;2025;AJUSTE FUNDEB - IPVA;-5,93;3147501;4949
MG;Passabém;2025;AJUSTE FUNDEB - ITCMD;-0,93;3147501;4949
MG;Passabém;2025;AJUSTE FUNDEB - ITR;-0,14;3147501;4949
MG;Passabém;2025;FUNDEB - FPE;105462,76;3147501;4949
MG;Passabém;2025;FUNDEB - FPM;324899,71;3147501;4949
MG;Passabém;2025;FUNDEB - FUNDEB - FTI;86733,15;3147501;4949
MG;Passabém;2025;FUNDEB - ICMS;1025187,08;3147501;4949
MG;Passabém;2025;FUNDEB - IPI-EXP;13112,96;3147501;4949
MG;Passabém;2025;FUNDEB - IPVA;149625,9;3147501;4949
MG;Passabém;2025;FUNDEB - ITCMD;25946,12;3147501;4949
MG;Passabém;2025;FUNDEB - ITR;3732,42;3147501;4949
MG;Passos;2025;AJUSTE FUNDEB - FPE;-188,56;3147907;4957
MG;Passos;2025;AJUSTE FUNDEB - FPM;-565,56;3147907;4957
MG;Passos;2025;AJUSTE FUNDEB - ICME;-1840,6;3147907;4957
MG;Passos;2025;AJUSTE FUNDEB - IPIE;-17,63;3147907;4957
MG;Passos;2025;AJUSTE FUNDEB - IPVA;-283;3147907;4957
MG;Passos;2025;AJUSTE FUNDEB - ITCMD;-47,65;3147907;4957
MG;Passos;2025;AJUSTE FUNDEB - ITR;-6,16;3147907;4957
MG;Passos;2025;FUNDEB - FPE;4589224,79;3147907;4957
MG;Passos;2025;FUNDEB - FPM;14138052,94;3147907;4957
MG;Passos;2025;FUNDEB - ICMS;44753053,29;3147907;4957
MG;Passos;2025;FUNDEB - IPI-EXP;570611,61;3147907;4957
MG;Passos;2025;FUNDEB - IPVA;6509894,54;3147907;4957
MG;Passos;2025;FUNDEB - ITCMD;1126782,07;3147907;4957
MG;Passos;2025;FUNDEB - ITR;161876,85;3147907;4957
MG;Patis;2025;AJUSTE FUNDEB - FPE;-14,1;3147956;680
MG;Patis;2025;AJUSTE FUNDEB - FPM;-42,29;3147956;680
MG;Patis;2025;AJUSTE FUNDEB - ICME;-137,43;3147956;680
MG;Patis;2025;AJUSTE FUNDEB - IPIE;-1,34;3147956;680
MG;Patis;2025;AJUSTE FUNDEB - IPVA;-21,01;3147956;680
MG;Patis;2025;AJUSTE FUNDEB - ITCMD;-3,61;3147956;680
MG;Patis;2025;AJUSTE FUNDEB - ITR;-0,46;3147956;680
MG;Patis;2025;FUNDEB - FPE;323112,65;3147956;680
MG;Patis;2025;FUNDEB - FPM;995415,2;3147956;680
MG;Patis;2025;FUNDEB - FUNDEB - FTI;136492,58;3147956;680
MG;Patis;2025;FUNDEB - ICMS;3160334,78;3147956;680
MG;Patis;2025;FUNDEB - IPI-EXP;40174,95;3147956;680
MG;Patis;2025;FUNDEB - IPVA;458359,02;3147956;680
MG;Patis;2025;FUNDEB - ITCMD;79370,67;3147956;680
MG;Patis;2025;FUNDEB - ITR;11406,15;3147956;680
MG;Patos de Minas;2025;AJUSTE FUNDEB - AJUSTE FUNDEB VAAR;-21461,88;3148004;4959
MG;Patos de Minas;2025;AJUSTE FUNDEB - FPE;-716,22;3148004;4959
MG;Patos de Minas;2025;AJUSTE FUNDEB - FPM;-2191,4;3148004;4959
MG;Patos de Minas;2025;AJUSTE FUNDEB - ICME;-7082,28;3148004;4959
MG;Patos de Minas;2025;AJUSTE FUNDEB - IPIE;-84,25;3148004;4959
MG;Patos de Minas;2025;AJUSTE FUNDEB - IPVA;-1123,24;3148004;4959
MG;Patos de Minas;2025;AJUSTE FUNDEB - ITCMD;-167,78;3148004;4959
MG;Patos de Minas;2025;AJUSTE FUNDEB - ITR;-25,8;3148004;4959
MG;Patos de Minas;2025;FUNDEB - COUN VAAR;233054,37;3148004;4959
MG;Patos de Minas;2025;FUNDEB - FPE;4564254,3;3148004;4959
MG;Patos de Minas;2025;FUNDEB - FPM;14061126,34;3148004;4959
MG;Patos de Minas;2025;FUNDEB - FUNDEB - FTI;167127,99;3148004;4959
MG;Patos de Minas;2025;FUNDEB - ICMS;44516717,6;3148004;4959
MG;Patos de Minas;2025;FUNDEB - IPI-EXP;567507,9;3148004;4959
MG;Patos de Minas;2025;FUNDEB - IPVA;6474694,13;3148004;4959
MG;Patos de Minas;2025;FUNDEB - ITCMD;1120908,23;3148004;4959
MG;Patos de Minas;2025;FUNDEB - ITR;161060,45;3148004;4959
MG;Patrocínio;2025;AJUSTE FUNDEB - AJUSTE FUNDEB VAAT;336259,73;3148103;4961
MG;Patrocínio;2025;AJUSTE FUNDEB - FPE;-168,64;3148103;4961
MG;Patrocínio;2025;AJUSTE FUNDEB - FPM;-505,76;3148103;4961
MG;Patrocínio;2025;AJUSTE FUNDEB - ICME;-1645,57;3148103;4961
MG;Patrocínio;2025;AJUSTE FUNDEB - IPIE;-15,73;3148103;4961
MG;Patrocínio;2025;AJUSTE FUNDEB - IPVA;-252,92;3148103;4961
MG;Patrocínio;2025;AJUSTE FUNDEB - ITCMD;-42,7;3148103;4961
MG;Patrocínio;2025;AJUSTE FUNDEB - ITR;-5,55;3148103;4961
MG;Patrocínio;2025;FUNDEB - COUN VAAT;5228544,02;3148103;4961
MG;Patrocínio;2025;FUNDEB - FPE;4923389,93;3148103;4961
MG;Patrocínio;2025;FUNDEB - FPM;15167517,67;3148103;4961
MG;Patrocínio;2025;FUNDEB - ICMS;47938724,14;3148103;4961
MG;Patrocínio;2025;FUNDEB - IPI-EXP;612160,83;3148103;4961
MG;Patrocínio;2025;FUNDEB - IPVA;6983619,48;3148103;4961
MG;Patrocínio;2025;FUNDEB - ITCMD;1208221,51;3148103;4961
MG;Patrocínio;2025;FUNDEB - ITR;173519,43;3148103;4961
MG;Patrocínio do Muriaé;2025;AJUSTE FUNDEB - AJUSTE FUNDEB VAAR;-17873,06;3148202;4963
MG;Patrocínio do Muriaé;2025;AJUSTE FUNDEB - FPE;-9,63;3148202;4963
MG;Patrocínio do Muriaé;2025;AJUSTE FUNDEB - FPM;-29,09;3148202;4963
MG;Patrocínio do Muriaé;2025;AJUSTE FUNDEB - ICME;-94,37;3148202;4963
MG;Patrocínio do Muriaé;2025;AJUSTE FUNDEB - IPIE;-0,94;3148202;4963
MG;Patrocínio do Muriaé;2025;AJUSTE FUNDEB - IPVA;-14,43;3148202;4963
MG;Patrocínio do Muriaé;2025;AJUSTE FUNDEB - ITCMD;-2,38;3148202;4963
MG;Patrocínio do Muriaé;2025;AJUSTE FUNDEB - ITR;-0,34;3148202;4963
MG;Patrocínio do Muriaé;2025;FUNDEB - COUN VAAR;253903,27;3148202;4963
MG;Patrocínio do Muriaé;2025;FUNDEB - FPE;237585,72;3148202;4963
MG;Patrocínio do Muriaé;2025;FUNDEB - FPM;731931,83;3148202;4963
MG;Patrocínio do Muriaé;2025;FUNDEB - ICMS;2317118,73;3148202;4963
MG;Patrocínio do Muriaé;2025;FUNDEB - IPI-EXP;29540,76;3148202;4963
MG;Patrocínio do Muriaé;2025;FUNDEB - IPVA;337003,98;3148202;4963
MG;Patrocínio do Muriaé;2025;FUNDEB - ITCMD;58301,86;3148202;4963
MG;Patrocínio do Muriaé;2025;FUNDEB - ITR;8372,83;3148202;4963
MG;Paula Cândido;2025;AJUSTE FUNDEB - AJUSTE FUNDEB VAAR;-9657,89;3148301;4965
MG;Paula Cândido;2025;AJUSTE FUNDEB - FPE;-13,54;3148301;4965
MG;Paula Cândido;2025;AJUSTE FUNDEB - FPM;-40,46;3148301;4965
MG;Paula Cândido;2025;AJUSTE FUNDEB - ICME;-131,57;3148301;4965
MG;Paula Cândido;2025;AJUSTE FUNDEB - IPIE;-1,3;3148301;4965
MG;Paula Cândido;2025;AJUSTE FUNDEB - IPVA;-20,25;3148301;4965
MG;Paula Cândido;2025;AJUSTE FUNDEB - ITCMD;-3,41;3148301;4965
MG;Paula Cândido;2025;AJUSTE FUNDEB - ITR;-0,44;3148301;4965
MG;Paula Cândido;2025;FUNDEB - COUN VAAR;154515,92;3148301;4965
MG;Paula Cândido;2025;FUNDEB - FPE;308114,66;3148301;4965
MG;Paula Cândido;2025;FUNDEB - FPM;949210,58;3148301;4965
MG;Paula Cândido;2025;FUNDEB - FUNDEB - FTI;80484,12;3148301;4965
MG;Paula Cândido;2025;FUNDEB - ICMS;3011747,97;3148301;4965
MG;Paula Cândido;2025;FUNDEB - IPI-EXP;38310,11;3148301;4965
MG;Paula Cândido;2025;FUNDEB - IPVA;437064,57;3148301;4965
MG;Paula Cândido;2025;FUNDEB - ITCMD;75647,8;3148301;4965
MG;Paula Cândido;2025;FUNDEB - ITR;10867,56;3148301;4965
MG;Paulistas;2025;AJUSTE FUNDEB - AJUSTE FUNDEB VAAR;3657,35;3148400;4967
MG;Paulistas;2025;AJUSTE FUNDEB - FPE;-12,39;3148400;4967
MG;Paulistas;2025;AJUSTE FUNDEB - FPM;-37,15;3148400;4967
MG;Paulistas;2025;AJUSTE FUNDEB - ICME;-121,15;3148400;4967
MG;Paulistas;2025;AJUSTE FUNDEB - IPIE;-1,24;3148400;4967
MG;Paulistas;2025;AJUSTE FUNDEB - IPVA;-18,58;3148400;4967
MG;Paulistas;2025;AJUSTE FUNDEB - ITCMD;-3,16;3148400;4967
MG;Paulistas;2025;AJUSTE FUNDEB - ITR;-0,41;3148400;4967
MG;Paulistas;2025;FUNDEB - COUN VAAR;9680,04;3148400;4967
MG;Paulistas;2025;FUNDEB - FPE;268037,1;3148400;4967
MG;Paulistas;2025;FUNDEB - FPM;825743,62;3148400;4967
MG;Paulistas;2025;FUNDEB - ICMS;2620467,38;3148400;4967
MG;Paulistas;2025;FUNDEB - IPI-EXP;33327,01;3148400;4967
MG;Paulistas;2025;FUNDEB - IPVA;380264,17;3148400;4967
MG;Paulistas;2025;FUNDEB - ITCMD;65911,49;3148400;4967
MG;Paulistas;2025;FUNDEB - ITR;9478,53;3148400;4967
MG;Pavão;2025;AJUSTE FUNDEB - AJUSTE FUNDEB VAAR;-4286,56;3148509;4969
MG;Pavão;2025;AJUSTE FUNDEB - AJUSTE FUNDEB VAAT;21049,7;3148509;4969
MG;Pavão;2025;AJUSTE FUNDEB - FPE;-9,16;3148509;4969
MG;Pavão;2025;AJUSTE FUNDEB - FPM;-27,54;3148509;4969
MG;Pavão;2025;AJUSTE FUNDEB - ICME;-89,52;3148509;4969
MG;Pavão;2025;AJUSTE FUNDEB - IPIE;-0,85;3148509;4969
MG;Pavão;2025;AJUSTE FUNDEB - IPVA;-13,69;3148509;4969
MG;Pavão;2025;AJUSTE FUNDEB - ITCMD;-2,35;3148509;4969
MG;Pavão;2025;AJUSTE FUNDEB - ITR;-0,3;3148509;4969
MG;Pavão;2025;FUNDEB - COUN VAAR;27088,67;3148509;4969
MG;Pavão;2025;FUNDEB - COUN VAAT;883394,06;3148509;4969
MG;Pavão;2025;FUNDEB - FPE;307680,7;3148509;4969
MG;Pavão;2025;FUNDEB - FPM;947873,81;3148509;4969
MG;Pavão;2025;FUNDEB - FUNDEB - FTI;74197,35;3148509;4969
MG;Pavão;2025;FUNDEB - ICMS;2996913,06;3148509;4969
MG;Pavão;2025;FUNDEB - IPI-EXP;38256,18;3148509;4969
MG;Pavão;2025;FUNDEB - IPVA;436421,99;3148509;4969
MG;Pavão;2025;FUNDEB - ITCMD;75485,76;3148509;4969
MG;Pavão;2025;FUNDEB - ITR;10839,05;3148509;4969
MG;Peçanha;2025;AJUSTE FUNDEB - AJUSTE FUNDEB VAAR;-11723,54;3148608;4971
MG;Peçanha;2025;AJUSTE FUNDEB - FPE;-21,85;3148608;4971
MG;Peçanha;2025;AJUSTE FUNDEB - FPM;-65,45;3148608;4971
MG;Peçanha;2025;AJUSTE FUNDEB - ICME;-213,57;3148608;4971
MG;Peçanha;2025;AJUSTE FUNDEB - IPIE;-2,01;3148608;4971
MG;Peçanha;2025;AJUSTE FUNDEB - IPVA;-32,78;3148608;4971
MG;Peçanha;2025;AJUSTE FUNDEB - ITCMD;-5,51;3148608;4971
MG;Peçanha;2025;AJUSTE FUNDEB - ITR;-0,71;3148608;4971
MG;Peçanha;2025;FUNDEB - COUN VAAR;187563,87;3148608;4971
MG;Peçanha;2025;FUNDEB - FPE;546986,42;3148608;4971
MG;Peçanha;2025;FUNDEB - FPM;1685104,39;3148608;4971
MG;Peçanha;2025;FUNDEB - FUNDEB - FTI;130985,48;3148608;4971
MG;Peçanha;2025;FUNDEB - ICMS;5341671,66;3148608;4971
MG;Peçanha;2025;FUNDEB - IPI-EXP;68010,78;3148608;4971
MG;Peçanha;2025;FUNDEB - IPVA;775842,03;3148608;4971
MG;Peçanha;2025;FUNDEB - ITCMD;134160,87;3148608;4971
MG;Peçanha;2025;FUNDEB - ITR;19260,8;3148608;4971
MG;Pedra Azul;2025;AJUSTE FUNDEB - AJUSTE FUNDEB VAAR;-65011,62;3148707;4973
MG;Pedra Azul;2025;AJUSTE FUNDEB - AJUSTE FUNDEB VAAT;-10012,32;3148707;4973
MG;Pedra Azul;2025;AJUSTE FUNDEB - FPE;-50,95;3148707;4973
MG;Pedra Azul;2025;AJUSTE FUNDEB - FPM;-153;3148707;4973
MG;Pedra Azul;2025;AJUSTE FUNDEB - ICME;-497,79;3148707;4973
MG;Pedra Azul;2025;AJUSTE FUNDEB - IPIE;-4,77;3148707;4973
MG;Pedra Azul;2025;AJUSTE FUNDEB - IPVA;-76,37;3148707;4973
MG;Pedra Azul;2025;AJUSTE FUNDEB - ITCMD;-12,83;3148707;4973
MG;Pedra Azul;2025;AJUSTE FUNDEB - ITR;-1,7;3148707;4973
MG;Pedra Azul;2025;FUNDEB - COUN VAAR;963047,7;3148707;4973
MG;Pedra Azul;2025;FUNDEB - COUN VAAT;10012,32;3148707;4973
MG;Pedra Azul;2025;FUNDEB - FPE;1174675,12;3148707;4973
MG;Pedra Azul;2025;FUNDEB - FPM;3618828,86;3148707;4973
MG;Pedra Azul;2025;FUNDEB - FUNDEB - FTI;229328,19;3148707;4973
MG;Pedra Azul;2025;FUNDEB - ICMS;11467614,67;3148707;4973
MG;Pedra Azul;2025;FUNDEB - IPI-EXP;146055,9;3148707;4973
MG;Pedra Azul;2025;FUNDEB - IPVA;1666253,1;3148707;4973
MG;Pedra Azul;2025;FUNDEB - ITCMD;288324,78;3148707;4973
MG;Pedra Azul;2025;FUNDEB - ITR;41413,05;3148707;4973
MG;Pedra Bonita;2025;AJUSTE FUNDEB - FPE;-21,31;3148756;682
MG;Pedra Bonita;2025;AJUSTE FUNDEB - FPM;-63,88;3148756;682
MG;Pedra Bonita;2025;AJUSTE FUNDEB - ICME;-207,96;3148756;682
MG;Pedra Bonita;2025;AJUSTE FUNDEB - IPIE;-2,01;3148756;682
MG;Pedra Bonita;2025;AJUSTE FUNDEB - IPVA;-32,08;3148756;682
MG;Pedra Bonita;2025;AJUSTE FUNDEB - ITCMD;-5,33;3148756;682
MG;Pedra Bonita;2025;AJUSTE FUNDEB - ITR;-0,73;3148756;682
MG;Pedra Bonita;2025;FUNDEB - COUN VAAT;37271,68;3148756;682
MG;Pedra Bonita;2025;FUNDEB - FPE;503543,7;3148756;682
MG;Pedra Bonita;2025;FUNDEB - FPM;1551270,1;3148756;682
MG;Pedra Bonita;2025;FUNDEB - ICMS;4919797,15;3148756;682
MG;Pedra Bonita;2025;FUNDEB - IPI-EXP;62609,25;3148756;682
MG;Pedra Bonita;2025;FUNDEB - IPVA;714226,71;3148756;682
MG;Pedra Bonita;2025;FUNDEB - ITCMD;123512,62;3148756;682
MG;Pedra Bonita;2025;FUNDEB - ITR;17732,77;3148756;682
MG;Pedra do Anta;2025;AJUSTE FUNDEB - FPE;-5,94;3148806;4975
MG;Pedra do Anta;2025;AJUSTE FUNDEB - FPM;-17,86;3148806;4975
MG;Pedra do Anta;2025;AJUSTE FUNDEB - ICME;-58,13;3148806;4975
MG;Pedra do Anta;2025;AJUSTE FUNDEB - IPIE;-0,58;3148806;4975
MG;Pedra do Anta;2025;AJUSTE FUNDEB - IPVA;-8,94;3148806;4975
MG;Pedra do Anta;2025;AJUSTE FUNDEB - ITCMD;-1,55;3148806;4975
MG;Pedra do Anta;2025;AJUSTE FUNDEB - ITR;-0,18;3148806;4975
MG;Pedra do Anta;2025;FUNDEB - FPE;142141,23;3148806;4975
MG;Pedra do Anta;2025;FUNDEB - FPM;437895,34;3148806;4975
MG;Pedra do Anta;2025;FUNDEB - ICMS;1388122,68;3148806;4975
MG;Pedra do Anta;2025;FUNDEB - IPI-EXP;17673,45;3148806;4975
MG;Pedra do Anta;2025;FUNDEB - IPVA;201630,4;3148806;4975
MG;Pedra do Anta;2025;FUNDEB - ITCMD;34900,93;3148806;4975
MG;Pedra do Anta;2025;FUNDEB - ITR;5014,09;3148806;4975
MG;Pedra do Indaiá;2025;AJUSTE FUNDEB - AJUSTE FUNDEB VAAR;-6920,99;3148905;4977
MG;Pedra do Indaiá;2025;AJUSTE FUNDEB - FPE;-11,62;3148905;4977
MG;Pedra do Indaiá;2025;AJUSTE FUNDEB - FPM;-34,95;3148905;4977
MG;Pedra do Indaiá;2025;AJUSTE FUNDEB - ICME;-113,44;3148905;4977
MG;Pedra do Indaiá;2025;AJUSTE FUNDEB - IPIE;-1,06;3148905;4977
MG;Pedra do Indaiá;2025;AJUSTE FUNDEB - IPVA;-17,46;3148905;4977
MG;Pedra do Indaiá;2025;AJUSTE FUNDEB - ITCMD;-2,98;3148905;4977
MG;Pedra do Indaiá;2025;AJUSTE FUNDEB - ITR;-0,41;3148905;4977
MG;Pedra do Indaiá;2025;FUNDEB - COUN VAAR;110772,24;3148905;4977
MG;Pedra do Indaiá;2025;FUNDEB - FPE;271741,26;3148905;4977
MG;Pedra do Indaiá;2025;FUNDEB - FPM;837155,02;3148905;4977
MG;Pedra do Indaiá;2025;FUNDEB - FUNDEB - FTI;118694,6;3148905;4977
MG;Pedra do Indaiá;2025;FUNDEB - ICMS;2651351,14;3148905;4977
MG;Pedra do Indaiá;2025;FUNDEB - IPI-EXP;33787,56;3148905;4977
MG;Pedra do Indaiá;2025;FUNDEB - IPVA;385427,54;3148905;4977
MG;Pedra do Indaiá;2025;FUNDEB - ITCMD;66633,28;3148905;4977
MG;Pedra do Indaiá;2025;FUNDEB - ITR;9564,55;3148905;4977
MG;Pedra Dourada;2025;AJUSTE FUNDEB - FPE;-10,31;3149002;4979
MG;Pedra Dourada;2025;AJUSTE FUNDEB - FPM;-31,03;3149002;4979
MG;Pedra Dourada;2025;AJUSTE FUNDEB - ICME;-101,03;3149002;4979
MG;Pedra Dourada;2025;AJUSTE FUNDEB - IPIE;-0,94;3149002;4979
MG;Pedra Dourada;2025;AJUSTE FUNDEB - IPVA;-15,59;3149002;4979
MG;Pedra Dourada;2025;AJUSTE FUNDEB - ITCMD;-2,61;3149002;4979
MG;Pedra Dourada;2025;AJUSTE FUNDEB - ITR;-0,32;3149002;4979
MG;Pedra Dourada;2025;FUNDEB - FPE;234238,29;3149002;4979
MG;Pedra Dourada;2025;FUNDEB - FPM;721619,39;3149002;4979
MG;Pedra Dourada;2025;FUNDEB - FUNDEB - FTI;78893,43;3149002;4979
MG;Pedra Dourada;2025;FUNDEB - ICMS;2287260,14;3149002;4979
MG;Pedra Dourada;2025;FUNDEB - IPI-EXP;29124,55;3149002;4979
MG;Pedra Dourada;2025;FUNDEB - IPVA;332257,41;3149002;4979
MG;Pedra Dourada;2025;FUNDEB - ITCMD;57483,79;3149002;4979
MG;Pedra Dourada;2025;FUNDEB - ITR;8255,64;3149002;4979
MG;Pedralva;2025;AJUSTE FUNDEB - FPE;-551,03;3149101;4981
MG;Pedralva;2025;AJUSTE FUNDEB - FPM;-1696,2;3149101;4981
MG;Pedralva;2025;AJUSTE FUNDEB - ICME;-5470,57;3149101;4981
MG;Pedralva;2025;AJUSTE FUNDEB - IPIE;-69,04;3149101;4981
MG;Pedralva;2025;AJUSTE FUNDEB - IPVA;-875,63;3149101;4981
MG;Pedralva;2025;AJUSTE FUNDEB - ITCMD;-125,83;3149101;4981
MG;Pedralva;2025;AJUSTE FUNDEB - ITR;-20,45;3149101;4981
MG;Pedralva;2025;FUNDEB - FPE;353580,39;3149101;4981
MG;Pedralva;2025;FUNDEB - FPM;1089277,22;3149101;4981
MG;Pedralva;2025;FUNDEB - ICMS;3455544,95;3149101;4981
MG;Pedralva;2025;FUNDEB - IPI-EXP;43964,28;3149101;4981
MG;Pedralva;2025;FUNDEB - IPVA;501677,35;3149101;4981
MG;Pedralva;2025;FUNDEB - ITCMD;86854,83;3149101;4981
MG;Pedralva;2025;FUNDEB - ITR;12484,94;3149101;4981
MG;Pedras de Maria da Cruz;2025;AJUSTE FUNDEB - AJUSTE FUNDEB VAAR;-3747,76;3149150;2899
MG;Pedras de Maria da Cruz;2025;AJUSTE FUNDEB - AJUSTE FUNDEB VAAT;40917,7;3149150;2899
MG;Pedras de Maria da Cruz;2025;AJUSTE FUNDEB - FPE;-22,97;3149150;2899
MG;Pedras de Maria da Cruz;2025;AJUSTE FUNDEB - FPM;-68,97;3149150;2899
MG;Pedras de Maria da Cruz;2025;AJUSTE FUNDEB - ICME;-224,23;3149150;2899
MG;Pedras de Maria da Cruz;2025;AJUSTE FUNDEB - IPIE;-2,11;3149150;2899
MG;Pedras de Maria da Cruz;2025;AJUSTE FUNDEB - IPVA;-34,38;3149150;2899
MG;Pedras de Maria da Cruz;2025;AJUSTE FUNDEB - ITCMD;-5,9;3149150;2899
MG;Pedras de Maria da Cruz;2025;AJUSTE FUNDEB - ITR;-0,77;3149150;2899
MG;Pedras de Maria da Cruz;2025;FUNDEB - COUN VAAR;43984,73;3149150;2899
MG;Pedras de Maria da Cruz;2025;FUNDEB - COUN VAAT;757371,45;3149150;2899
MG;Pedras de Maria da Cruz;2025;FUNDEB - FPE;598138,81;3149150;2899
MG;Pedras de Maria da Cruz;2025;FUNDEB - FPM;1842689,9;3149150;2899
MG;Pedras de Maria da Cruz;2025;FUNDEB - ICMS;5823878,66;3149150;2899
MG;Pedras de Maria da Cruz;2025;FUNDEB - IPI-EXP;74370,93;3149150;2899
MG;Pedras de Maria da Cruz;2025;FUNDEB - IPVA;848436,79;3149150;2899
MG;Pedras de Maria da Cruz;2025;FUNDEB - ITCMD;146790,54;3149150;2899
MG;Pedras de Maria da Cruz;2025;FUNDEB - ITR;21081,83;3149150;2899
MG;Pedrinópolis;2025;AJUSTE FUNDEB - AJUSTE FUNDEB VAAR;-13912,47;3149200;4983
MG;Pedrinópolis;2025;AJUSTE FUNDEB - FPE;-7,27;3149200;4983
MG;Pedrinópolis;2025;AJUSTE FUNDEB - FPM;-21,82;3149200;4983
MG;Pedrinópolis;2025;AJUSTE FUNDEB - ICME;-70,9;3149200;4983
MG;Pedrinópolis;2025;AJUSTE FUNDEB - IPIE;-0,66;3149200;4983
MG;Pedrinópolis;2025;AJUSTE FUNDEB - IPVA;-10,87;3149200;4983
MG;Pedrinópolis;2025;AJUSTE FUNDEB - ITCMD;-1,91;3149200;4983
MG;Pedrinópolis;2025;AJUSTE FUNDEB - ITR;-0,2;3149200;4983
MG;Pedrinópolis;2025;FUNDEB - COUN VAAR;197782,74;3149200;4983
MG;Pedrinópolis;2025;FUNDEB - FPE;199321,16;3149200;4983
MG;Pedrinópolis;2025;FUNDEB - FPM;614049,98;3149200;4983
MG;Pedrinópolis;2025;FUNDEB - FUNDEB - FTI;74283,54;3149200;4983
MG;Pedrinópolis;2025;FUNDEB - ICMS;1946093,38;3149200;4983
MG;Pedrinópolis;2025;FUNDEB - IPI-EXP;24783,02;3149200;4983
MG;Pedrinópolis;2025;FUNDEB - IPVA;282736,65;3149200;4983
MG;Pedrinópolis;2025;FUNDEB - ITCMD;48931,03;3149200;4983
MG;Pedrinópolis;2025;FUNDEB - ITR;7028,82;3149200;4983
MG;Pedro Leopoldo;2025;AJUSTE FUNDEB - AJUSTE FUNDEB VAAR;-25630,7;3149309;4985
MG;Pedro Leopoldo;2025;AJUSTE FUNDEB - FPE;-133,97;3149309;4985
MG;Pedro Leopoldo;2025;AJUSTE FUNDEB - FPM;-401,67;3149309;4985
MG;Pedro Leopoldo;2025;AJUSTE FUNDEB - ICME;-1306,91;3149309;4985
MG;Pedro Leopoldo;2025;AJUSTE FUNDEB - IPIE;-12,49;3149309;4985
MG;Pedro Leopoldo;2025;AJUSTE FUNDEB - IPVA;-200,87;3149309;4985
MG;Pedro Leopoldo;2025;AJUSTE FUNDEB - ITCMD;-33,88;3149309;4985
MG;Pedro Leopoldo;2025;AJUSTE FUNDEB - ITR;-4,41;3149309;4985
MG;Pedro Leopoldo;2025;FUNDEB - COUN VAAR;154306,69;3149309;4985
MG;Pedro Leopoldo;2025;FUNDEB - FPE;3155414,12;3149309;4985
MG;Pedro Leopoldo;2025;FUNDEB - FPM;9720903,67;3149309;4985
MG;Pedro Leopoldo;2025;FUNDEB - FUNDEB - FTI;411839,99;3149309;4985
MG;Pedro Leopoldo;2025;FUNDEB - ICMS;30812997,54;3149309;4985
MG;Pedro Leopoldo;2025;FUNDEB - IPI-EXP;392335,55;3149309;4985
MG;Pedro Leopoldo;2025;FUNDEB - IPVA;4476097,92;3149309;4985
MG;Pedro Leopoldo;2025;FUNDEB - ITCMD;774924,42;3149309;4985
MG;Pedro Leopoldo;2025;FUNDEB - ITR;111345,16;3149309;4985
MG;Pedro Teixeira;2025;AJUSTE FUNDEB - FPE;-5,27;3149408;4987
MG;Pedro Teixeira;2025;AJUSTE FUNDEB - FPM;-15,87;3149408;4987
MG;Pedro Teixeira;2025;AJUSTE FUNDEB - ICME;-51,72;3149408;4987
MG;Pedro Teixeira;2025;AJUSTE FUNDEB - IPIE;-0,51;3149408;4987
MG;Pedro Teixeira;2025;AJUSTE FUNDEB - IPVA;-7,96;3149408;4987
MG;Pedro Teixeira;2025;AJUSTE FUNDEB - ITCMD;-1,3;3149408;4987
MG;Pedro Teixeira;2025;AJUSTE FUNDEB - ITR;-0,15;3149408;4987
MG;Pedro Teixeira;2025;FUNDEB - FPE;98988,67;3149408;4987
MG;Pedro Teixeira;2025;FUNDEB - FPM;304955;3149408;4987
MG;Pedro Teixeira;2025;FUNDEB - ICMS;969596,69;3149408;4987
MG;Pedro Teixeira;2025;FUNDEB - IPI-EXP;12307,95;3149408;4987
MG;Pedro Teixeira;2025;FUNDEB - IPVA;140436,98;3149408;4987
MG;Pedro Teixeira;2025;FUNDEB - ITCMD;24345,34;3149408;4987
MG;Pedro Teixeira;2025;FUNDEB - ITR;3501,4;3149408;4987
MG;Pequeri;2025;AJUSTE FUNDEB - AJUSTE FUNDEB VAAR;-18864,9;3149507;4989
MG;Pequeri;2025;AJUSTE FUNDEB - FPE;-14,37;3149507;4989
MG;Pequeri;2025;AJUSTE FUNDEB - FPM;-42,96;3149507;4989
MG;Pequeri;2025;AJUSTE FUNDEB - ICME;-140,01;3149507;4989
MG;Pequeri;2025;AJUSTE FUNDEB - IPIE;-1,32;3149507;4989
MG;Pequeri;2025;AJUSTE FUNDEB - IPVA;-21,55;3149507;4989
MG;Pequeri;2025;AJUSTE FUNDEB - ITCMD;-3,59;3149507;4989
MG;Pequeri;2025;AJUSTE FUNDEB - ITR;-0,51;3149507;4989
MG;Pequeri;2025;FUNDEB - COUN VAAR;277382,78;3149507;4989
MG;Pequeri;2025;FUNDEB - FPE;333693,32;3149507;4989
MG;Pequeri;2025;FUNDEB - FPM;1028011,04;3149507;4989
MG;Pequeri;2025;FUNDEB - FUNDEB - FTI;152526,98;3149507;4989
MG;Pequeri;2025;FUNDEB - ICMS;3253907,88;3149507;4989
MG;Pequeri;2025;FUNDEB - IPI-EXP;41490,51;3149507;4989
MG;Pequeri;2025;FUNDEB - IPVA;473321,05;3149507;4989
MG;Pequeri;2025;FUNDEB - ITCMD;81871,96;3149507;4989
MG;Pequeri;2025;FUNDEB - ITR;11756,42;3149507;4989
MG;Pequi;2025;AJUSTE FUNDEB - FPE;-10,24;3149606;4991
MG;Pequi;2025;AJUSTE FUNDEB - FPM;-30,69;3149606;4991
MG;Pequi;2025;AJUSTE FUNDEB - ICME;-100,02;3149606;4991
MG;Pequi;2025;AJUSTE FUNDEB - IPIE;-0,95;3149606;4991
MG;Pequi;2025;AJUSTE FUNDEB - IPVA;-15,3;3149606;4991
MG;Pequi;2025;AJUSTE FUNDEB - ITCMD;-2,6;3149606;4991
MG;Pequi;2025;AJUSTE FUNDEB - ITR;-0,34;3149606;4991
MG;Pequi;2025;FUNDEB - FPE;231899,17;3149606;4991
MG;Pequi;2025;FUNDEB - FPM;714413,23;3149606;4991
MG;Pequi;2025;FUNDEB - FUNDEB - FTI;2801,29;3149606;4991
MG;Pequi;2025;FUNDEB - ICMS;2261616,16;3149606;4991
MG;Pequi;2025;FUNDEB - IPI-EXP;28833,71;3149606;4991
MG;Pequi;2025;FUNDEB - IPVA;328951,64;3149606;4991
MG;Pequi;2025;FUNDEB - ITCMD;56934,86;3149606;4991
MG;Pequi;2025;FUNDEB - ITR;8179,16;3149606;4991
MG;Perdigão;2025;AJUSTE FUNDEB - AJUSTE FUNDEB VAAR;-27107,42;3149705;4993
MG;Perdigão;2025;AJUSTE FUNDEB - AJUSTE FUNDEB VAAT;59211,71;3149705;4993
MG;Perdigão;2025;AJUSTE FUNDEB - FPE;-33,02;3149705;4993
MG;Perdigão;2025;AJUSTE FUNDEB - FPM;-99,07;3149705;4993
MG;Perdigão;2025;AJUSTE FUNDEB - ICME;-322,53;3149705;4993
MG;Perdigão;2025;AJUSTE FUNDEB - IPIE;-3,15;3149705;4993
MG;Perdigão;2025;AJUSTE FUNDEB - IPVA;-49,49;3149705;4993
MG;Perdigão;2025;AJUSTE FUNDEB - ITCMD;-8,34;3149705;4993
MG;Perdigão;2025;AJUSTE FUNDEB - ITR;-1,08;3149705;4993
MG;Perdigão;2025;FUNDEB - COUN VAAR;433689,63;3149705;4993
MG;Perdigão;2025;FUNDEB - COUN VAAT;2712311,34;3149705;4993
MG;Perdigão;2025;FUNDEB - FPE;907462,1;3149705;4993
MG;Perdigão;2025;FUNDEB - FPM;2795624,05;3149705;4993
MG;Perdigão;2025;FUNDEB - FUNDEB - FTI;293604,78;3149705;4993
MG;Perdigão;2025;FUNDEB - ICMS;8837570,07;3149705;4993
MG;Perdigão;2025;FUNDEB - IPI-EXP;112831,35;3149705;4993
MG;Perdigão;2025;FUNDEB - IPVA;1287112,78;3149705;4993
MG;Perdigão;2025;FUNDEB - ITCMD;222522,64;3149705;4993
MG;Perdigão;2025;FUNDEB - ITR;31941,44;3149705;4993
MG;Perdizes;2025;AJUSTE FUNDEB - FPE;-46,56;3149804;4995
MG;Perdizes;2025;AJUSTE FUNDEB - FPM;-139,55;3149804;4995
MG;Perdizes;2025;AJUSTE FUNDEB - ICME;-454,2;3149804;4995
MG;Perdizes;2025;AJUSTE FUNDEB - IPIE;-4,41;3149804;4995
MG;Perdizes;2025;AJUSTE FUNDEB - IPVA;-69,91;3149804;4995
MG;Perdizes;2025;AJUSTE FUNDEB - ITCMD;-11,77;3149804;4995
MG;Perdizes;2025;AJUSTE FUNDEB - ITR;-1,5;3149804;4995
MG;Perdizes;2025;FUNDEB - FPE;1217580,2;3149804;4995
MG;Perdizes;2025;FUNDEB - FPM;3751006,84;3149804;4995
MG;Perdizes;2025;FUNDEB - ICMS;11854971,78;3149804;4995
MG;Perdizes;2025;FUNDEB - IPI-EXP;151390,63;3149804;4995
MG;Perdizes;2025;FUNDEB - IPVA;1727009,03;3149804;4995
MG;Perdizes;2025;FUNDEB - ITCMD;298641,21;3149804;4995
MG;Perdizes;2025;FUNDEB - ITR;42874,59;3149804;4995
MG;Perdões;2025;AJUSTE FUNDEB - FPE;-37,34;3149903;4997
MG;Perdões;2025;AJUSTE FUNDEB - FPM;-112,16;3149903;4997
MG;Perdões;2025;AJUSTE FUNDEB - ICME;-364,57;3149903;4997
MG;Perdões;2025;AJUSTE FUNDEB - IPIE;-3,43;3149903;4997
MG;Perdões;2025;AJUSTE FUNDEB - IPVA;-56,03;3149903;4997
MG;Perdões;2025;AJUSTE FUNDEB - ITCMD;-9,4;3149903;4997
MG;Perdões;2025;AJUSTE FUNDEB - ITR;-1,21;3149903;4997
MG;Perdões;2025;FUNDEB - FPE;886869,29;3149903;4997
MG;Perdões;2025;FUNDEB - FPM;2732183,66;3149903;4997
MG;Perdões;2025;FUNDEB - FUNDEB - FTI;259573,77;3149903;4997
MG;Perdões;2025;FUNDEB - ICMS;8650507,01;3149903;4997
MG;Perdões;2025;FUNDEB - IPI-EXP;110270,91;3149903;4997
MG;Perdões;2025;FUNDEB - IPVA;1258055,78;3149903;4997
MG;Perdões;2025;FUNDEB - ITCMD;217785,04;3149903;4997
MG;Perdões;2025;FUNDEB - ITR;31290,88;3149903;4997
MG;Periquito;2025;AJUSTE FUNDEB - FPE;-34,33;3149952;684
MG;Periquito;2025;AJUSTE FUNDEB - FPM;-103,08;3149952;684
MG;Periquito;2025;AJUSTE FUNDEB - ICME;-335;3149952;684
MG;Periquito;2025;AJUSTE FUNDEB - IPIE;-3,22;3149952;684
MG;Periquito;2025;AJUSTE FUNDEB - IPVA;-51,54;3149952;684
MG;Periquito;2025;AJUSTE FUNDEB - ITCMD;-8,67;3149952;684
MG;Periquito;2025;AJUSTE FUNDEB - ITR;-1,16;3149952;684
MG;Periquito;2025;FUNDEB - COUN VAAT;357706,41;3149952;684
MG;Periquito;2025;FUNDEB - FPE;711071,94;3149952;684
MG;Periquito;2025;FUNDEB - FPM;2190603,66;3149952;684
MG;Periquito;2025;FUNDEB - ICMS;6944712,2;3149952;684
MG;Periquito;2025;FUNDEB - IPI-EXP;88412,74;3149952;684
MG;Periquito;2025;FUNDEB - IPVA;1008827,46;3149952;684
MG;Periquito;2025;FUNDEB - ITCMD;174917,39;3149952;684
MG;Periquito;2025;FUNDEB - ITR;25160,2;3149952;684
MG;Pescador;2025;AJUSTE FUNDEB - FPE;-7;3150000;4999
MG;Pescador;2025;AJUSTE FUNDEB - FPM;-21,04;3150000;4999
MG;Pescador;2025;AJUSTE FUNDEB - ICME;-68,46;3150000;4999
MG;Pescador;2025;AJUSTE FUNDEB - IPIE;-0,62;3150000;4999
MG;Pescador;2025;AJUSTE FUNDEB - IPVA;-10,34;3150000;4999
MG;Pescador;2025;AJUSTE FUNDEB - ITCMD;-1,72;3150000;4999
MG;Pescador;2025;AJUSTE FUNDEB - ITR;-0,2;3150000;4999
MG;Pescador;2025;FUNDEB - FPE;144380,44;3150000;4999
MG;Pescador;2025;FUNDEB - FPM;444793,72;3150000;4999
MG;Pescador;2025;FUNDEB - FUNDEB - FTI;60917,29;3150000;4999
MG;Pescador;2025;FUNDEB - ICMS;1413863,52;3150000;4999
MG;Pescador;2025;FUNDEB - IPI-EXP;17951,86;3150000;4999
MG;Pescador;2025;FUNDEB - IPVA;204821,25;3150000;4999
MG;Pescador;2025;FUNDEB - ITCMD;35480,66;3150000;4999
MG;Pescador;2025;FUNDEB - ITR;5100,16;3150000;4999
MG;Piau;2025;AJUSTE FUNDEB - FPE;-5,06;3150109;5001
MG;Piau;2025;AJUSTE FUNDEB - FPM;-15,09;3150109;5001
MG;Piau;2025;AJUSTE FUNDEB - ICME;-49,2;3150109;5001
MG;Piau;2025;AJUSTE FUNDEB - IPIE;-0,5;3150109;5001
MG;Piau;2025;AJUSTE FUNDEB - IPVA;-7,74;3150109;5001
MG;Piau;2025;AJUSTE FUNDEB - ITCMD;-1,29;3150109;5001
MG;Piau;2025;AJUSTE FUNDEB - ITR;-0,17;3150109;5001
MG;Piau;2025;FUNDEB - FPE;112583,9;3150109;5001
MG;Piau;2025;FUNDEB - FPM;346837,86;3150109;5001
MG;Piau;2025;FUNDEB - ICMS;1099134,4;3150109;5001
MG;Piau;2025;FUNDEB - IPI-EXP;13998,36;3150109;5001
MG;Piau;2025;FUNDEB - IPVA;159698,12;3150109;5001
MG;Piau;2025;FUNDEB - ITCMD;27633,93;3150109;5001
MG;Piau;2025;FUNDEB - ITR;3969,17;3150109;5001
MG;Piedade de Caratinga;2025;AJUSTE FUNDEB - AJUSTE FUNDEB VAAR;-2694,89;3150158;686
MG;Piedade de Caratinga;2025;AJUSTE FUNDEB - AJUSTE FUNDEB VAAT;34955,31;3150158;686
MG;Piedade de Caratinga;2025;AJUSTE FUNDEB - FPE;-21,92;3150158;686
MG;Piedade de Caratinga;2025;AJUSTE FUNDEB - FPM;-65,64;3150158;686
MG;Piedade de Caratinga;2025;AJUSTE FUNDEB - ICME;-213,41;3150158;686
MG;Piedade de Caratinga;2025;AJUSTE FUNDEB - IPIE;-2,01;3150158;686
MG;Piedade de Caratinga;2025;AJUSTE FUNDEB - IPVA;-32,84;3150158;686
MG;Piedade de Caratinga;2025;AJUSTE FUNDEB - ITCMD;-5,49;3150158;686
MG;Piedade de Caratinga;2025;AJUSTE FUNDEB - ITR;-0,69;3150158;686
MG;Piedade de Caratinga;2025;FUNDEB - COUN VAAR;16735,11;3150158;686
MG;Piedade de Caratinga;2025;FUNDEB - COUN VAAT;58267,96;3150158;686
MG;Piedade de Caratinga;2025;FUNDEB - FPE;514345,78;3150158;686
MG;Piedade de Caratinga;2025;FUNDEB - FPM;1584548,26;3150158;686
MG;Piedade de Caratinga;2025;FUNDEB - FUNDEB - FTI;233254,88;3150158;686
MG;Piedade de Caratinga;2025;FUNDEB - ICMS;5017053,55;3150158;686
MG;Piedade de Caratinga;2025;FUNDEB - IPI-EXP;63952,33;3150158;686
MG;Piedade de Caratinga;2025;FUNDEB - IPVA;729575,34;3150158;686
MG;Piedade de Caratinga;2025;FUNDEB - ITCMD;126217,88;3150158;686
MG;Piedade de Caratinga;2025;FUNDEB - ITR;18126,39;3150158;686
MG;Piedade de Ponte Nova;2025;AJUSTE FUNDEB - AJUSTE FUNDEB VAAR;-10166,69;3150208;5003
MG;Piedade de Ponte Nova;2025;AJUSTE FUNDEB - AJUSTE FUNDEB VAAT;20606,06;3150208;5003
MG;Piedade de Ponte Nova;2025;AJUSTE FUNDEB - FPE;-10,97;3150208;5003
MG;Piedade de Ponte Nova;2025;AJUSTE FUNDEB - FPM;-33,12;3150208;5003
MG;Piedade de Ponte Nova;2025;AJUSTE FUNDEB - ICME;-107,42;3150208;5003
MG;Piedade de Ponte Nova;2025;AJUSTE FUNDEB - IPIE;-1,02;3150208;5003
MG;Piedade de Ponte Nova;2025;AJUSTE FUNDEB - IPVA;-16,55;3150208;5003
MG;Piedade de Ponte Nova;2025;AJUSTE FUNDEB - ITCMD;-2,79;3150208;5003
MG;Piedade de Ponte Nova;2025;AJUSTE FUNDEB - ITR;-0,37;3150208;5003
MG;Piedade de Ponte Nova;2025;FUNDEB - COUN VAAR;140565,37;3150208;5003
MG;Piedade de Ponte Nova;2025;FUNDEB - COUN VAAT;141615,67;3150208;5003
MG;Piedade de Ponte Nova;2025;FUNDEB - FPE;292530,52;3150208;5003
MG;Piedade de Ponte Nova;2025;FUNDEB - FPM;901200,63;3150208;5003
MG;Piedade de Ponte Nova;2025;FUNDEB - FUNDEB - FTI;138166,96;3150208;5003
MG;Piedade de Ponte Nova;2025;FUNDEB - ICMS;2850037,47;3150208;5003
MG;Piedade de Ponte Nova;2025;FUNDEB - IPI-EXP;36372,45;3150208;5003
MG;Piedade de Ponte Nova;2025;FUNDEB - IPVA;414958,3;3150208;5003
MG;Piedade de Ponte Nova;2025;FUNDEB - ITCMD;71821,75;3150208;5003
MG;Piedade de Ponte Nova;2025;FUNDEB - ITR;10317,89;3150208;5003
MG;Piedade do Rio Grande;2025;AJUSTE FUNDEB - AJUSTE FUNDEB VAAR;-3490,81;3150307;5005
MG;Piedade do Rio Grande;2025;AJUSTE FUNDEB - FPE;-7,82;3150307;5005
MG;Piedade do Rio Grande;2025;AJUSTE FUNDEB - FPM;-23,55;3150307;5005
MG;Piedade do Rio Grande;2025;AJUSTE FUNDEB - ICME;-76,57;3150307;5005
MG;Piedade do Rio Grande;2025;AJUSTE FUNDEB - IPIE;-0,69;3150307;5005
MG;Piedade do Rio Grande;2025;AJUSTE FUNDEB - IPVA;-11,85;3150307;5005
MG;Piedade do Rio Grande;2025;AJUSTE FUNDEB - ITCMD;-1,99;3150307;5005
MG;Piedade do Rio Grande;2025;AJUSTE FUNDEB - ITR;-0,24;3150307;5005
MG;Piedade do Rio Grande;2025;FUNDEB - COUN VAAR;11873,99;3150307;5005
MG;Piedade do Rio Grande;2025;FUNDEB - FPE;196244,73;3150307;5005
MG;Piedade do Rio Grande;2025;FUNDEB - FPM;604572,38;3150307;5005
MG;Piedade do Rio Grande;2025;FUNDEB - FUNDEB - FTI;85868,87;3150307;5005
MG;Piedade do Rio Grande;2025;FUNDEB - ICMS;1913450,08;3150307;5005
MG;Piedade do Rio Grande;2025;FUNDEB - IPI-EXP;24400,54;3150307;5005
MG;Piedade do Rio Grande;2025;FUNDEB - IPVA;278377,84;3150307;5005
MG;Piedade do Rio Grande;2025;FUNDEB - ITCMD;48186,18;3150307;5005
MG;Piedade do Rio Grande;2025;FUNDEB - ITR;6922,81;3150307;5005
MG;Piedade dos Gerais;2025;AJUSTE FUNDEB - AJUSTE FUNDEB VAAR;-1090,79;3150406;5007
MG;Piedade dos Gerais;2025;AJUSTE FUNDEB - FPE;-8,42;3150406;5007
MG;Piedade dos Gerais;2025;AJUSTE FUNDEB - FPM;-25,29;3150406;5007
MG;Piedade dos Gerais;2025;AJUSTE FUNDEB - ICME;-82,15;3150406;5007
MG;Piedade dos Gerais;2025;AJUSTE FUNDEB - IPIE;-0,8;3150406;5007
MG;Piedade dos Gerais;2025;AJUSTE FUNDEB - IPVA;-12,83;3150406;5007
MG;Piedade dos Gerais;2025;AJUSTE FUNDEB - ITCMD;-2,12;3150406;5007
MG;Piedade dos Gerais;2025;AJUSTE FUNDEB - ITR;-0,27;3150406;5007
MG;Piedade dos Gerais;2025;FUNDEB - COUN VAAR;6810,55;3150406;5007
MG;Piedade dos Gerais;2025;FUNDEB - FPE;190016,22;3150406;5007
MG;Piedade dos Gerais;2025;FUNDEB - FPM;585384,14;3150406;5007
MG;Piedade dos Gerais;2025;FUNDEB - FUNDEB - FTI;99002,22;3150406;5007
MG;Piedade dos Gerais;2025;FUNDEB - ICMS;1856403,25;3150406;5007
MG;Piedade dos Gerais;2025;FUNDEB - IPI-EXP;23626,08;3150406;5007
MG;Piedade dos Gerais;2025;FUNDEB - IPVA;269546,13;3150406;5007
MG;Piedade dos Gerais;2025;FUNDEB - ITCMD;46664,23;3150406;5007
MG;Piedade dos Gerais;2025;FUNDEB - ITR;6704,88;3150406;5007
MG;Pimenta;2025;AJUSTE FUNDEB - FPE;-13,1;3150505;5009
MG;Pimenta;2025;AJUSTE FUNDEB - FPM;-39,33;3150505;5009
MG;Pimenta;2025;AJUSTE FUNDEB - ICME;-127,94;3150505;5009
MG;Pimenta;2025;AJUSTE FUNDEB - IPIE;-1,23;3150505;5009
MG;Pimenta;2025;AJUSTE FUNDEB - IPVA;-19,57;3150505;5009
MG;Pimenta;2025;AJUSTE FUNDEB - ITCMD;-3,36;3150505;5009
MG;Pimenta;2025;AJUSTE FUNDEB - ITR;-0,46;3150505;5009
MG;Pimenta;2025;FUNDEB - FPE;355074,1;3150505;5009
MG;Pimenta;2025;FUNDEB - FPM;1093878,96;3150505;5009
MG;Pimenta;2025;FUNDEB - ICMS;3464642,89;3150505;5009
MG;Pimenta;2025;FUNDEB - IPI-EXP;44148,93;3150505;5009
MG;Pimenta;2025;FUNDEB - IPVA;503599,87;3150505;5009
MG;Pimenta;2025;FUNDEB - ITCMD;87017,57;3150505;5009
MG;Pimenta;2025;FUNDEB - ITR;12485,89;3150505;5009
MG;Pingo-dÁgua;2025;AJUSTE FUNDEB - FPE;-12,09;3150539;688
MG;Pingo-dÁgua;2025;AJUSTE FUNDEB - FPM;-36,3;3150539;688
MG;Pingo-dÁgua;2025;AJUSTE FUNDEB - ICME;-118,09;3150539;688
MG;Pingo-dÁgua;2025;AJUSTE FUNDEB - IPIE;-1,19;3150539;688
MG;Pingo-dÁgua;2025;AJUSTE FUNDEB - IPVA;-18,12;3150539;688
MG;Pingo-dÁgua;2025;AJUSTE FUNDEB - ITCMD;-3,07;3150539;688
MG;Pingo-dÁgua;2025;AJUSTE FUNDEB - ITR;-0,37;3150539;688
MG;Pingo-dÁgua;2025;FUNDEB - FPE;286810,27;3150539;688
MG;Pingo-dÁgua;2025;FUNDEB - FPM;883578,17;3150539;688
MG;Pingo-dÁgua;2025;FUNDEB - ICMS;2800932,07;3150539;688
MG;Pingo-dÁgua;2025;FUNDEB - IPI-EXP;35661,22;3150539;688
MG;Pingo-dÁgua;2025;FUNDEB - IPVA;406861,39;3150539;688
MG;Pingo-dÁgua;2025;FUNDEB - ITCMD;70453,13;3150539;688
MG;Pingo-dÁgua;2025;FUNDEB - ITR;10124,62;3150539;688
MG;Pintópolis;2025;AJUSTE FUNDEB - AJUSTE FUNDEB VAAR;-7032,91;3150570;690
MG;Pintópolis;2025;AJUSTE FUNDEB - AJUSTE FUNDEB VAAT;30199,16;3150570;690
MG;Pintópolis;2025;AJUSTE FUNDEB - FPE;-15,92;3150570;690
MG;Pintópolis;2025;AJUSTE FUNDEB - FPM;-47,73;3150570;690
MG;Pintópolis;2025;AJUSTE FUNDEB - ICME;-155,4;3150570;690
MG;Pintópolis;2025;AJUSTE FUNDEB - IPIE;-1,47;3150570;690
MG;Pintópolis;2025;AJUSTE FUNDEB - IPVA;-24,01;3150570;690
MG;Pintópolis;2025;AJUSTE FUNDEB - ITCMD;-4,05;3150570;690
MG;Pintópolis;2025;AJUSTE FUNDEB - ITR;-0,57;3150570;690
MG;Pintópolis;2025;FUNDEB - COUN VAAR;34601,78;3150570;690
MG;Pintópolis;2025;FUNDEB - COUN VAAT;1470088,39;3150570;690
MG;Pintópolis;2025;FUNDEB - FPE;468336,79;3150570;690
MG;Pintópolis;2025;FUNDEB - FPM;1442807,93;3150570;690
MG;Pintópolis;2025;FUNDEB - ICMS;4565686,44;3150570;690
MG;Pintópolis;2025;FUNDEB - IPI-EXP;58231,73;3150570;690
MG;Pintópolis;2025;FUNDEB - IPVA;664269,11;3150570;690
MG;Pintópolis;2025;FUNDEB - ITCMD;114835,53;3150570;690
MG;Pintópolis;2025;FUNDEB - ITR;16483,12;3150570;690
MG;Piracema;2025;AJUSTE FUNDEB - AJUSTE FUNDEB VAAR;-712,56;3150604;5011
MG;Piracema;2025;AJUSTE FUNDEB - FPE;-12,73;3150604;5011
MG;Piracema;2025;AJUSTE FUNDEB - FPM;-38,34;3150604;5011
MG;Piracema;2025;AJUSTE FUNDEB - ICME;-124,44;3150604;5011
MG;Piracema;2025;AJUSTE FUNDEB - IPIE;-1,22;3150604;5011
MG;Piracema;2025;AJUSTE FUNDEB - IPVA;-19,08;3150604;5011
MG;Piracema;2025;AJUSTE FUNDEB - ITCMD;-3,18;3150604;5011
MG;Piracema;2025;AJUSTE FUNDEB - ITR;-0,42;3150604;5011
MG;Piracema;2025;FUNDEB - COUN VAAR;24098,41;3150604;5011
MG;Piracema;2025;FUNDEB - FPE;308463,36;3150604;5011
MG;Piracema;2025;FUNDEB - FPM;950284,94;3150604;5011
MG;Piracema;2025;FUNDEB - FUNDEB - FTI;115139,13;3150604;5011
MG;Piracema;2025;FUNDEB - ICMS;3002657,81;3150604;5011
MG;Piracema;2025;FUNDEB - IPI-EXP;38353,49;3150604;5011
MG;Piracema;2025;FUNDEB - IPVA;437548,76;3150604;5011
MG;Piracema;2025;FUNDEB - ITCMD;75711,84;3150604;5011
MG;Piracema;2025;FUNDEB - ITR;10874,68;3150604;5011
MG;Pirajuba;2025;AJUSTE FUNDEB - AJUSTE FUNDEB VAAR;-1347,47;3150703;5013
MG;Pirajuba;2025;AJUSTE FUNDEB - FPE;-16,73;3150703;5013
MG;Pirajuba;2025;AJUSTE FUNDEB - FPM;-50,33;3150703;5013
MG;Pirajuba;2025;AJUSTE FUNDEB - ICME;-163,54;3150703;5013
MG;Pirajuba;2025;AJUSTE FUNDEB - IPIE;-1,57;3150703;5013
MG;Pirajuba;2025;AJUSTE FUNDEB - IPVA;-25,22;3150703;5013
MG;Pirajuba;2025;AJUSTE FUNDEB - ITCMD;-4,3;3150703;5013
MG;Pirajuba;2025;AJUSTE FUNDEB - ITR;-0,56;3150703;5013
MG;Pirajuba;2025;FUNDEB - COUN VAAR;13736,17;3150703;5013
MG;Pirajuba;2025;FUNDEB - FPE;438611,67;3150703;5013
MG;Pirajuba;2025;FUNDEB - FPM;1351233,67;3150703;5013
MG;Pirajuba;2025;FUNDEB - FUNDEB - FTI;73041,47;3150703;5013
MG;Pirajuba;2025;FUNDEB - ICMS;4273242,62;3150703;5013
MG;Pirajuba;2025;FUNDEB - IPI-EXP;54535,77;3150703;5013
MG;Pirajuba;2025;FUNDEB - IPVA;622195,44;3150703;5013
MG;Pirajuba;2025;FUNDEB - ITCMD;107726,91;3150703;5013
MG;Pirajuba;2025;FUNDEB - ITR;15479,72;3150703;5013
MG;Piranga;2025;AJUSTE FUNDEB - AJUSTE FUNDEB VAAR;-34506,21;3150802;5015
MG;Piranga;2025;AJUSTE FUNDEB - FPE;-22,34;3150802;5015
MG;Piranga;2025;AJUSTE FUNDEB - FPM;-67,03;3150802;5015
MG;Piranga;2025;AJUSTE FUNDEB - ICME;-217,94;3150802;5015
MG;Piranga;2025;AJUSTE FUNDEB - IPIE;-2,04;3150802;5015
MG;Piranga;2025;AJUSTE FUNDEB - IPVA;-33,46;3150802;5015
MG;Piranga;2025;AJUSTE FUNDEB - ITCMD;-5,64;3150802;5015
MG;Piranga;2025;AJUSTE FUNDEB - ITR;-0,77;3150802;5015
MG;Piranga;2025;FUNDEB - COUN VAAR;513378,56;3150802;5015
MG;Piranga;2025;FUNDEB - FPE;561362,61;3150802;5015
MG;Piranga;2025;FUNDEB - FPM;1729393,16;3150802;5015
MG;Piranga;2025;FUNDEB - ICMS;5475513,57;3150802;5015
MG;Piranga;2025;FUNDEB - IPI-EXP;69798,29;3150802;5015
MG;Piranga;2025;FUNDEB - IPVA;796256,12;3150802;5015
MG;Piranga;2025;FUNDEB - ITCMD;137734,45;3150802;5015
MG;Piranga;2025;FUNDEB - ITR;19778,3;3150802;5015
MG;Piranguçu;2025;AJUSTE FUNDEB - FPE;-11,52;3150901;5017
MG;Piranguçu;2025;AJUSTE FUNDEB - FPM;-34,67;3150901;5017
MG;Piranguçu;2025;AJUSTE FUNDEB - ICME;-112,92;3150901;5017
MG;Piranguçu;2025;AJUSTE FUNDEB - IPIE;-1,05;3150901;5017
MG;Piranguçu;2025;AJUSTE FUNDEB - IPVA;-17,32;3150901;5017
MG;Piranguçu;2025;AJUSTE FUNDEB - ITCMD;-2,93;3150901;5017
MG;Piranguçu;2025;AJUSTE FUNDEB - ITR;-0,38;3150901;5017
MG;Piranguçu;2025;FUNDEB - FPE;261050,66;3150901;5017
MG;Piranguçu;2025;FUNDEB - FPM;804220,46;3150901;5017
MG;Piranguçu;2025;FUNDEB - ICMS;2547493,79;3150901;5017
MG;Piranguçu;2025;FUNDEB - IPI-EXP;32458,28;3150901;5017
MG;Piranguçu;2025;FUNDEB - IPVA;370316,45;3150901;5017
MG;Piranguçu;2025;FUNDEB - ITCMD;64119,01;3150901;5017
MG;Piranguçu;2025;FUNDEB - ITR;9213,76;3150901;5017
MG;Piranguinho;2025;AJUSTE FUNDEB - FPE;-19,07;3151008;5019
MG;Piranguinho;2025;AJUSTE FUNDEB - FPM;-57,07;3151008;5019
MG;Piranguinho;2025;AJUSTE FUNDEB - ICME;-186,05;3151008;5019
MG;Piranguinho;2025;AJUSTE FUNDEB - IPIE;-1,75;3151008;5019
MG;Piranguinho;2025;AJUSTE FUNDEB - IPVA;-28,62;3151008;5019
MG;Piranguinho;2025;AJUSTE FUNDEB - ITCMD;-4,8;3151008;5019
MG;Piranguinho;2025;AJUSTE FUNDEB - ITR;-0,62;3151008;5019
MG;Piranguinho;2025;FUNDEB - FPE;459957,78;3151008;5019
MG;Piranguinho;2025;FUNDEB - FPM;1416994,65;3151008;5019
MG;Piranguinho;2025;FUNDEB - FUNDEB - FTI;94974,6;3151008;5019
MG;Piranguinho;2025;FUNDEB - ICMS;4487065,31;3151008;5019
MG;Piranguinho;2025;FUNDEB - IPI-EXP;57189,89;3151008;5019
MG;Piranguinho;2025;FUNDEB - IPVA;652443,24;3151008;5019
MG;Piranguinho;2025;FUNDEB - ITCMD;112901,84;3151008;5019
MG;Piranguinho;2025;FUNDEB - ITR;16216,94;3151008;5019
MG;Pirapetinga;2025;AJUSTE FUNDEB - AJUSTE FUNDEB VAAR;-39567,31;3151107;5021
MG;Pirapetinga;2025;AJUSTE FUNDEB - FPE;-27,59;3151107;5021
MG;Pirapetinga;2025;AJUSTE FUNDEB - FPM;-82,63;3151107;5021
MG;Pirapetinga;2025;AJUSTE FUNDEB - ICME;-268,51;3151107;5021
MG;Pirapetinga;2025;AJUSTE FUNDEB - IPIE;-2,55;3151107;5021
MG;Pirapetinga;2025;AJUSTE FUNDEB - IPVA;-41,21;3151107;5021
MG;Pirapetinga;2025;AJUSTE FUNDEB - ITCMD;-6,97;3151107;5021
MG;Pirapetinga;2025;AJUSTE FUNDEB - ITR;-0,91;3151107;5021
MG;Pirapetinga;2025;FUNDEB - COUN VAAR;601719,48;3151107;5021
MG;Pirapetinga;2025;FUNDEB - FPE;672593,26;3151107;5021
MG;Pirapetinga;2025;FUNDEB - FPM;2072062,05;3151107;5021
MG;Pirapetinga;2025;FUNDEB - FUNDEB - FTI;5710,34;3151107;5021
MG;Pirapetinga;2025;FUNDEB - ICMS;6565311,16;3151107;5021
MG;Pirapetinga;2025;FUNDEB - IPI-EXP;83628,41;3151107;5021
MG;Pirapetinga;2025;FUNDEB - IPVA;954151,24;3151107;5021
MG;Pirapetinga;2025;FUNDEB - ITCMD;165276,81;3151107;5021
MG;Pirapetinga;2025;FUNDEB - ITR;23757,03;3151107;5021
MG;Pirapora;2025;AJUSTE FUNDEB - FPE;-101,85;3151206;5023
MG;Pirapora;2025;AJUSTE FUNDEB - FPM;-305,55;3151206;5023
MG;Pirapora;2025;AJUSTE FUNDEB - ICME;-994,16;3151206;5023
MG;Pirapora;2025;AJUSTE FUNDEB - IPIE;-9,52;3151206;5023
MG;Pirapora;2025;AJUSTE FUNDEB - IPVA;-153,04;3151206;5023
MG;Pirapora;2025;AJUSTE FUNDEB - ITCMD;-25,75;3151206;5023
MG;Pirapora;2025;AJUSTE FUNDEB - ITR;-3,38;3151206;5023
MG;Pirapora;2025;FUNDEB - FPE;2458205,57;3151206;5023
MG;Pirapora;2025;FUNDEB - FPM;7573009;3151206;5023
MG;Pirapora;2025;FUNDEB - FUNDEB - FTI;635421,1;3151206;5023
MG;Pirapora;2025;FUNDEB - ICMS;24010983,71;3151206;5023
MG;Pirapora;2025;FUNDEB - IPI-EXP;305646,55;3151206;5023
MG;Pirapora;2025;FUNDEB - IPVA;3487002,45;3151206;5023
MG;Pirapora;2025;FUNDEB - ITCMD;603548,25;3151206;5023
MG;Pirapora;2025;FUNDEB - ITR;86706,66;3151206;5023
MG;Piraúba;2025;AJUSTE FUNDEB - AJUSTE FUNDEB VAAR;-15629,95;3151305;5025
MG;Piraúba;2025;AJUSTE FUNDEB - FPE;-23,56;3151305;5025
MG;Piraúba;2025;AJUSTE FUNDEB - FPM;-70,58;3151305;5025
MG;Piraúba;2025;AJUSTE FUNDEB - ICME;-229,52;3151305;5025
MG;Piraúba;2025;AJUSTE FUNDEB - IPIE;-2,18;3151305;5025
MG;Piraúba;2025;AJUSTE FUNDEB - IPVA;-35,37;3151305;5025
MG;Piraúba;2025;AJUSTE FUNDEB - ITCMD;-5,95;3151305;5025
MG;Piraúba;2025;AJUSTE FUNDEB - ITR;-0,75;3151305;5025
MG;Piraúba;2025;FUNDEB - COUN VAAR;250062,04;3151305;5025
MG;Piraúba;2025;FUNDEB - FPE;505978,81;3151305;5025
MG;Piraúba;2025;FUNDEB - FPM;1558771,96;3151305;5025
MG;Piraúba;2025;FUNDEB - FUNDEB - FTI;82904,33;3151305;5025
MG;Piraúba;2025;FUNDEB - ICMS;4938896,32;3151305;5025
MG;Piraúba;2025;FUNDEB - IPI-EXP;62912,01;3151305;5025
MG;Piraúba;2025;FUNDEB - IPVA;717755,31;3151305;5025
MG;Piraúba;2025;FUNDEB - ITCMD;124264,09;3151305;5025
MG;Piraúba;2025;FUNDEB - ITR;17855,15;3151305;5025
MG;Pitangui;2025;AJUSTE FUNDEB - AJUSTE FUNDEB VAAR;-68162,28;3151404;5027
MG;Pitangui;2025;AJUSTE FUNDEB - AJUSTE FUNDEB VAAT;80198,22;3151404;5027
MG;Pitangui;2025;AJUSTE FUNDEB - FPE;-43,18;3151404;5027
MG;Pitangui;2025;AJUSTE FUNDEB - FPM;-129,44;3151404;5027
MG;Pitangui;2025;AJUSTE FUNDEB - ICME;-421,58;3151404;5027
MG;Pitangui;2025;AJUSTE FUNDEB - IPIE;-4,05;3151404;5027
MG;Pitangui;2025;AJUSTE FUNDEB - IPVA;-64,79;3151404;5027
MG;Pitangui;2025;AJUSTE FUNDEB - ITCMD;-11;3151404;5027
MG;Pitangui;2025;AJUSTE FUNDEB - ITR;-1,38;3151404;5027
MG;Pitangui;2025;FUNDEB - COUN VAAR;1042450,64;3151404;5027
MG;Pitangui;2025;FUNDEB - COUN VAAT;335223,43;3151404;5027
MG;Pitangui;2025;FUNDEB - FPE;1102214,56;3151404;5027
MG;Pitangui;2025;FUNDEB - FPM;3395599,15;3151404;5027
MG;Pitangui;2025;FUNDEB - FUNDEB - FTI;7725,39;3151404;5027
MG;Pitangui;2025;FUNDEB - ICMS;10738960,07;3151404;5027
MG;Pitangui;2025;FUNDEB - IPI-EXP;137046,35;3151404;5027
MG;Pitangui;2025;FUNDEB - IPVA;1563486,9;3151404;5027
MG;Pitangui;2025;FUNDEB - ITCMD;270575,86;3151404;5027
MG;Pitangui;2025;FUNDEB - ITR;38867,17;3151404;5027
MG;Piumhi;2025;AJUSTE FUNDEB - AJUSTE FUNDEB VAAR;-8182,78;3151503;5029
MG;Piumhi;2025;AJUSTE FUNDEB - FPE;-64,88;3151503;5029
MG;Piumhi;2025;AJUSTE FUNDEB - FPM;-194,48;3151503;5029
MG;Piumhi;2025;AJUSTE FUNDEB - ICME;-632,9;3151503;5029
MG;Piumhi;2025;AJUSTE FUNDEB - IPIE;-6,04;3151503;5029
MG;Piumhi;2025;AJUSTE FUNDEB - IPVA;-97,4;3151503;5029
MG;Piumhi;2025;AJUSTE FUNDEB - ITCMD;-16,41;3151503;5029
MG;Piumhi;2025;AJUSTE FUNDEB - ITR;-2,07;3151503;5029
MG;Piumhi;2025;FUNDEB - COUN VAAR;81516,48;3151503;5029
MG;Piumhi;2025;FUNDEB - FPE;1722166,6;3151503;5029
MG;Piumhi;2025;FUNDEB - FPM;5305489,1;3151503;5029
MG;Piumhi;2025;FUNDEB - ICMS;16783213;3151503;5029
MG;Piumhi;2025;FUNDEB - IPI-EXP;214129,45;3151503;5029
MG;Piumhi;2025;FUNDEB - IPVA;2442885,44;3151503;5029
MG;Piumhi;2025;FUNDEB - ITCMD;422762,01;3151503;5029
MG;Piumhi;2025;FUNDEB - ITR;60727,91;3151503;5029
MG;Planura;2025;AJUSTE FUNDEB - FPE;-2702,58;3151602;5031
MG;Planura;2025;AJUSTE FUNDEB - FPM;-8323,56;3151602;5031
MG;Planura;2025;AJUSTE FUNDEB - ICME;-26840,39;3151602;5031
MG;Planura;2025;AJUSTE FUNDEB - IPIE;-340,4;3151602;5031
MG;Planura;2025;AJUSTE FUNDEB - IPVA;-4300,07;3151602;5031
MG;Planura;2025;AJUSTE FUNDEB - ITCMD;-615,99;3151602;5031
MG;Planura;2025;AJUSTE FUNDEB - ITR;-100,2;3151602;5031
MG;Planura;2025;FUNDEB - FPE;655920,53;3151602;5031
MG;Planura;2025;FUNDEB - FPM;2020698,21;3151602;5031
MG;Planura;2025;FUNDEB - FUNDEB - FTI;144858,56;3151602;5031
MG;Planura;2025;FUNDEB - ICMS;6400483,01;3151602;5031
MG;Planura;2025;FUNDEB - IPI-EXP;81560,51;3151602;5031
MG;Planura;2025;FUNDEB - IPVA;930899,57;3151602;5031
MG;Planura;2025;FUNDEB - ITCMD;161000,51;3151602;5031
MG;Planura;2025;FUNDEB - ITR;23141,76;3151602;5031
MG;Poço Fundo;2025;AJUSTE FUNDEB - AJUSTE FUNDEB VAAR;-18709,27;3151701;5033
MG;Poço Fundo;2025;AJUSTE FUNDEB - AJUSTE FUNDEB VAAT;42536,27;3151701;5033
MG;Poço Fundo;2025;AJUSTE FUNDEB - FPE;-17,39;3151701;5033
MG;Poço Fundo;2025;AJUSTE FUNDEB - FPM;-52,16;3151701;5033
MG;Poço Fundo;2025;AJUSTE FUNDEB - ICME;-169,85;3151701;5033
MG;Poço Fundo;2025;AJUSTE FUNDEB - IPIE;-1,62;3151701;5033
MG;Poço Fundo;2025;AJUSTE FUNDEB - IPVA;-25,95;3151701;5033
MG;Poço Fundo;2025;AJUSTE FUNDEB - ITCMD;-4,41;3151701;5033
MG;Poço Fundo;2025;AJUSTE FUNDEB - ITR;-0,61;3151701;5033
MG;Poço Fundo;2025;FUNDEB - COUN VAAR;299327,98;3151701;5033
MG;Poço Fundo;2025;FUNDEB - COUN VAAT;1424129,16;3151701;5033
MG;Poço Fundo;2025;FUNDEB - FPE;632977,3;3151701;5033
MG;Poço Fundo;2025;FUNDEB - FPM;1950017,07;3151701;5033
MG;Poço Fundo;2025;FUNDEB - FUNDEB - FTI;74031,09;3151701;5033
MG;Poço Fundo;2025;FUNDEB - ICMS;6156633,59;3151701;5033
MG;Poço Fundo;2025;FUNDEB - IPI-EXP;78702,67;3151701;5033
MG;Poço Fundo;2025;FUNDEB - IPVA;897843,38;3151701;5033
MG;Poço Fundo;2025;FUNDEB - ITCMD;155318,92;3151701;5033
MG;Poço Fundo;2025;FUNDEB - ITR;22304,68;3151701;5033
MG;Poços de Caldas;2025;AJUSTE FUNDEB - FPE;1146,98;3151800;5035
MG;Poços de Caldas;2025;AJUSTE FUNDEB - FPM;3567,67;3151800;5035
MG;Poços de Caldas;2025;AJUSTE FUNDEB - ICME;11465,83;3151800;5035
MG;Poços de Caldas;2025;AJUSTE FUNDEB - IPIE;158,68;3151800;5035
MG;Poços de Caldas;2025;AJUSTE FUNDEB - IPVA;1864,29;3151800;5035
MG;Poços de Caldas;2025;AJUSTE FUNDEB - ITCMD;250,58;3151800;5035
MG;Poços de Caldas;2025;AJUSTE FUNDEB - ITR;44,42;3151800;5035
MG;Poços de Caldas;2025;FUNDEB - FPE;10163857,74;3151800;5035
MG;Poços de Caldas;2025;FUNDEB - FPM;31311859,01;3151800;5035
MG;Poços de Caldas;2025;FUNDEB - FUNDEB - FTI;910765,52;3151800;5035
MG;Poços de Caldas;2025;FUNDEB - ICMS;99198434,46;3151800;5035
MG;Poços de Caldas;2025;FUNDEB - IPI-EXP;1263743,24;3151800;5035
MG;Poços de Caldas;2025;FUNDEB - IPVA;14417002,17;3151800;5035
MG;Poços de Caldas;2025;FUNDEB - ITCMD;2494849,3;3151800;5035
MG;Poços de Caldas;2025;FUNDEB - ITR;358345,7;3151800;5035
MG;Pocrane;2025;AJUSTE FUNDEB - AJUSTE FUNDEB VAAR;-6672,08;3151909;5037
MG;Pocrane;2025;AJUSTE FUNDEB - FPE;-7,75;3151909;5037
MG;Pocrane;2025;AJUSTE FUNDEB - FPM;-23,23;3151909;5037
MG;Pocrane;2025;AJUSTE FUNDEB - ICME;-75,45;3151909;5037
MG;Pocrane;2025;AJUSTE FUNDEB - IPIE;-0,69;3151909;5037
MG;Pocrane;2025;AJUSTE FUNDEB - IPVA;-11,71;3151909;5037
MG;Pocrane;2025;AJUSTE FUNDEB - ITCMD;-1,91;3151909;5037
MG;Pocrane;2025;AJUSTE FUNDEB - ITR;-0,25;3151909;5037
MG;Pocrane;2025;FUNDEB - COUN VAAR;96563,31;3151909;5037
MG;Pocrane;2025;FUNDEB - FPE;198014,03;3151909;5037
MG;Pocrane;2025;FUNDEB - FPM;610023,14;3151909;5037
MG;Pocrane;2025;FUNDEB - FUNDEB - FTI;65318,15;3151909;5037
MG;Pocrane;2025;FUNDEB - ICMS;1931588,15;3151909;5037
MG;Pocrane;2025;FUNDEB - IPI-EXP;24620,54;3151909;5037
MG;Pocrane;2025;FUNDEB - IPVA;280883,36;3151909;5037
MG;Pocrane;2025;FUNDEB - ITCMD;48611,56;3151909;5037
MG;Pocrane;2025;FUNDEB - ITR;6983,07;3151909;5037
MG;Pompéu;2025;AJUSTE FUNDEB - AJUSTE FUNDEB VAAR;-19751,72;3152006;5039
MG;Pompéu;2025;AJUSTE FUNDEB - FPE;-66,14;3152006;5039
MG;Pompéu;2025;AJUSTE FUNDEB - FPM;-198,35;3152006;5039
MG;Pompéu;2025;AJUSTE FUNDEB - ICME;-645,54;3152006;5039
MG;Pompéu;2025;AJUSTE FUNDEB - IPIE;-6,21;3152006;5039
MG;Pompéu;2025;AJUSTE FUNDEB - IPVA;-99,27;3152006;5039
MG;Pompéu;2025;AJUSTE FUNDEB - ITCMD;-16,67;3152006;5039
MG;Pompéu;2025;AJUSTE FUNDEB - ITR;-2,21;3152006;5039
MG;Pompéu;2025;FUNDEB - COUN VAAR;84642,64;3152006;5039
MG;Pompéu;2025;FUNDEB - FPE;1597278,62;3152006;5039
MG;Pompéu;2025;FUNDEB - FPM;4920746,02;3152006;5039
MG;Pompéu;2025;FUNDEB - FUNDEB - FTI;410904,37;3152006;5039
MG;Pompéu;2025;FUNDEB - ICMS;15586617,49;3152006;5039
MG;Pompéu;2025;FUNDEB - IPI-EXP;198601,25;3152006;5039
MG;Pompéu;2025;FUNDEB - IPVA;2265806,42;3152006;5039
MG;Pompéu;2025;FUNDEB - ITCMD;392257,1;3152006;5039
MG;Pompéu;2025;FUNDEB - ITR;56360,42;3152006;5039
MG;Ponto Chique;2025;AJUSTE FUNDEB - AJUSTE FUNDEB VAAR;-11689,74;3152131;692
MG;Ponto Chique;2025;AJUSTE FUNDEB - FPE;-11,04;3152131;692
MG;Ponto Chique;2025;AJUSTE FUNDEB - FPM;-33,25;3152131;692
MG;Ponto Chique;2025;AJUSTE FUNDEB - ICME;-108,16;3152131;692
MG;Ponto Chique;2025;AJUSTE FUNDEB - IPIE;-1,07;3152131;692
MG;Ponto Chique;2025;AJUSTE FUNDEB - IPVA;-16,69;3152131;692
MG;Ponto Chique;2025;AJUSTE FUNDEB - ITCMD;-2,74;3152131;692
MG;Ponto Chique;2025;AJUSTE FUNDEB - ITR;-0,32;3152131;692
MG;Ponto Chique;2025;FUNDEB - COUN VAAR;141867,71;3152131;692
MG;Ponto Chique;2025;FUNDEB - FPE;265128,32;3152131;692
MG;Ponto Chique;2025;FUNDEB - FPM;816782,49;3152131;692
MG;Ponto Chique;2025;FUNDEB - FUNDEB - FTI;71808,65;3152131;692
MG;Ponto Chique;2025;FUNDEB - ICMS;2589315,49;3152131;692
MG;Ponto Chique;2025;FUNDEB - IPI-EXP;32965,34;3152131;692
MG;Ponto Chique;2025;FUNDEB - IPVA;376108,18;3152131;692
MG;Ponto Chique;2025;FUNDEB - ITCMD;65135,79;3152131;692
MG;Ponto Chique;2025;FUNDEB - ITR;9361,3;3152131;692
MG;Ponte Nova;2025;AJUSTE FUNDEB - FPE;-120,83;3152105;5041
MG;Ponte Nova;2025;AJUSTE FUNDEB - FPM;-362,47;3152105;5041
MG;Ponte Nova;2025;AJUSTE FUNDEB - ICME;-1179,71;3152105;5041
MG;Ponte Nova;2025;AJUSTE FUNDEB - IPIE;-11,24;3152105;5041
MG;Ponte Nova;2025;AJUSTE FUNDEB - IPVA;-181,48;3152105;5041
MG;Ponte Nova;2025;AJUSTE FUNDEB - ITCMD;-30,58;3152105;5041
MG;Ponte Nova;2025;AJUSTE FUNDEB - ITR;-4;3152105;5041
MG;Ponte Nova;2025;FUNDEB - FPE;2867766,61;3152105;5041
MG;Ponte Nova;2025;FUNDEB - FPM;8834746,14;3152105;5041
MG;Ponte Nova;2025;FUNDEB - ICMS;27998387,89;3152105;5041
MG;Ponte Nova;2025;FUNDEB - IPI-EXP;356570,23;3152105;5041
MG;Ponte Nova;2025;FUNDEB - IPVA;4068060,44;3152105;5041
MG;Ponte Nova;2025;FUNDEB - ITCMD;704289,76;3152105;5041
MG;Ponte Nova;2025;FUNDEB - ITR;101196,7;3152105;5041
MG;Ponto dos Volantes;2025;AJUSTE FUNDEB - AJUSTE FUNDEB VAAR;-13404,97;3152170;694
MG;Ponto dos Volantes;2025;AJUSTE FUNDEB - FPE;-38,79;3152170;694
MG;Ponto dos Volantes;2025;AJUSTE FUNDEB - FPM;-116,27;3152170;694
MG;Ponto dos Volantes;2025;AJUSTE FUNDEB - ICME;-378,42;3152170;694
MG;Ponto dos Volantes;2025;AJUSTE FUNDEB - IPIE;-3,63;3152170;694
MG;Ponto dos Volantes;2025;AJUSTE FUNDEB - IPVA;-58,23;3152170;694
MG;Ponto dos Volantes;2025;AJUSTE FUNDEB - ITCMD;-9,76;3152170;694
MG;Ponto dos Volantes;2025;AJUSTE FUNDEB - ITR;-1,32;3152170;694
MG;Ponto dos Volantes;2025;FUNDEB - COUN VAAR;45771,47;3152170;694
MG;Ponto dos Volantes;2025;FUNDEB - COUN VAAT;662772,6;3152170;694
MG;Ponto dos Volantes;2025;FUNDEB - FPE;903506,06;3152170;694
MG;Ponto dos Volantes;2025;FUNDEB - FPM;2783436,58;3152170;694
MG;Ponto dos Volantes;2025;FUNDEB - ICMS;8835270,22;3152170;694
MG;Ponto dos Volantes;2025;FUNDEB - IPI-EXP;112339,48;3152170;694
MG;Ponto dos Volantes;2025;FUNDEB - IPVA;1281658,51;3152170;694
MG;Ponto dos Volantes;2025;FUNDEB - ITCMD;221876,23;3152170;694
MG;Ponto dos Volantes;2025;FUNDEB - ITR;31879,22;3152170;694
MG;Porteirinha;2025;AJUSTE FUNDEB - AJUSTE FUNDEB VAAR;-10684,88;3152204;5043
MG;Porteirinha;2025;AJUSTE FUNDEB - FPE;-61,81;3152204;5043
MG;Porteirinha;2025;AJUSTE FUNDEB - FPM;-185,58;3152204;5043
MG;Porteirinha;2025;AJUSTE FUNDEB - ICME;-603,73;3152204;5043
MG;Porteirinha;2025;AJUSTE FUNDEB - IPIE;-5,76;3152204;5043
MG;Porteirinha;2025;AJUSTE FUNDEB - IPVA;-92,79;3152204;5043
MG;Porteirinha;2025;AJUSTE FUNDEB - ITCMD;-15,67;3152204;5043
MG;Porteirinha;2025;AJUSTE FUNDEB - ITR;-2,01;3152204;5043
MG;Porteirinha;2025;FUNDEB - COUN VAAR;113203,41;3152204;5043
MG;Porteirinha;2025;FUNDEB - COUN VAAT;2966260,35;3152204;5043
MG;Porteirinha;2025;FUNDEB - FPE;1615826,61;3152204;5043
MG;Porteirinha;2025;FUNDEB - FPM;4977886,94;3152204;5043
MG;Porteirinha;2025;FUNDEB - FUNDEB - FTI;290407,62;3152204;5043
MG;Porteirinha;2025;FUNDEB - ICMS;15773701,65;3152204;5043
MG;Porteirinha;2025;FUNDEB - IPI-EXP;200907,44;3152204;5043
MG;Porteirinha;2025;FUNDEB - IPVA;2291957,64;3152204;5043
MG;Porteirinha;2025;FUNDEB - ITCMD;396482,01;3152204;5043
MG;Porteirinha;2025;FUNDEB - ITR;56936,37;3152204;5043
MG;Porto Firme;2025;AJUSTE FUNDEB - FPE;-7,3;3152303;5045
MG;Porto Firme;2025;AJUSTE FUNDEB - FPM;-22,09;3152303;5045
MG;Porto Firme;2025;AJUSTE FUNDEB - ICME;-71,9;3152303;5045
MG;Porto Firme;2025;AJUSTE FUNDEB - IPIE;-0,62;3152303;5045
MG;Porto Firme;2025;AJUSTE FUNDEB - IPVA;-11,07;3152303;5045
MG;Porto Firme;2025;AJUSTE FUNDEB - ITCMD;-1,81;3152303;5045
MG;Porto Firme;2025;AJUSTE FUNDEB - ITR;-0,25;3152303;5045
MG;Porto Firme;2025;FUNDEB - FPE;205553,27;3152303;5045
MG;Porto Firme;2025;FUNDEB - FPM;633249,22;3152303;5045
MG;Porto Firme;2025;FUNDEB - FUNDEB - FTI;107954;3152303;5045
MG;Porto Firme;2025;FUNDEB - ICMS;2003537,32;3152303;5045
MG;Porto Firme;2025;FUNDEB - IPI-EXP;25557,93;3152303;5045
MG;Porto Firme;2025;FUNDEB - IPVA;291584,64;3152303;5045
MG;Porto Firme;2025;FUNDEB - ITCMD;50476,63;3152303;5045
MG;Porto Firme;2025;FUNDEB - ITR;7252,35;3152303;5045
MG;Poté;2025;AJUSTE FUNDEB - FPE;-27,68;3152402;5047
MG;Poté;2025;AJUSTE FUNDEB - FPM;-82,88;3152402;5047
MG;Poté;2025;AJUSTE FUNDEB - ICME;-269,95;3152402;5047
MG;Poté;2025;AJUSTE FUNDEB - IPIE;-2,61;3152402;5047
MG;Poté;2025;AJUSTE FUNDEB - IPVA;-41,6;3152402;5047
MG;Poté;2025;AJUSTE FUNDEB - ITCMD;-6,99;3152402;5047
MG;Poté;2025;AJUSTE FUNDEB - ITR;-0,89;3152402;5047
MG;Poté;2025;FUNDEB - COUN VAAT;574673,29;3152402;5047
MG;Poté;2025;FUNDEB - FPE;690969,83;3152402;5047
MG;Poté;2025;FUNDEB - FPM;2128674,97;3152402;5047
MG;Poté;2025;FUNDEB - ICMS;6746978,69;3152402;5047
MG;Poté;2025;FUNDEB - IPI-EXP;85913,31;3152402;5047
MG;Poté;2025;FUNDEB - IPVA;980117,39;3152402;5047
MG;Poté;2025;FUNDEB - ITCMD;169579,57;3152402;5047
MG;Poté;2025;FUNDEB - ITR;24355,45;3152402;5047
MG;Pouso Alegre;2025;AJUSTE FUNDEB - FPE;-360,72;3152501;5049
MG;Pouso Alegre;2025;AJUSTE FUNDEB - FPM;-1081,88;3152501;5049
MG;Pouso Alegre;2025;AJUSTE FUNDEB - ICME;-3520,44;3152501;5049
MG;Pouso Alegre;2025;AJUSTE FUNDEB - IPIE;-33,65;3152501;5049
MG;Pouso Alegre;2025;AJUSTE FUNDEB - IPVA;-541,51;3152501;5049
MG;Pouso Alegre;2025;AJUSTE FUNDEB - ITCMD;-91,11;3152501;5049
MG;Pouso Alegre;2025;AJUSTE FUNDEB - ITR;-11,84;3152501;5049
MG;Pouso Alegre;2025;FUNDEB - FPE;8234983,23;3152501;5049
MG;Pouso Alegre;2025;FUNDEB - FPM;25369563,36;3152501;5049
MG;Pouso Alegre;2025;FUNDEB - FUNDEB - FTI;877181,05;3152501;5049
MG;Pouso Alegre;2025;FUNDEB - ICMS;80334327,91;3152501;5049
MG;Pouso Alegre;2025;FUNDEB - IPI-EXP;1023915,24;3152501;5049
MG;Pouso Alegre;2025;FUNDEB - IPVA;11681587,14;3152501;5049
MG;Pouso Alegre;2025;FUNDEB - ITCMD;2022167,22;3152501;5049
MG;Pouso Alegre;2025;FUNDEB - ITR;290534,08;3152501;5049
MG;Pouso Alto;2025;AJUSTE FUNDEB - FPE;-13,12;3152600;5051
MG;Pouso Alto;2025;AJUSTE FUNDEB - FPM;-39,15;3152600;5051
MG;Pouso Alto;2025;AJUSTE FUNDEB - ICME;-127,56;3152600;5051
MG;Pouso Alto;2025;AJUSTE FUNDEB - IPIE;-1,21;3152600;5051
MG;Pouso Alto;2025;AJUSTE FUNDEB - IPVA;-19,66;3152600;5051
MG;Pouso Alto;2025;AJUSTE FUNDEB - ITCMD;-3,23;3152600;5051
MG;Pouso Alto;2025;AJUSTE FUNDEB - ITR;-0,44;3152600;5051
MG;Pouso Alto;2025;FUNDEB - FPE;308796,84;3152600;5051
MG;Pouso Alto;2025;FUNDEB - FPM;951312,22;3152600;5051
MG;Pouso Alto;2025;FUNDEB - FUNDEB - FTI;123619,67;3152600;5051
MG;Pouso Alto;2025;FUNDEB - ICMS;3011076,12;3152600;5051
MG;Pouso Alto;2025;FUNDEB - IPI-EXP;38394,97;3152600;5051
MG;Pouso Alto;2025;FUNDEB - IPVA;438040,84;3152600;5051
MG;Pouso Alto;2025;FUNDEB - ITCMD;75833,05;3152600;5051
MG;Pouso Alto;2025;FUNDEB - ITR;10895,81;3152600;5051
MG;Prados;2025;AJUSTE FUNDEB - AJUSTE FUNDEB VAAR;-14125,66;3152709;5053
MG;Prados;2025;AJUSTE FUNDEB - FPE;-15,75;3152709;5053
MG;Prados;2025;AJUSTE FUNDEB - FPM;-47,13;3152709;5053
MG;Prados;2025;AJUSTE FUNDEB - ICME;-153,2;3152709;5053
MG;Prados;2025;AJUSTE FUNDEB - IPIE;-1,47;3152709;5053
MG;Prados;2025;AJUSTE FUNDEB - IPVA;-23,76;3152709;5053
MG;Prados;2025;AJUSTE FUNDEB - ITCMD;-3,98;3152709;5053
MG;Prados;2025;AJUSTE FUNDEB - ITR;-0,53;3152709;5053
MG;Prados;2025;FUNDEB - COUN VAAR;204634,16;3152709;5053
MG;Prados;2025;FUNDEB - FPE;374966,79;3152709;5053
MG;Prados;2025;FUNDEB - FPM;1155162,43;3152709;5053
MG;Prados;2025;FUNDEB - ICMS;3661604,84;3152709;5053
MG;Prados;2025;FUNDEB - IPI-EXP;46622,34;3152709;5053
MG;Prados;2025;FUNDEB - IPVA;531890,65;3152709;5053
MG;Prados;2025;FUNDEB - ITCMD;92052,08;3152709;5053
MG;Prados;2025;FUNDEB - ITR;13223,3;3152709;5053
MG;Prata;2025;AJUSTE FUNDEB - FPE;-62,03;3152808;5055
MG;Prata;2025;AJUSTE FUNDEB - FPM;-186,26;3152808;5055
MG;Prata;2025;AJUSTE FUNDEB - ICME;-605,82;3152808;5055
MG;Prata;2025;AJUSTE FUNDEB - IPIE;-5,85;3152808;5055
MG;Prata;2025;AJUSTE FUNDEB - IPVA;-92,95;3152808;5055
MG;Prata;2025;AJUSTE FUNDEB - ITCMD;-15,67;3152808;5055
MG;Prata;2025;AJUSTE FUNDEB - ITR;-2,03;3152808;5055
MG;Prata;2025;FUNDEB - FPE;1469965,62;3152808;5055
MG;Prata;2025;FUNDEB - FPM;4528532,15;3152808;5055
MG;Prata;2025;FUNDEB - ICMS;14315311,62;3152808;5055
MG;Prata;2025;FUNDEB - IPI-EXP;182771,47;3152808;5055
MG;Prata;2025;FUNDEB - IPVA;2085176,45;3152808;5055
MG;Prata;2025;FUNDEB - ITCMD;360927,34;3152808;5055
MG;Prata;2025;FUNDEB - ITR;51852,83;3152808;5055
MG;Pratápolis;2025;AJUSTE FUNDEB - FPE;-12,47;3152907;5057
MG;Pratápolis;2025;AJUSTE FUNDEB - FPM;-37,32;3152907;5057
MG;Pratápolis;2025;AJUSTE FUNDEB - ICME;-121,45;3152907;5057
MG;Pratápolis;2025;AJUSTE FUNDEB - IPIE;-1,19;3152907;5057
MG;Pratápolis;2025;AJUSTE FUNDEB - IPVA;-18,9;3152907;5057
MG;Pratápolis;2025;AJUSTE FUNDEB - ITCMD;-3,17;3152907;5057
MG;Pratápolis;2025;AJUSTE FUNDEB - ITR;-0,39;3152907;5057
MG;Pratápolis;2025;FUNDEB - FPE;277457,69;3152907;5057
MG;Pratápolis;2025;FUNDEB - FPM;854765,53;3152907;5057
MG;Pratápolis;2025;FUNDEB - FUNDEB - FTI;1064,95;3152907;5057
MG;Pratápolis;2025;FUNDEB - ICMS;2710098,88;3152907;5057
MG;Pratápolis;2025;FUNDEB - IPI-EXP;34498,34;3152907;5057
MG;Pratápolis;2025;FUNDEB - IPVA;393592,69;3152907;5057
MG;Pratápolis;2025;FUNDEB - ITCMD;68152,87;3152907;5057
MG;Pratápolis;2025;FUNDEB - ITR;9793,8;3152907;5057
MG;Pratinha;2025;AJUSTE FUNDEB - AJUSTE FUNDEB VAAR;-13734,07;3153004;5059
MG;Pratinha;2025;AJUSTE FUNDEB - FPE;-8,68;3153004;5059
MG;Pratinha;2025;AJUSTE FUNDEB - FPM;-25,96;3153004;5059
MG;Pratinha;2025;AJUSTE FUNDEB - ICME;-84,32;3153004;5059
MG;Pratinha;2025;AJUSTE FUNDEB - IPIE;-0,75;3153004;5059
MG;Pratinha;2025;AJUSTE FUNDEB - IPVA;-12,94;3153004;5059
MG;Pratinha;2025;AJUSTE FUNDEB - ITCMD;-2,13;3153004;5059
MG;Pratinha;2025;AJUSTE FUNDEB - ITR;-0,26;3153004;5059
MG;Pratinha;2025;FUNDEB - COUN VAAR;203776,77;3153004;5059
MG;Pratinha;2025;FUNDEB - FPE;213955,8;3153004;5059
MG;Pratinha;2025;FUNDEB - FPM;659135,02;3153004;5059
MG;Pratinha;2025;FUNDEB - FUNDEB - FTI;81380,7;3153004;5059
MG;Pratinha;2025;FUNDEB - ICMS;2084989,46;3153004;5059
MG;Pratinha;2025;FUNDEB - IPI-EXP;26602,67;3153004;5059
MG;Pratinha;2025;FUNDEB - IPVA;303489,64;3153004;5059
MG;Pratinha;2025;FUNDEB - ITCMD;52510,64;3153004;5059
MG;Pratinha;2025;FUNDEB - ITR;7541,81;3153004;5059
MG;Presidente Bernardes;2025;AJUSTE FUNDEB - AJUSTE FUNDEB VAAR;-6049,78;3153103;5061
MG;Presidente Bernardes;2025;AJUSTE FUNDEB - FPE;-5,58;3153103;5061
MG;Presidente Bernardes;2025;AJUSTE FUNDEB - FPM;-16,81;3153103;5061
MG;Presidente Bernardes;2025;AJUSTE FUNDEB - ICME;-54,54;3153103;5061
MG;Presidente Bernardes;2025;AJUSTE FUNDEB - IPIE;-0,47;3153103;5061
MG;Presidente Bernardes;2025;AJUSTE FUNDEB - IPVA;-8,49;3153103;5061
MG;Presidente Bernardes;2025;AJUSTE FUNDEB - ITCMD;-1,48;3153103;5061
MG;Presidente Bernardes;2025;AJUSTE FUNDEB - ITR;-0,2;3153103;5061
MG;Presidente Bernardes;2025;FUNDEB - COUN VAAR;96790,16;3153103;5061
MG;Presidente Bernardes;2025;FUNDEB - COUN VAAT;306752,25;3153103;5061
MG;Presidente Bernardes;2025;FUNDEB - FPE;210026,42;3153103;5061
MG;Presidente Bernardes;2025;FUNDEB - FPM;647029,65;3153103;5061
MG;Presidente Bernardes;2025;FUNDEB - ICMS;2043971,32;3153103;5061
MG;Presidente Bernardes;2025;FUNDEB - IPI-EXP;26114,11;3153103;5061
MG;Presidente Bernardes;2025;FUNDEB - IPVA;297791,12;3153103;5061
MG;Presidente Bernardes;2025;FUNDEB - ITCMD;51288,76;3153103;5061
MG;Presidente Bernardes;2025;FUNDEB - ITR;7342,1;3153103;5061
MG;Presidente Juscelino;2025;AJUSTE FUNDEB - AJUSTE FUNDEB VAAR;-10867,61;3153202;5063
MG;Presidente Juscelino;2025;AJUSTE FUNDEB - FPE;-7,72;3153202;5063
MG;Presidente Juscelino;2025;AJUSTE FUNDEB - FPM;-23,01;3153202;5063
MG;Presidente Juscelino;2025;AJUSTE FUNDEB - ICME;-75,49;3153202;5063
MG;Presidente Juscelino;2025;AJUSTE FUNDEB - IPIE;-0,71;3153202;5063
MG;Presidente Juscelino;2025;AJUSTE FUNDEB - IPVA;-11,62;3153202;5063
MG;Presidente Juscelino;2025;AJUSTE FUNDEB - ITCMD;-1,93;3153202;5063
MG;Presidente Juscelino;2025;AJUSTE FUNDEB - ITR;-0,24;3153202;5063
MG;Presidente Juscelino;2025;FUNDEB - COUN VAAR;154296,73;3153202;5063
MG;Presidente Juscelino;2025;FUNDEB - FPE;168659,35;3153202;5063
MG;Presidente Juscelino;2025;FUNDEB - FPM;519589,85;3153202;5063
MG;Presidente Juscelino;2025;FUNDEB - FUNDEB - FTI;87028,19;3153202;5063
MG;Presidente Juscelino;2025;FUNDEB - ICMS;1651349,9;3153202;5063
MG;Presidente Juscelino;2025;FUNDEB - IPI-EXP;20970,66;3153202;5063
MG;Presidente Juscelino;2025;FUNDEB - IPVA;239259,6;3153202;5063
MG;Presidente Juscelino;2025;FUNDEB - ITCMD;41437,99;3153202;5063
MG;Presidente Juscelino;2025;FUNDEB - ITR;5955,68;3153202;5063
MG;Presidente Kubitschek;2025;AJUSTE FUNDEB - FPE;-9,52;3153301;5065
MG;Presidente Kubitschek;2025;AJUSTE FUNDEB - FPM;-28,44;3153301;5065
MG;Presidente Kubitschek;2025;AJUSTE FUNDEB - ICME;-92,69;3153301;5065
MG;Presidente Kubitschek;2025;AJUSTE FUNDEB - IPIE;-0,88;3153301;5065
MG;Presidente Kubitschek;2025;AJUSTE FUNDEB - IPVA;-14,16;3153301;5065
MG;Presidente Kubitschek;2025;AJUSTE FUNDEB - ITCMD;-2,41;3153301;5065
MG;Presidente Kubitschek;2025;AJUSTE FUNDEB - ITR;-0,32;3153301;5065
MG;Presidente Kubitschek;2025;FUNDEB - FPE;243905,2;3153301;5065
MG;Presidente Kubitschek;2025;FUNDEB - FPM;751400,17;3153301;5065
MG;Presidente Kubitschek;2025;FUNDEB - FUNDEB - FTI;120915,65;3153301;5065
MG;Presidente Kubitschek;2025;FUNDEB - ICMS;2379379;3153301;5065
MG;Presidente Kubitschek;2025;FUNDEB - IPI-EXP;30326,5;3153301;5065
MG;Presidente Kubitschek;2025;FUNDEB - IPVA;345993,78;3153301;5065
MG;Presidente Kubitschek;2025;FUNDEB - ITCMD;59906,55;3153301;5065
MG;Presidente Kubitschek;2025;FUNDEB - ITR;8608,35;3153301;5065
MG;Presidente Olegário;2025;AJUSTE FUNDEB - AJUSTE FUNDEB VAAR;-59521,48;3153400;5067
MG;Presidente Olegário;2025;AJUSTE FUNDEB - FPE;-48,28;3153400;5067
MG;Presidente Olegário;2025;AJUSTE FUNDEB - FPM;-144,72;3153400;5067
MG;Presidente Olegário;2025;AJUSTE FUNDEB - ICME;-471,1;3153400;5067
MG;Presidente Olegário;2025;AJUSTE FUNDEB - IPIE;-4,46;3153400;5067
MG;Presidente Olegário;2025;AJUSTE FUNDEB - IPVA;-72,52;3153400;5067
MG;Presidente Olegário;2025;AJUSTE FUNDEB - ITCMD;-12,23;3153400;5067
MG;Presidente Olegário;2025;AJUSTE FUNDEB - ITR;-1,61;3153400;5067
MG;Presidente Olegário;2025;FUNDEB - COUN VAAR;622103,6;3153400;5067
MG;Presidente Olegário;2025;FUNDEB - FPE;1172192,42;3153400;5067
MG;Presidente Olegário;2025;FUNDEB - FPM;3611180,37;3153400;5067
MG;Presidente Olegário;2025;FUNDEB - FUNDEB - FTI;354267,17;3153400;5067
MG;Presidente Olegário;2025;FUNDEB - ICMS;11431504,45;3153400;5067
MG;Presidente Olegário;2025;FUNDEB - IPI-EXP;145747,18;3153400;5067
MG;Presidente Olegário;2025;FUNDEB - IPVA;1662710,33;3153400;5067
MG;Presidente Olegário;2025;FUNDEB - ITCMD;287671,9;3153400;5067
MG;Presidente Olegário;2025;FUNDEB - ITR;41315,21;3153400;5067
MG;Prudente de Morais;2025;AJUSTE FUNDEB - AJUSTE FUNDEB VAAR;-3015,71;3153608;5071
MG;Prudente de Morais;2025;AJUSTE FUNDEB - AJUSTE FUNDEB VAAT;43088,42;3153608;5071
MG;Prudente de Morais;2025;AJUSTE FUNDEB - FPE;-24,96;3153608;5071
MG;Prudente de Morais;2025;AJUSTE FUNDEB - FPM;-74,72;3153608;5071
MG;Prudente de Morais;2025;AJUSTE FUNDEB - ICME;-243,23;3153608;5071
MG;Prudente de Morais;2025;AJUSTE FUNDEB - IPIE;-2,35;3153608;5071
MG;Prudente de Morais;2025;AJUSTE FUNDEB - IPVA;-37,23;3153608;5071
MG;Prudente de Morais;2025;AJUSTE FUNDEB - ITCMD;-6,36;3153608;5071
MG;Prudente de Morais;2025;AJUSTE FUNDEB - ITR;-0,83;3153608;5071
MG;Prudente de Morais;2025;FUNDEB - COUN VAAR;18777,56;3153608;5071
MG;Prudente de Morais;2025;FUNDEB - COUN VAAT;519760,21;3153608;5071
MG;Prudente de Morais;2025;FUNDEB - FPE;615956,43;3153608;5071
MG;Prudente de Morais;2025;FUNDEB - FPM;1897580,81;3153608;5071
MG;Prudente de Morais;2025;FUNDEB - FUNDEB - FTI;172708,7;3153608;5071
MG;Prudente de Morais;2025;FUNDEB - ICMS;6000119,04;3153608;5071
MG;Prudente de Morais;2025;FUNDEB - IPI-EXP;76586,33;3153608;5071
MG;Prudente de Morais;2025;FUNDEB - IPVA;873718,54;3153608;5071
MG;Prudente de Morais;2025;FUNDEB - ITCMD;151180,39;3153608;5071
MG;Prudente de Morais;2025;FUNDEB - ITR;21713,97;3153608;5071
MG;Quartel Geral;2025;AJUSTE FUNDEB - FPE;-11,15;3153707;5073
MG;Quartel Geral;2025;AJUSTE FUNDEB - FPM;-33,37;3153707;5073
MG;Quartel Geral;2025;AJUSTE FUNDEB - ICME;-108,74;3153707;5073
MG;Quartel Geral;2025;AJUSTE FUNDEB - IPIE;-1,09;3153707;5073
MG;Quartel Geral;2025;AJUSTE FUNDEB - IPVA;-16,71;3153707;5073
MG;Quartel Geral;2025;AJUSTE FUNDEB - ITCMD;-2,84;3153707;5073
MG;Quartel Geral;2025;AJUSTE FUNDEB - ITR;-0,38;3153707;5073
MG;Quartel Geral;2025;FUNDEB - FPE;255287,18;3153707;5073
MG;Quartel Geral;2025;FUNDEB - FPM;786464,83;3153707;5073
MG;Quartel Geral;2025;FUNDEB - ICMS;2497153,62;3153707;5073
MG;Quartel Geral;2025;FUNDEB - IPI-EXP;31741,7;3153707;5073
MG;Quartel Geral;2025;FUNDEB - IPVA;362140,2;3153707;5073
MG;Quartel Geral;2025;FUNDEB - ITCMD;62702,62;3153707;5073
MG;Quartel Geral;2025;FUNDEB - ITR;9010,15;3153707;5073
MG;Queluzito;2025;AJUSTE FUNDEB - AJUSTE FUNDEB VAAR;-3059,97;3153806;5075
MG;Queluzito;2025;AJUSTE FUNDEB - FPE;-2,57;3153806;5075
MG;Queluzito;2025;AJUSTE FUNDEB - FPM;-7,55;3153806;5075
MG;Queluzito;2025;AJUSTE FUNDEB - ICME;-24,82;3153806;5075
MG;Queluzito;2025;AJUSTE FUNDEB - IPIE;-0,22;3153806;5075
MG;Queluzito;2025;AJUSTE FUNDEB - IPVA;-3,9;3153806;5075
MG;Queluzito;2025;AJUSTE FUNDEB - ITCMD;-0,64;3153806;5075
MG;Queluzito;2025;AJUSTE FUNDEB - ITR;-0,1;3153806;5075
MG;Queluzito;2025;FUNDEB - COUN VAAR;45184,34;3153806;5075
MG;Queluzito;2025;FUNDEB - FPE;93369,15;3153806;5075
MG;Queluzito;2025;FUNDEB - FPM;287642,83;3153806;5075
MG;Queluzito;2025;FUNDEB - FUNDEB - FTI;28784,74;3153806;5075
MG;Queluzito;2025;FUNDEB - ICMS;908014,75;3153806;5075
MG;Queluzito;2025;FUNDEB - IPI-EXP;11609,26;3153806;5075
MG;Queluzito;2025;FUNDEB - IPVA;132395;3153806;5075
MG;Queluzito;2025;FUNDEB - ITCMD;22819,87;3153806;5075
MG;Queluzito;2025;FUNDEB - ITR;3268,49;3153806;5075
MG;Raposos;2025;AJUSTE FUNDEB - AJUSTE FUNDEB VAAR;-3721,52;3153905;5077
MG;Raposos;2025;AJUSTE FUNDEB - FPE;-29,62;3153905;5077
MG;Raposos;2025;AJUSTE FUNDEB - FPM;-88,84;3153905;5077
MG;Raposos;2025;AJUSTE FUNDEB - ICME;-289,06;3153905;5077
MG;Raposos;2025;AJUSTE FUNDEB - IPIE;-2,74;3153905;5077
MG;Raposos;2025;AJUSTE FUNDEB - IPVA;-44,3;3153905;5077
MG;Raposos;2025;AJUSTE FUNDEB - ITCMD;-7,51;3153905;5077
MG;Raposos;2025;AJUSTE FUNDEB - ITR;-0,99;3153905;5077
MG;Raposos;2025;FUNDEB - COUN VAAR;25199,75;3153905;5077
MG;Raposos;2025;FUNDEB - FPE;707407,74;3153905;5077
MG;Raposos;2025;FUNDEB - FPM;2179315,37;3153905;5077
MG;Raposos;2025;FUNDEB - FUNDEB - FTI;240440,87;3153905;5077
MG;Raposos;2025;FUNDEB - ICMS;6906715,15;3153905;5077
MG;Raposos;2025;FUNDEB - IPI-EXP;87957,13;3153905;5077
MG;Raposos;2025;FUNDEB - IPVA;1003475,44;3153905;5077
MG;Raposos;2025;FUNDEB - ITCMD;173699,29;3153905;5077
MG;Raposos;2025;FUNDEB - ITR;24955,2;3153905;5077
MG;Raul Soares;2025;AJUSTE FUNDEB - FPE;-37,47;3154002;5079
MG;Raul Soares;2025;AJUSTE FUNDEB - FPM;-112,44;3154002;5079
MG;Raul Soares;2025;AJUSTE FUNDEB - ICME;-366,02;3154002;5079
MG;Raul Soares;2025;AJUSTE FUNDEB - IPIE;-3,47;3154002;5079
MG;Raul Soares;2025;AJUSTE FUNDEB - IPVA;-56,27;3154002;5079
MG;Raul Soares;2025;AJUSTE FUNDEB - ITCMD;-9,5;3154002;5079
MG;Raul Soares;2025;AJUSTE FUNDEB - ITR;-1,17;3154002;5079
MG;Raul Soares;2025;FUNDEB - FPE;899311,76;3154002;5079
MG;Raul Soares;2025;FUNDEB - FPM;2770515,19;3154002;5079
MG;Raul Soares;2025;FUNDEB - FUNDEB - FTI;60634,96;3154002;5079
MG;Raul Soares;2025;FUNDEB - ICMS;8776965,45;3154002;5079
MG;Raul Soares;2025;FUNDEB - IPI-EXP;111817,96;3154002;5079
MG;Raul Soares;2025;FUNDEB - IPVA;1275731,52;3154002;5079
MG;Raul Soares;2025;FUNDEB - ITCMD;220893,29;3154002;5079
MG;Raul Soares;2025;FUNDEB - ITR;31742,39;3154002;5079
MG;Recreio;2025;AJUSTE FUNDEB - AJUSTE FUNDEB VAAR;-7180,56;3154101;5081
MG;Recreio;2025;AJUSTE FUNDEB - FPE;-20,43;3154101;5081
MG;Recreio;2025;AJUSTE FUNDEB - FPM;-61,23;3154101;5081
MG;Recreio;2025;AJUSTE FUNDEB - ICME;-199,1;3154101;5081
MG;Recreio;2025;AJUSTE FUNDEB - IPIE;-1,94;3154101;5081
MG;Recreio;2025;AJUSTE FUNDEB - IPVA;-30,54;3154101;5081
MG;Recreio;2025;AJUSTE FUNDEB - ITCMD;-5,14;3154101;5081
MG;Recreio;2025;AJUSTE FUNDEB - ITR;-0,71;3154101;5081
MG;Recreio;2025;FUNDEB - COUN VAAR;41201,54;3154101;5081
MG;Recreio;2025;FUNDEB - FPE;497858,16;3154101;5081
MG;Recreio;2025;FUNDEB - FPM;1533754,78;3154101;5081
MG;Recreio;2025;FUNDEB - ICMS;4863192,86;3154101;5081
MG;Recreio;2025;FUNDEB - IPI-EXP;61902,35;3154101;5081
MG;Recreio;2025;FUNDEB - IPVA;706180,93;3154101;5081
MG;Recreio;2025;FUNDEB - ITCMD;122156,5;3154101;5081
MG;Recreio;2025;FUNDEB - ITR;17541,7;3154101;5081
MG;Reduto;2025;AJUSTE FUNDEB - AJUSTE FUNDEB VAAT;31577,71;3154150;696
MG;Reduto;2025;AJUSTE FUNDEB - FPE;-17,58;3154150;696
MG;Reduto;2025;AJUSTE FUNDEB - FPM;-52,78;3154150;696
MG;Reduto;2025;AJUSTE FUNDEB - ICME;-171,66;3154150;696
MG;Reduto;2025;AJUSTE FUNDEB - IPIE;-1,7;3154150;696
MG;Reduto;2025;AJUSTE FUNDEB - IPVA;-26,46;3154150;696
MG;Reduto;2025;AJUSTE FUNDEB - ITCMD;-4,44;3154150;696
MG;Reduto;2025;AJUSTE FUNDEB - ITR;-0,56;3154150;696
MG;Reduto;2025;FUNDEB - COUN VAAT;504012,74;3154150;696
MG;Reduto;2025;FUNDEB - FPE;423110,91;3154150;696
MG;Reduto;2025;FUNDEB - FPM;1303480,35;3154150;696
MG;Reduto;2025;FUNDEB - ICMS;4125912,01;3154150;696
MG;Reduto;2025;FUNDEB - IPI-EXP;52608,44;3154150;696
MG;Reduto;2025;FUNDEB - IPVA;600214,98;3154150;696
MG;Reduto;2025;FUNDEB - ITCMD;103936,69;3154150;696
MG;Reduto;2025;FUNDEB - ITR;14936,68;3154150;696
MG;Resende Costa;2025;AJUSTE FUNDEB - FPE;-24,01;3154200;5083
MG;Resende Costa;2025;AJUSTE FUNDEB - FPM;-71,88;3154200;5083
MG;Resende Costa;2025;AJUSTE FUNDEB - ICME;-234,12;3154200;5083
MG;Resende Costa;2025;AJUSTE FUNDEB - IPIE;-2,26;3154200;5083
MG;Resende Costa;2025;AJUSTE FUNDEB - IPVA;-35,98;3154200;5083
MG;Resende Costa;2025;AJUSTE FUNDEB - ITCMD;-5,98;3154200;5083
MG;Resende Costa;2025;AJUSTE FUNDEB - ITR;-0,78;3154200;5083
MG;Resende Costa;2025;FUNDEB - FPE;548657,66;3154200;5083
MG;Resende Costa;2025;FUNDEB - FPM;1690253,02;3154200;5083
MG;Resende Costa;2025;FUNDEB - ICMS;5354746,93;3154200;5083
MG;Resende Costa;2025;FUNDEB - IPI-EXP;68218,59;3154200;5083
MG;Resende Costa;2025;FUNDEB - IPVA;778285,3;3154200;5083
MG;Resende Costa;2025;FUNDEB - ITCMD;134721;3154200;5083
MG;Resende Costa;2025;FUNDEB - ITR;19355,4;3154200;5083
MG;Resplendor;2025;AJUSTE FUNDEB - FPE;-37,52;3154309;5085
MG;Resplendor;2025;AJUSTE FUNDEB - FPM;-112,46;3154309;5085
MG;Resplendor;2025;AJUSTE FUNDEB - ICME;-366,03;3154309;5085
MG;Resplendor;2025;AJUSTE FUNDEB - IPIE;-3,52;3154309;5085
MG;Resplendor;2025;AJUSTE FUNDEB - IPVA;-56,23;3154309;5085
MG;Resplendor;2025;AJUSTE FUNDEB - ITCMD;-9,5;3154309;5085
MG;Resplendor;2025;AJUSTE FUNDEB - ITR;-1,23;3154309;5085
MG;Resplendor;2025;FUNDEB - COUN VAAT;1105012,79;3154309;5085
MG;Resplendor;2025;FUNDEB - FPE;1041330,61;3154309;5085
MG;Resplendor;2025;FUNDEB - FPM;3208033,59;3154309;5085
MG;Resplendor;2025;FUNDEB - FUNDEB - FTI;243266,57;3154309;5085
MG;Resplendor;2025;FUNDEB - ICMS;10161385,57;3154309;5085
MG;Resplendor;2025;FUNDEB - IPI-EXP;129476,21;3154309;5085
MG;Resplendor;2025;FUNDEB - IPVA;1477081,8;3154309;5085
MG;Resplendor;2025;FUNDEB - ITCMD;255544,31;3154309;5085
MG;Resplendor;2025;FUNDEB - ITR;36699,87;3154309;5085
MG;Ressaquinha;2025;AJUSTE FUNDEB - AJUSTE FUNDEB VAAR;-1828,69;3154408;5087
MG;Ressaquinha;2025;AJUSTE FUNDEB - FPE;-14,79;3154408;5087
MG;Ressaquinha;2025;AJUSTE FUNDEB - FPM;-44,19;3154408;5087
MG;Ressaquinha;2025;AJUSTE FUNDEB - ICME;-144,02;3154408;5087
MG;Ressaquinha;2025;AJUSTE FUNDEB - IPIE;-1,39;3154408;5087
MG;Ressaquinha;2025;AJUSTE FUNDEB - IPVA;-22,1;3154408;5087
MG;Ressaquinha;2025;AJUSTE FUNDEB - ITCMD;-3,72;3154408;5087
MG;Ressaquinha;2025;AJUSTE FUNDEB - ITR;-0,54;3154408;5087
MG;Ressaquinha;2025;FUNDEB - COUN VAAR;11326,94;3154408;5087
MG;Ressaquinha;2025;FUNDEB - FPE;318016,54;3154408;5087
MG;Ressaquinha;2025;FUNDEB - FPM;979715,43;3154408;5087
MG;Ressaquinha;2025;FUNDEB - FUNDEB - FTI;114716,6;3154408;5087
MG;Ressaquinha;2025;FUNDEB - ICMS;3109731,13;3154408;5087
MG;Ressaquinha;2025;FUNDEB - IPI-EXP;39541,31;3154408;5087
MG;Ressaquinha;2025;FUNDEB - IPVA;451302,29;3154408;5087
MG;Ressaquinha;2025;FUNDEB - ITCMD;78474,97;3154408;5087
MG;Ressaquinha;2025;FUNDEB - ITR;11310,98;3154408;5087
MG;Riachinho;2025;AJUSTE FUNDEB - FPE;-14,78;3154457;2901
MG;Riachinho;2025;AJUSTE FUNDEB - FPM;-44,24;3154457;2901
MG;Riachinho;2025;AJUSTE FUNDEB - ICME;-143,68;3154457;2901
MG;Riachinho;2025;AJUSTE FUNDEB - IPIE;-1,4;3154457;2901
MG;Riachinho;2025;AJUSTE FUNDEB - IPVA;-22,23;3154457;2901
MG;Riachinho;2025;AJUSTE FUNDEB - ITCMD;-3,75;3154457;2901
MG;Riachinho;2025;AJUSTE FUNDEB - ITR;-0,49;3154457;2901
MG;Riachinho;2025;FUNDEB - COUN VAAT;182975,48;3154457;2901
MG;Riachinho;2025;FUNDEB - FPE;390415,14;3154457;2901
MG;Riachinho;2025;FUNDEB - FPM;1202754,32;3154457;2901
MG;Riachinho;2025;FUNDEB - FUNDEB - FTI;155505,89;3154457;2901
MG;Riachinho;2025;FUNDEB - ICMS;3807087,12;3154457;2901
MG;Riachinho;2025;FUNDEB - IPI-EXP;48543,12;3154457;2901
MG;Riachinho;2025;FUNDEB - IPVA;553732,93;3154457;2901
MG;Riachinho;2025;FUNDEB - ITCMD;95697,4;3154457;2901
MG;Riachinho;2025;FUNDEB - ITR;13733,05;3154457;2901
MG;Riacho dos Machados;2025;AJUSTE FUNDEB - AJUSTE FUNDEB VAAR;-19689,06;3154507;5089
MG;Riacho dos Machados;2025;AJUSTE FUNDEB - FPE;-28,77;3154507;5089
MG;Riacho dos Machados;2025;AJUSTE FUNDEB - FPM;-86,39;3154507;5089
MG;Riacho dos Machados;2025;AJUSTE FUNDEB - ICME;-281;3154507;5089
MG;Riacho dos Machados;2025;AJUSTE FUNDEB - IPIE;-2,68;3154507;5089
MG;Riacho dos Machados;2025;AJUSTE FUNDEB - IPVA;-43,33;3154507;5089
MG;Riacho dos Machados;2025;AJUSTE FUNDEB - ITCMD;-7,26;3154507;5089
MG;Riacho dos Machados;2025;AJUSTE FUNDEB - ITR;-0,95;3154507;5089
MG;Riacho dos Machados;2025;FUNDEB - COUN VAAR;315003,51;3154507;5089
MG;Riacho dos Machados;2025;FUNDEB - FPE;663673,59;3154507;5089
MG;Riacho dos Machados;2025;FUNDEB - FPM;2044583,39;3154507;5089
MG;Riacho dos Machados;2025;FUNDEB - FUNDEB - FTI;139949,49;3154507;5089
MG;Riacho dos Machados;2025;FUNDEB - ICMS;6485025,44;3154507;5089
MG;Riacho dos Machados;2025;FUNDEB - IPI-EXP;82519,36;3154507;5089
MG;Riacho dos Machados;2025;FUNDEB - IPVA;941462,03;3154507;5089
MG;Riacho dos Machados;2025;FUNDEB - ITCMD;163011,23;3154507;5089
MG;Riacho dos Machados;2025;FUNDEB - ITR;23424,42;3154507;5089
MG;Ribeirão das Neves;2025;AJUSTE FUNDEB - AJUSTE FUNDEB VAAR;-1219425,26;3154606;5091
MG;Ribeirão das Neves;2025;AJUSTE FUNDEB - AJUSTE FUNDEB VAAT;1123237,04;3154606;5091
MG;Ribeirão das Neves;2025;AJUSTE FUNDEB - FPE;-2280,11;3154606;5091
MG;Ribeirão das Neves;2025;AJUSTE FUNDEB - FPM;-6970,04;3154606;5091
MG;Ribeirão das Neves;2025;AJUSTE FUNDEB - ICME;-22533,25;3154606;5091
MG;Ribeirão das Neves;2025;AJUSTE FUNDEB - IPIE;-265,96;3154606;5091
MG;Ribeirão das Neves;2025;AJUSTE FUNDEB - IPVA;-3569,33;3154606;5091
MG;Ribeirão das Neves;2025;AJUSTE FUNDEB - ITCMD;-535,83;3154606;5091
MG;Ribeirão das Neves;2025;AJUSTE FUNDEB - ITR;-81,84;3154606;5091
MG;Ribeirão das Neves;2025;FUNDEB - COUN VAAR;15769951,14;3154606;5091
MG;Ribeirão das Neves;2025;FUNDEB - COUN VAAT;22669091,12;3154606;5091
MG;Ribeirão das Neves;2025;FUNDEB - FPE;15519216,87;3154606;5091
MG;Ribeirão das Neves;2025;FUNDEB - FPM;47810146,55;3154606;5091
MG;Ribeirão das Neves;2025;FUNDEB - FUNDEB - FTI;5094906,5;3154606;5091
MG;Ribeirão das Neves;2025;FUNDEB - ICMS;151096909,5;3154606;5091
MG;Ribeirão das Neves;2025;FUNDEB - IPI-EXP;1929620;3154606;5091
MG;Ribeirão das Neves;2025;FUNDEB - IPVA;22015175,67;3154606;5091
MG;Ribeirão das Neves;2025;FUNDEB - ITCMD;3811647,62;3154606;5091
MG;Ribeirão das Neves;2025;FUNDEB - ITR;547720,07;3154606;5091
MG;Ribeirão Vermelho;2025;AJUSTE FUNDEB - AJUSTE FUNDEB VAAR;-14443,23;3154705;5093
MG;Ribeirão Vermelho;2025;AJUSTE FUNDEB - FPE;-8,83;3154705;5093
MG;Ribeirão Vermelho;2025;AJUSTE FUNDEB - FPM;-26,66;3154705;5093
MG;Ribeirão Vermelho;2025;AJUSTE FUNDEB - ICME;-86,86;3154705;5093
MG;Ribeirão Vermelho;2025;AJUSTE FUNDEB - IPIE;-0,83;3154705;5093
MG;Ribeirão Vermelho;2025;AJUSTE FUNDEB - IPVA;-13,49;3154705;5093
MG;Ribeirão Vermelho;2025;AJUSTE FUNDEB - ITCMD;-2,26;3154705;5093
MG;Ribeirão Vermelho;2025;AJUSTE FUNDEB - ITR;-0,28;3154705;5093
MG;Ribeirão Vermelho;2025;FUNDEB - COUN VAAR;214021,07;3154705;5093
MG;Ribeirão Vermelho;2025;FUNDEB - FPE;205928,06;3154705;5093
MG;Ribeirão Vermelho;2025;FUNDEB - FPM;634403,95;3154705;5093
MG;Ribeirão Vermelho;2025;FUNDEB - ICMS;2007749,63;3154705;5093
MG;Ribeirão Vermelho;2025;FUNDEB - IPI-EXP;25604,55;3154705;5093
MG;Ribeirão Vermelho;2025;FUNDEB - IPVA;292148,45;3154705;5093
MG;Ribeirão Vermelho;2025;FUNDEB - ITCMD;50635,18;3154705;5093
MG;Ribeirão Vermelho;2025;FUNDEB - ITR;7281,38;3154705;5093
MG;Rio Acima;2025;AJUSTE FUNDEB - FPE;-29,52;3154804;5095
MG;Rio Acima;2025;AJUSTE FUNDEB - FPM;-88,6;3154804;5095
MG;Rio Acima;2025;AJUSTE FUNDEB - ICME;-288,4;3154804;5095
MG;Rio Acima;2025;AJUSTE FUNDEB - IPIE;-2,75;3154804;5095
MG;Rio Acima;2025;AJUSTE FUNDEB - IPVA;-44,49;3154804;5095
MG;Rio Acima;2025;AJUSTE FUNDEB - ITCMD;-7,45;3154804;5095
MG;Rio Acima;2025;AJUSTE FUNDEB - ITR;-0,99;3154804;5095
MG;Rio Acima;2025;FUNDEB - FPE;675118,44;3154804;5095
MG;Rio Acima;2025;FUNDEB - FPM;2079841,59;3154804;5095
MG;Rio Acima;2025;FUNDEB - ICMS;6596630,6;3154804;5095
MG;Rio Acima;2025;FUNDEB - IPI-EXP;83942,38;3154804;5095
MG;Rio Acima;2025;FUNDEB - IPVA;957709,81;3154804;5095
MG;Rio Acima;2025;FUNDEB - ITCMD;165848,34;3154804;5095
MG;Rio Acima;2025;FUNDEB - ITR;23834,58;3154804;5095
MG;Rio Casca;2025;AJUSTE FUNDEB - FPE;-41,24;3154903;5097
MG;Rio Casca;2025;AJUSTE FUNDEB - FPM;-123,67;3154903;5097
MG;Rio Casca;2025;AJUSTE FUNDEB - ICME;-402,58;3154903;5097
MG;Rio Casca;2025;AJUSTE FUNDEB - IPIE;-3,79;3154903;5097
MG;Rio Casca;2025;AJUSTE FUNDEB - IPVA;-61,88;3154903;5097
MG;Rio Casca;2025;AJUSTE FUNDEB - ITCMD;-10,4;3154903;5097
MG;Rio Casca;2025;AJUSTE FUNDEB - ITR;-1,37;3154903;5097
MG;Rio Casca;2025;FUNDEB - COUN VAAT;89640,05;3154903;5097
MG;Rio Casca;2025;FUNDEB - FPE;980853,81;3154903;5097
MG;Rio Casca;2025;FUNDEB - FPM;3021722,38;3154903;5097
MG;Rio Casca;2025;FUNDEB - FUNDEB - FTI;281851,53;3154903;5097
MG;Rio Casca;2025;FUNDEB - ICMS;9580172,41;3154903;5097
MG;Rio Casca;2025;FUNDEB - IPI-EXP;121956,68;3154903;5097
MG;Rio Casca;2025;FUNDEB - IPVA;1391410,32;3154903;5097
MG;Rio Casca;2025;FUNDEB - ITCMD;240934,61;3154903;5097
MG;Rio Casca;2025;FUNDEB - ITR;34623,58;3154903;5097
MG;Rio do Prado;2025;AJUSTE FUNDEB - AJUSTE FUNDEB VAAR;-15877,3;3155108;5101
MG;Rio do Prado;2025;AJUSTE FUNDEB - FPE;-8,66;3155108;5101
MG;Rio do Prado;2025;AJUSTE FUNDEB - FPM;-25,95;3155108;5101
MG;Rio do Prado;2025;AJUSTE FUNDEB - ICME;-84,34;3155108;5101
MG;Rio do Prado;2025;AJUSTE FUNDEB - IPIE;-0,81;3155108;5101
MG;Rio do Prado;2025;AJUSTE FUNDEB - IPVA;-12,93;3155108;5101
MG;Rio do Prado;2025;AJUSTE FUNDEB - ITCMD;-2,12;3155108;5101
MG;Rio do Prado;2025;AJUSTE FUNDEB - ITR;-0,25;3155108;5101
MG;Rio do Prado;2025;FUNDEB - COUN VAAR;238782,23;3155108;5101
MG;Rio do Prado;2025;FUNDEB - COUN VAAT;903381,55;3155108;5101
MG;Rio do Prado;2025;FUNDEB - FPE;304861,3;3155108;5101
MG;Rio do Prado;2025;FUNDEB - FPM;939188,08;3155108;5101
MG;Rio do Prado;2025;FUNDEB - FUNDEB - FTI;119302,26;3155108;5101
MG;Rio do Prado;2025;FUNDEB - ICMS;2968989,96;3155108;5101
MG;Rio do Prado;2025;FUNDEB - IPI-EXP;37905,6;3155108;5101
MG;Rio do Prado;2025;FUNDEB - IPVA;432298,48;3155108;5101
MG;Rio do Prado;2025;FUNDEB - ITCMD;74537,23;3155108;5101
MG;Rio do Prado;2025;FUNDEB - ITR;10678,57;3155108;5101
MG;Rio Doce;2025;AJUSTE FUNDEB - FPE;-5,97;3155009;5099
MG;Rio Doce;2025;AJUSTE FUNDEB - FPM;-17,79;3155009;5099
MG;Rio Doce;2025;AJUSTE FUNDEB - ICME;-58,15;3155009;5099
MG;Rio Doce;2025;AJUSTE FUNDEB - IPIE;-0,58;3155009;5099
MG;Rio Doce;2025;AJUSTE FUNDEB - IPVA;-8,82;3155009;5099
MG;Rio Doce;2025;AJUSTE FUNDEB - ITCMD;-1,55;3155009;5099
MG;Rio Doce;2025;AJUSTE FUNDEB - ITR;-0,17;3155009;5099
MG;Rio Doce;2025;FUNDEB - FPE;171501,85;3155009;5099
MG;Rio Doce;2025;FUNDEB - FPM;528346,87;3155009;5099
MG;Rio Doce;2025;FUNDEB - FUNDEB - FTI;41737,87;3155009;5099
MG;Rio Doce;2025;FUNDEB - ICMS;1668900,42;3155009;5099
MG;Rio Doce;2025;FUNDEB - IPI-EXP;21324,05;3155009;5099
MG;Rio Doce;2025;FUNDEB - IPVA;243248,33;3155009;5099
MG;Rio Doce;2025;FUNDEB - ITCMD;42046,5;3155009;5099
MG;Rio Doce;2025;FUNDEB - ITR;6034,68;3155009;5099
MG;Rio Espera;2025;AJUSTE FUNDEB - AJUSTE FUNDEB VAAR;-3727,82;3155207;5103
MG;Rio Espera;2025;AJUSTE FUNDEB - FPE;-3,16;3155207;5103
MG;Rio Espera;2025;AJUSTE FUNDEB - FPM;-9,45;3155207;5103
MG;Rio Espera;2025;AJUSTE FUNDEB - ICME;-30,83;3155207;5103
MG;Rio Espera;2025;AJUSTE FUNDEB - IPIE;-0,35;3155207;5103
MG;Rio Espera;2025;AJUSTE FUNDEB - IPVA;-4,71;3155207;5103
MG;Rio Espera;2025;AJUSTE FUNDEB - ITCMD;-0,78;3155207;5103
MG;Rio Espera;2025;AJUSTE FUNDEB - ITR;-0,08;3155207;5103
MG;Rio Espera;2025;FUNDEB - COUN VAAR;43633,22;3155207;5103
MG;Rio Espera;2025;FUNDEB - FPE;96347,56;3155207;5103
MG;Rio Espera;2025;FUNDEB - FPM;296818,58;3155207;5103
MG;Rio Espera;2025;FUNDEB - FUNDEB - FTI;28784,74;3155207;5103
MG;Rio Espera;2025;FUNDEB - ICMS;939305,05;3155207;5103
MG;Rio Espera;2025;FUNDEB - IPI-EXP;11979,6;3155207;5103
MG;Rio Espera;2025;FUNDEB - IPVA;136640,39;3155207;5103
MG;Rio Espera;2025;FUNDEB - ITCMD;23593,4;3155207;5103
MG;Rio Espera;2025;FUNDEB - ITR;3383,61;3155207;5103
MG;Rio Manso;2025;AJUSTE FUNDEB - AJUSTE FUNDEB VAAR;-13296,21;3155306;5105
MG;Rio Manso;2025;AJUSTE FUNDEB - FPE;-7,9;3155306;5105
MG;Rio Manso;2025;AJUSTE FUNDEB - FPM;-23,83;3155306;5105
MG;Rio Manso;2025;AJUSTE FUNDEB - ICME;-77,32;3155306;5105
MG;Rio Manso;2025;AJUSTE FUNDEB - IPIE;-0,7;3155306;5105
MG;Rio Manso;2025;AJUSTE FUNDEB - IPVA;-11,79;3155306;5105
MG;Rio Manso;2025;AJUSTE FUNDEB - ITCMD;-2,05;3155306;5105
MG;Rio Manso;2025;AJUSTE FUNDEB - ITR;-0,29;3155306;5105
MG;Rio Manso;2025;FUNDEB - COUN VAAR;197385,09;3155306;5105
MG;Rio Manso;2025;FUNDEB - FPE;212909,39;3155306;5105
MG;Rio Manso;2025;FUNDEB - FPM;655911,27;3155306;5105
MG;Rio Manso;2025;FUNDEB - FUNDEB - FTI;66777,7;3155306;5105
MG;Rio Manso;2025;FUNDEB - ICMS;2075915,43;3155306;5105
MG;Rio Manso;2025;FUNDEB - IPI-EXP;26472,58;3155306;5105
MG;Rio Manso;2025;FUNDEB - IPVA;301968,65;3155306;5105
MG;Rio Manso;2025;FUNDEB - ITCMD;52178,11;3155306;5105
MG;Rio Manso;2025;FUNDEB - ITR;7486,92;3155306;5105
MG;Rio Novo;2025;AJUSTE FUNDEB - AJUSTE FUNDEB VAAR;-11457,36;3155405;5107
MG;Rio Novo;2025;AJUSTE FUNDEB - FPE;-15,6;3155405;5107
MG;Rio Novo;2025;AJUSTE FUNDEB - FPM;-46,68;3155405;5107
MG;Rio Novo;2025;AJUSTE FUNDEB - ICME;-152,19;3155405;5107
MG;Rio Novo;2025;AJUSTE FUNDEB - IPIE;-1,44;3155405;5107
MG;Rio Novo;2025;AJUSTE FUNDEB - IPVA;-23,27;3155405;5107
MG;Rio Novo;2025;AJUSTE FUNDEB - ITCMD;-3,91;3155405;5107
MG;Rio Novo;2025;AJUSTE FUNDEB - ITR;-0,47;3155405;5107
MG;Rio Novo;2025;FUNDEB - COUN VAAR;158410,23;3155405;5107
MG;Rio Novo;2025;FUNDEB - COUN VAAT;205516,91;3155405;5107
MG;Rio Novo;2025;FUNDEB - FPE;406671,77;3155405;5107
MG;Rio Novo;2025;FUNDEB - FPM;1252836,2;3155405;5107
MG;Rio Novo;2025;FUNDEB - FUNDEB - FTI;106381,41;3155405;5107
MG;Rio Novo;2025;FUNDEB - ICMS;3967015,49;3155405;5107
MG;Rio Novo;2025;FUNDEB - IPI-EXP;50564,44;3155405;5107
MG;Rio Novo;2025;FUNDEB - IPVA;576860,91;3155405;5107
MG;Rio Novo;2025;FUNDEB - ITCMD;99828,48;3155405;5107
MG;Rio Novo;2025;FUNDEB - ITR;14339,68;3155405;5107
MG;Rio Paranaíba;2025;AJUSTE FUNDEB - AJUSTE FUNDEB VAAT;71844,85;3155504;5109
MG;Rio Paranaíba;2025;AJUSTE FUNDEB - FPE;-40,63;3155504;5109
MG;Rio Paranaíba;2025;AJUSTE FUNDEB - FPM;-121,83;3155504;5109
MG;Rio Paranaíba;2025;AJUSTE FUNDEB - ICME;-396,16;3155504;5109
MG;Rio Paranaíba;2025;AJUSTE FUNDEB - IPIE;-3,79;3155504;5109
MG;Rio Paranaíba;2025;AJUSTE FUNDEB - IPVA;-61,1;3155504;5109
MG;Rio Paranaíba;2025;AJUSTE FUNDEB - ITCMD;-10,2;3155504;5109
MG;Rio Paranaíba;2025;AJUSTE FUNDEB - ITR;-1,34;3155504;5109
MG;Rio Paranaíba;2025;FUNDEB - COUN VAAT;219211,24;3155504;5109
MG;Rio Paranaíba;2025;FUNDEB - FPE;1100824,56;3155504;5109
MG;Rio Paranaíba;2025;FUNDEB - FPM;3391317,01;3155504;5109
MG;Rio Paranaíba;2025;FUNDEB - FUNDEB - FTI;240168,89;3155504;5109
MG;Rio Paranaíba;2025;FUNDEB - ICMS;10711449,63;3155504;5109
MG;Rio Paranaíba;2025;FUNDEB - IPI-EXP;136873,5;3155504;5109
MG;Rio Paranaíba;2025;FUNDEB - IPVA;1561429,4;3155504;5109
MG;Rio Paranaíba;2025;FUNDEB - ITCMD;270057,15;3155504;5109
MG;Rio Paranaíba;2025;FUNDEB - ITR;38775,95;3155504;5109
MG;Rio Pardo de Minas;2025;AJUSTE FUNDEB - FPE;-58,15;3155603;5111
MG;Rio Pardo de Minas;2025;AJUSTE FUNDEB - FPM;-174,35;3155603;5111
MG;Rio Pardo de Minas;2025;AJUSTE FUNDEB - ICME;-567,13;3155603;5111
MG;Rio Pardo de Minas;2025;AJUSTE FUNDEB - IPIE;-5,44;3155603;5111
MG;Rio Pardo de Minas;2025;AJUSTE FUNDEB - IPVA;-87,15;3155603;5111
MG;Rio Pardo de Minas;2025;AJUSTE FUNDEB - ITCMD;-14,72;3155603;5111
MG;Rio Pardo de Minas;2025;AJUSTE FUNDEB - ITR;-1,92;3155603;5111
MG;Rio Pardo de Minas;2025;FUNDEB - COUN VAAT;2609194,42;3155603;5111
MG;Rio Pardo de Minas;2025;FUNDEB - FPE;1533883,19;3155603;5111
MG;Rio Pardo de Minas;2025;FUNDEB - FPM;4725443,36;3155603;5111
MG;Rio Pardo de Minas;2025;FUNDEB - ICMS;14979825,15;3155603;5111
MG;Rio Pardo de Minas;2025;FUNDEB - IPI-EXP;190718,83;3155603;5111
MG;Rio Pardo de Minas;2025;FUNDEB - IPVA;2175774,39;3155603;5111
MG;Rio Pardo de Minas;2025;FUNDEB - ITCMD;376476,02;3155603;5111
MG;Rio Pardo de Minas;2025;FUNDEB - ITR;54072,97;3155603;5111
MG;Rio Piracicaba;2025;AJUSTE FUNDEB - AJUSTE FUNDEB VAAR;-28838,99;3155702;5113
MG;Rio Piracicaba;2025;AJUSTE FUNDEB - FPE;-35,2;3155702;5113
MG;Rio Piracicaba;2025;AJUSTE FUNDEB - FPM;-105,52;3155702;5113
MG;Rio Piracicaba;2025;AJUSTE FUNDEB - ICME;-343,44;3155702;5113
MG;Rio Piracicaba;2025;AJUSTE FUNDEB - IPIE;-3,33;3155702;5113
MG;Rio Piracicaba;2025;AJUSTE FUNDEB - IPVA;-52,76;3155702;5113
MG;Rio Piracicaba;2025;AJUSTE FUNDEB - ITCMD;-8,89;3155702;5113
MG;Rio Piracicaba;2025;AJUSTE FUNDEB - ITR;-1,17;3155702;5113
MG;Rio Piracicaba;2025;FUNDEB - COUN VAAR;398730,34;3155702;5113
MG;Rio Piracicaba;2025;FUNDEB - FPE;933590,83;3155702;5113
MG;Rio Piracicaba;2025;FUNDEB - FPM;2876118,99;3155702;5113
MG;Rio Piracicaba;2025;FUNDEB - FUNDEB - FTI;205985,06;3155702;5113
MG;Rio Piracicaba;2025;FUNDEB - ICMS;9096565,4;3155702;5113
MG;Rio Piracicaba;2025;FUNDEB - IPI-EXP;116080,1;3155702;5113
MG;Rio Piracicaba;2025;FUNDEB - IPVA;1324122,91;3155702;5113
MG;Rio Piracicaba;2025;FUNDEB - ITCMD;228826,32;3155702;5113
MG;Rio Piracicaba;2025;FUNDEB - ITR;32836,57;3155702;5113
MG;Rio Pomba;2025;AJUSTE FUNDEB - AJUSTE FUNDEB VAAR;-24032,62;3155801;5115
MG;Rio Pomba;2025;AJUSTE FUNDEB - FPE;-31,33;3155801;5115
MG;Rio Pomba;2025;AJUSTE FUNDEB - FPM;-93,91;3155801;5115
MG;Rio Pomba;2025;AJUSTE FUNDEB - ICME;-305,59;3155801;5115
MG;Rio Pomba;2025;AJUSTE FUNDEB - IPIE;-2,95;3155801;5115
MG;Rio Pomba;2025;AJUSTE FUNDEB - IPVA;-47,06;3155801;5115
MG;Rio Pomba;2025;AJUSTE FUNDEB - ITCMD;-7,97;3155801;5115
MG;Rio Pomba;2025;AJUSTE FUNDEB - ITR;-1,03;3155801;5115
MG;Rio Pomba;2025;FUNDEB - COUN VAAR;373886,2;3155801;5115
MG;Rio Pomba;2025;FUNDEB - FPE;699066,32;3155801;5115
MG;Rio Pomba;2025;FUNDEB - FPM;2153617,97;3155801;5115
MG;Rio Pomba;2025;FUNDEB - ICMS;6809106,24;3155801;5115
MG;Rio Pomba;2025;FUNDEB - IPI-EXP;86920,03;3155801;5115
MG;Rio Pomba;2025;FUNDEB - IPVA;991661,57;3155801;5115
MG;Rio Pomba;2025;FUNDEB - ITCMD;171689,58;3155801;5115
MG;Rio Pomba;2025;FUNDEB - ITR;24670,1;3155801;5115
MG;Rio Preto;2025;AJUSTE FUNDEB - FPE;-10,18;3155900;5117
MG;Rio Preto;2025;AJUSTE FUNDEB - FPM;-30,68;3155900;5117
MG;Rio Preto;2025;AJUSTE FUNDEB - ICME;-99,28;3155900;5117
MG;Rio Preto;2025;AJUSTE FUNDEB - IPIE;-0,9;3155900;5117
MG;Rio Preto;2025;AJUSTE FUNDEB - IPVA;-15,36;3155900;5117
MG;Rio Preto;2025;AJUSTE FUNDEB - ITCMD;-2,49;3155900;5117
MG;Rio Preto;2025;AJUSTE FUNDEB - ITR;-0,37;3155900;5117
MG;Rio Preto;2025;FUNDEB - FPE;279504,62;3155900;5117
MG;Rio Preto;2025;FUNDEB - FPM;861071,7;3155900;5117
MG;Rio Preto;2025;FUNDEB - ICMS;2733381,84;3155900;5117
MG;Rio Preto;2025;FUNDEB - IPI-EXP;34752,81;3155900;5117
MG;Rio Preto;2025;FUNDEB - IPVA;396460,92;3155900;5117
MG;Rio Preto;2025;FUNDEB - ITCMD;68582,21;3155900;5117
MG;Rio Preto;2025;FUNDEB - ITR;9848,58;3155900;5117
MG;Rio Vermelho;2025;AJUSTE FUNDEB - AJUSTE FUNDEB VAAR;-27147,75;3156007;5119
MG;Rio Vermelho;2025;AJUSTE FUNDEB - FPE;-21,93;3156007;5119
MG;Rio Vermelho;2025;AJUSTE FUNDEB - FPM;-65,54;3156007;5119
MG;Rio Vermelho;2025;AJUSTE FUNDEB - ICME;-213,28;3156007;5119
MG;Rio Vermelho;2025;AJUSTE FUNDEB - IPIE;-2;3156007;5119
MG;Rio Vermelho;2025;AJUSTE FUNDEB - IPVA;-32,73;3156007;5119
MG;Rio Vermelho;2025;AJUSTE FUNDEB - ITCMD;-5,54;3156007;5119
MG;Rio Vermelho;2025;AJUSTE FUNDEB - ITR;-0,69;3156007;5119
MG;Rio Vermelho;2025;FUNDEB - COUN VAAR;402856,37;3156007;5119
MG;Rio Vermelho;2025;FUNDEB - COUN VAAT;106727,22;3156007;5119
MG;Rio Vermelho;2025;FUNDEB - FPE;543712,58;3156007;5119
MG;Rio Vermelho;2025;FUNDEB - FPM;1675018,77;3156007;5119
MG;Rio Vermelho;2025;FUNDEB - FUNDEB - FTI;179972,63;3156007;5119
MG;Rio Vermelho;2025;FUNDEB - ICMS;5312351,36;3156007;5119
MG;Rio Vermelho;2025;FUNDEB - IPI-EXP;67603,74;3156007;5119
MG;Rio Vermelho;2025;FUNDEB - IPVA;771220,25;3156007;5119
MG;Rio Vermelho;2025;FUNDEB - ITCMD;133402,91;3156007;5119
MG;Rio Vermelho;2025;FUNDEB - ITR;19156,22;3156007;5119
MG;Ritápolis;2025;AJUSTE FUNDEB - AJUSTE FUNDEB VAAR;-7313,63;3156106;5121
MG;Ritápolis;2025;AJUSTE FUNDEB - FPE;-7,58;3156106;5121
MG;Ritápolis;2025;AJUSTE FUNDEB - FPM;-22,61;3156106;5121
MG;Ritápolis;2025;AJUSTE FUNDEB - ICME;-73,67;3156106;5121
MG;Ritápolis;2025;AJUSTE FUNDEB - IPIE;-0,76;3156106;5121
MG;Ritápolis;2025;AJUSTE FUNDEB - IPVA;-11,21;3156106;5121
MG;Ritápolis;2025;AJUSTE FUNDEB - ITCMD;-1,91;3156106;5121
MG;Ritápolis;2025;AJUSTE FUNDEB - ITR;-0,23;3156106;5121
MG;Ritápolis;2025;FUNDEB - COUN VAAR;111155,92;3156106;5121
MG;Ritápolis;2025;FUNDEB - FPE;198046,65;3156106;5121
MG;Ritápolis;2025;FUNDEB - FPM;610123,52;3156106;5121
MG;Ritápolis;2025;FUNDEB - ICMS;1931001,48;3156106;5121
MG;Ritápolis;2025;FUNDEB - IPI-EXP;24624,6;3156106;5121
MG;Ritápolis;2025;FUNDEB - IPVA;280919,94;3156106;5121
MG;Ritápolis;2025;FUNDEB - ITCMD;48599,39;3156106;5121
MG;Ritápolis;2025;FUNDEB - ITR;6979,44;3156106;5121
MG;Rochedo de Minas;2025;AJUSTE FUNDEB - AJUSTE FUNDEB VAAR;-513,3;3156205;5123
MG;Rochedo de Minas;2025;AJUSTE FUNDEB - FPE;-9,03;3156205;5123
MG;Rochedo de Minas;2025;AJUSTE FUNDEB - FPM;-26,94;3156205;5123
MG;Rochedo de Minas;2025;AJUSTE FUNDEB - ICME;-87,83;3156205;5123
MG;Rochedo de Minas;2025;AJUSTE FUNDEB - IPIE;-0,85;3156205;5123
MG;Rochedo de Minas;2025;AJUSTE FUNDEB - IPVA;-13,29;3156205;5123
MG;Rochedo de Minas;2025;AJUSTE FUNDEB - ITCMD;-2,29;3156205;5123
MG;Rochedo de Minas;2025;AJUSTE FUNDEB - ITR;-0,3;3156205;5123
MG;Rochedo de Minas;2025;FUNDEB - COUN VAAR;6738,63;3156205;5123
MG;Rochedo de Minas;2025;FUNDEB - FPE;240412,35;3156205;5123
MG;Rochedo de Minas;2025;FUNDEB - FPM;740639,67;3156205;5123
MG;Rochedo de Minas;2025;FUNDEB - FUNDEB - FTI;8139,8;3156205;5123
MG;Rochedo de Minas;2025;FUNDEB - ICMS;2344110,92;3156205;5123
MG;Rochedo de Minas;2025;FUNDEB - IPI-EXP;29892,21;3156205;5123
MG;Rochedo de Minas;2025;FUNDEB - IPVA;340987,47;3156205;5123
MG;Rochedo de Minas;2025;FUNDEB - ITCMD;58942,38;3156205;5123
MG;Rochedo de Minas;2025;FUNDEB - ITR;8459,78;3156205;5123
MG;Rodeiro;2025;AJUSTE FUNDEB - AJUSTE FUNDEB VAAR;-10947,06;3156304;5125
MG;Rodeiro;2025;AJUSTE FUNDEB - FPE;-18,61;3156304;5125
MG;Rodeiro;2025;AJUSTE FUNDEB - FPM;-55,76;3156304;5125
MG;Rodeiro;2025;AJUSTE FUNDEB - ICME;-181,45;3156304;5125
MG;Rodeiro;2025;AJUSTE FUNDEB - IPIE;-1,71;3156304;5125
MG;Rodeiro;2025;AJUSTE FUNDEB - IPVA;-28,02;3156304;5125
MG;Rodeiro;2025;AJUSTE FUNDEB - ITCMD;-4,75;3156304;5125
MG;Rodeiro;2025;AJUSTE FUNDEB - ITR;-0,59;3156304;5125
MG;Rodeiro;2025;FUNDEB - COUN VAAR;44450,7;3156304;5125
MG;Rodeiro;2025;FUNDEB - FPE;470887,56;3156304;5125
MG;Rodeiro;2025;FUNDEB - FPM;1450666,24;3156304;5125
MG;Rodeiro;2025;FUNDEB - ICMS;4589926,05;3156304;5125
MG;Rodeiro;2025;FUNDEB - IPI-EXP;58548,86;3156304;5125
MG;Rodeiro;2025;FUNDEB - IPVA;667949,7;3156304;5125
MG;Rodeiro;2025;FUNDEB - ITCMD;115590,25;3156304;5125
MG;Rodeiro;2025;FUNDEB - ITR;16603,6;3156304;5125
MG;Romaria;2025;AJUSTE FUNDEB - AJUSTE FUNDEB VAAR;-11781,75;3156403;5127
MG;Romaria;2025;AJUSTE FUNDEB - FPE;-8,02;3156403;5127
MG;Romaria;2025;AJUSTE FUNDEB - FPM;-23,89;3156403;5127
MG;Romaria;2025;AJUSTE FUNDEB - ICME;-77,8;3156403;5127
MG;Romaria;2025;AJUSTE FUNDEB - IPIE;-0,73;3156403;5127
MG;Romaria;2025;AJUSTE FUNDEB - IPVA;-11,95;3156403;5127
MG;Romaria;2025;AJUSTE FUNDEB - ITCMD;-2,04;3156403;5127
MG;Romaria;2025;AJUSTE FUNDEB - ITR;-0,26;3156403;5127
MG;Romaria;2025;FUNDEB - COUN VAAR;174553,73;3156403;5127
MG;Romaria;2025;FUNDEB - FPE;177929,41;3156403;5127
MG;Romaria;2025;FUNDEB - FPM;548148,15;3156403;5127
MG;Romaria;2025;FUNDEB - ICMS;1735754,8;3156403;5127
MG;Romaria;2025;FUNDEB - IPI-EXP;22123,25;3156403;5127
MG;Romaria;2025;FUNDEB - IPVA;252402,79;3156403;5127
MG;Romaria;2025;FUNDEB - ITCMD;43700,86;3156403;5127
MG;Romaria;2025;FUNDEB - ITR;6279,55;3156403;5127
MG;Rosário da Limeira;2025;AJUSTE FUNDEB - AJUSTE FUNDEB VAAR;-11804,1;3156452;698
MG;Rosário da Limeira;2025;AJUSTE FUNDEB - FPE;-16,25;3156452;698
MG;Rosário da Limeira;2025;AJUSTE FUNDEB - FPM;-48,59;3156452;698
MG;Rosário da Limeira;2025;AJUSTE FUNDEB - ICME;-158,15;3156452;698
MG;Rosário da Limeira;2025;AJUSTE FUNDEB - IPIE;-1,56;3156452;698
MG;Rosário da Limeira;2025;AJUSTE FUNDEB - IPVA;-24,38;3156452;698
MG;Rosário da Limeira;2025;AJUSTE FUNDEB - ITCMD;-4,13;3156452;698
MG;Rosário da Limeira;2025;AJUSTE FUNDEB - ITR;-0,57;3156452;698
MG;Rosário da Limeira;2025;FUNDEB - COUN VAAR;188852,81;3156452;698
MG;Rosário da Limeira;2025;FUNDEB - COUN VAAT;275601,59;3156452;698
MG;Rosário da Limeira;2025;FUNDEB - FPE;417619,87;3156452;698
MG;Rosário da Limeira;2025;FUNDEB - FPM;1286564,08;3156452;698
MG;Rosário da Limeira;2025;FUNDEB - FUNDEB - FTI;106025,09;3156452;698
MG;Rosário da Limeira;2025;FUNDEB - ICMS;4072679,77;3156452;698
MG;Rosário da Limeira;2025;FUNDEB - IPI-EXP;51925,75;3156452;698
MG;Rosário da Limeira;2025;FUNDEB - IPVA;592336,13;3156452;698
MG;Rosário da Limeira;2025;FUNDEB - ITCMD;102403,49;3156452;698
MG;Rosário da Limeira;2025;FUNDEB - ITR;14698,99;3156452;698
MG;Rubelita;2025;AJUSTE FUNDEB - AJUSTE FUNDEB VAAR;-8009,36;3156502;5129
MG;Rubelita;2025;AJUSTE FUNDEB - FPE;-12,17;3156502;5129
MG;Rubelita;2025;AJUSTE FUNDEB - FPM;-36,7;3156502;5129
MG;Rubelita;2025;AJUSTE FUNDEB - ICME;-119,4;3156502;5129
MG;Rubelita;2025;AJUSTE FUNDEB - IPIE;-1,13;3156502;5129
MG;Rubelita;2025;AJUSTE FUNDEB - IPVA;-18,48;3156502;5129
MG;Rubelita;2025;AJUSTE FUNDEB - ITCMD;-3,01;3156502;5129
MG;Rubelita;2025;AJUSTE FUNDEB - ITR;-0,38;3156502;5129
MG;Rubelita;2025;FUNDEB - COUN VAAR;128141,23;3156502;5129
MG;Rubelita;2025;FUNDEB - FPE;275116,08;3156502;5129
MG;Rubelita;2025;FUNDEB - FPM;847551,73;3156502;5129
MG;Rubelita;2025;FUNDEB - FUNDEB - FTI;159386,99;3156502;5129
MG;Rubelita;2025;FUNDEB - ICMS;2685976,12;3156502;5129
MG;Rubelita;2025;FUNDEB - IPI-EXP;34207,16;3156502;5129
MG;Rubelita;2025;FUNDEB - IPVA;390297,66;3156502;5129
MG;Rubelita;2025;FUNDEB - ITCMD;67632,73;3156502;5129
MG;Rubelita;2025;FUNDEB - ITR;9724,25;3156502;5129
MG;Rubim;2025;AJUSTE FUNDEB - AJUSTE FUNDEB VAAR;-41951,11;3156601;5131
MG;Rubim;2025;AJUSTE FUNDEB - AJUSTE FUNDEB VAAT;-18928,73;3156601;5131
MG;Rubim;2025;AJUSTE FUNDEB - FPE;-30,96;3156601;5131
MG;Rubim;2025;AJUSTE FUNDEB - FPM;-92,83;3156601;5131
MG;Rubim;2025;AJUSTE FUNDEB - ICME;-301,99;3156601;5131
MG;Rubim;2025;AJUSTE FUNDEB - IPIE;-2,88;3156601;5131
MG;Rubim;2025;AJUSTE FUNDEB - IPVA;-46,44;3156601;5131
MG;Rubim;2025;AJUSTE FUNDEB - ITCMD;-7,82;3156601;5131
MG;Rubim;2025;AJUSTE FUNDEB - ITR;-0,96;3156601;5131
MG;Rubim;2025;FUNDEB - COUN VAAR;624084,47;3156601;5131
MG;Rubim;2025;FUNDEB - COUN VAAT;30110,13;3156601;5131
MG;Rubim;2025;FUNDEB - FPE;692989,68;3156601;5131
MG;Rubim;2025;FUNDEB - FPM;2134897,71;3156601;5131
MG;Rubim;2025;FUNDEB - FUNDEB - FTI;236989,47;3156601;5131
MG;Rubim;2025;FUNDEB - ICMS;6767444,92;3156601;5131
MG;Rubim;2025;FUNDEB - IPI-EXP;86164,43;3156601;5131
MG;Rubim;2025;FUNDEB - IPVA;983060,99;3156601;5131
MG;Rubim;2025;FUNDEB - ITCMD;170237,33;3156601;5131
MG;Rubim;2025;FUNDEB - ITR;24465,17;3156601;5131
MG;Sabará;2025;AJUSTE FUNDEB - FPE;-297,56;3156700;5133
MG;Sabará;2025;AJUSTE FUNDEB - FPM;-892,64;3156700;5133
MG;Sabará;2025;AJUSTE FUNDEB - ICME;-2904,71;3156700;5133
MG;Sabará;2025;AJUSTE FUNDEB - IPIE;-27,83;3156700;5133
MG;Sabará;2025;AJUSTE FUNDEB - IPVA;-446,74;3156700;5133
MG;Sabará;2025;AJUSTE FUNDEB - ITCMD;-75,16;3156700;5133
MG;Sabará;2025;AJUSTE FUNDEB - ITR;-9,77;3156700;5133
MG;Sabará;2025;FUNDEB - FPE;6648850,55;3156700;5133
MG;Sabará;2025;FUNDEB - FPM;20483154,75;3156700;5133
MG;Sabará;2025;FUNDEB - FUNDEB - FTI;2206065,72;3156700;5133
MG;Sabará;2025;FUNDEB - ICMS;64941178,27;3156700;5133
MG;Sabará;2025;FUNDEB - IPI-EXP;826699,87;3156700;5133
MG;Sabará;2025;FUNDEB - IPVA;9431665,86;3156700;5133
MG;Sabará;2025;FUNDEB - ITCMD;1632800,49;3156700;5133
MG;Sabará;2025;FUNDEB - ITR;234603,39;3156700;5133
MG;Sabinópolis;2025;AJUSTE FUNDEB - FPE;-20,57;3156809;5135
MG;Sabinópolis;2025;AJUSTE FUNDEB - FPM;-61,61;3156809;5135
MG;Sabinópolis;2025;AJUSTE FUNDEB - ICME;-200,47;3156809;5135
MG;Sabinópolis;2025;AJUSTE FUNDEB - IPIE;-1,94;3156809;5135
MG;Sabinópolis;2025;AJUSTE FUNDEB - IPVA;-30,8;3156809;5135
MG;Sabinópolis;2025;AJUSTE FUNDEB - ITCMD;-5,23;3156809;5135
MG;Sabinópolis;2025;AJUSTE FUNDEB - ITR;-0,65;3156809;5135
MG;Sabinópolis;2025;FUNDEB - FPE;487055,06;3156809;5135
MG;Sabinópolis;2025;FUNDEB - FPM;1500473,41;3156809;5135
MG;Sabinópolis;2025;FUNDEB - ICMS;4751717,1;3156809;5135
MG;Sabinópolis;2025;FUNDEB - IPI-EXP;60559,1;3156809;5135
MG;Sabinópolis;2025;FUNDEB - IPVA;690898,59;3156809;5135
MG;Sabinópolis;2025;FUNDEB - ITCMD;119591,15;3156809;5135
MG;Sabinópolis;2025;FUNDEB - ITR;17181,36;3156809;5135
MG;Sacramento;2025;AJUSTE FUNDEB - AJUSTE FUNDEB VAAR;-96791,56;3156908;5137
MG;Sacramento;2025;AJUSTE FUNDEB - FPE;-64,78;3156908;5137
MG;Sacramento;2025;AJUSTE FUNDEB - FPM;-194,36;3156908;5137
MG;Sacramento;2025;AJUSTE FUNDEB - ICME;-632,36;3156908;5137
MG;Sacramento;2025;AJUSTE FUNDEB - IPIE;-6,03;3156908;5137
MG;Sacramento;2025;AJUSTE FUNDEB - IPVA;-97,2;3156908;5137
MG;Sacramento;2025;AJUSTE FUNDEB - ITCMD;-16,44;3156908;5137
MG;Sacramento;2025;AJUSTE FUNDEB - ITR;-2,12;3156908;5137
MG;Sacramento;2025;FUNDEB - COUN VAAR;1438804,9;3156908;5137
MG;Sacramento;2025;FUNDEB - FPE;1655951,16;3156908;5137
MG;Sacramento;2025;FUNDEB - FPM;5101498,88;3156908;5137
MG;Sacramento;2025;FUNDEB - FUNDEB - FTI;6028,34;3156908;5137
MG;Sacramento;2025;FUNDEB - ICMS;16129678,41;3156908;5137
MG;Sacramento;2025;FUNDEB - IPI-EXP;205896,46;3156908;5137
MG;Sacramento;2025;FUNDEB - IPVA;2348868,11;3156908;5137
MG;Sacramento;2025;FUNDEB - ITCMD;406319,36;3156908;5137
MG;Sacramento;2025;FUNDEB - ITR;58348,3;3156908;5137
MG;Salinas;2025;AJUSTE FUNDEB - AJUSTE FUNDEB VAAR;-4074,44;3157005;5139
MG;Salinas;2025;AJUSTE FUNDEB - AJUSTE FUNDEB VAAT;127133,73;3157005;5139
MG;Salinas;2025;AJUSTE FUNDEB - FPE;-71,53;3157005;5139
MG;Salinas;2025;AJUSTE FUNDEB - FPM;-214,39;3157005;5139
MG;Salinas;2025;AJUSTE FUNDEB - ICME;-697,82;3157005;5139
MG;Salinas;2025;AJUSTE FUNDEB - IPIE;-6,66;3157005;5139
MG;Salinas;2025;AJUSTE FUNDEB - IPVA;-107,36;3157005;5139
MG;Salinas;2025;AJUSTE FUNDEB - ITCMD;-17,98;3157005;5139
MG;Salinas;2025;AJUSTE FUNDEB - ITR;-2,39;3157005;5139
MG;Salinas;2025;FUNDEB - COUN VAAR;61064,8;3157005;5139
MG;Salinas;2025;FUNDEB - COUN VAAT;3358924,05;3157005;5139
MG;Salinas;2025;FUNDEB - FPE;1842500,28;3157005;5139
MG;Salinas;2025;FUNDEB - FPM;5676201,92;3157005;5139
MG;Salinas;2025;FUNDEB - FUNDEB - FTI;644779,13;3157005;5139
MG;Salinas;2025;FUNDEB - ICMS;17914660,98;3157005;5139
MG;Salinas;2025;FUNDEB - IPI-EXP;229091,44;3157005;5139
MG;Salinas;2025;FUNDEB - IPVA;2613564,26;3157005;5139
MG;Salinas;2025;FUNDEB - ITCMD;452272,96;3157005;5139
MG;Salinas;2025;FUNDEB - ITR;64964,34;3157005;5139
MG;Salto da Divisa;2025;AJUSTE FUNDEB - AJUSTE FUNDEB VAAR;-705,82;3157104;5141
MG;Salto da Divisa;2025;AJUSTE FUNDEB - FPE;-16,7;3157104;5141
MG;Salto da Divisa;2025;AJUSTE FUNDEB - FPM;-50,12;3157104;5141
MG;Salto da Divisa;2025;AJUSTE FUNDEB - ICME;-163,1;3157104;5141
MG;Salto da Divisa;2025;AJUSTE FUNDEB - IPIE;-1,54;3157104;5141
MG;Salto da Divisa;2025;AJUSTE FUNDEB - IPVA;-25,01;3157104;5141
MG;Salto da Divisa;2025;AJUSTE FUNDEB - ITCMD;-4,24;3157104;5141
MG;Salto da Divisa;2025;AJUSTE FUNDEB - ITR;-0,55;3157104;5141
MG;Salto da Divisa;2025;FUNDEB - COUN VAAR;11506,74;3157104;5141
MG;Salto da Divisa;2025;FUNDEB - FPE;393273,77;3157104;5141
MG;Salto da Divisa;2025;FUNDEB - FPM;1211560,86;3157104;5141
MG;Salto da Divisa;2025;FUNDEB - ICMS;3843372,69;3157104;5141
MG;Salto da Divisa;2025;FUNDEB - IPI-EXP;48898,57;3157104;5141
MG;Salto da Divisa;2025;FUNDEB - IPVA;557910,46;3157104;5141
MG;Salto da Divisa;2025;FUNDEB - ITCMD;96652,24;3157104;5141
MG;Salto da Divisa;2025;FUNDEB - ITR;13894,05;3157104;5141
MG;Santa Bárbara;2025;AJUSTE FUNDEB - FPE;-76,65;3157203;5143
MG;Santa Bárbara;2025;AJUSTE FUNDEB - FPM;-230,03;3157203;5143
MG;Santa Bárbara;2025;AJUSTE FUNDEB - ICME;-748,56;3157203;5143
MG;Santa Bárbara;2025;AJUSTE FUNDEB - IPIE;-7,12;3157203;5143
MG;Santa Bárbara;2025;AJUSTE FUNDEB - IPVA;-115,22;3157203;5143
MG;Santa Bárbara;2025;AJUSTE FUNDEB - ITCMD;-19,33;3157203;5143
MG;Santa Bárbara;2025;AJUSTE FUNDEB - ITR;-2,55;3157203;5143
MG;Santa Bárbara;2025;FUNDEB - FPE;1754459,36;3157203;5143
MG;Santa Bárbara;2025;FUNDEB - FPM;5404973,77;3157203;5143
MG;Santa Bárbara;2025;FUNDEB - FUNDEB - FTI;115190,34;3157203;5143
MG;Santa Bárbara;2025;FUNDEB - ICMS;17127118,71;3157203;5143
MG;Santa Bárbara;2025;FUNDEB - IPI-EXP;218144,69;3157203;5143
MG;Santa Bárbara;2025;FUNDEB - IPVA;2488767,17;3157203;5143
MG;Santa Bárbara;2025;FUNDEB - ITCMD;430843,37;3157203;5143
MG;Santa Bárbara;2025;FUNDEB - ITR;61903,31;3157203;5143
MG;Santa Bárbara do Leste;2025;AJUSTE FUNDEB - AJUSTE FUNDEB VAAR;-7565,56;3157252;2667
MG;Santa Bárbara do Leste;2025;AJUSTE FUNDEB - AJUSTE FUNDEB VAAT;33878,48;3157252;2667
MG;Santa Bárbara do Leste;2025;AJUSTE FUNDEB - FPE;-21,76;3157252;2667
MG;Santa Bárbara do Leste;2025;AJUSTE FUNDEB - FPM;-65,39;3157252;2667
MG;Santa Bárbara do Leste;2025;AJUSTE FUNDEB - ICME;-212,89;3157252;2667
MG;Santa Bárbara do Leste;2025;AJUSTE FUNDEB - IPIE;-2;3157252;2667
MG;Santa Bárbara do Leste;2025;AJUSTE FUNDEB - IPVA;-32,68;3157252;2667
MG;Santa Bárbara do Leste;2025;AJUSTE FUNDEB - ITCMD;-5,54;3157252;2667
MG;Santa Bárbara do Leste;2025;AJUSTE FUNDEB - ITR;-0,72;3157252;2667
MG;Santa Bárbara do Leste;2025;FUNDEB - COUN VAAR;25739,36;3157252;2667
MG;Santa Bárbara do Leste;2025;FUNDEB - COUN VAAT;189595,36;3157252;2667
MG;Santa Bárbara do Leste;2025;FUNDEB - FPE;494664,32;3157252;2667
MG;Santa Bárbara do Leste;2025;FUNDEB - FPM;1523915,5;3157252;2667
MG;Santa Bárbara do Leste;2025;FUNDEB - FUNDEB - FTI;172708,7;3157252;2667
MG;Santa Bárbara do Leste;2025;FUNDEB - ICMS;4822454,17;3157252;2667
MG;Santa Bárbara do Leste;2025;FUNDEB - IPI-EXP;61505,21;3157252;2667
MG;Santa Bárbara do Leste;2025;FUNDEB - IPVA;701673,25;3157252;2667
MG;Santa Bárbara do Leste;2025;FUNDEB - ITCMD;121419,39;3157252;2667
MG;Santa Bárbara do Leste;2025;FUNDEB - ITR;17440,22;3157252;2667
MG;Santa Bárbara do Monte Verde;2025;AJUSTE FUNDEB - AJUSTE FUNDEB VAAT;20209,09;3157278;700
MG;Santa Bárbara do Monte Verde;2025;AJUSTE FUNDEB - FPE;-10,06;3157278;700
MG;Santa Bárbara do Monte Verde;2025;AJUSTE FUNDEB - FPM;-30,31;3157278;700
MG;Santa Bárbara do Monte Verde;2025;AJUSTE FUNDEB - ICME;-98,63;3157278;700
MG;Santa Bárbara do Monte Verde;2025;AJUSTE FUNDEB - IPIE;-0,99;3157278;700
MG;Santa Bárbara do Monte Verde;2025;AJUSTE FUNDEB - IPVA;-15,08;3157278;700
MG;Santa Bárbara do Monte Verde;2025;AJUSTE FUNDEB - ITCMD;-2,57;3157278;700
MG;Santa Bárbara do Monte Verde;2025;AJUSTE FUNDEB - ITR;-0,35;3157278;700
MG;Santa Bárbara do Monte Verde;2025;FUNDEB - COUN VAAT;67555,26;3157278;700
MG;Santa Bárbara do Monte Verde;2025;FUNDEB - FPE;247576,53;3157278;700
MG;Santa Bárbara do Monte Verde;2025;FUNDEB - FPM;762710,57;3157278;700
MG;Santa Bárbara do Monte Verde;2025;FUNDEB - FUNDEB - FTI;66713,27;3157278;700
MG;Santa Bárbara do Monte Verde;2025;FUNDEB - ICMS;2416965,9;3157278;700
MG;Santa Bárbara do Monte Verde;2025;FUNDEB - IPI-EXP;30783,01;3157278;700
MG;Santa Bárbara do Monte Verde;2025;FUNDEB - IPVA;351273,2;3157278;700
MG;Santa Bárbara do Monte Verde;2025;FUNDEB - ITCMD;60955,41;3157278;700
MG;Santa Bárbara do Monte Verde;2025;FUNDEB - ITR;8772,93;3157278;700
MG;Santa Bárbara do Tugúrio;2025;AJUSTE FUNDEB - AJUSTE FUNDEB VAAR;-1860,74;3157302;5145
MG;Santa Bárbara do Tugúrio;2025;AJUSTE FUNDEB - AJUSTE FUNDEB VAAT;7805,27;3157302;5145
MG;Santa Bárbara do Tugúrio;2025;AJUSTE FUNDEB - FPE;-13;3157302;5145
MG;Santa Bárbara do Tugúrio;2025;AJUSTE FUNDEB - FPM;-39,09;3157302;5145
MG;Santa Bárbara do Tugúrio;2025;AJUSTE FUNDEB - ICME;-127,36;3157302;5145
MG;Santa Bárbara do Tugúrio;2025;AJUSTE FUNDEB - IPIE;-1,22;3157302;5145
MG;Santa Bárbara do Tugúrio;2025;AJUSTE FUNDEB - IPVA;-19,42;3157302;5145
MG;Santa Bárbara do Tugúrio;2025;AJUSTE FUNDEB - ITCMD;-3,29;3157302;5145
MG;Santa Bárbara do Tugúrio;2025;AJUSTE FUNDEB - ITR;-0,45;3157302;5145
MG;Santa Bárbara do Tugúrio;2025;FUNDEB - COUN VAAR;11657,76;3157302;5145
MG;Santa Bárbara do Tugúrio;2025;FUNDEB - COUN VAAT;1221731,05;3157302;5145
MG;Santa Bárbara do Tugúrio;2025;FUNDEB - FPE;418902,59;3157302;5145
MG;Santa Bárbara do Tugúrio;2025;FUNDEB - FPM;1290515,77;3157302;5145
MG;Santa Bárbara do Tugúrio;2025;FUNDEB - FUNDEB - FTI;139640,81;3157302;5145
MG;Santa Bárbara do Tugúrio;2025;FUNDEB - ICMS;4077207,69;3157302;5145
MG;Santa Bárbara do Tugúrio;2025;FUNDEB - IPI-EXP;52085,2;3157302;5145
MG;Santa Bárbara do Tugúrio;2025;FUNDEB - IPVA;594109,73;3157302;5145
MG;Santa Bárbara do Tugúrio;2025;FUNDEB - ITCMD;102623,56;3157302;5145
MG;Santa Bárbara do Tugúrio;2025;FUNDEB - ITR;14721,65;3157302;5145
MG;Santa Cruz de Minas;2025;AJUSTE FUNDEB - FPE;-14,54;3157336;702
MG;Santa Cruz de Minas;2025;AJUSTE FUNDEB - FPM;-43,54;3157336;702
MG;Santa Cruz de Minas;2025;AJUSTE FUNDEB - ICME;-141,67;3157336;702
MG;Santa Cruz de Minas;2025;AJUSTE FUNDEB - IPIE;-1,37;3157336;702
MG;Santa Cruz de Minas;2025;AJUSTE FUNDEB - IPVA;-21,85;3157336;702
MG;Santa Cruz de Minas;2025;AJUSTE FUNDEB - ITCMD;-3,69;3157336;702
MG;Santa Cruz de Minas;2025;AJUSTE FUNDEB - ITR;-0,46;3157336;702
MG;Santa Cruz de Minas;2025;FUNDEB - FPE;354149,28;3157336;702
MG;Santa Cruz de Minas;2025;FUNDEB - FPM;1091030;3157336;702
MG;Santa Cruz de Minas;2025;FUNDEB - ICMS;3449338,98;3157336;702
MG;Santa Cruz de Minas;2025;FUNDEB - IPI-EXP;44033,94;3157336;702
MG;Santa Cruz de Minas;2025;FUNDEB - IPVA;502340,83;3157336;702
MG;Santa Cruz de Minas;2025;FUNDEB - ITCMD;86899,68;3157336;702
MG;Santa Cruz de Minas;2025;FUNDEB - ITR;12479,22;3157336;702
MG;Santa Cruz de Salinas;2025;AJUSTE FUNDEB - AJUSTE FUNDEB VAAR;-5925,37;3157377;704
MG;Santa Cruz de Salinas;2025;AJUSTE FUNDEB - FPE;-8,67;3157377;704
MG;Santa Cruz de Salinas;2025;AJUSTE FUNDEB - FPM;-26,11;3157377;704
MG;Santa Cruz de Salinas;2025;AJUSTE FUNDEB - ICME;-84,97;3157377;704
MG;Santa Cruz de Salinas;2025;AJUSTE FUNDEB - IPIE;-0,83;3157377;704
MG;Santa Cruz de Salinas;2025;AJUSTE FUNDEB - IPVA;-13,07;3157377;704
MG;Santa Cruz de Salinas;2025;AJUSTE FUNDEB - ITCMD;-2,22;3157377;704
MG;Santa Cruz de Salinas;2025;AJUSTE FUNDEB - ITR;-0,26;3157377;704
MG;Santa Cruz de Salinas;2025;FUNDEB - COUN VAAR;94799,63;3157377;704
MG;Santa Cruz de Salinas;2025;FUNDEB - FPE;195989,3;3157377;704
MG;Santa Cruz de Salinas;2025;FUNDEB - FPM;603785,55;3157377;704
MG;Santa Cruz de Salinas;2025;FUNDEB - ICMS;1921625,44;3157377;704
MG;Santa Cruz de Salinas;2025;FUNDEB - IPI-EXP;24368,77;3157377;704
MG;Santa Cruz de Salinas;2025;FUNDEB - IPVA;277997,91;3157377;704
MG;Santa Cruz de Salinas;2025;FUNDEB - ITCMD;48087,22;3157377;704
MG;Santa Cruz de Salinas;2025;FUNDEB - ITR;6905,18;3157377;704
MG;Santa Cruz do Escalvado;2025;AJUSTE FUNDEB - AJUSTE FUNDEB VAAR;-6812,9;3157401;5147
MG;Santa Cruz do Escalvado;2025;AJUSTE FUNDEB - FPE;-8,57;3157401;5147
MG;Santa Cruz do Escalvado;2025;AJUSTE FUNDEB - FPM;-25,67;3157401;5147
MG;Santa Cruz do Escalvado;2025;AJUSTE FUNDEB - ICME;-83,58;3157401;5147
MG;Santa Cruz do Escalvado;2025;AJUSTE FUNDEB - IPIE;-0,76;3157401;5147
MG;Santa Cruz do Escalvado;2025;AJUSTE FUNDEB - IPVA;-12,79;3157401;5147
MG;Santa Cruz do Escalvado;2025;AJUSTE FUNDEB - ITCMD;-2,16;3157401;5147
MG;Santa Cruz do Escalvado;2025;AJUSTE FUNDEB - ITR;-0,3;3157401;5147
MG;Santa Cruz do Escalvado;2025;FUNDEB - COUN VAAR;96250,44;3157401;5147
MG;Santa Cruz do Escalvado;2025;FUNDEB - FPE;218138,94;3157401;5147
MG;Santa Cruz do Escalvado;2025;FUNDEB - FPM;672022,01;3157401;5147
MG;Santa Cruz do Escalvado;2025;FUNDEB - ICMS;2131526,58;3157401;5147
MG;Santa Cruz do Escalvado;2025;FUNDEB - IPI-EXP;27122,8;3157401;5147
MG;Santa Cruz do Escalvado;2025;FUNDEB - IPVA;309412,87;3157401;5147
MG;Santa Cruz do Escalvado;2025;FUNDEB - ITCMD;53515,82;3157401;5147
MG;Santa Cruz do Escalvado;2025;FUNDEB - ITR;7684,16;3157401;5147
MG;Santa Efigênia de Minas;2025;AJUSTE FUNDEB - FPE;-8,69;3157500;5149
MG;Santa Efigênia de Minas;2025;AJUSTE FUNDEB - FPM;-26,03;3157500;5149
MG;Santa Efigênia de Minas;2025;AJUSTE FUNDEB - ICME;-84,65;3157500;5149
MG;Santa Efigênia de Minas;2025;AJUSTE FUNDEB - IPIE;-0,82;3157500;5149
MG;Santa Efigênia de Minas;2025;AJUSTE FUNDEB - IPVA;-13,09;3157500;5149
MG;Santa Efigênia de Minas;2025;AJUSTE FUNDEB - ITCMD;-2,25;3157500;5149
MG;Santa Efigênia de Minas;2025;AJUSTE FUNDEB - ITR;-0,27;3157500;5149
MG;Santa Efigênia de Minas;2025;FUNDEB - FPE;211606,1;3157500;5149
MG;Santa Efigênia de Minas;2025;FUNDEB - FPM;651896,24;3157500;5149
MG;Santa Efigênia de Minas;2025;FUNDEB - ICMS;2066015,57;3157500;5149
MG;Santa Efigênia de Minas;2025;FUNDEB - IPI-EXP;26310,53;3157500;5149
MG;Santa Efigênia de Minas;2025;FUNDEB - IPVA;300160,65;3157500;5149
MG;Santa Efigênia de Minas;2025;FUNDEB - ITCMD;51942,45;3157500;5149
MG;Santa Efigênia de Minas;2025;FUNDEB - ITR;7461,02;3157500;5149
MG;Santa Fé de Minas;2025;AJUSTE FUNDEB - AJUSTE FUNDEB VAAR;-1026,64;3157609;5151
MG;Santa Fé de Minas;2025;AJUSTE FUNDEB - FPE;-7,66;3157609;5151
MG;Santa Fé de Minas;2025;AJUSTE FUNDEB - FPM;-23,24;3157609;5151
MG;Santa Fé de Minas;2025;AJUSTE FUNDEB - ICME;-75,33;3157609;5151
MG;Santa Fé de Minas;2025;AJUSTE FUNDEB - IPIE;-0,66;3157609;5151
MG;Santa Fé de Minas;2025;AJUSTE FUNDEB - IPVA;-11,48;3157609;5151
MG;Santa Fé de Minas;2025;AJUSTE FUNDEB - ITCMD;-1,94;3157609;5151
MG;Santa Fé de Minas;2025;AJUSTE FUNDEB - ITR;-0,24;3157609;5151
MG;Santa Fé de Minas;2025;FUNDEB - COUN VAAR;6450,96;3157609;5151
MG;Santa Fé de Minas;2025;FUNDEB - FPE;169478,29;3157609;5151
MG;Santa Fé de Minas;2025;FUNDEB - FPM;522112,89;3157609;5151
MG;Santa Fé de Minas;2025;FUNDEB - ICMS;1655535,77;3157609;5151
MG;Santa Fé de Minas;2025;FUNDEB - IPI-EXP;21072,48;3157609;5151
MG;Santa Fé de Minas;2025;FUNDEB - IPVA;240445,47;3157609;5151
MG;Santa Fé de Minas;2025;FUNDEB - ITCMD;41689,22;3157609;5151
MG;Santa Fé de Minas;2025;FUNDEB - ITR;5996,49;3157609;5151
MG;Santa Helena de Minas;2025;AJUSTE FUNDEB - AJUSTE FUNDEB VAAR;-7151,14;3157658;706
MG;Santa Helena de Minas;2025;AJUSTE FUNDEB - AJUSTE FUNDEB VAAT;-3188,38;3157658;706
MG;Santa Helena de Minas;2025;AJUSTE FUNDEB - FPE;-554,07;3157658;706
MG;Santa Helena de Minas;2025;AJUSTE FUNDEB - FPM;-1706,29;3157658;706
MG;Santa Helena de Minas;2025;AJUSTE FUNDEB - ICME;-5502,37;3157658;706
MG;Santa Helena de Minas;2025;AJUSTE FUNDEB - IPIE;-69,7;3157658;706
MG;Santa Helena de Minas;2025;AJUSTE FUNDEB - IPVA;-881,24;3157658;706
MG;Santa Helena de Minas;2025;AJUSTE FUNDEB - ITCMD;-126,34;3157658;706
MG;Santa Helena de Minas;2025;AJUSTE FUNDEB - ITR;-20,55;3157658;706
MG;Santa Helena de Minas;2025;FUNDEB - COUN VAAR;110954,41;3157658;706
MG;Santa Helena de Minas;2025;FUNDEB - COUN VAAT;41568,55;3157658;706
MG;Santa Helena de Minas;2025;FUNDEB - FPE;223754,03;3157658;706
MG;Santa Helena de Minas;2025;FUNDEB - FPM;689320,35;3157658;706
MG;Santa Helena de Minas;2025;FUNDEB - FUNDEB - FTI;86695,92;3157658;706
MG;Santa Helena de Minas;2025;FUNDEB - ICMS;2182125,39;3157658;706
MG;Santa Helena de Minas;2025;FUNDEB - IPI-EXP;27822;3157658;706
MG;Santa Helena de Minas;2025;FUNDEB - IPVA;317446,5;3157658;706
MG;Santa Helena de Minas;2025;FUNDEB - ITCMD;54830,55;3157658;706
MG;Santa Helena de Minas;2025;FUNDEB - ITR;7870,34;3157658;706
MG;Santa Juliana;2025;AJUSTE FUNDEB - AJUSTE FUNDEB VAAR;-42515,39;3157708;5153
MG;Santa Juliana;2025;AJUSTE FUNDEB - FPE;-33,46;3157708;5153
MG;Santa Juliana;2025;AJUSTE FUNDEB - FPM;-100,25;3157708;5153
MG;Santa Juliana;2025;AJUSTE FUNDEB - ICME;-326,37;3157708;5153
MG;Santa Juliana;2025;AJUSTE FUNDEB - IPIE;-3,13;3157708;5153
MG;Santa Juliana;2025;AJUSTE FUNDEB - IPVA;-50,1;3157708;5153
MG;Santa Juliana;2025;AJUSTE FUNDEB - ITCMD;-8,44;3157708;5153
MG;Santa Juliana;2025;AJUSTE FUNDEB - ITR;-1,08;3157708;5153
MG;Santa Juliana;2025;FUNDEB - COUN VAAR;517032,82;3157708;5153
MG;Santa Juliana;2025;FUNDEB - FPE;890618,49;3157708;5153
MG;Santa Juliana;2025;FUNDEB - FPM;2743733,81;3157708;5153
MG;Santa Juliana;2025;FUNDEB - ICMS;8675013,75;3157708;5153
MG;Santa Juliana;2025;FUNDEB - IPI-EXP;110737,08;3157708;5153
MG;Santa Juliana;2025;FUNDEB - IPVA;1263233,68;3157708;5153
MG;Santa Juliana;2025;FUNDEB - ITCMD;218415,62;3157708;5153
MG;Santa Juliana;2025;FUNDEB - ITR;31354,12;3157708;5153
MG;Santa Luzia;2025;AJUSTE FUNDEB - FPE;-1020,61;3157807;5155
MG;Santa Luzia;2025;AJUSTE FUNDEB - FPM;-3104,47;3157807;5155
MG;Santa Luzia;2025;AJUSTE FUNDEB - ICME;-10053,59;3157807;5155
MG;Santa Luzia;2025;AJUSTE FUNDEB - IPIE;-112,84;3157807;5155
MG;Santa Luzia;2025;AJUSTE FUNDEB - IPVA;-1580,58;3157807;5155
MG;Santa Luzia;2025;AJUSTE FUNDEB - ITCMD;-244,61;3157807;5155
MG;Santa Luzia;2025;AJUSTE FUNDEB - ITR;-35,87;3157807;5155
MG;Santa Luzia;2025;FUNDEB - FPE;11115241,95;3157807;5155
MG;Santa Luzia;2025;FUNDEB - FPM;34242794,1;3157807;5155
MG;Santa Luzia;2025;FUNDEB - FUNDEB - FTI;4363773,03;3157807;5155
MG;Santa Luzia;2025;FUNDEB - ICMS;108387495,3;3157807;5155
MG;Santa Luzia;2025;FUNDEB - IPI-EXP;1382039,75;3157807;5155
MG;Santa Luzia;2025;FUNDEB - IPVA;15767402,87;3157807;5155
MG;Santa Luzia;2025;FUNDEB - ITCMD;2729396,17;3157807;5155
MG;Santa Luzia;2025;FUNDEB - ITR;392144,25;3157807;5155
MG;Santa Margarida;2025;AJUSTE FUNDEB - AJUSTE FUNDEB VAAR;-6063,54;3157906;5157
MG;Santa Margarida;2025;AJUSTE FUNDEB - AJUSTE FUNDEB VAAT;77828,26;3157906;5157
MG;Santa Margarida;2025;AJUSTE FUNDEB - FPE;-46,44;3157906;5157
MG;Santa Margarida;2025;AJUSTE FUNDEB - FPM;-139,2;3157906;5157
MG;Santa Margarida;2025;AJUSTE FUNDEB - ICME;-453;3157906;5157
MG;Santa Margarida;2025;AJUSTE FUNDEB - IPIE;-4,33;3157906;5157
MG;Santa Margarida;2025;AJUSTE FUNDEB - IPVA;-69,64;3157906;5157
MG;Santa Margarida;2025;AJUSTE FUNDEB - ITCMD;-11,85;3157906;5157
MG;Santa Margarida;2025;AJUSTE FUNDEB - ITR;-1,5;3157906;5157
MG;Santa Margarida;2025;FUNDEB - COUN VAAR;37698,94;3157906;5157
MG;Santa Margarida;2025;FUNDEB - COUN VAAT;3175491,07;3157906;5157
MG;Santa Margarida;2025;FUNDEB - FPE;1169228,29;3157906;5157
MG;Santa Margarida;2025;FUNDEB - FPM;3602048,64;3157906;5157
MG;Santa Margarida;2025;FUNDEB - ICMS;11371755,42;3157906;5157
MG;Santa Margarida;2025;FUNDEB - IPI-EXP;145378,63;3157906;5157
MG;Santa Margarida;2025;FUNDEB - IPVA;1658484,39;3157906;5157
MG;Santa Margarida;2025;FUNDEB - ITCMD;286900,37;3157906;5157
MG;Santa Margarida;2025;FUNDEB - ITR;41200,22;3157906;5157
MG;Santa Maria de Itabira;2025;AJUSTE FUNDEB - AJUSTE FUNDEB VAAR;-2759,08;3158003;5159
MG;Santa Maria de Itabira;2025;AJUSTE FUNDEB - FPE;-21,99;3158003;5159
MG;Santa Maria de Itabira;2025;AJUSTE FUNDEB - FPM;-65,99;3158003;5159
MG;Santa Maria de Itabira;2025;AJUSTE FUNDEB - ICME;-214,75;3158003;5159
MG;Santa Maria de Itabira;2025;AJUSTE FUNDEB - IPIE;-2,06;3158003;5159
MG;Santa Maria de Itabira;2025;AJUSTE FUNDEB - IPVA;-33;3158003;5159
MG;Santa Maria de Itabira;2025;AJUSTE FUNDEB - ITCMD;-5,54;3158003;5159
MG;Santa Maria de Itabira;2025;AJUSTE FUNDEB - ITR;-0,72;3158003;5159
MG;Santa Maria de Itabira;2025;FUNDEB - COUN VAAR;17332,02;3158003;5159
MG;Santa Maria de Itabira;2025;FUNDEB - FPE;502467,19;3158003;5159
MG;Santa Maria de Itabira;2025;FUNDEB - FPM;1547953,73;3158003;5159
MG;Santa Maria de Itabira;2025;FUNDEB - FUNDEB - FTI;11226,04;3158003;5159
MG;Santa Maria de Itabira;2025;FUNDEB - ICMS;4910742,68;3158003;5159
MG;Santa Maria de Itabira;2025;FUNDEB - IPI-EXP;62475,38;3158003;5159
MG;Santa Maria de Itabira;2025;FUNDEB - IPVA;712737,81;3158003;5159
MG;Santa Maria de Itabira;2025;FUNDEB - ITCMD;123327,24;3158003;5159
MG;Santa Maria de Itabira;2025;FUNDEB - ITR;17713,53;3158003;5159
MG;Santa Maria do Salto;2025;AJUSTE FUNDEB - AJUSTE FUNDEB VAAR;-12959,97;3158102;5161
MG;Santa Maria do Salto;2025;AJUSTE FUNDEB - FPE;-9,23;3158102;5161
MG;Santa Maria do Salto;2025;AJUSTE FUNDEB - FPM;-27,79;3158102;5161
MG;Santa Maria do Salto;2025;AJUSTE FUNDEB - ICME;-90,22;3158102;5161
MG;Santa Maria do Salto;2025;AJUSTE FUNDEB - IPIE;-0,84;3158102;5161
MG;Santa Maria do Salto;2025;AJUSTE FUNDEB - IPVA;-13,85;3158102;5161
MG;Santa Maria do Salto;2025;AJUSTE FUNDEB - ITCMD;-2,35;3158102;5161
MG;Santa Maria do Salto;2025;AJUSTE FUNDEB - ITR;-0,26;3158102;5161
MG;Santa Maria do Salto;2025;FUNDEB - COUN VAAR;133610,82;3158102;5161
MG;Santa Maria do Salto;2025;FUNDEB - FPE;230699,85;3158102;5161
MG;Santa Maria do Salto;2025;FUNDEB - FPM;710718,48;3158102;5161
MG;Santa Maria do Salto;2025;FUNDEB - ICMS;2253543,63;3158102;5161
MG;Santa Maria do Salto;2025;FUNDEB - IPI-EXP;28684,58;3158102;5161
MG;Santa Maria do Salto;2025;FUNDEB - IPVA;327220,13;3158102;5161
MG;Santa Maria do Salto;2025;FUNDEB - ITCMD;56577,83;3158102;5161
MG;Santa Maria do Salto;2025;FUNDEB - ITR;8121,98;3158102;5161
MG;Santa Maria do Suaçuí;2025;AJUSTE FUNDEB - AJUSTE FUNDEB VAAR;-29833,14;3158201;5163
MG;Santa Maria do Suaçuí;2025;AJUSTE FUNDEB - FPE;-22,67;3158201;5163
MG;Santa Maria do Suaçuí;2025;AJUSTE FUNDEB - FPM;-67,87;3158201;5163
MG;Santa Maria do Suaçuí;2025;AJUSTE FUNDEB - ICME;-221,1;3158201;5163
MG;Santa Maria do Suaçuí;2025;AJUSTE FUNDEB - IPIE;-2,12;3158201;5163
MG;Santa Maria do Suaçuí;2025;AJUSTE FUNDEB - IPVA;-34,15;3158201;5163
MG;Santa Maria do Suaçuí;2025;AJUSTE FUNDEB - ITCMD;-5,66;3158201;5163
MG;Santa Maria do Suaçuí;2025;AJUSTE FUNDEB - ITR;-0,71;3158201;5163
MG;Santa Maria do Suaçuí;2025;FUNDEB - COUN VAAR;444983,58;3158201;5163
MG;Santa Maria do Suaçuí;2025;FUNDEB - FPE;485896,22;3158201;5163
MG;Santa Maria do Suaçuí;2025;FUNDEB - FPM;1496903,39;3158201;5163
MG;Santa Maria do Suaçuí;2025;FUNDEB - FUNDEB - FTI;94251,18;3158201;5163
MG;Santa Maria do Suaçuí;2025;FUNDEB - ICMS;4748635,02;3158201;5163
MG;Santa Maria do Suaçuí;2025;FUNDEB - IPI-EXP;60415;3158201;5163
MG;Santa Maria do Suaçuí;2025;FUNDEB - IPVA;689287,82;3158201;5163
MG;Santa Maria do Suaçuí;2025;FUNDEB - ITCMD;119374,44;3158201;5163
MG;Santa Maria do Suaçuí;2025;FUNDEB - ITR;17156,62;3158201;5163
MG;Santa Rita de Caldas;2025;AJUSTE FUNDEB - AJUSTE FUNDEB VAAR;-21776,24;3159209;5183
MG;Santa Rita de Caldas;2025;AJUSTE FUNDEB - FPE;-11,84;3159209;5183
MG;Santa Rita de Caldas;2025;AJUSTE FUNDEB - FPM;-35,49;3159209;5183
MG;Santa Rita de Caldas;2025;AJUSTE FUNDEB - ICME;-115,33;3159209;5183
MG;Santa Rita de Caldas;2025;AJUSTE FUNDEB - IPIE;-1,11;3159209;5183
MG;Santa Rita de Caldas;2025;AJUSTE FUNDEB - IPVA;-17,65;3159209;5183
MG;Santa Rita de Caldas;2025;AJUSTE FUNDEB - ITCMD;-3,03;3159209;5183
MG;Santa Rita de Caldas;2025;AJUSTE FUNDEB - ITR;-0,36;3159209;5183
MG;Santa Rita de Caldas;2025;FUNDEB - COUN VAAR;273822,68;3159209;5183
MG;Santa Rita de Caldas;2025;FUNDEB - FPE;252188,51;3159209;5183
MG;Santa Rita de Caldas;2025;FUNDEB - FPM;776918,63;3159209;5183
MG;Santa Rita de Caldas;2025;FUNDEB - FUNDEB - FTI;106569,6;3159209;5183
MG;Santa Rita de Caldas;2025;FUNDEB - ICMS;2464882,76;3159209;5183
MG;Santa Rita de Caldas;2025;FUNDEB - IPI-EXP;31356,41;3159209;5183
MG;Santa Rita de Caldas;2025;FUNDEB - IPVA;357748,51;3159209;5183
MG;Santa Rita de Caldas;2025;FUNDEB - ITCMD;61949,82;3159209;5183
MG;Santa Rita de Caldas;2025;FUNDEB - ITR;8902,78;3159209;5183
MG;Santa Rita de Ibitipoca;2025;AJUSTE FUNDEB - AJUSTE FUNDEB VAAR;-5609,63;3159407;5187
MG;Santa Rita de Ibitipoca;2025;AJUSTE FUNDEB - FPE;-6,82;3159407;5187
MG;Santa Rita de Ibitipoca;2025;AJUSTE FUNDEB - FPM;-20,44;3159407;5187
MG;Santa Rita de Ibitipoca;2025;AJUSTE FUNDEB - ICME;-66,58;3159407;5187
MG;Santa Rita de Ibitipoca;2025;AJUSTE FUNDEB - IPIE;-0,65;3159407;5187
MG;Santa Rita de Ibitipoca;2025;AJUSTE FUNDEB - IPVA;-10,22;3159407;5187
MG;Santa Rita de Ibitipoca;2025;AJUSTE FUNDEB - ITCMD;-1,7;3159407;5187
MG;Santa Rita de Ibitipoca;2025;AJUSTE FUNDEB - ITR;-0,22;3159407;5187
MG;Santa Rita de Ibitipoca;2025;FUNDEB - COUN VAAR;81297,62;3159407;5187
MG;Santa Rita de Ibitipoca;2025;FUNDEB - FPE;158770,5;3159407;5187
MG;Santa Rita de Ibitipoca;2025;FUNDEB - FPM;489125,24;3159407;5187
MG;Santa Rita de Ibitipoca;2025;FUNDEB - ICMS;1551532,27;3159407;5187
MG;Santa Rita de Ibitipoca;2025;FUNDEB - IPI-EXP;19741,09;3159407;5187
MG;Santa Rita de Ibitipoca;2025;FUNDEB - IPVA;225228,12;3159407;5187
MG;Santa Rita de Ibitipoca;2025;FUNDEB - ITCMD;39002,1;3159407;5187
MG;Santa Rita de Ibitipoca;2025;FUNDEB - ITR;5605,01;3159407;5187
MG;Santa Rita de Jacutinga;2025;AJUSTE FUNDEB - AJUSTE FUNDEB VAAR;-834,13;3159308;5185
MG;Santa Rita de Jacutinga;2025;AJUSTE FUNDEB - FPE;-15,25;3159308;5185
MG;Santa Rita de Jacutinga;2025;AJUSTE FUNDEB - FPM;-45,67;3159308;5185
MG;Santa Rita de Jacutinga;2025;AJUSTE FUNDEB - ICME;-148,89;3159308;5185
MG;Santa Rita de Jacutinga;2025;AJUSTE FUNDEB - IPIE;-1,38;3159308;5185
MG;Santa Rita de Jacutinga;2025;AJUSTE FUNDEB - IPVA;-22,87;3159308;5185
MG;Santa Rita de Jacutinga;2025;AJUSTE FUNDEB - ITCMD;-3,86;3159308;5185
MG;Santa Rita de Jacutinga;2025;AJUSTE FUNDEB - ITR;-0,49;3159308;5185
MG;Santa Rita de Jacutinga;2025;FUNDEB - COUN VAAR;12132,42;3159308;5185
MG;Santa Rita de Jacutinga;2025;FUNDEB - FPE;378505,31;3159308;5185
MG;Santa Rita de Jacutinga;2025;FUNDEB - FPM;1166063,67;3159308;5185
MG;Santa Rita de Jacutinga;2025;FUNDEB - ICMS;3691800,82;3159308;5185
MG;Santa Rita de Jacutinga;2025;FUNDEB - IPI-EXP;47062,3;3159308;5185
MG;Santa Rita de Jacutinga;2025;FUNDEB - IPVA;536901,34;3159308;5185
MG;Santa Rita de Jacutinga;2025;FUNDEB - ITCMD;92902,6;3159308;5185
MG;Santa Rita de Jacutinga;2025;FUNDEB - ITR;13343,75;3159308;5185
MG;Santa Rita de Minas;2025;AJUSTE FUNDEB - AJUSTE FUNDEB VAAR;-5018,03;3159357;2669
MG;Santa Rita de Minas;2025;AJUSTE FUNDEB - FPE;-14,73;3159357;2669
MG;Santa Rita de Minas;2025;AJUSTE FUNDEB - FPM;-44,16;3159357;2669
MG;Santa Rita de Minas;2025;AJUSTE FUNDEB - ICME;-143,69;3159357;2669
MG;Santa Rita de Minas;2025;AJUSTE FUNDEB - IPIE;-1,37;3159357;2669
MG;Santa Rita de Minas;2025;AJUSTE FUNDEB - IPVA;-22,15;3159357;2669
MG;Santa Rita de Minas;2025;AJUSTE FUNDEB - ITCMD;-3,79;3159357;2669
MG;Santa Rita de Minas;2025;AJUSTE FUNDEB - ITR;-0,52;3159357;2669
MG;Santa Rita de Minas;2025;FUNDEB - COUN VAAR;17114,52;3159357;2669
MG;Santa Rita de Minas;2025;FUNDEB - FPE;369436,71;3159357;2669
MG;Santa Rita de Minas;2025;FUNDEB - FPM;1138125,86;3159357;2669
MG;Santa Rita de Minas;2025;FUNDEB - FUNDEB - FTI;147686,31;3159357;2669
MG;Santa Rita de Minas;2025;FUNDEB - ICMS;3603621,61;3159357;2669
MG;Santa Rita de Minas;2025;FUNDEB - IPI-EXP;45934,76;3159357;2669
MG;Santa Rita de Minas;2025;FUNDEB - IPVA;524019,47;3159357;2669
MG;Santa Rita de Minas;2025;FUNDEB - ITCMD;90639,23;3159357;2669
MG;Santa Rita de Minas;2025;FUNDEB - ITR;13015,13;3159357;2669
MG;Santa Rita do Itueto;2025;AJUSTE FUNDEB - AJUSTE FUNDEB VAAT;29698,76;3159506;5189
MG;Santa Rita do Itueto;2025;AJUSTE FUNDEB - FPE;-14,95;3159506;5189
MG;Santa Rita do Itueto;2025;AJUSTE FUNDEB - FPM;-44,81;3159506;5189
MG;Santa Rita do Itueto;2025;AJUSTE FUNDEB - ICME;-145,89;3159506;5189
MG;Santa Rita do Itueto;2025;AJUSTE FUNDEB - IPIE;-1,43;3159506;5189
MG;Santa Rita do Itueto;2025;AJUSTE FUNDEB - IPVA;-22,48;3159506;5189
MG;Santa Rita do Itueto;2025;AJUSTE FUNDEB - ITCMD;-3,8;3159506;5189
MG;Santa Rita do Itueto;2025;AJUSTE FUNDEB - ITR;-0,51;3159506;5189
MG;Santa Rita do Itueto;2025;FUNDEB - COUN VAAT;904784,67;3159506;5189
MG;Santa Rita do Itueto;2025;FUNDEB - FPE;421156,41;3159506;5189
MG;Santa Rita do Itueto;2025;FUNDEB - FPM;1297459,14;3159506;5189
MG;Santa Rita do Itueto;2025;FUNDEB - FUNDEB - FTI;157159,56;3159506;5189
MG;Santa Rita do Itueto;2025;FUNDEB - ICMS;4102385,53;3159506;5189
MG;Santa Rita do Itueto;2025;FUNDEB - IPI-EXP;52365,45;3159506;5189
MG;Santa Rita do Itueto;2025;FUNDEB - IPVA;597421,61;3159506;5189
MG;Santa Rita do Itueto;2025;FUNDEB - ITCMD;103413,62;3159506;5189
MG;Santa Rita do Itueto;2025;FUNDEB - ITR;14857,44;3159506;5189
MG;Santa Rita do Sapucaí;2025;AJUSTE FUNDEB - FPE;-81,5;3159605;5191
MG;Santa Rita do Sapucaí;2025;AJUSTE FUNDEB - FPM;-244,48;3159605;5191
MG;Santa Rita do Sapucaí;2025;AJUSTE FUNDEB - ICME;-795,8;3159605;5191
MG;Santa Rita do Sapucaí;2025;AJUSTE FUNDEB - IPIE;-7,66;3159605;5191
MG;Santa Rita do Sapucaí;2025;AJUSTE FUNDEB - IPVA;-122,31;3159605;5191
MG;Santa Rita do Sapucaí;2025;AJUSTE FUNDEB - ITCMD;-20,65;3159605;5191
MG;Santa Rita do Sapucaí;2025;AJUSTE FUNDEB - ITR;-2,67;3159605;5191
MG;Santa Rita do Sapucaí;2025;FUNDEB - FPE;2152301,42;3159605;5191
MG;Santa Rita do Sapucaí;2025;FUNDEB - FPM;6630608,11;3159605;5191
MG;Santa Rita do Sapucaí;2025;FUNDEB - ICMS;20971348,02;3159605;5191
MG;Santa Rita do Sapucaí;2025;FUNDEB - IPI-EXP;267611,27;3159605;5191
MG;Santa Rita do Sapucaí;2025;FUNDEB - IPVA;3052834,54;3159605;5191
MG;Santa Rita do Sapucaí;2025;FUNDEB - ITCMD;527949,8;3159605;5191
MG;Santa Rita do Sapucaí;2025;FUNDEB - ITR;75799,72;3159605;5191
MG;Santa Rosa da Serra;2025;AJUSTE FUNDEB - FPE;-10,73;3159704;5193
MG;Santa Rosa da Serra;2025;AJUSTE FUNDEB - FPM;-32,15;3159704;5193
MG;Santa Rosa da Serra;2025;AJUSTE FUNDEB - ICME;-104,49;3159704;5193
MG;Santa Rosa da Serra;2025;AJUSTE FUNDEB - IPIE;-1;3159704;5193
MG;Santa Rosa da Serra;2025;AJUSTE FUNDEB - IPVA;-15,99;3159704;5193
MG;Santa Rosa da Serra;2025;AJUSTE FUNDEB - ITCMD;-2,75;3159704;5193
MG;Santa Rosa da Serra;2025;AJUSTE FUNDEB - ITR;-0,39;3159704;5193
MG;Santa Rosa da Serra;2025;FUNDEB - COUN VAAT;106615,34;3159704;5193
MG;Santa Rosa da Serra;2025;FUNDEB - FPE;285501,65;3159704;5193
MG;Santa Rosa da Serra;2025;FUNDEB - FPM;879546,49;3159704;5193
MG;Santa Rosa da Serra;2025;FUNDEB - FUNDEB - FTI;155084,63;3159704;5193
MG;Santa Rosa da Serra;2025;FUNDEB - ICMS;2780250,65;3159704;5193
MG;Santa Rosa da Serra;2025;FUNDEB - IPI-EXP;35498,49;3159704;5193
MG;Santa Rosa da Serra;2025;FUNDEB - IPVA;404885,5;3159704;5193
MG;Santa Rosa da Serra;2025;FUNDEB - ITCMD;69884,98;3159704;5193
MG;Santa Rosa da Serra;2025;FUNDEB - ITR;10019,76;3159704;5193
MG;Santa Vitória;2025;AJUSTE FUNDEB - AJUSTE FUNDEB VAAR;-16600,75;3159803;5195
MG;Santa Vitória;2025;AJUSTE FUNDEB - FPE;-42,74;3159803;5195
MG;Santa Vitória;2025;AJUSTE FUNDEB - FPM;-128,1;3159803;5195
MG;Santa Vitória;2025;AJUSTE FUNDEB - ICME;-416,59;3159803;5195
MG;Santa Vitória;2025;AJUSTE FUNDEB - IPIE;-3,97;3159803;5195
MG;Santa Vitória;2025;AJUSTE FUNDEB - IPVA;-64,2;3159803;5195
MG;Santa Vitória;2025;AJUSTE FUNDEB - ITCMD;-10,79;3159803;5195
MG;Santa Vitória;2025;AJUSTE FUNDEB - ITR;-1,45;3159803;5195
MG;Santa Vitória;2025;FUNDEB - COUN VAAR;101540,69;3159803;5195
MG;Santa Vitória;2025;FUNDEB - FPE;1159612,98;3159803;5195
MG;Santa Vitória;2025;FUNDEB - FPM;3572426,78;3159803;5195
MG;Santa Vitória;2025;FUNDEB - ICMS;11305362,21;3159803;5195
MG;Santa Vitória;2025;FUNDEB - IPI-EXP;144183,09;3159803;5195
MG;Santa Vitória;2025;FUNDEB - IPVA;1644844,61;3159803;5195
MG;Santa Vitória;2025;FUNDEB - ITCMD;284538,56;3159803;5195
MG;Santa Vitória;2025;FUNDEB - ITR;40860,84;3159803;5195
MG;Santana da Vargem;2025;AJUSTE FUNDEB - FPE;-9,47;3158300;5165
MG;Santana da Vargem;2025;AJUSTE FUNDEB - FPM;-28,48;3158300;5165
MG;Santana da Vargem;2025;AJUSTE FUNDEB - ICME;-92,51;3158300;5165
MG;Santana da Vargem;2025;AJUSTE FUNDEB - IPIE;-0,89;3158300;5165
MG;Santana da Vargem;2025;AJUSTE FUNDEB - IPVA;-14,41;3158300;5165
MG;Santana da Vargem;2025;AJUSTE FUNDEB - ITCMD;-2,37;3158300;5165
MG;Santana da Vargem;2025;AJUSTE FUNDEB - ITR;-0,35;3158300;5165
MG;Santana da Vargem;2025;FUNDEB - FPE;247617,38;3158300;5165
MG;Santana da Vargem;2025;FUNDEB - FPM;762836,35;3158300;5165
MG;Santana da Vargem;2025;FUNDEB - ICMS;2415290,84;3158300;5165
MG;Santana da Vargem;2025;FUNDEB - IPI-EXP;30788,09;3158300;5165
MG;Santana da Vargem;2025;FUNDEB - IPVA;351239,13;3158300;5165
MG;Santana da Vargem;2025;FUNDEB - ITCMD;60775,37;3158300;5165
MG;Santana da Vargem;2025;FUNDEB - ITR;8729,15;3158300;5165
MG;Santana de Cataguases;2025;AJUSTE FUNDEB - FPE;-10,49;3158409;5167
MG;Santana de Cataguases;2025;AJUSTE FUNDEB - FPM;-31,24;3158409;5167
MG;Santana de Cataguases;2025;AJUSTE FUNDEB - ICME;-101,61;3158409;5167
MG;Santana de Cataguases;2025;AJUSTE FUNDEB - IPIE;-0,99;3158409;5167
MG;Santana de Cataguases;2025;AJUSTE FUNDEB - IPVA;-15,49;3158409;5167
MG;Santana de Cataguases;2025;AJUSTE FUNDEB - ITCMD;-2,65;3158409;5167
MG;Santana de Cataguases;2025;AJUSTE FUNDEB - ITR;-0,34;3158409;5167
MG;Santana de Cataguases;2025;FUNDEB - FPE;242782,81;3158409;5167
MG;Santana de Cataguases;2025;FUNDEB - FPM;747942,37;3158409;5167
MG;Santana de Cataguases;2025;FUNDEB - ICMS;2370880,04;3158409;5167
MG;Santana de Cataguases;2025;FUNDEB - IPI-EXP;30186,96;3158409;5167
MG;Santana de Cataguases;2025;FUNDEB - IPVA;344412,55;3158409;5167
MG;Santana de Cataguases;2025;FUNDEB - ITCMD;59653,37;3158409;5167
MG;Santana de Cataguases;2025;FUNDEB - ITR;8574,07;3158409;5167
MG;Santana de Pirapama;2025;AJUSTE FUNDEB - FPE;-12,21;3158508;5169
MG;Santana de Pirapama;2025;AJUSTE FUNDEB - FPM;-36,66;3158508;5169
MG;Santana de Pirapama;2025;AJUSTE FUNDEB - ICME;-119,2;3158508;5169
MG;Santana de Pirapama;2025;AJUSTE FUNDEB - IPIE;-1,12;3158508;5169
MG;Santana de Pirapama;2025;AJUSTE FUNDEB - IPVA;-18,36;3158508;5169
MG;Santana de Pirapama;2025;AJUSTE FUNDEB - ITCMD;-3,03;3158508;5169
MG;Santana de Pirapama;2025;AJUSTE FUNDEB - ITR;-0,36;3158508;5169
MG;Santana de Pirapama;2025;FUNDEB - FPE;287932,29;3158508;5169
MG;Santana de Pirapama;2025;FUNDEB - FPM;887034,78;3158508;5169
MG;Santana de Pirapama;2025;FUNDEB - ICMS;2812468,07;3158508;5169
MG;Santana de Pirapama;2025;FUNDEB - IPI-EXP;35800,72;3158508;5169
MG;Santana de Pirapama;2025;FUNDEB - IPVA;408447,89;3158508;5169
MG;Santana de Pirapama;2025;FUNDEB - ITCMD;70717,78;3158508;5169
MG;Santana de Pirapama;2025;FUNDEB - ITR;10161,66;3158508;5169
MG;Santana do Deserto;2025;AJUSTE FUNDEB - AJUSTE FUNDEB VAAR;-6189,7;3158607;5171
MG;Santana do Deserto;2025;AJUSTE FUNDEB - FPE;-13,44;3158607;5171
MG;Santana do Deserto;2025;AJUSTE FUNDEB - FPM;-40,34;3158607;5171
MG;Santana do Deserto;2025;AJUSTE FUNDEB - ICME;-131,18;3158607;5171
MG;Santana do Deserto;2025;AJUSTE FUNDEB - IPIE;-1,25;3158607;5171
MG;Santana do Deserto;2025;AJUSTE FUNDEB - IPVA;-20,23;3158607;5171
MG;Santana do Deserto;2025;AJUSTE FUNDEB - ITCMD;-3,37;3158607;5171
MG;Santana do Deserto;2025;AJUSTE FUNDEB - ITR;-0,47;3158607;5171
MG;Santana do Deserto;2025;FUNDEB - COUN VAAR;99028,49;3158607;5171
MG;Santana do Deserto;2025;FUNDEB - FPE;322900,28;3158607;5171
MG;Santana do Deserto;2025;FUNDEB - FPM;994760,82;3158607;5171
MG;Santana do Deserto;2025;FUNDEB - FUNDEB - FTI;138414;3158607;5171
MG;Santana do Deserto;2025;FUNDEB - ICMS;3151911,9;3158607;5171
MG;Santana do Deserto;2025;FUNDEB - IPI-EXP;40148,53;3158607;5171
MG;Santana do Deserto;2025;FUNDEB - IPVA;458051,94;3158607;5171
MG;Santana do Deserto;2025;FUNDEB - ITCMD;79306,61;3158607;5171
MG;Santana do Deserto;2025;FUNDEB - ITR;11395,83;3158607;5171
MG;Santana do Garambéu;2025;AJUSTE FUNDEB - AJUSTE FUNDEB VAAR;-4820,46;3158706;5173
MG;Santana do Garambéu;2025;AJUSTE FUNDEB - FPE;-6,2;3158706;5173
MG;Santana do Garambéu;2025;AJUSTE FUNDEB - FPM;-18,58;3158706;5173
MG;Santana do Garambéu;2025;AJUSTE FUNDEB - ICME;-60,5;3158706;5173
MG;Santana do Garambéu;2025;AJUSTE FUNDEB - IPIE;-0,58;3158706;5173
MG;Santana do Garambéu;2025;AJUSTE FUNDEB - IPVA;-9,27;3158706;5173
MG;Santana do Garambéu;2025;AJUSTE FUNDEB - ITCMD;-1,55;3158706;5173
MG;Santana do Garambéu;2025;AJUSTE FUNDEB - ITR;-0,2;3158706;5173
MG;Santana do Garambéu;2025;FUNDEB - COUN VAAR;66648,14;3158706;5173
MG;Santana do Garambéu;2025;FUNDEB - FPE;151601,64;3158706;5173
MG;Santana do Garambéu;2025;FUNDEB - FPM;467040,07;3158706;5173
MG;Santana do Garambéu;2025;FUNDEB - ICMS;1481401,84;3158706;5173
MG;Santana do Garambéu;2025;FUNDEB - IPI-EXP;18849,75;3158706;5173
MG;Santana do Garambéu;2025;FUNDEB - IPVA;215044,59;3158706;5173
MG;Santana do Garambéu;2025;FUNDEB - ITCMD;37212,14;3158706;5173
MG;Santana do Garambéu;2025;FUNDEB - ITR;5345,01;3158706;5173
MG;Santana do Jacaré;2025;AJUSTE FUNDEB - AJUSTE FUNDEB VAAR;-10930,81;3158805;5175
MG;Santana do Jacaré;2025;AJUSTE FUNDEB - FPE;-9,17;3158805;5175
MG;Santana do Jacaré;2025;AJUSTE FUNDEB - FPM;-27,47;3158805;5175
MG;Santana do Jacaré;2025;AJUSTE FUNDEB - ICME;-89,59;3158805;5175
MG;Santana do Jacaré;2025;AJUSTE FUNDEB - IPIE;-0,81;3158805;5175
MG;Santana do Jacaré;2025;AJUSTE FUNDEB - IPVA;-13,8;3158805;5175
MG;Santana do Jacaré;2025;AJUSTE FUNDEB - ITCMD;-2,26;3158805;5175
MG;Santana do Jacaré;2025;AJUSTE FUNDEB - ITR;-0,34;3158805;5175
MG;Santana do Jacaré;2025;FUNDEB - COUN VAAR;118743,91;3158805;5175
MG;Santana do Jacaré;2025;FUNDEB - FPE;211366,14;3158805;5175
MG;Santana do Jacaré;2025;FUNDEB - FPM;651157,04;3158805;5175
MG;Santana do Jacaré;2025;FUNDEB - ICMS;2063449,97;3158805;5175
MG;Santana do Jacaré;2025;FUNDEB - IPI-EXP;26280,68;3158805;5175
MG;Santana do Jacaré;2025;FUNDEB - IPVA;299847,18;3158805;5175
MG;Santana do Jacaré;2025;FUNDEB - ITCMD;51938,9;3158805;5175
MG;Santana do Jacaré;2025;FUNDEB - ITR;7465,72;3158805;5175
MG;Santana do Manhuaçu;2025;AJUSTE FUNDEB - AJUSTE FUNDEB VAAR;-16607,5;3158904;5177
MG;Santana do Manhuaçu;2025;AJUSTE FUNDEB - AJUSTE FUNDEB VAAT;35462,68;3158904;5177
MG;Santana do Manhuaçu;2025;AJUSTE FUNDEB - FPE;-19,15;3158904;5177
MG;Santana do Manhuaçu;2025;AJUSTE FUNDEB - FPM;-57,32;3158904;5177
MG;Santana do Manhuaçu;2025;AJUSTE FUNDEB - ICME;-186,75;3158904;5177
MG;Santana do Manhuaçu;2025;AJUSTE FUNDEB - IPIE;-1,74;3158904;5177
MG;Santana do Manhuaçu;2025;AJUSTE FUNDEB - IPVA;-28,65;3158904;5177
MG;Santana do Manhuaçu;2025;AJUSTE FUNDEB - ITCMD;-4,8;3158904;5177
MG;Santana do Manhuaçu;2025;AJUSTE FUNDEB - ITR;-0,63;3158904;5177
MG;Santana do Manhuaçu;2025;FUNDEB - COUN VAAR;239938,22;3158904;5177
MG;Santana do Manhuaçu;2025;FUNDEB - COUN VAAT;1250596,16;3158904;5177
MG;Santana do Manhuaçu;2025;FUNDEB - FPE;519166,6;3158904;5177
MG;Santana do Manhuaçu;2025;FUNDEB - FPM;1599399,65;3158904;5177
MG;Santana do Manhuaçu;2025;FUNDEB - FUNDEB - FTI;143923,91;3158904;5177
MG;Santana do Manhuaçu;2025;FUNDEB - ICMS;5054770,23;3158904;5177
MG;Santana do Manhuaçu;2025;FUNDEB - IPI-EXP;64551,75;3158904;5177
MG;Santana do Manhuaçu;2025;FUNDEB - IPVA;736416,36;3158904;5177
MG;Santana do Manhuaçu;2025;FUNDEB - ITCMD;127407,16;3158904;5177
MG;Santana do Manhuaçu;2025;FUNDEB - ITR;18297,83;3158904;5177
MG;Santana do Paraíso;2025;AJUSTE FUNDEB - AJUSTE FUNDEB VAAR;-70867,95;3158953;2673
MG;Santana do Paraíso;2025;AJUSTE FUNDEB - AJUSTE FUNDEB VAAT;108943,68;3158953;2673
MG;Santana do Paraíso;2025;AJUSTE FUNDEB - FPE;-62,71;3158953;2673
MG;Santana do Paraíso;2025;AJUSTE FUNDEB - FPM;-188,04;3158953;2673
MG;Santana do Paraíso;2025;AJUSTE FUNDEB - ICME;-611,67;3158953;2673
MG;Santana do Paraíso;2025;AJUSTE FUNDEB - IPIE;-5,89;3158953;2673
MG;Santana do Paraíso;2025;AJUSTE FUNDEB - IPVA;-94,32;3158953;2673
MG;Santana do Paraíso;2025;AJUSTE FUNDEB - ITCMD;-15,86;3158953;2673
MG;Santana do Paraíso;2025;AJUSTE FUNDEB - ITR;-2,09;3158953;2673
MG;Santana do Paraíso;2025;FUNDEB - COUN VAAR;787864,25;3158953;2673
MG;Santana do Paraíso;2025;FUNDEB - COUN VAAT;189432,31;3158953;2673
MG;Santana do Paraíso;2025;FUNDEB - FPE;1622576,1;3158953;2673
MG;Santana do Paraíso;2025;FUNDEB - FPM;4998680,19;3158953;2673
MG;Santana do Paraíso;2025;FUNDEB - FUNDEB - FTI;455950,95;3158953;2673
MG;Santana do Paraíso;2025;FUNDEB - ICMS;15785034,92;3158953;2673
MG;Santana do Paraíso;2025;FUNDEB - IPI-EXP;201746,64;3158953;2673
MG;Santana do Paraíso;2025;FUNDEB - IPVA;2301515,04;3158953;2673
MG;Santana do Paraíso;2025;FUNDEB - ITCMD;398104,03;3158953;2673
MG;Santana do Paraíso;2025;FUNDEB - ITR;57166,09;3158953;2673
MG;Santana do Riacho;2025;AJUSTE FUNDEB - AJUSTE FUNDEB VAAR;-4440,54;3159001;5179
MG;Santana do Riacho;2025;AJUSTE FUNDEB - FPE;-10,27;3159001;5179
MG;Santana do Riacho;2025;AJUSTE FUNDEB - FPM;-30,79;3159001;5179
MG;Santana do Riacho;2025;AJUSTE FUNDEB - ICME;-100,38;3159001;5179
MG;Santana do Riacho;2025;AJUSTE FUNDEB - IPIE;-0,92;3159001;5179
MG;Santana do Riacho;2025;AJUSTE FUNDEB - IPVA;-15,36;3159001;5179
MG;Santana do Riacho;2025;AJUSTE FUNDEB - ITCMD;-2,61;3159001;5179
MG;Santana do Riacho;2025;AJUSTE FUNDEB - ITR;-0,34;3159001;5179
MG;Santana do Riacho;2025;FUNDEB - COUN VAAR;15971,04;3159001;5179
MG;Santana do Riacho;2025;FUNDEB - COUN VAAT;462218,68;3159001;5179
MG;Santana do Riacho;2025;FUNDEB - FPE;359696,68;3159001;5179
MG;Santana do Riacho;2025;FUNDEB - FPM;1108119,8;3159001;5179
MG;Santana do Riacho;2025;FUNDEB - ICMS;3499094,24;3159001;5179
MG;Santana do Riacho;2025;FUNDEB - IPI-EXP;44723,69;3159001;5179
MG;Santana do Riacho;2025;FUNDEB - IPVA;510195,42;3159001;5179
MG;Santana do Riacho;2025;FUNDEB - ITCMD;88231,88;3159001;5179
MG;Santana do Riacho;2025;FUNDEB - ITR;12667,76;3159001;5179
MG;Santana dos Montes;2025;AJUSTE FUNDEB - AJUSTE FUNDEB VAAR;-6885,95;3159100;5181
MG;Santana dos Montes;2025;AJUSTE FUNDEB - FPE;-9,33;3159100;5181
MG;Santana dos Montes;2025;AJUSTE FUNDEB - FPM;-28,01;3159100;5181
MG;Santana dos Montes;2025;AJUSTE FUNDEB - ICME;-90,95;3159100;5181
MG;Santana dos Montes;2025;AJUSTE FUNDEB - IPIE;-0,79;3159100;5181
MG;Santana dos Montes;2025;AJUSTE FUNDEB - IPVA;-13,96;3159100;5181
MG;Santana dos Montes;2025;AJUSTE FUNDEB - ITCMD;-2,37;3159100;5181
MG;Santana dos Montes;2025;AJUSTE FUNDEB - ITR;-0,29;3159100;5181
MG;Santana dos Montes;2025;FUNDEB - COUN VAAR;95205,46;3159100;5181
MG;Santana dos Montes;2025;FUNDEB - FPE;230331,39;3159100;5181
MG;Santana dos Montes;2025;FUNDEB - FPM;709583,28;3159100;5181
MG;Santana dos Montes;2025;FUNDEB - FUNDEB - FTI;109098,95;3159100;5181
MG;Santana dos Montes;2025;FUNDEB - ICMS;2248056,35;3159100;5181
MG;Santana dos Montes;2025;FUNDEB - IPI-EXP;28638,72;3159100;5181
MG;Santana dos Montes;2025;FUNDEB - IPVA;326719,88;3159100;5181
MG;Santana dos Montes;2025;FUNDEB - ITCMD;56533,7;3159100;5181
MG;Santana dos Montes;2025;FUNDEB - ITR;8119,98;3159100;5181
MG;Santo Antônio do Amparo;2025;AJUSTE FUNDEB - AJUSTE FUNDEB VAAR;5774,78;3159902;5197
MG;Santo Antônio do Amparo;2025;AJUSTE FUNDEB - FPE;-567,35;3159902;5197
MG;Santo Antônio do Amparo;2025;AJUSTE FUNDEB - FPM;-1745,1;3159902;5197
MG;Santo Antônio do Amparo;2025;AJUSTE FUNDEB - ICME;-5629,62;3159902;5197
MG;Santo Antônio do Amparo;2025;AJUSTE FUNDEB - IPIE;-70,62;3159902;5197
MG;Santo Antônio do Amparo;2025;AJUSTE FUNDEB - IPVA;-900,33;3159902;5197
MG;Santo Antônio do Amparo;2025;AJUSTE FUNDEB - ITCMD;-129,9;3159902;5197
MG;Santo Antônio do Amparo;2025;AJUSTE FUNDEB - ITR;-20,95;3159902;5197
MG;Santo Antônio do Amparo;2025;FUNDEB - COUN VAAR;28004,51;3159902;5197
MG;Santo Antônio do Amparo;2025;FUNDEB - COUN VAAT;947099,74;3159902;5197
MG;Santo Antônio do Amparo;2025;FUNDEB - FPE;887523,29;3159902;5197
MG;Santo Antônio do Amparo;2025;FUNDEB - FPM;2734198,35;3159902;5197
MG;Santo Antônio do Amparo;2025;FUNDEB - FUNDEB - FTI;209665,85;3159902;5197
MG;Santo Antônio do Amparo;2025;FUNDEB - ICMS;8651730,3;3159902;5197
MG;Santo Antônio do Amparo;2025;FUNDEB - IPI-EXP;110353,24;3159902;5197
MG;Santo Antônio do Amparo;2025;FUNDEB - IPVA;1258997,45;3159902;5197
MG;Santo Antônio do Amparo;2025;FUNDEB - ITCMD;217772,42;3159902;5197
MG;Santo Antônio do Amparo;2025;FUNDEB - ITR;31275,99;3159902;5197
MG;Santo Antônio do Aventureiro;2025;AJUSTE FUNDEB - FPE;-8,7;3160009;5199
MG;Santo Antônio do Aventureiro;2025;AJUSTE FUNDEB - FPM;-26,26;3160009;5199
MG;Santo Antônio do Aventureiro;2025;AJUSTE FUNDEB - ICME;-85,18;3160009;5199
MG;Santo Antônio do Aventureiro;2025;AJUSTE FUNDEB - IPIE;-0,8;3160009;5199
MG;Santo Antônio do Aventureiro;2025;AJUSTE FUNDEB - IPVA;-13,06;3160009;5199
MG;Santo Antônio do Aventureiro;2025;AJUSTE FUNDEB - ITCMD;-2,25;3160009;5199
MG;Santo Antônio do Aventureiro;2025;AJUSTE FUNDEB - ITR;-0,28;3160009;5199
MG;Santo Antônio do Aventureiro;2025;FUNDEB - FPE;211886,13;3160009;5199
MG;Santo Antônio do Aventureiro;2025;FUNDEB - FPM;652758,9;3160009;5199
MG;Santo Antônio do Aventureiro;2025;FUNDEB - FUNDEB - FTI;89175,88;3160009;5199
MG;Santo Antônio do Aventureiro;2025;FUNDEB - ICMS;2066859,88;3160009;5199
MG;Santo Antônio do Aventureiro;2025;FUNDEB - IPI-EXP;26345,35;3160009;5199
MG;Santo Antônio do Aventureiro;2025;FUNDEB - IPVA;300555,3;3160009;5199
MG;Santo Antônio do Aventureiro;2025;FUNDEB - ITCMD;52005,64;3160009;5199
MG;Santo Antônio do Aventureiro;2025;FUNDEB - ITR;7469,6;3160009;5199
MG;Santo Antônio do Grama;2025;AJUSTE FUNDEB - FPE;-10,98;3160108;5201
MG;Santo Antônio do Grama;2025;AJUSTE FUNDEB - FPM;-32,95;3160108;5201
MG;Santo Antônio do Grama;2025;AJUSTE FUNDEB - ICME;-107,4;3160108;5201
MG;Santo Antônio do Grama;2025;AJUSTE FUNDEB - IPIE;-1,03;3160108;5201
MG;Santo Antônio do Grama;2025;AJUSTE FUNDEB - IPVA;-16,43;3160108;5201
MG;Santo Antônio do Grama;2025;AJUSTE FUNDEB - ITCMD;-2,77;3160108;5201
MG;Santo Antônio do Grama;2025;AJUSTE FUNDEB - ITR;-0,37;3160108;5201
MG;Santo Antônio do Grama;2025;FUNDEB - FPE;270069,09;3160108;5201
MG;Santo Antônio do Grama;2025;FUNDEB - FPM;832003,53;3160108;5201
MG;Santo Antônio do Grama;2025;FUNDEB - ICMS;2633147,2;3160108;5201
MG;Santo Antônio do Grama;2025;FUNDEB - IPI-EXP;33579,64;3160108;5201
MG;Santo Antônio do Grama;2025;FUNDEB - IPVA;383077,6;3160108;5201
MG;Santo Antônio do Grama;2025;FUNDEB - ITCMD;66268,25;3160108;5201
MG;Santo Antônio do Grama;2025;FUNDEB - ITR;9516,42;3160108;5201
MG;Santo Antônio do Itambé;2025;AJUSTE FUNDEB - AJUSTE FUNDEB VAAR;-2316,51;3160207;5203
MG;Santo Antônio do Itambé;2025;AJUSTE FUNDEB - FPE;-7,68;3160207;5203
MG;Santo Antônio do Itambé;2025;AJUSTE FUNDEB - FPM;-23,07;3160207;5203
MG;Santo Antônio do Itambé;2025;AJUSTE FUNDEB - ICME;-75,08;3160207;5203
MG;Santo Antônio do Itambé;2025;AJUSTE FUNDEB - IPIE;-0,74;3160207;5203
MG;Santo Antônio do Itambé;2025;AJUSTE FUNDEB - IPVA;-11,48;3160207;5203
MG;Santo Antônio do Itambé;2025;AJUSTE FUNDEB - ITCMD;-1,93;3160207;5203
MG;Santo Antônio do Itambé;2025;AJUSTE FUNDEB - ITR;-0,26;3160207;5203
MG;Santo Antônio do Itambé;2025;FUNDEB - COUN VAAR;7820,11;3160207;5203
MG;Santo Antônio do Itambé;2025;FUNDEB - FPE;169555,47;3160207;5203
MG;Santo Antônio do Itambé;2025;FUNDEB - FPM;522350,47;3160207;5203
MG;Santo Antônio do Itambé;2025;FUNDEB - ICMS;1656741,71;3160207;5203
MG;Santo Antônio do Itambé;2025;FUNDEB - IPI-EXP;21082,08;3160207;5203
MG;Santo Antônio do Itambé;2025;FUNDEB - IPVA;240540,04;3160207;5203
MG;Santo Antônio do Itambé;2025;FUNDEB - ITCMD;41677,49;3160207;5203
MG;Santo Antônio do Itambé;2025;FUNDEB - ITR;5991,93;3160207;5203
MG;Santo Antônio do Jacinto;2025;AJUSTE FUNDEB - AJUSTE FUNDEB VAAR;-33152,89;3160306;5205
MG;Santo Antônio do Jacinto;2025;AJUSTE FUNDEB - FPE;-24,37;3160306;5205
MG;Santo Antônio do Jacinto;2025;AJUSTE FUNDEB - FPM;-73,26;3160306;5205
MG;Santo Antônio do Jacinto;2025;AJUSTE FUNDEB - ICME;-237,94;3160306;5205
MG;Santo Antônio do Jacinto;2025;AJUSTE FUNDEB - IPIE;-2,23;3160306;5205
MG;Santo Antônio do Jacinto;2025;AJUSTE FUNDEB - IPVA;-36,78;3160306;5205
MG;Santo Antônio do Jacinto;2025;AJUSTE FUNDEB - ITCMD;-6,14;3160306;5205
MG;Santo Antônio do Jacinto;2025;AJUSTE FUNDEB - ITR;-0,78;3160306;5205
MG;Santo Antônio do Jacinto;2025;FUNDEB - COUN VAAR;494092,96;3160306;5205
MG;Santo Antônio do Jacinto;2025;FUNDEB - FPE;555480,19;3160306;5205
MG;Santo Antônio do Jacinto;2025;FUNDEB - FPM;1711271,22;3160306;5205
MG;Santo Antônio do Jacinto;2025;FUNDEB - FUNDEB - FTI;208906,4;3160306;5205
MG;Santo Antônio do Jacinto;2025;FUNDEB - ICMS;5431639,07;3160306;5205
MG;Santo Antônio do Jacinto;2025;FUNDEB - IPI-EXP;69066,87;3160306;5205
MG;Santo Antônio do Jacinto;2025;FUNDEB - IPVA;788011,89;3160306;5205
MG;Santo Antônio do Jacinto;2025;FUNDEB - ITCMD;136496,47;3160306;5205
MG;Santo Antônio do Jacinto;2025;FUNDEB - ITR;19619,9;3160306;5205
MG;Santo Antônio do Monte;2025;AJUSTE FUNDEB - AJUSTE FUNDEB VAAR;-40684,49;3160405;5207
MG;Santo Antônio do Monte;2025;AJUSTE FUNDEB - FPE;-54,26;3160405;5207
MG;Santo Antônio do Monte;2025;AJUSTE FUNDEB - FPM;-162,88;3160405;5207
MG;Santo Antônio do Monte;2025;AJUSTE FUNDEB - ICME;-530,16;3160405;5207
MG;Santo Antônio do Monte;2025;AJUSTE FUNDEB - IPIE;-5,14;3160405;5207
MG;Santo Antônio do Monte;2025;AJUSTE FUNDEB - IPVA;-81,54;3160405;5207
MG;Santo Antônio do Monte;2025;AJUSTE FUNDEB - ITCMD;-13,67;3160405;5207
MG;Santo Antônio do Monte;2025;AJUSTE FUNDEB - ITR;-1,77;3160405;5207
MG;Santo Antônio do Monte;2025;FUNDEB - COUN VAAR;650907,71;3160405;5207
MG;Santo Antônio do Monte;2025;FUNDEB - FPE;1365163,86;3160405;5207
MG;Santo Antônio do Monte;2025;FUNDEB - FPM;4205668,75;3160405;5207
MG;Santo Antônio do Monte;2025;FUNDEB - FUNDEB - FTI;379959,13;3160405;5207
MG;Santo Antônio do Monte;2025;FUNDEB - ICMS;13303657,1;3160405;5207
MG;Santo Antônio do Monte;2025;FUNDEB - IPI-EXP;169740,75;3160405;5207
MG;Santo Antônio do Monte;2025;FUNDEB - IPVA;1936366,21;3160405;5207
MG;Santo Antônio do Monte;2025;FUNDEB - ITCMD;334891,83;3160405;5207
MG;Santo Antônio do Monte;2025;FUNDEB - ITR;48083,85;3160405;5207
MG;Santo Antônio do Retiro;2025;AJUSTE FUNDEB - AJUSTE FUNDEB VAAR;-29485,11;3160454;708
MG;Santo Antônio do Retiro;2025;AJUSTE FUNDEB - FPE;-22,47;3160454;708
MG;Santo Antônio do Retiro;2025;AJUSTE FUNDEB - FPM;-67,4;3160454;708
MG;Santo Antônio do Retiro;2025;AJUSTE FUNDEB - ICME;-219,1;3160454;708
MG;Santo Antônio do Retiro;2025;AJUSTE FUNDEB - IPIE;-2,09;3160454;708
MG;Santo Antônio do Retiro;2025;AJUSTE FUNDEB - IPVA;-33,56;3160454;708
MG;Santo Antônio do Retiro;2025;AJUSTE FUNDEB - ITCMD;-5,7;3160454;708
MG;Santo Antônio do Retiro;2025;AJUSTE FUNDEB - ITR;-0,73;3160454;708
MG;Santo Antônio do Retiro;2025;FUNDEB - COUN VAAR;440340,91;3160454;708
MG;Santo Antônio do Retiro;2025;FUNDEB - COUN VAAT;267363,31;3160454;708
MG;Santo Antônio do Retiro;2025;FUNDEB - FPE;531935,98;3160454;708
MG;Santo Antônio do Retiro;2025;FUNDEB - FPM;1638738,39;3160454;708
MG;Santo Antônio do Retiro;2025;FUNDEB - FUNDEB - FTI;161929,34;3160454;708
MG;Santo Antônio do Retiro;2025;FUNDEB - ICMS;5195295,1;3160454;708
MG;Santo Antônio do Retiro;2025;FUNDEB - IPI-EXP;66139,47;3160454;708
MG;Santo Antônio do Retiro;2025;FUNDEB - IPVA;754556,69;3160454;708
MG;Santo Antônio do Retiro;2025;FUNDEB - ITCMD;130597,66;3160454;708
MG;Santo Antônio do Retiro;2025;FUNDEB - ITR;18761,37;3160454;708
MG;Santo Antônio do Rio Abaixo;2025;AJUSTE FUNDEB - AJUSTE FUNDEB VAAR;-5082,97;3160504;5209
MG;Santo Antônio do Rio Abaixo;2025;AJUSTE FUNDEB - FPE;-3,56;3160504;5209
MG;Santo Antônio do Rio Abaixo;2025;AJUSTE FUNDEB - FPM;-10,71;3160504;5209
MG;Santo Antônio do Rio Abaixo;2025;AJUSTE FUNDEB - ICME;-34,87;3160504;5209
MG;Santo Antônio do Rio Abaixo;2025;AJUSTE FUNDEB - IPIE;-0,31;3160504;5209
MG;Santo Antônio do Rio Abaixo;2025;AJUSTE FUNDEB - IPVA;-5,39;3160504;5209
MG;Santo Antônio do Rio Abaixo;2025;AJUSTE FUNDEB - ITCMD;-0,91;3160504;5209
MG;Santo Antônio do Rio Abaixo;2025;AJUSTE FUNDEB - ITR;-0,11;3160504;5209
MG;Santo Antônio do Rio Abaixo;2025;FUNDEB - COUN VAAR;75582,88;3160504;5209
MG;Santo Antônio do Rio Abaixo;2025;FUNDEB - FPE;79992,35;3160504;5209
MG;Santo Antônio do Rio Abaixo;2025;FUNDEB - FPM;246432,96;3160504;5209
MG;Santo Antônio do Rio Abaixo;2025;FUNDEB - ICMS;782310,58;3160504;5209
MG;Santo Antônio do Rio Abaixo;2025;FUNDEB - IPI-EXP;9946;3160504;5209
MG;Santo Antônio do Rio Abaixo;2025;FUNDEB - IPVA;113466,7;3160504;5209
MG;Santo Antônio do Rio Abaixo;2025;FUNDEB - ITCMD;19632,39;3160504;5209
MG;Santo Antônio do Rio Abaixo;2025;FUNDEB - ITR;2819,68;3160504;5209
MG;Santo Hipólito;2025;AJUSTE FUNDEB - FPE;-5,32;3160603;5211
MG;Santo Hipólito;2025;AJUSTE FUNDEB - FPM;-16,02;3160603;5211
MG;Santo Hipólito;2025;AJUSTE FUNDEB - ICME;-52,29;3160603;5211
MG;Santo Hipólito;2025;AJUSTE FUNDEB - IPIE;-0,51;3160603;5211
MG;Santo Hipólito;2025;AJUSTE FUNDEB - IPVA;-8,06;3160603;5211
MG;Santo Hipólito;2025;AJUSTE FUNDEB - ITCMD;-1,35;3160603;5211
MG;Santo Hipólito;2025;AJUSTE FUNDEB - ITR;-0,18;3160603;5211
MG;Santo Hipólito;2025;FUNDEB - FPE;94131,83;3160603;5211
MG;Santo Hipólito;2025;FUNDEB - FPM;289992,52;3160603;5211
MG;Santo Hipólito;2025;FUNDEB - ICMS;923096,65;3160603;5211
MG;Santo Hipólito;2025;FUNDEB - IPI-EXP;11704,1;3160603;5211
MG;Santo Hipólito;2025;FUNDEB - IPVA;133586,06;3160603;5211
MG;Santo Hipólito;2025;FUNDEB - ITCMD;23232,31;3160603;5211
MG;Santo Hipólito;2025;FUNDEB - ITR;3348,93;3160603;5211
MG;Santos Dumont;2025;AJUSTE FUNDEB - FPE;-71,01;3160702;5213
MG;Santos Dumont;2025;AJUSTE FUNDEB - FPM;-213,05;3160702;5213
MG;Santos Dumont;2025;AJUSTE FUNDEB - ICME;-693,28;3160702;5213
MG;Santos Dumont;2025;AJUSTE FUNDEB - IPIE;-6,63;3160702;5213
MG;Santos Dumont;2025;AJUSTE FUNDEB - IPVA;-106,67;3160702;5213
MG;Santos Dumont;2025;AJUSTE FUNDEB - ITCMD;-17,98;3160702;5213
MG;Santos Dumont;2025;AJUSTE FUNDEB - ITR;-2,36;3160702;5213
MG;Santos Dumont;2025;FUNDEB - FPE;1831635,62;3160702;5213
MG;Santos Dumont;2025;FUNDEB - FPM;5642731,06;3160702;5213
MG;Santos Dumont;2025;FUNDEB - FUNDEB - FTI;329441,6;3160702;5213
MG;Santos Dumont;2025;FUNDEB - ICMS;17867872,27;3160702;5213
MG;Santos Dumont;2025;FUNDEB - IPI-EXP;227740,57;3160702;5213
MG;Santos Dumont;2025;FUNDEB - IPVA;2598161,42;3160702;5213
MG;Santos Dumont;2025;FUNDEB - ITCMD;449623,68;3160702;5213
MG;Santos Dumont;2025;FUNDEB - ITR;64585,46;3160702;5213
MG;São Bento Abade;2025;AJUSTE FUNDEB - AJUSTE FUNDEB VAAT;24123,83;3160801;5215
MG;São Bento Abade;2025;AJUSTE FUNDEB - FPE;-13,26;3160801;5215
MG;São Bento Abade;2025;AJUSTE FUNDEB - FPM;-39,6;3160801;5215
MG;São Bento Abade;2025;AJUSTE FUNDEB - ICME;-129,05;3160801;5215
MG;São Bento Abade;2025;AJUSTE FUNDEB - IPIE;-1,28;3160801;5215
MG;São Bento Abade;2025;AJUSTE FUNDEB - IPVA;-19,81;3160801;5215
MG;São Bento Abade;2025;AJUSTE FUNDEB - ITCMD;-3,36;3160801;5215
MG;São Bento Abade;2025;AJUSTE FUNDEB - ITR;-0,45;3160801;5215
MG;São Bento Abade;2025;FUNDEB - COUN VAAT;316616,6;3160801;5215
MG;São Bento Abade;2025;FUNDEB - FPE;351549,71;3160801;5215
MG;São Bento Abade;2025;FUNDEB - FPM;1083021,28;3160801;5215
MG;São Bento Abade;2025;FUNDEB - ICMS;3426411,92;3160801;5215
MG;São Bento Abade;2025;FUNDEB - IPI-EXP;43710,75;3160801;5215
MG;São Bento Abade;2025;FUNDEB - IPVA;498662,13;3160801;5215
MG;São Bento Abade;2025;FUNDEB - ITCMD;86279,63;3160801;5215
MG;São Bento Abade;2025;FUNDEB - ITR;12391,84;3160801;5215
MG;São Brás do Suaçuí;2025;AJUSTE FUNDEB - AJUSTE FUNDEB VAAR;-4633,02;3160900;5217
MG;São Brás do Suaçuí;2025;AJUSTE FUNDEB - FPE;-14,83;3160900;5217
MG;São Brás do Suaçuí;2025;AJUSTE FUNDEB - FPM;-44,55;3160900;5217
MG;São Brás do Suaçuí;2025;AJUSTE FUNDEB - ICME;-144,97;3160900;5217
MG;São Brás do Suaçuí;2025;AJUSTE FUNDEB - IPIE;-1,43;3160900;5217
MG;São Brás do Suaçuí;2025;AJUSTE FUNDEB - IPVA;-22,21;3160900;5217
MG;São Brás do Suaçuí;2025;AJUSTE FUNDEB - ITCMD;-3,8;3160900;5217
MG;São Brás do Suaçuí;2025;AJUSTE FUNDEB - ITR;-0,48;3160900;5217
MG;São Brás do Suaçuí;2025;FUNDEB - COUN VAAR;15704,94;3160900;5217
MG;São Brás do Suaçuí;2025;FUNDEB - FPE;325896,15;3160900;5217
MG;São Brás do Suaçuí;2025;FUNDEB - FPM;1003990,16;3160900;5217
MG;São Brás do Suaçuí;2025;FUNDEB - FUNDEB - FTI;125008,91;3160900;5217
MG;São Brás do Suaçuí;2025;FUNDEB - ICMS;3181934,33;3160900;5217
MG;São Brás do Suaçuí;2025;FUNDEB - IPI-EXP;40521,03;3160900;5217
MG;São Brás do Suaçuí;2025;FUNDEB - IPVA;462291,36;3160900;5217
MG;São Brás do Suaçuí;2025;FUNDEB - ITCMD;80020,96;3160900;5217
MG;São Brás do Suaçuí;2025;FUNDEB - ITR;11496,5;3160900;5217
MG;São Domingos das Dores;2025;AJUSTE FUNDEB - FPE;-20,27;3160959;710
MG;São Domingos das Dores;2025;AJUSTE FUNDEB - FPM;-60,62;3160959;710
MG;São Domingos das Dores;2025;AJUSTE FUNDEB - ICME;-197,33;3160959;710
MG;São Domingos das Dores;2025;AJUSTE FUNDEB - IPIE;-1,9;3160959;710
MG;São Domingos das Dores;2025;AJUSTE FUNDEB - IPVA;-30,2;3160959;710
MG;São Domingos das Dores;2025;AJUSTE FUNDEB - ITCMD;-5,13;3160959;710
MG;São Domingos das Dores;2025;AJUSTE FUNDEB - ITR;-0,65;3160959;710
MG;São Domingos das Dores;2025;FUNDEB - FPE;452339,33;3160959;710
MG;São Domingos das Dores;2025;FUNDEB - FPM;1393524,38;3160959;710
MG;São Domingos das Dores;2025;FUNDEB - ICMS;4417267,35;3160959;710
MG;São Domingos das Dores;2025;FUNDEB - IPI-EXP;56242,65;3160959;710
MG;São Domingos das Dores;2025;FUNDEB - IPVA;641641,16;3160959;710
MG;São Domingos das Dores;2025;FUNDEB - ITCMD;111041,37;3160959;710
MG;São Domingos das Dores;2025;FUNDEB - ITR;15950,59;3160959;710
MG;São Domingos do Prata;2025;AJUSTE FUNDEB - FPE;-30,78;3161007;5219
MG;São Domingos do Prata;2025;AJUSTE FUNDEB - FPM;-92,44;3161007;5219
MG;São Domingos do Prata;2025;AJUSTE FUNDEB - ICME;-300,47;3161007;5219
MG;São Domingos do Prata;2025;AJUSTE FUNDEB - IPIE;-2,83;3161007;5219
MG;São Domingos do Prata;2025;AJUSTE FUNDEB - IPVA;-46,31;3161007;5219
MG;São Domingos do Prata;2025;AJUSTE FUNDEB - ITCMD;-7,79;3161007;5219
MG;São Domingos do Prata;2025;AJUSTE FUNDEB - ITR;-1,01;3161007;5219
MG;São Domingos do Prata;2025;FUNDEB - COUN VAAT;563887,46;3161007;5219
MG;São Domingos do Prata;2025;FUNDEB - FPE;795910,1;3161007;5219
MG;São Domingos do Prata;2025;FUNDEB - FPM;2451965,17;3161007;5219
MG;São Domingos do Prata;2025;FUNDEB - FUNDEB - FTI;213466,01;3161007;5219
MG;São Domingos do Prata;2025;FUNDEB - ICMS;7750763,44;3161007;5219
MG;São Domingos do Prata;2025;FUNDEB - IPI-EXP;98961,29;3161007;5219
MG;São Domingos do Prata;2025;FUNDEB - IPVA;1129006,64;3161007;5219
MG;São Domingos do Prata;2025;FUNDEB - ITCMD;195406,39;3161007;5219
MG;São Domingos do Prata;2025;FUNDEB - ITR;28071,56;3161007;5219
MG;São Félix de Minas;2025;AJUSTE FUNDEB - AJUSTE FUNDEB VAAR;-12646,92;3161056;712
MG;São Félix de Minas;2025;AJUSTE FUNDEB - FPE;-7,93;3161056;712
MG;São Félix de Minas;2025;AJUSTE FUNDEB - FPM;-23,94;3161056;712
MG;São Félix de Minas;2025;AJUSTE FUNDEB - ICME;-77,83;3161056;712
MG;São Félix de Minas;2025;AJUSTE FUNDEB - IPIE;-0,73;3161056;712
MG;São Félix de Minas;2025;AJUSTE FUNDEB - IPVA;-11,85;3161056;712
MG;São Félix de Minas;2025;AJUSTE FUNDEB - ITCMD;-2,04;3161056;712
MG;São Félix de Minas;2025;AJUSTE FUNDEB - ITR;-0,27;3161056;712
MG;São Félix de Minas;2025;FUNDEB - COUN VAAR;188171,73;3161056;712
MG;São Félix de Minas;2025;FUNDEB - FPE;197794,83;3161056;712
MG;São Félix de Minas;2025;FUNDEB - FPM;609347,71;3161056;712
MG;São Félix de Minas;2025;FUNDEB - FUNDEB - FTI;41551,46;3161056;712
MG;São Félix de Minas;2025;FUNDEB - ICMS;1933464,19;3161056;712
MG;São Félix de Minas;2025;FUNDEB - IPI-EXP;24593,27;3161056;712
MG;São Félix de Minas;2025;FUNDEB - IPVA;280605,6;3161056;712
MG;São Félix de Minas;2025;FUNDEB - ITCMD;48626,53;3161056;712
MG;São Félix de Minas;2025;FUNDEB - ITR;6991,71;3161056;712
MG;São Francisco;2025;AJUSTE FUNDEB - AJUSTE FUNDEB VAAT;190092,26;3161106;5221
MG;São Francisco;2025;AJUSTE FUNDEB - FPE;-106,63;3161106;5221
MG;São Francisco;2025;AJUSTE FUNDEB - FPM;-319,78;3161106;5221
MG;São Francisco;2025;AJUSTE FUNDEB - ICME;-1040,88;3161106;5221
MG;São Francisco;2025;AJUSTE FUNDEB - IPIE;-9,92;3161106;5221
MG;São Francisco;2025;AJUSTE FUNDEB - IPVA;-159,93;3161106;5221
MG;São Francisco;2025;AJUSTE FUNDEB - ITCMD;-26,97;3161106;5221
MG;São Francisco;2025;AJUSTE FUNDEB - ITR;-3,5;3161106;5221
MG;São Francisco;2025;FUNDEB - COUN VAAT;4490340,1;3161106;5221
MG;São Francisco;2025;FUNDEB - FPE;2726205,73;3161106;5221
MG;São Francisco;2025;FUNDEB - FPM;8398638,74;3161106;5221
MG;São Francisco;2025;FUNDEB - ICMS;26604472,62;3161106;5221
MG;São Francisco;2025;FUNDEB - IPI-EXP;338968,96;3161106;5221
MG;São Francisco;2025;FUNDEB - IPVA;3867152,24;3161106;5221
MG;São Francisco;2025;FUNDEB - ITCMD;669322,86;3161106;5221
MG;São Francisco;2025;FUNDEB - ITR;96153,47;3161106;5221
MG;São Francisco de Paula;2025;AJUSTE FUNDEB - AJUSTE FUNDEB VAAR;-1700,37;3161205;5223
MG;São Francisco de Paula;2025;AJUSTE FUNDEB - FPE;-14,02;3161205;5223
MG;São Francisco de Paula;2025;AJUSTE FUNDEB - FPM;-42,16;3161205;5223
MG;São Francisco de Paula;2025;AJUSTE FUNDEB - ICME;-137,3;3161205;5223
MG;São Francisco de Paula;2025;AJUSTE FUNDEB - IPIE;-1,28;3161205;5223
MG;São Francisco de Paula;2025;AJUSTE FUNDEB - IPVA;-21,1;3161205;5223
MG;São Francisco de Paula;2025;AJUSTE FUNDEB - ITCMD;-3,62;3161205;5223
MG;São Francisco de Paula;2025;AJUSTE FUNDEB - ITR;-0,46;3161205;5223
MG;São Francisco de Paula;2025;FUNDEB - COUN VAAR;10514,27;3161205;5223
MG;São Francisco de Paula;2025;FUNDEB - COUN VAAT;420658,36;3161205;5223
MG;São Francisco de Paula;2025;FUNDEB - FPE;380337,18;3161205;5223
MG;São Francisco de Paula;2025;FUNDEB - FPM;1171707,18;3161205;5223
MG;São Francisco de Paula;2025;FUNDEB - ICMS;3709517,53;3161205;5223
MG;São Francisco de Paula;2025;FUNDEB - IPI-EXP;47290,07;3161205;5223
MG;São Francisco de Paula;2025;FUNDEB - IPVA;539411,46;3161205;5223
MG;São Francisco de Paula;2025;FUNDEB - ITCMD;93169,74;3161205;5223
MG;São Francisco de Paula;2025;FUNDEB - ITR;13364,93;3161205;5223
MG;São Francisco de Sales;2025;AJUSTE FUNDEB - AJUSTE FUNDEB VAAR;-17404,35;3161304;5225
MG;São Francisco de Sales;2025;AJUSTE FUNDEB - FPE;-20,8;3161304;5225
MG;São Francisco de Sales;2025;AJUSTE FUNDEB - FPM;-62,45;3161304;5225
MG;São Francisco de Sales;2025;AJUSTE FUNDEB - ICME;-203,29;3161304;5225
MG;São Francisco de Sales;2025;AJUSTE FUNDEB - IPIE;-1,93;3161304;5225
MG;São Francisco de Sales;2025;AJUSTE FUNDEB - IPVA;-31,38;3161304;5225
MG;São Francisco de Sales;2025;AJUSTE FUNDEB - ITCMD;-5,25;3161304;5225
MG;São Francisco de Sales;2025;AJUSTE FUNDEB - ITR;-0,7;3161304;5225
MG;São Francisco de Sales;2025;FUNDEB - COUN VAAR;242170,98;3161304;5225
MG;São Francisco de Sales;2025;FUNDEB - FPE;487542,88;3161304;5225
MG;São Francisco de Sales;2025;FUNDEB - FPM;1501976,36;3161304;5225
MG;São Francisco de Sales;2025;FUNDEB - ICMS;4757032,92;3161304;5225
MG;São Francisco de Sales;2025;FUNDEB - IPI-EXP;60619,74;3161304;5225
MG;São Francisco de Sales;2025;FUNDEB - IPVA;691636,52;3161304;5225
MG;São Francisco de Sales;2025;FUNDEB - ITCMD;119805,48;3161304;5225
MG;São Francisco de Sales;2025;FUNDEB - ITR;17221,05;3161304;5225
MG;São Francisco do Glória;2025;AJUSTE FUNDEB - AJUSTE FUNDEB VAAR;-15264,65;3161403;5227
MG;São Francisco do Glória;2025;AJUSTE FUNDEB - FPE;-10,24;3161403;5227
MG;São Francisco do Glória;2025;AJUSTE FUNDEB - FPM;-30,66;3161403;5227
MG;São Francisco do Glória;2025;AJUSTE FUNDEB - ICME;-99,94;3161403;5227
MG;São Francisco do Glória;2025;AJUSTE FUNDEB - IPIE;-0,96;3161403;5227
MG;São Francisco do Glória;2025;AJUSTE FUNDEB - IPVA;-15,23;3161403;5227
MG;São Francisco do Glória;2025;AJUSTE FUNDEB - ITCMD;-2,52;3161403;5227
MG;São Francisco do Glória;2025;AJUSTE FUNDEB - ITR;-0,34;3161403;5227
MG;São Francisco do Glória;2025;FUNDEB - COUN VAAR;227101,47;3161403;5227
MG;São Francisco do Glória;2025;FUNDEB - FPE;262046,57;3161403;5227
MG;São Francisco do Glória;2025;FUNDEB - FPM;807288,38;3161403;5227
MG;São Francisco do Glória;2025;FUNDEB - FUNDEB - FTI;145470,11;3161403;5227
MG;São Francisco do Glória;2025;FUNDEB - ICMS;2556092,09;3161403;5227
MG;São Francisco do Glória;2025;FUNDEB - IPI-EXP;32582,15;3161403;5227
MG;São Francisco do Glória;2025;FUNDEB - IPVA;371693,53;3161403;5227
MG;São Francisco do Glória;2025;FUNDEB - ITCMD;64290,14;3161403;5227
MG;São Francisco do Glória;2025;FUNDEB - ITR;9231,42;3161403;5227
MG;São Geraldo;2025;AJUSTE FUNDEB - AJUSTE FUNDEB VAAR;-7238,11;3161502;5229
MG;São Geraldo;2025;AJUSTE FUNDEB - FPE;-16,47;3161502;5229
MG;São Geraldo;2025;AJUSTE FUNDEB - FPM;-49,27;3161502;5229
MG;São Geraldo;2025;AJUSTE FUNDEB - ICME;-160,56;3161502;5229
MG;São Geraldo;2025;AJUSTE FUNDEB - IPIE;-1,5;3161502;5229
MG;São Geraldo;2025;AJUSTE FUNDEB - IPVA;-24,66;3161502;5229
MG;São Geraldo;2025;AJUSTE FUNDEB - ITCMD;-4,18;3161502;5229
MG;São Geraldo;2025;AJUSTE FUNDEB - ITR;-0,49;3161502;5229
MG;São Geraldo;2025;FUNDEB - COUN VAAR;30490,36;3161502;5229
MG;São Geraldo;2025;FUNDEB - FPE;415897,8;3161502;5229
MG;São Geraldo;2025;FUNDEB - FPM;1281258,89;3161502;5229
MG;São Geraldo;2025;FUNDEB - ICMS;4052136,53;3161502;5229
MG;São Geraldo;2025;FUNDEB - IPI-EXP;51711,57;3161502;5229
MG;São Geraldo;2025;FUNDEB - IPVA;589966,54;3161502;5229
MG;São Geraldo;2025;FUNDEB - ITCMD;102131,73;3161502;5229
MG;São Geraldo;2025;FUNDEB - ITR;14674,15;3161502;5229
MG;São Geraldo da Piedade;2025;AJUSTE FUNDEB - AJUSTE FUNDEB VAAR;-10408,66;3161601;5231
MG;São Geraldo da Piedade;2025;AJUSTE FUNDEB - FPE;-7,09;3161601;5231
MG;São Geraldo da Piedade;2025;AJUSTE FUNDEB - FPM;-21,4;3161601;5231
MG;São Geraldo da Piedade;2025;AJUSTE FUNDEB - ICME;-69,68;3161601;5231
MG;São Geraldo da Piedade;2025;AJUSTE FUNDEB - IPIE;-0,63;3161601;5231
MG;São Geraldo da Piedade;2025;AJUSTE FUNDEB - IPVA;-10,65;3161601;5231
MG;São Geraldo da Piedade;2025;AJUSTE FUNDEB - ITCMD;-1,81;3161601;5231
MG;São Geraldo da Piedade;2025;AJUSTE FUNDEB - ITR;-0,25;3161601;5231
MG;São Geraldo da Piedade;2025;FUNDEB - COUN VAAR;146096,91;3161601;5231
MG;São Geraldo da Piedade;2025;FUNDEB - FPE;179305,33;3161601;5231
MG;São Geraldo da Piedade;2025;FUNDEB - FPM;552387,13;3161601;5231
MG;São Geraldo da Piedade;2025;FUNDEB - FUNDEB - FTI;2226,34;3161601;5231
MG;São Geraldo da Piedade;2025;FUNDEB - ICMS;1756063,98;3161601;5231
MG;São Geraldo da Piedade;2025;FUNDEB - IPI-EXP;22294,36;3161601;5231
MG;São Geraldo da Piedade;2025;FUNDEB - IPVA;254358,78;3161601;5231
MG;São Geraldo da Piedade;2025;FUNDEB - ITCMD;44047,32;3161601;5231
MG;São Geraldo da Piedade;2025;FUNDEB - ITR;6330,12;3161601;5231
MG;São Geraldo do Baixio;2025;AJUSTE FUNDEB - FPE;-6,45;3161650;714
MG;São Geraldo do Baixio;2025;AJUSTE FUNDEB - FPM;-19,28;3161650;714
MG;São Geraldo do Baixio;2025;AJUSTE FUNDEB - ICME;-62,74;3161650;714
MG;São Geraldo do Baixio;2025;AJUSTE FUNDEB - IPIE;-0,58;3161650;714
MG;São Geraldo do Baixio;2025;AJUSTE FUNDEB - IPVA;-9,75;3161650;714
MG;São Geraldo do Baixio;2025;AJUSTE FUNDEB - ITCMD;-1,64;3161650;714
MG;São Geraldo do Baixio;2025;AJUSTE FUNDEB - ITR;-0,21;3161650;714
MG;São Geraldo do Baixio;2025;FUNDEB - FPE;188511,98;3161650;714
MG;São Geraldo do Baixio;2025;FUNDEB - FPM;580750;3161650;714
MG;São Geraldo do Baixio;2025;FUNDEB - FUNDEB - FTI;33944,43;3161650;714
MG;São Geraldo do Baixio;2025;FUNDEB - ICMS;1837982;3161650;714
MG;São Geraldo do Baixio;2025;FUNDEB - IPI-EXP;23439,07;3161650;714
MG;São Geraldo do Baixio;2025;FUNDEB - IPVA;267365,47;3161650;714
MG;São Geraldo do Baixio;2025;FUNDEB - ITCMD;46198,14;3161650;714
MG;São Geraldo do Baixio;2025;FUNDEB - ITR;6628,77;3161650;714
MG;São Gonçalo do Abaeté;2025;AJUSTE FUNDEB - AJUSTE FUNDEB VAAR;-15665,3;3161700;5233
MG;São Gonçalo do Abaeté;2025;AJUSTE FUNDEB - FPE;-15,62;3161700;5233
MG;São Gonçalo do Abaeté;2025;AJUSTE FUNDEB - FPM;-46,68;3161700;5233
MG;São Gonçalo do Abaeté;2025;AJUSTE FUNDEB - ICME;-151,84;3161700;5233
MG;São Gonçalo do Abaeté;2025;AJUSTE FUNDEB - IPIE;-1,47;3161700;5233
MG;São Gonçalo do Abaeté;2025;AJUSTE FUNDEB - IPVA;-23,27;3161700;5233
MG;São Gonçalo do Abaeté;2025;AJUSTE FUNDEB - ITCMD;-3,93;3161700;5233
MG;São Gonçalo do Abaeté;2025;AJUSTE FUNDEB - ITR;-0,49;3161700;5233
MG;São Gonçalo do Abaeté;2025;FUNDEB - COUN VAAR;224057,79;3161700;5233
MG;São Gonçalo do Abaeté;2025;FUNDEB - FPE;439302,1;3161700;5233
MG;São Gonçalo do Abaeté;2025;FUNDEB - FPM;1353360,64;3161700;5233
MG;São Gonçalo do Abaeté;2025;FUNDEB - FUNDEB - FTI;68026,18;3161700;5233
MG;São Gonçalo do Abaeté;2025;FUNDEB - ICMS;4284611,63;3161700;5233
MG;São Gonçalo do Abaeté;2025;FUNDEB - IPI-EXP;54621,62;3161700;5233
MG;São Gonçalo do Abaeté;2025;FUNDEB - IPVA;623038,51;3161700;5233
MG;São Gonçalo do Abaeté;2025;FUNDEB - ITCMD;107615,21;3161700;5233
MG;São Gonçalo do Abaeté;2025;FUNDEB - ITR;15437,17;3161700;5233
MG;São Gonçalo do Pará;2025;AJUSTE FUNDEB - FPE;-24,3;3161809;5235
MG;São Gonçalo do Pará;2025;AJUSTE FUNDEB - FPM;-72,82;3161809;5235
MG;São Gonçalo do Pará;2025;AJUSTE FUNDEB - ICME;-236,85;3161809;5235
MG;São Gonçalo do Pará;2025;AJUSTE FUNDEB - IPIE;-2,25;3161809;5235
MG;São Gonçalo do Pará;2025;AJUSTE FUNDEB - IPVA;-36,38;3161809;5235
MG;São Gonçalo do Pará;2025;AJUSTE FUNDEB - ITCMD;-6,12;3161809;5235
MG;São Gonçalo do Pará;2025;AJUSTE FUNDEB - ITR;-0,81;3161809;5235
MG;São Gonçalo do Pará;2025;FUNDEB - COUN VAAT;876106,08;3161809;5235
MG;São Gonçalo do Pará;2025;FUNDEB - FPE;664510,63;3161809;5235
MG;São Gonçalo do Pará;2025;FUNDEB - FPM;2047161,91;3161809;5235
MG;São Gonçalo do Pará;2025;FUNDEB - FUNDEB - FTI;203054,46;3161809;5235
MG;São Gonçalo do Pará;2025;FUNDEB - ICMS;6477093,91;3161809;5235
MG;São Gonçalo do Pará;2025;FUNDEB - IPI-EXP;82623,43;3161809;5235
MG;São Gonçalo do Pará;2025;FUNDEB - IPVA;942535,04;3161809;5235
MG;São Gonçalo do Pará;2025;FUNDEB - ITCMD;162980,86;3161809;5235
MG;São Gonçalo do Pará;2025;FUNDEB - ITR;23397,83;3161809;5235
MG;São Gonçalo do Rio Abaixo;2025;AJUSTE FUNDEB - AJUSTE FUNDEB VAAR;-80258,38;3161908;5237
MG;São Gonçalo do Rio Abaixo;2025;AJUSTE FUNDEB - FPE;-48,02;3161908;5237
MG;São Gonçalo do Rio Abaixo;2025;AJUSTE FUNDEB - FPM;-143,98;3161908;5237
MG;São Gonçalo do Rio Abaixo;2025;AJUSTE FUNDEB - ICME;-468,64;3161908;5237
MG;São Gonçalo do Rio Abaixo;2025;AJUSTE FUNDEB - IPIE;-4,49;3161908;5237
MG;São Gonçalo do Rio Abaixo;2025;AJUSTE FUNDEB - IPVA;-71,9;3161908;5237
MG;São Gonçalo do Rio Abaixo;2025;AJUSTE FUNDEB - ITCMD;-12,12;3161908;5237
MG;São Gonçalo do Rio Abaixo;2025;AJUSTE FUNDEB - ITR;-1,58;3161908;5237
MG;São Gonçalo do Rio Abaixo;2025;FUNDEB - COUN VAAR;1188291,65;3161908;5237
MG;São Gonçalo do Rio Abaixo;2025;FUNDEB - FPE;1428010,44;3161908;5237
MG;São Gonçalo do Rio Abaixo;2025;FUNDEB - FPM;4399280,45;3161908;5237
MG;São Gonçalo do Rio Abaixo;2025;FUNDEB - FUNDEB - FTI;43177,11;3161908;5237
MG;São Gonçalo do Rio Abaixo;2025;FUNDEB - ICMS;13903994,22;3161908;5237
MG;São Gonçalo do Rio Abaixo;2025;FUNDEB - IPI-EXP;177554,88;3161908;5237
MG;São Gonçalo do Rio Abaixo;2025;FUNDEB - IPVA;2025228,63;3161908;5237
MG;São Gonçalo do Rio Abaixo;2025;FUNDEB - ITCMD;349731,2;3161908;5237
MG;São Gonçalo do Rio Abaixo;2025;FUNDEB - ITR;50160,06;3161908;5237
MG;São Gonçalo do Rio Preto;2025;AJUSTE FUNDEB - AJUSTE FUNDEB VAAR;-6283,88;3125507;4509
MG;São Gonçalo do Rio Preto;2025;AJUSTE FUNDEB - FPE;-6,86;3125507;4509
MG;São Gonçalo do Rio Preto;2025;AJUSTE FUNDEB - FPM;-20,65;3125507;4509
MG;São Gonçalo do Rio Preto;2025;AJUSTE FUNDEB - ICME;-67,19;3125507;4509
MG;São Gonçalo do Rio Preto;2025;AJUSTE FUNDEB - IPIE;-0,64;3125507;4509
MG;São Gonçalo do Rio Preto;2025;AJUSTE FUNDEB - IPVA;-10,25;3125507;4509
MG;São Gonçalo do Rio Preto;2025;AJUSTE FUNDEB - ITCMD;-1,76;3125507;4509
MG;São Gonçalo do Rio Preto;2025;AJUSTE FUNDEB - ITR;-0,26;3125507;4509
MG;São Gonçalo do Rio Preto;2025;FUNDEB - COUN VAAR;74094,11;3125507;4509
MG;São Gonçalo do Rio Preto;2025;FUNDEB - FPE;145326,1;3125507;4509
MG;São Gonçalo do Rio Preto;2025;FUNDEB - FPM;447707,1;3125507;4509
MG;São Gonçalo do Rio Preto;2025;FUNDEB - FUNDEB - FTI;95211,73;3125507;4509
MG;São Gonçalo do Rio Preto;2025;FUNDEB - ICMS;1421536,01;3125507;4509
MG;São Gonçalo do Rio Preto;2025;FUNDEB - IPI-EXP;18069,44;3125507;4509
MG;São Gonçalo do Rio Preto;2025;FUNDEB - IPVA;206172,48;3125507;4509
MG;São Gonçalo do Rio Preto;2025;FUNDEB - ITCMD;35732,89;3125507;4509
MG;São Gonçalo do Rio Preto;2025;FUNDEB - ITR;5138,33;3125507;4509
MG;São Gonçalo do Sapucaí;2025;AJUSTE FUNDEB - AJUSTE FUNDEB VAAR;-6533,24;3162005;5239
MG;São Gonçalo do Sapucaí;2025;AJUSTE FUNDEB - AJUSTE FUNDEB VAAT;-32348,48;3162005;5239
MG;São Gonçalo do Sapucaí;2025;AJUSTE FUNDEB - FPE;-52,89;3162005;5239
MG;São Gonçalo do Sapucaí;2025;AJUSTE FUNDEB - FPM;-158,47;3162005;5239
MG;São Gonçalo do Sapucaí;2025;AJUSTE FUNDEB - ICME;-515,85;3162005;5239
MG;São Gonçalo do Sapucaí;2025;AJUSTE FUNDEB - IPIE;-4,95;3162005;5239
MG;São Gonçalo do Sapucaí;2025;AJUSTE FUNDEB - IPVA;-79,22;3162005;5239
MG;São Gonçalo do Sapucaí;2025;AJUSTE FUNDEB - ITCMD;-13,31;3162005;5239
MG;São Gonçalo do Sapucaí;2025;AJUSTE FUNDEB - ITR;-1,72;3162005;5239
MG;São Gonçalo do Sapucaí;2025;FUNDEB - COUN VAAR;99630,67;3162005;5239
MG;São Gonçalo do Sapucaí;2025;FUNDEB - COUN VAAT;32348,48;3162005;5239
MG;São Gonçalo do Sapucaí;2025;FUNDEB - FPE;1310743,69;3162005;5239
MG;São Gonçalo do Sapucaí;2025;FUNDEB - FPM;4038016,17;3162005;5239
MG;São Gonçalo do Sapucaí;2025;FUNDEB - FUNDEB - FTI;407240,36;3162005;5239
MG;São Gonçalo do Sapucaí;2025;FUNDEB - ICMS;12782317;3162005;5239
MG;São Gonçalo do Sapucaí;2025;FUNDEB - IPI-EXP;162974,29;3162005;5239
MG;São Gonçalo do Sapucaí;2025;FUNDEB - IPVA;1859338,79;3162005;5239
MG;São Gonçalo do Sapucaí;2025;FUNDEB - ITCMD;321878,37;3162005;5239
MG;São Gonçalo do Sapucaí;2025;FUNDEB - ITR;46247,12;3162005;5239
MG;São Gotardo;2025;AJUSTE FUNDEB - AJUSTE FUNDEB VAAT;152272,59;3162104;5241
MG;São Gotardo;2025;AJUSTE FUNDEB - FPE;-85,61;3162104;5241
MG;São Gotardo;2025;AJUSTE FUNDEB - FPM;-256,6;3162104;5241
MG;São Gotardo;2025;AJUSTE FUNDEB - ICME;-835,17;3162104;5241
MG;São Gotardo;2025;AJUSTE FUNDEB - IPIE;-7,98;3162104;5241
MG;São Gotardo;2025;AJUSTE FUNDEB - IPVA;-128,42;3162104;5241
MG;São Gotardo;2025;AJUSTE FUNDEB - ITCMD;-21,68;3162104;5241
MG;São Gotardo;2025;AJUSTE FUNDEB - ITR;-2,82;3162104;5241
MG;São Gotardo;2025;FUNDEB - COUN VAAT;2375465,15;3162104;5241
MG;São Gotardo;2025;FUNDEB - FPE;2285142,51;3162104;5241
MG;São Gotardo;2025;FUNDEB - FPM;7039852,59;3162104;5241
MG;São Gotardo;2025;FUNDEB - FUNDEB - FTI;667806,95;3162104;5241
MG;São Gotardo;2025;FUNDEB - ICMS;22238274,3;3162104;5241
MG;São Gotardo;2025;FUNDEB - IPI-EXP;284128,38;3162104;5241
MG;São Gotardo;2025;FUNDEB - IPVA;3241280,04;3162104;5241
MG;São Gotardo;2025;FUNDEB - ITCMD;560582,73;3162104;5241
MG;São Gotardo;2025;FUNDEB - ITR;80489,47;3162104;5241
MG;São João Batista do Glória;2025;AJUSTE FUNDEB - AJUSTE FUNDEB VAAR;-22854,22;3162203;5243
MG;São João Batista do Glória;2025;AJUSTE FUNDEB - FPE;-15,45;3162203;5243
MG;São João Batista do Glória;2025;AJUSTE FUNDEB - FPM;-46,31;3162203;5243
MG;São João Batista do Glória;2025;AJUSTE FUNDEB - ICME;-150,67;3162203;5243
MG;São João Batista do Glória;2025;AJUSTE FUNDEB - IPIE;-1,48;3162203;5243
MG;São João Batista do Glória;2025;AJUSTE FUNDEB - IPVA;-23,25;3162203;5243
MG;São João Batista do Glória;2025;AJUSTE FUNDEB - ITCMD;-3,88;3162203;5243
MG;São João Batista do Glória;2025;AJUSTE FUNDEB - ITR;-0,5;3162203;5243
MG;São João Batista do Glória;2025;FUNDEB - COUN VAAR;338306,76;3162203;5243
MG;São João Batista do Glória;2025;FUNDEB - FPE;362165,77;3162203;5243
MG;São João Batista do Glória;2025;FUNDEB - FPM;1115726,25;3162203;5243
MG;São João Batista do Glória;2025;FUNDEB - FUNDEB - FTI;80526,88;3162203;5243
MG;São João Batista do Glória;2025;FUNDEB - ICMS;3533687,66;3162203;5243
MG;São João Batista do Glória;2025;FUNDEB - IPI-EXP;45030,73;3162203;5243
MG;São João Batista do Glória;2025;FUNDEB - IPVA;513745;3162203;5243
MG;São João Batista do Glória;2025;FUNDEB - ITCMD;88935,28;3162203;5243
MG;São João Batista do Glória;2025;FUNDEB - ITR;12777,98;3162203;5243
MG;São João da Lagoa;2025;AJUSTE FUNDEB - AJUSTE FUNDEB VAAR;-2284,59;3162252;716
MG;São João da Lagoa;2025;AJUSTE FUNDEB - FPE;-10,91;3162252;716
MG;São João da Lagoa;2025;AJUSTE FUNDEB - FPM;-32,7;3162252;716
MG;São João da Lagoa;2025;AJUSTE FUNDEB - ICME;-106,37;3162252;716
MG;São João da Lagoa;2025;AJUSTE FUNDEB - IPIE;-0,97;3162252;716
MG;São João da Lagoa;2025;AJUSTE FUNDEB - IPVA;-16,3;3162252;716
MG;São João da Lagoa;2025;AJUSTE FUNDEB - ITCMD;-2,8;3162252;716
MG;São João da Lagoa;2025;AJUSTE FUNDEB - ITR;-0,35;3162252;716
MG;São João da Lagoa;2025;FUNDEB - COUN VAAR;23904,23;3162252;716
MG;São João da Lagoa;2025;FUNDEB - COUN VAAT;72657,33;3162252;716
MG;São João da Lagoa;2025;FUNDEB - FPE;293872,74;3162252;716
MG;São João da Lagoa;2025;FUNDEB - FPM;905335,56;3162252;716
MG;São João da Lagoa;2025;FUNDEB - FUNDEB - FTI;82381,32;3162252;716
MG;São João da Lagoa;2025;FUNDEB - ICMS;2867495,9;3162252;716
MG;São João da Lagoa;2025;FUNDEB - IPI-EXP;36539,31;3162252;716
MG;São João da Lagoa;2025;FUNDEB - IPVA;416879,47;3162252;716
MG;São João da Lagoa;2025;FUNDEB - ITCMD;72186,81;3162252;716
MG;São João da Lagoa;2025;FUNDEB - ITR;10373,67;3162252;716
MG;São João da Mata;2025;AJUSTE FUNDEB - FPE;-6,47;3162302;5245
MG;São João da Mata;2025;AJUSTE FUNDEB - FPM;-19,49;3162302;5245
MG;São João da Mata;2025;AJUSTE FUNDEB - ICME;-63,14;3162302;5245
MG;São João da Mata;2025;AJUSTE FUNDEB - IPIE;-0,61;3162302;5245
MG;São João da Mata;2025;AJUSTE FUNDEB - IPVA;-9,48;3162302;5245
MG;São João da Mata;2025;AJUSTE FUNDEB - ITCMD;-1,6;3162302;5245
MG;São João da Mata;2025;AJUSTE FUNDEB - ITR;-0,19;3162302;5245
MG;São João da Mata;2025;FUNDEB - FPE;155878,09;3162302;5245
MG;São João da Mata;2025;FUNDEB - FPM;480214,55;3162302;5245
MG;São João da Mata;2025;FUNDEB - ICMS;1519061,14;3162302;5245
MG;São João da Mata;2025;FUNDEB - IPI-EXP;19381,47;3162302;5245
MG;São João da Mata;2025;FUNDEB - IPVA;221113,29;3162302;5245
MG;São João da Mata;2025;FUNDEB - ITCMD;38267,19;3162302;5245
MG;São João da Mata;2025;FUNDEB - ITR;5497,12;3162302;5245
MG;São João da Ponte;2025;AJUSTE FUNDEB - AJUSTE FUNDEB VAAT;127326,04;3162401;5247
MG;São João da Ponte;2025;AJUSTE FUNDEB - FPE;-55,5;3162401;5247
MG;São João da Ponte;2025;AJUSTE FUNDEB - FPM;-166,25;3162401;5247
MG;São João da Ponte;2025;AJUSTE FUNDEB - ICME;-541,09;3162401;5247
MG;São João da Ponte;2025;AJUSTE FUNDEB - IPIE;-5,15;3162401;5247
MG;São João da Ponte;2025;AJUSTE FUNDEB - IPVA;-83,1;3162401;5247
MG;São João da Ponte;2025;AJUSTE FUNDEB - ITCMD;-14,05;3162401;5247
MG;São João da Ponte;2025;AJUSTE FUNDEB - ITR;-1,83;3162401;5247
MG;São João da Ponte;2025;FUNDEB - COUN VAAT;12983836,83;3162401;5247
MG;São João da Ponte;2025;FUNDEB - FPE;2034196,26;3162401;5247
MG;São João da Ponte;2025;FUNDEB - FPM;6266760,85;3162401;5247
MG;São João da Ponte;2025;FUNDEB - FUNDEB - FTI;368142,49;3162401;5247
MG;São João da Ponte;2025;FUNDEB - ICMS;19820690,72;3162401;5247
MG;São João da Ponte;2025;FUNDEB - IPI-EXP;252926,4;3162401;5247
MG;São João da Ponte;2025;FUNDEB - IPVA;2885282,28;3162401;5247
MG;São João da Ponte;2025;FUNDEB - ITCMD;498914,44;3162401;5247
MG;São João da Ponte;2025;FUNDEB - ITR;71624,93;3162401;5247
MG;São João das Missões;2025;AJUSTE FUNDEB - FPE;-23,06;3162450;718
MG;São João das Missões;2025;AJUSTE FUNDEB - FPM;-69,21;3162450;718
MG;São João das Missões;2025;AJUSTE FUNDEB - ICME;-225,29;3162450;718
MG;São João das Missões;2025;AJUSTE FUNDEB - IPIE;-2,16;3162450;718
MG;São João das Missões;2025;AJUSTE FUNDEB - IPVA;-34,54;3162450;718
MG;São João das Missões;2025;AJUSTE FUNDEB - ITCMD;-5,85;3162450;718
MG;São João das Missões;2025;AJUSTE FUNDEB - ITR;-0,74;3162450;718
MG;São João das Missões;2025;FUNDEB - FPE;545773,77;3162450;718
MG;São João das Missões;2025;FUNDEB - FPM;1681368,6;3162450;718
MG;São João das Missões;2025;FUNDEB - FUNDEB - FTI;172258,62;3162450;718
MG;São João das Missões;2025;FUNDEB - ICMS;5332535,5;3162450;718
MG;São João das Missões;2025;FUNDEB - IPI-EXP;67860,02;3162450;718
MG;São João das Missões;2025;FUNDEB - IPVA;774282,85;3162450;718
MG;São João das Missões;2025;FUNDEB - ITCMD;134195,31;3162450;718
MG;São João das Missões;2025;FUNDEB - ITR;19297,05;3162450;718
MG;São João Del Rei;2025;AJUSTE FUNDEB - FPE;-87,35;3162500;5249
MG;São João Del Rei;2025;AJUSTE FUNDEB - FPM;-262,09;3162500;5249
MG;São João Del Rei;2025;AJUSTE FUNDEB - ICME;-852,99;3162500;5249
MG;São João Del Rei;2025;AJUSTE FUNDEB - IPIE;-8,11;3162500;5249
MG;São João Del Rei;2025;AJUSTE FUNDEB - IPVA;-131,18;3162500;5249
MG;São João Del Rei;2025;AJUSTE FUNDEB - ITCMD;-22,16;3162500;5249
MG;São João Del Rei;2025;AJUSTE FUNDEB - ITR;-2,87;3162500;5249
MG;São João Del Rei;2025;FUNDEB - FPE;2342304,96;3162500;5249
MG;São João Del Rei;2025;FUNDEB - FPM;7215953,36;3162500;5249
MG;São João Del Rei;2025;FUNDEB - FUNDEB - FTI;432048,74;3162500;5249
MG;São João Del Rei;2025;FUNDEB - ICMS;22843627,65;3162500;5249
MG;São João Del Rei;2025;FUNDEB - IPI-EXP;291235,77;3162500;5249
MG;São João Del Rei;2025;FUNDEB - IPVA;3322534,58;3162500;5249
MG;São João Del Rei;2025;FUNDEB - ITCMD;574965,69;3162500;5249
MG;São João Del Rei;2025;FUNDEB - ITR;82588,51;3162500;5249
MG;São João do Manhuaçu;2025;AJUSTE FUNDEB - AJUSTE FUNDEB VAAR;-12878,77;3162559;2677
MG;São João do Manhuaçu;2025;AJUSTE FUNDEB - AJUSTE FUNDEB VAAT;69222,17;3162559;2677
MG;São João do Manhuaçu;2025;AJUSTE FUNDEB - FPE;-39,13;3162559;2677
MG;São João do Manhuaçu;2025;AJUSTE FUNDEB - FPM;-117,3;3162559;2677
MG;São João do Manhuaçu;2025;AJUSTE FUNDEB - ICME;-381,72;3162559;2677
MG;São João do Manhuaçu;2025;AJUSTE FUNDEB - IPIE;-3,65;3162559;2677
MG;São João do Manhuaçu;2025;AJUSTE FUNDEB - IPVA;-58,77;3162559;2677
MG;São João do Manhuaçu;2025;AJUSTE FUNDEB - ITCMD;-9,91;3162559;2677
MG;São João do Manhuaçu;2025;AJUSTE FUNDEB - ITR;-1,22;3162559;2677
MG;São João do Manhuaçu;2025;FUNDEB - COUN VAAR;43766,48;3162559;2677
MG;São João do Manhuaçu;2025;FUNDEB - COUN VAAT;2992845,4;3162559;2677
MG;São João do Manhuaçu;2025;FUNDEB - FPE;1035480,45;3162559;2677
MG;São João do Manhuaçu;2025;FUNDEB - FPM;3190010,94;3162559;2677
MG;São João do Manhuaçu;2025;FUNDEB - FUNDEB - FTI;328146,52;3162559;2677
MG;São João do Manhuaçu;2025;FUNDEB - ICMS;10080905,77;3162559;2677
MG;São João do Manhuaçu;2025;FUNDEB - IPI-EXP;128748,81;3162559;2677
MG;São João do Manhuaçu;2025;FUNDEB - IPVA;1468776,01;3162559;2677
MG;São João do Manhuaçu;2025;FUNDEB - ITCMD;254092,92;3162559;2677
MG;São João do Manhuaçu;2025;FUNDEB - ITR;36489,97;3162559;2677
MG;São João do Manteninha;2025;AJUSTE FUNDEB - AJUSTE FUNDEB VAAR;-5050,12;3162575;2679
MG;São João do Manteninha;2025;AJUSTE FUNDEB - FPE;-11,25;3162575;2679
MG;São João do Manteninha;2025;AJUSTE FUNDEB - FPM;-33,77;3162575;2679
MG;São João do Manteninha;2025;AJUSTE FUNDEB - ICME;-109,83;3162575;2679
MG;São João do Manteninha;2025;AJUSTE FUNDEB - IPIE;-1,05;3162575;2679
MG;São João do Manteninha;2025;AJUSTE FUNDEB - IPVA;-17,02;3162575;2679
MG;São João do Manteninha;2025;AJUSTE FUNDEB - ITCMD;-2,86;3162575;2679
MG;São João do Manteninha;2025;AJUSTE FUNDEB - ITR;-0,36;3162575;2679
MG;São João do Manteninha;2025;FUNDEB - COUN VAAR;17164,87;3162575;2679
MG;São João do Manteninha;2025;FUNDEB - FPE;284641,13;3162575;2679
MG;São João do Manteninha;2025;FUNDEB - FPM;876895,7;3162575;2679
MG;São João do Manteninha;2025;FUNDEB - ICMS;2777474,44;3162575;2679
MG;São João do Manteninha;2025;FUNDEB - IPI-EXP;35391,49;3162575;2679
MG;São João do Manteninha;2025;FUNDEB - IPVA;403740,43;3162575;2679
MG;São João do Manteninha;2025;FUNDEB - ITCMD;69829,67;3162575;2679
MG;São João do Manteninha;2025;FUNDEB - ITR;10026,49;3162575;2679
MG;São João do Oriente;2025;AJUSTE FUNDEB - AJUSTE FUNDEB VAAR;-11720,04;3162609;5251
MG;São João do Oriente;2025;AJUSTE FUNDEB - AJUSTE FUNDEB VAAT;27400,37;3162609;5251
MG;São João do Oriente;2025;AJUSTE FUNDEB - FPE;-15,65;3162609;5251
MG;São João do Oriente;2025;AJUSTE FUNDEB - FPM;-46,93;3162609;5251
MG;São João do Oriente;2025;AJUSTE FUNDEB - ICME;-152,63;3162609;5251
MG;São João do Oriente;2025;AJUSTE FUNDEB - IPIE;-1,48;3162609;5251
MG;São João do Oriente;2025;AJUSTE FUNDEB - IPVA;-23,39;3162609;5251
MG;São João do Oriente;2025;AJUSTE FUNDEB - ITCMD;-3,89;3162609;5251
MG;São João do Oriente;2025;AJUSTE FUNDEB - ITR;-0,53;3162609;5251
MG;São João do Oriente;2025;FUNDEB - COUN VAAR;162042,59;3162609;5251
MG;São João do Oriente;2025;FUNDEB - COUN VAAT;414230,97;3162609;5251
MG;São João do Oriente;2025;FUNDEB - FPE;379450,75;3162609;5251
MG;São João do Oriente;2025;FUNDEB - FPM;1168976,32;3162609;5251
MG;São João do Oriente;2025;FUNDEB - FUNDEB - FTI;172708,7;3162609;5251
MG;São João do Oriente;2025;FUNDEB - ICMS;3693605,72;3162609;5251
MG;São João do Oriente;2025;FUNDEB - IPI-EXP;47179,88;3162609;5251
MG;São João do Oriente;2025;FUNDEB - IPVA;538252,78;3162609;5251
MG;São João do Oriente;2025;FUNDEB - ITCMD;93156,03;3162609;5251
MG;São João do Oriente;2025;FUNDEB - ITR;13382,13;3162609;5251
MG;São João do Pacuí;2025;AJUSTE FUNDEB - FPE;-8,88;3162658;720
MG;São João do Pacuí;2025;AJUSTE FUNDEB - FPM;-26,68;3162658;720
MG;São João do Pacuí;2025;AJUSTE FUNDEB - ICME;-86,55;3162658;720
MG;São João do Pacuí;2025;AJUSTE FUNDEB - IPIE;-0,82;3162658;720
MG;São João do Pacuí;2025;AJUSTE FUNDEB - IPVA;-13,24;3162658;720
MG;São João do Pacuí;2025;AJUSTE FUNDEB - ITCMD;-2,29;3162658;720
MG;São João do Pacuí;2025;AJUSTE FUNDEB - ITR;-0,33;3162658;720
MG;São João do Pacuí;2025;FUNDEB - FPE;184840,12;3162658;720
MG;São João do Pacuí;2025;FUNDEB - FPM;569438,11;3162658;720
MG;São João do Pacuí;2025;FUNDEB - ICMS;1808194,97;3162658;720
MG;São João do Pacuí;2025;FUNDEB - IPI-EXP;22982,52;3162658;720
MG;São João do Pacuí;2025;FUNDEB - IPVA;262226,28;3162658;720
MG;São João do Pacuí;2025;FUNDEB - ITCMD;45439,97;3162658;720
MG;São João do Pacuí;2025;FUNDEB - ITR;6533,38;3162658;720
MG;São João do Paraíso;2025;AJUSTE FUNDEB - AJUSTE FUNDEB VAAR;-12493,76;3162708;5253
MG;São João do Paraíso;2025;AJUSTE FUNDEB - AJUSTE FUNDEB VAAT;72962,41;3162708;5253
MG;São João do Paraíso;2025;AJUSTE FUNDEB - FPE;-28,03;3162708;5253
MG;São João do Paraíso;2025;AJUSTE FUNDEB - FPM;-84,13;3162708;5253
MG;São João do Paraíso;2025;AJUSTE FUNDEB - ICME;-273,82;3162708;5253
MG;São João do Paraíso;2025;AJUSTE FUNDEB - IPIE;-2,61;3162708;5253
MG;São João do Paraíso;2025;AJUSTE FUNDEB - IPVA;-42,23;3162708;5253
MG;São João do Paraíso;2025;AJUSTE FUNDEB - ITCMD;-7,09;3162708;5253
MG;São João do Paraíso;2025;AJUSTE FUNDEB - ITR;-0,97;3162708;5253
MG;São João do Paraíso;2025;FUNDEB - COUN VAAR;42371,29;3162708;5253
MG;São João do Paraíso;2025;FUNDEB - COUN VAAT;5743102,16;3162708;5253
MG;São João do Paraíso;2025;FUNDEB - FPE;1040367,95;3162708;5253
MG;São João do Paraíso;2025;FUNDEB - FPM;3205067,97;3162708;5253
MG;São João do Paraíso;2025;FUNDEB - ICMS;10121765,53;3162708;5253
MG;São João do Paraíso;2025;FUNDEB - IPI-EXP;129356,52;3162708;5253
MG;São João do Paraíso;2025;FUNDEB - IPVA;1475760,64;3162708;5253
MG;São João do Paraíso;2025;FUNDEB - ITCMD;255399,3;3162708;5253
MG;São João do Paraíso;2025;FUNDEB - ITR;36687,68;3162708;5253
MG;São João Evangelista;2025;AJUSTE FUNDEB - AJUSTE FUNDEB VAAT;62434,74;3162807;5255
MG;São João Evangelista;2025;AJUSTE FUNDEB - FPE;-33,38;3162807;5255
MG;São João Evangelista;2025;AJUSTE FUNDEB - FPM;-100,12;3162807;5255
MG;São João Evangelista;2025;AJUSTE FUNDEB - ICME;-325,81;3162807;5255
MG;São João Evangelista;2025;AJUSTE FUNDEB - IPIE;-3,1;3162807;5255
MG;São João Evangelista;2025;AJUSTE FUNDEB - IPVA;-49,95;3162807;5255
MG;São João Evangelista;2025;AJUSTE FUNDEB - ITCMD;-8,5;3162807;5255
MG;São João Evangelista;2025;AJUSTE FUNDEB - ITR;-1,11;3162807;5255
MG;São João Evangelista;2025;FUNDEB - COUN VAAT;2579192,49;3162807;5255
MG;São João Evangelista;2025;FUNDEB - FPE;922279,27;3162807;5255
MG;São João Evangelista;2025;FUNDEB - FPM;2841271,48;3162807;5255
MG;São João Evangelista;2025;FUNDEB - FUNDEB - FTI;222380,74;3162807;5255
MG;São João Evangelista;2025;FUNDEB - ICMS;8988765,6;3162807;5255
MG;São João Evangelista;2025;FUNDEB - IPI-EXP;114673,69;3162807;5255
MG;São João Evangelista;2025;FUNDEB - IPVA;1308198,43;3162807;5255
MG;São João Evangelista;2025;FUNDEB - ITCMD;226299,15;3162807;5255
MG;São João Evangelista;2025;FUNDEB - ITR;32497,07;3162807;5255
MG;São João Nepomuceno;2025;AJUSTE FUNDEB - AJUSTE FUNDEB VAAR;-38988,56;3162906;5257
MG;São João Nepomuceno;2025;AJUSTE FUNDEB - AJUSTE FUNDEB VAAT;122854,44;3162906;5257
MG;São João Nepomuceno;2025;AJUSTE FUNDEB - FPE;-73,36;3162906;5257
MG;São João Nepomuceno;2025;AJUSTE FUNDEB - FPM;-220,18;3162906;5257
MG;São João Nepomuceno;2025;AJUSTE FUNDEB - ICME;-716,59;3162906;5257
MG;São João Nepomuceno;2025;AJUSTE FUNDEB - IPIE;-6,86;3162906;5257
MG;São João Nepomuceno;2025;AJUSTE FUNDEB - IPVA;-110,21;3162906;5257
MG;São João Nepomuceno;2025;AJUSTE FUNDEB - ITCMD;-18,56;3162906;5257
MG;São João Nepomuceno;2025;AJUSTE FUNDEB - ITR;-2,45;3162906;5257
MG;São João Nepomuceno;2025;FUNDEB - COUN VAAR;157449,01;3162906;5257
MG;São João Nepomuceno;2025;FUNDEB - COUN VAAT;3742325,88;3162906;5257
MG;São João Nepomuceno;2025;FUNDEB - FPE;1880267,89;3162906;5257
MG;São João Nepomuceno;2025;FUNDEB - FPM;5792552,8;3162906;5257
MG;São João Nepomuceno;2025;FUNDEB - FUNDEB - FTI;316632,61;3162906;5257
MG;São João Nepomuceno;2025;FUNDEB - ICMS;18319140,94;3162906;5257
MG;São João Nepomuceno;2025;FUNDEB - IPI-EXP;233787,38;3162906;5257
MG;São João Nepomuceno;2025;FUNDEB - IPVA;2666978,52;3162906;5257
MG;São João Nepomuceno;2025;FUNDEB - ITCMD;461216,38;3162906;5257
MG;São João Nepomuceno;2025;FUNDEB - ITR;66218,11;3162906;5257
MG;São Joaquim de Bicas;2025;AJUSTE FUNDEB - AJUSTE FUNDEB VAAR;-39425,61;3162922;722
MG;São Joaquim de Bicas;2025;AJUSTE FUNDEB - AJUSTE FUNDEB VAAT;190417,36;3162922;722
MG;São Joaquim de Bicas;2025;AJUSTE FUNDEB - FPE;-623,4;3162922;722
MG;São Joaquim de Bicas;2025;AJUSTE FUNDEB - FPM;-1913,17;3162922;722
MG;São Joaquim de Bicas;2025;AJUSTE FUNDEB - ICME;-6176,76;3162922;722
MG;São Joaquim de Bicas;2025;AJUSTE FUNDEB - IPIE;-75,8;3162922;722
MG;São Joaquim de Bicas;2025;AJUSTE FUNDEB - IPVA;-984,4;3162922;722
MG;São Joaquim de Bicas;2025;AJUSTE FUNDEB - ITCMD;-144,14;3162922;722
MG;São Joaquim de Bicas;2025;AJUSTE FUNDEB - ITR;-22,72;3162922;722
MG;São Joaquim de Bicas;2025;FUNDEB - COUN VAAR;133958,14;3162922;722
MG;São Joaquim de Bicas;2025;FUNDEB - COUN VAAT;12769163,55;3162922;722
MG;São Joaquim de Bicas;2025;FUNDEB - FPE;2856448,97;3162922;722
MG;São Joaquim de Bicas;2025;FUNDEB - FPM;8799879,76;3162922;722
MG;São Joaquim de Bicas;2025;FUNDEB - FUNDEB - FTI;687180,49;3162922;722
MG;São Joaquim de Bicas;2025;FUNDEB - ICMS;27794248,28;3162922;722
MG;São Joaquim de Bicas;2025;FUNDEB - IPI-EXP;355164,06;3162922;722
MG;São Joaquim de Bicas;2025;FUNDEB - IPVA;4051889,9;3162922;722
MG;São Joaquim de Bicas;2025;FUNDEB - ITCMD;701069,47;3162922;722
MG;São Joaquim de Bicas;2025;FUNDEB - ITR;100695,72;3162922;722
MG;São José da Barra;2025;AJUSTE FUNDEB - AJUSTE FUNDEB VAAR;-12192,9;3162948;724
MG;São José da Barra;2025;AJUSTE FUNDEB - FPE;-15,7;3162948;724
MG;São José da Barra;2025;AJUSTE FUNDEB - FPM;-47,11;3162948;724
MG;São José da Barra;2025;AJUSTE FUNDEB - ICME;-153,43;3162948;724
MG;São José da Barra;2025;AJUSTE FUNDEB - IPIE;-1,46;3162948;724
MG;São José da Barra;2025;AJUSTE FUNDEB - IPVA;-23,51;3162948;724
MG;São José da Barra;2025;AJUSTE FUNDEB - ITCMD;-3,98;3162948;724
MG;São José da Barra;2025;AJUSTE FUNDEB - ITR;-0,56;3162948;724
MG;São José da Barra;2025;FUNDEB - COUN VAAR;195073,26;3162948;724
MG;São José da Barra;2025;FUNDEB - FPE;387001,56;3162948;724
MG;São José da Barra;2025;FUNDEB - FPM;1192238,22;3162948;724
MG;São José da Barra;2025;FUNDEB - FUNDEB - FTI;38279,87;3162948;724
MG;São José da Barra;2025;FUNDEB - ICMS;3773304,34;3162948;724
MG;São José da Barra;2025;FUNDEB - IPI-EXP;48118,71;3162948;724
MG;São José da Barra;2025;FUNDEB - IPVA;548942,26;3162948;724
MG;São José da Barra;2025;FUNDEB - ITCMD;94965,72;3162948;724
MG;São José da Barra;2025;FUNDEB - ITR;13637,98;3162948;724
MG;São José da Lapa;2025;AJUSTE FUNDEB - AJUSTE FUNDEB VAAR;-146454,86;3162955;2649
MG;São José da Lapa;2025;AJUSTE FUNDEB - AJUSTE FUNDEB VAAT;148244,75;3162955;2649
MG;São José da Lapa;2025;AJUSTE FUNDEB - FPE;-85,33;3162955;2649
MG;São José da Lapa;2025;AJUSTE FUNDEB - FPM;-255,81;3162955;2649
MG;São José da Lapa;2025;AJUSTE FUNDEB - ICME;-832,76;3162955;2649
MG;São José da Lapa;2025;AJUSTE FUNDEB - IPIE;-7,92;3162955;2649
MG;São José da Lapa;2025;AJUSTE FUNDEB - IPVA;-128,12;3162955;2649
MG;São José da Lapa;2025;AJUSTE FUNDEB - ITCMD;-21,66;3162955;2649
MG;São José da Lapa;2025;AJUSTE FUNDEB - ITR;-2,71;3162955;2649
MG;São José da Lapa;2025;FUNDEB - COUN VAAR;1869190,14;3162955;2649
MG;São José da Lapa;2025;FUNDEB - COUN VAAT;1088898,61;3162955;2649
MG;São José da Lapa;2025;FUNDEB - FPE;2087033,06;3162955;2649
MG;São José da Lapa;2025;FUNDEB - FPM;6429535,51;3162955;2649
MG;São José da Lapa;2025;FUNDEB - FUNDEB - FTI;702348,69;3162955;2649
MG;São José da Lapa;2025;FUNDEB - ICMS;20353765,53;3162955;2649
MG;São José da Lapa;2025;FUNDEB - IPI-EXP;259495,95;3162955;2649
MG;São José da Lapa;2025;FUNDEB - IPVA;2960500,81;3162955;2649
MG;São José da Lapa;2025;FUNDEB - ITCMD;512441,89;3162955;2649
MG;São José da Lapa;2025;FUNDEB - ITR;73620,53;3162955;2649
MG;São José da Safira;2025;AJUSTE FUNDEB - AJUSTE FUNDEB VAAR;-6671,88;3163003;5259
MG;São José da Safira;2025;AJUSTE FUNDEB - FPE;-8,89;3163003;5259
MG;São José da Safira;2025;AJUSTE FUNDEB - FPM;-26,66;3163003;5259
MG;São José da Safira;2025;AJUSTE FUNDEB - ICME;-86,99;3163003;5259
MG;São José da Safira;2025;AJUSTE FUNDEB - IPIE;-0,84;3163003;5259
MG;São José da Safira;2025;AJUSTE FUNDEB - IPVA;-13,46;3163003;5259
MG;São José da Safira;2025;AJUSTE FUNDEB - ITCMD;-2,29;3163003;5259
MG;São José da Safira;2025;AJUSTE FUNDEB - ITR;-0,28;3163003;5259
MG;São José da Safira;2025;FUNDEB - COUN VAAR;106742,89;3163003;5259
MG;São José da Safira;2025;FUNDEB - FPE;213207,9;3163003;5259
MG;São José da Safira;2025;FUNDEB - FPM;656830,85;3163003;5259
MG;São José da Safira;2025;FUNDEB - ICMS;2088161,1;3163003;5259
MG;São José da Safira;2025;FUNDEB - IPI-EXP;26509,7;3163003;5259
MG;São José da Safira;2025;FUNDEB - IPVA;302430,36;3163003;5259
MG;São José da Safira;2025;FUNDEB - ITCMD;52330,56;3163003;5259
MG;São José da Safira;2025;FUNDEB - ITR;7516,29;3163003;5259
MG;São José da Varginha;2025;AJUSTE FUNDEB - FPE;-8,94;3163102;5261
MG;São José da Varginha;2025;AJUSTE FUNDEB - FPM;-26,79;3163102;5261
MG;São José da Varginha;2025;AJUSTE FUNDEB - ICME;-87,17;3163102;5261
MG;São José da Varginha;2025;AJUSTE FUNDEB - IPIE;-0,79;3163102;5261
MG;São José da Varginha;2025;AJUSTE FUNDEB - IPVA;-13,55;3163102;5261
MG;São José da Varginha;2025;AJUSTE FUNDEB - ITCMD;-2,26;3163102;5261
MG;São José da Varginha;2025;AJUSTE FUNDEB - ITR;-0,26;3163102;5261
MG;São José da Varginha;2025;FUNDEB - FPE;208100,53;3163102;5261
MG;São José da Varginha;2025;FUNDEB - FPM;641096,65;3163102;5261
MG;São José da Varginha;2025;FUNDEB - ICMS;2031971,26;3163102;5261
MG;São José da Varginha;2025;FUNDEB - IPI-EXP;25874,63;3163102;5261
MG;São José da Varginha;2025;FUNDEB - IPVA;295224,1;3163102;5261
MG;São José da Varginha;2025;FUNDEB - ITCMD;51156,05;3163102;5261
MG;São José da Varginha;2025;FUNDEB - ITR;7355;3163102;5261
MG;São José do Alegre;2025;AJUSTE FUNDEB - FPE;-8,84;3163201;5263
MG;São José do Alegre;2025;AJUSTE FUNDEB - FPM;-26,46;3163201;5263
MG;São José do Alegre;2025;AJUSTE FUNDEB - ICME;-86,3;3163201;5263
MG;São José do Alegre;2025;AJUSTE FUNDEB - IPIE;-0,85;3163201;5263
MG;São José do Alegre;2025;AJUSTE FUNDEB - IPVA;-13,45;3163201;5263
MG;São José do Alegre;2025;AJUSTE FUNDEB - ITCMD;-2,3;3163201;5263
MG;São José do Alegre;2025;AJUSTE FUNDEB - ITR;-0,28;3163201;5263
MG;São José do Alegre;2025;FUNDEB - FPE;238417,92;3163201;5263
MG;São José do Alegre;2025;FUNDEB - FPM;734495,58;3163201;5263
MG;São José do Alegre;2025;FUNDEB - ICMS;2322821,87;3163201;5263
MG;São José do Alegre;2025;FUNDEB - IPI-EXP;29644,24;3163201;5263
MG;São José do Alegre;2025;FUNDEB - IPVA;338190,44;3163201;5263
MG;São José do Alegre;2025;FUNDEB - ITCMD;58518,45;3163201;5263
MG;São José do Alegre;2025;FUNDEB - ITR;8405,05;3163201;5263
MG;São José do Divino;2025;AJUSTE FUNDEB - AJUSTE FUNDEB VAAR;-994,55;3163300;5265
MG;São José do Divino;2025;AJUSTE FUNDEB - FPE;-7,66;3163300;5265
MG;São José do Divino;2025;AJUSTE FUNDEB - FPM;-23,1;3163300;5265
MG;São José do Divino;2025;AJUSTE FUNDEB - ICME;-75,16;3163300;5265
MG;São José do Divino;2025;AJUSTE FUNDEB - IPIE;-0,66;3163300;5265
MG;São José do Divino;2025;AJUSTE FUNDEB - IPVA;-11,26;3163300;5265
MG;São José do Divino;2025;AJUSTE FUNDEB - ITCMD;-1,87;3163300;5265
MG;São José do Divino;2025;AJUSTE FUNDEB - ITR;-0,26;3163300;5265
MG;São José do Divino;2025;FUNDEB - COUN VAAR;6091,38;3163300;5265
MG;São José do Divino;2025;FUNDEB - FPE;175416,44;3163300;5265
MG;São José do Divino;2025;FUNDEB - FPM;540406,51;3163300;5265
MG;São José do Divino;2025;FUNDEB - FUNDEB - FTI;86305,46;3163300;5265
MG;São José do Divino;2025;FUNDEB - ICMS;1716596,45;3163300;5265
MG;São José do Divino;2025;FUNDEB - IPI-EXP;21810,8;3163300;5265
MG;São José do Divino;2025;FUNDEB - IPVA;248847,41;3163300;5265
MG;São José do Divino;2025;FUNDEB - ITCMD;43103,13;3163300;5265
MG;São José do Divino;2025;FUNDEB - ITR;6195,47;3163300;5265
MG;São José do Goiabal;2025;AJUSTE FUNDEB - FPE;-9,57;3163409;5267
MG;São José do Goiabal;2025;AJUSTE FUNDEB - FPM;-28,83;3163409;5267
MG;São José do Goiabal;2025;AJUSTE FUNDEB - ICME;-93,93;3163409;5267
MG;São José do Goiabal;2025;AJUSTE FUNDEB - IPIE;-0,88;3163409;5267
MG;São José do Goiabal;2025;AJUSTE FUNDEB - IPVA;-14,34;3163409;5267
MG;São José do Goiabal;2025;AJUSTE FUNDEB - ITCMD;-2,41;3163409;5267
MG;São José do Goiabal;2025;AJUSTE FUNDEB - ITR;-0,29;3163409;5267
MG;São José do Goiabal;2025;FUNDEB - FPE;238455,14;3163409;5267
MG;São José do Goiabal;2025;FUNDEB - FPM;734610,33;3163409;5267
MG;São José do Goiabal;2025;FUNDEB - ICMS;2326142,19;3163409;5267
MG;São José do Goiabal;2025;FUNDEB - IPI-EXP;29648,87;3163409;5267
MG;São José do Goiabal;2025;FUNDEB - IPVA;338256,19;3163409;5267
MG;São José do Goiabal;2025;FUNDEB - ITCMD;58554,23;3163409;5267
MG;São José do Goiabal;2025;FUNDEB - ITR;8412,73;3163409;5267
MG;São José do Jacuri;2025;AJUSTE FUNDEB - AJUSTE FUNDEB VAAR;-3118,73;3163508;5269
MG;São José do Jacuri;2025;AJUSTE FUNDEB - AJUSTE FUNDEB VAAT;23646,31;3163508;5269
MG;São José do Jacuri;2025;AJUSTE FUNDEB - FPE;-15,17;3163508;5269
MG;São José do Jacuri;2025;AJUSTE FUNDEB - FPM;-45,44;3163508;5269
MG;São José do Jacuri;2025;AJUSTE FUNDEB - ICME;-147,66;3163508;5269
MG;São José do Jacuri;2025;AJUSTE FUNDEB - IPIE;-1,42;3163508;5269
MG;São José do Jacuri;2025;AJUSTE FUNDEB - IPVA;-22,74;3163508;5269
MG;São José do Jacuri;2025;AJUSTE FUNDEB - ITCMD;-3,8;3163508;5269
MG;São José do Jacuri;2025;AJUSTE FUNDEB - ITR;-0,48;3163508;5269
MG;São José do Jacuri;2025;FUNDEB - COUN VAAR;27068,59;3163508;5269
MG;São José do Jacuri;2025;FUNDEB - COUN VAAT;131683,86;3163508;5269
MG;São José do Jacuri;2025;FUNDEB - FPE;360858,52;3163508;5269
MG;São José do Jacuri;2025;FUNDEB - FPM;1111699,06;3163508;5269
MG;São José do Jacuri;2025;FUNDEB - FUNDEB - FTI;120896,09;3163508;5269
MG;São José do Jacuri;2025;FUNDEB - ICMS;3513468,21;3163508;5269
MG;São José do Jacuri;2025;FUNDEB - IPI-EXP;44868,17;3163508;5269
MG;São José do Jacuri;2025;FUNDEB - IPVA;511850,79;3163508;5269
MG;São José do Jacuri;2025;FUNDEB - ITCMD;88531,98;3163508;5269
MG;São José do Jacuri;2025;FUNDEB - ITR;12712,24;3163508;5269
MG;São José do Mantimento;2025;AJUSTE FUNDEB - AJUSTE FUNDEB VAAR;-12625,77;3163607;5271
MG;São José do Mantimento;2025;AJUSTE FUNDEB - FPE;-7,59;3163607;5271
MG;São José do Mantimento;2025;AJUSTE FUNDEB - FPM;-22,64;3163607;5271
MG;São José do Mantimento;2025;AJUSTE FUNDEB - ICME;-73,53;3163607;5271
MG;São José do Mantimento;2025;AJUSTE FUNDEB - IPIE;-0,7;3163607;5271
MG;São José do Mantimento;2025;AJUSTE FUNDEB - IPVA;-11,4;3163607;5271
MG;São José do Mantimento;2025;AJUSTE FUNDEB - ITCMD;-1,94;3163607;5271
MG;São José do Mantimento;2025;AJUSTE FUNDEB - ITR;-0,25;3163607;5271
MG;São José do Mantimento;2025;FUNDEB - COUN VAAR;179152,8;3163607;5271
MG;São José do Mantimento;2025;FUNDEB - FPE;180641,44;3163607;5271
MG;São José do Mantimento;2025;FUNDEB - FPM;556503,16;3163607;5271
MG;São José do Mantimento;2025;FUNDEB - ICMS;1761345,25;3163607;5271
MG;São José do Mantimento;2025;FUNDEB - IPI-EXP;22460,46;3163607;5271
MG;São José do Mantimento;2025;FUNDEB - IPVA;256240,08;3163607;5271
MG;São José do Mantimento;2025;FUNDEB - ITCMD;44346,44;3163607;5271
MG;São José do Mantimento;2025;FUNDEB - ITR;6370,37;3163607;5271
MG;São Lourenço;2025;AJUSTE FUNDEB - FPE;-88,38;3163706;5273
MG;São Lourenço;2025;AJUSTE FUNDEB - FPM;-265,02;3163706;5273
MG;São Lourenço;2025;AJUSTE FUNDEB - ICME;-862,69;3163706;5273
MG;São Lourenço;2025;AJUSTE FUNDEB - IPIE;-8,22;3163706;5273
MG;São Lourenço;2025;AJUSTE FUNDEB - IPVA;-132,71;3163706;5273
MG;São Lourenço;2025;AJUSTE FUNDEB - ITCMD;-22,37;3163706;5273
MG;São Lourenço;2025;AJUSTE FUNDEB - ITR;-2,87;3163706;5273
MG;São Lourenço;2025;FUNDEB - FPE;2216140,31;3163706;5273
MG;São Lourenço;2025;FUNDEB - FPM;6827277,06;3163706;5273
MG;São Lourenço;2025;FUNDEB - FUNDEB - FTI;401870,62;3163706;5273
MG;São Lourenço;2025;FUNDEB - ICMS;21611114,9;3163706;5273
MG;São Lourenço;2025;FUNDEB - IPI-EXP;275548,8;3163706;5273
MG;São Lourenço;2025;FUNDEB - IPVA;3143551,02;3163706;5273
MG;São Lourenço;2025;FUNDEB - ITCMD;543954,21;3163706;5273
MG;São Lourenço;2025;FUNDEB - ITR;78130,07;3163706;5273
MG;São Miguel do Anta;2025;AJUSTE FUNDEB - AJUSTE FUNDEB VAAR;-9106,51;3163805;5275
MG;São Miguel do Anta;2025;AJUSTE FUNDEB - FPE;-13,1;3163805;5275
MG;São Miguel do Anta;2025;AJUSTE FUNDEB - FPM;-39,18;3163805;5275
MG;São Miguel do Anta;2025;AJUSTE FUNDEB - ICME;-127,55;3163805;5275
MG;São Miguel do Anta;2025;AJUSTE FUNDEB - IPIE;-1,22;3163805;5275
MG;São Miguel do Anta;2025;AJUSTE FUNDEB - IPVA;-19,52;3163805;5275
MG;São Miguel do Anta;2025;AJUSTE FUNDEB - ITCMD;-3,3;3163805;5275
MG;São Miguel do Anta;2025;AJUSTE FUNDEB - ITR;-0,43;3163805;5275
MG;São Miguel do Anta;2025;FUNDEB - COUN VAAR;125907,59;3163805;5275
MG;São Miguel do Anta;2025;FUNDEB - FPE;301659,36;3163805;5275
MG;São Miguel do Anta;2025;FUNDEB - FPM;929323,73;3163805;5275
MG;São Miguel do Anta;2025;FUNDEB - FUNDEB - FTI;142512,62;3163805;5275
MG;São Miguel do Anta;2025;FUNDEB - ICMS;2946575,23;3163805;5275
MG;São Miguel do Anta;2025;FUNDEB - IPI-EXP;37507,51;3163805;5275
MG;São Miguel do Anta;2025;FUNDEB - IPVA;427932;3163805;5275
MG;São Miguel do Anta;2025;FUNDEB - ITCMD;74113,41;3163805;5275
MG;São Miguel do Anta;2025;FUNDEB - ITR;10651,84;3163805;5275
MG;São Pedro da União;2025;AJUSTE FUNDEB - FPE;-11,1;3163904;5277
MG;São Pedro da União;2025;AJUSTE FUNDEB - FPM;-33,36;3163904;5277
MG;São Pedro da União;2025;AJUSTE FUNDEB - ICME;-108,46;3163904;5277
MG;São Pedro da União;2025;AJUSTE FUNDEB - IPIE;-1,03;3163904;5277
MG;São Pedro da União;2025;AJUSTE FUNDEB - IPVA;-16,54;3163904;5277
MG;São Pedro da União;2025;AJUSTE FUNDEB - ITCMD;-2,72;3163904;5277
MG;São Pedro da União;2025;AJUSTE FUNDEB - ITR;-0,38;3163904;5277
MG;São Pedro da União;2025;FUNDEB - FPE;280220,38;3163904;5277
MG;São Pedro da União;2025;FUNDEB - FPM;863276,76;3163904;5277
MG;São Pedro da União;2025;FUNDEB - FUNDEB - FTI;1886,59;3163904;5277
MG;São Pedro da União;2025;FUNDEB - ICMS;2732787,77;3163904;5277
MG;São Pedro da União;2025;FUNDEB - IPI-EXP;34841,85;3163904;5277
MG;São Pedro da União;2025;FUNDEB - IPVA;397504,75;3163904;5277
MG;São Pedro da União;2025;FUNDEB - ITCMD;68817,04;3163904;5277
MG;São Pedro da União;2025;FUNDEB - ITR;9887,89;3163904;5277
MG;São Pedro do Suaçuí;2025;AJUSTE FUNDEB - AJUSTE FUNDEB VAAR;-13986,17;3164100;5281
MG;São Pedro do Suaçuí;2025;AJUSTE FUNDEB - FPE;-10,11;3164100;5281
MG;São Pedro do Suaçuí;2025;AJUSTE FUNDEB - FPM;-30,17;3164100;5281
MG;São Pedro do Suaçuí;2025;AJUSTE FUNDEB - ICME;-98,41;3164100;5281
MG;São Pedro do Suaçuí;2025;AJUSTE FUNDEB - IPIE;-0,95;3164100;5281
MG;São Pedro do Suaçuí;2025;AJUSTE FUNDEB - IPVA;-15,24;3164100;5281
MG;São Pedro do Suaçuí;2025;AJUSTE FUNDEB - ITCMD;-2,54;3164100;5281
MG;São Pedro do Suaçuí;2025;AJUSTE FUNDEB - ITR;-0,34;3164100;5281
MG;São Pedro do Suaçuí;2025;FUNDEB - COUN VAAR;207904,54;3164100;5281
MG;São Pedro do Suaçuí;2025;FUNDEB - FPE;219826,27;3164100;5281
MG;São Pedro do Suaçuí;2025;FUNDEB - FPM;677220,11;3164100;5281
MG;São Pedro do Suaçuí;2025;FUNDEB - ICMS;2148088,4;3164100;5281
MG;São Pedro do Suaçuí;2025;FUNDEB - IPI-EXP;27332,62;3164100;5281
MG;São Pedro do Suaçuí;2025;FUNDEB - IPVA;311820,54;3164100;5281
MG;São Pedro do Suaçuí;2025;FUNDEB - ITCMD;53959,22;3164100;5281
MG;São Pedro do Suaçuí;2025;FUNDEB - ITR;7750,59;3164100;5281
MG;São Pedro dos Ferros;2025;AJUSTE FUNDEB - AJUSTE FUNDEB VAAR;-1187,04;3164001;5279
MG;São Pedro dos Ferros;2025;AJUSTE FUNDEB - FPE;-11,25;3164001;5279
MG;São Pedro dos Ferros;2025;AJUSTE FUNDEB - FPM;-33,81;3164001;5279
MG;São Pedro dos Ferros;2025;AJUSTE FUNDEB - ICME;-109,96;3164001;5279
MG;São Pedro dos Ferros;2025;AJUSTE FUNDEB - IPIE;-1,07;3164001;5279
MG;São Pedro dos Ferros;2025;AJUSTE FUNDEB - IPVA;-16,9;3164001;5279
MG;São Pedro dos Ferros;2025;AJUSTE FUNDEB - ITCMD;-2,82;3164001;5279
MG;São Pedro dos Ferros;2025;AJUSTE FUNDEB - ITR;-0,37;3164001;5279
MG;São Pedro dos Ferros;2025;FUNDEB - COUN VAAR;10111,55;3164001;5279
MG;São Pedro dos Ferros;2025;FUNDEB - FPE;296032,44;3164001;5279
MG;São Pedro dos Ferros;2025;FUNDEB - FPM;911988,97;3164001;5279
MG;São Pedro dos Ferros;2025;FUNDEB - FUNDEB - FTI;95976,05;3164001;5279
MG;São Pedro dos Ferros;2025;FUNDEB - ICMS;2890995,36;3164001;5279
MG;São Pedro dos Ferros;2025;FUNDEB - IPI-EXP;36807,86;3164001;5279
MG;São Pedro dos Ferros;2025;FUNDEB - IPVA;419928,79;3164001;5279
MG;São Pedro dos Ferros;2025;FUNDEB - ITCMD;72687,67;3164001;5279
MG;São Pedro dos Ferros;2025;FUNDEB - ITR;10442,86;3164001;5279
MG;São Romão;2025;AJUSTE FUNDEB - AJUSTE FUNDEB VAAR;-17854,9;3164209;5283
MG;São Romão;2025;AJUSTE FUNDEB - FPE;-18,13;3164209;5283
MG;São Romão;2025;AJUSTE FUNDEB - FPM;-54,34;3164209;5283
MG;São Romão;2025;AJUSTE FUNDEB - ICME;-176,69;3164209;5283
MG;São Romão;2025;AJUSTE FUNDEB - IPIE;-1,72;3164209;5283
MG;São Romão;2025;AJUSTE FUNDEB - IPVA;-27,16;3164209;5283
MG;São Romão;2025;AJUSTE FUNDEB - ITCMD;-4,51;3164209;5283
MG;São Romão;2025;AJUSTE FUNDEB - ITR;-0,59;3164209;5283
MG;São Romão;2025;FUNDEB - COUN VAAR;230132,31;3164209;5283
MG;São Romão;2025;FUNDEB - FPE;414196,61;3164209;5283
MG;São Romão;2025;FUNDEB - FPM;1276018,08;3164209;5283
MG;São Romão;2025;FUNDEB - ICMS;4049460,06;3164209;5283
MG;São Romão;2025;FUNDEB - IPI-EXP;51500,09;3164209;5283
MG;São Romão;2025;FUNDEB - IPVA;587576,01;3164209;5283
MG;São Romão;2025;FUNDEB - ITCMD;101760,74;3164209;5283
MG;São Romão;2025;FUNDEB - ITR;14625,27;3164209;5283
MG;São Roque de Minas;2025;AJUSTE FUNDEB - AJUSTE FUNDEB VAAR;-26138,36;3164308;5285
MG;São Roque de Minas;2025;AJUSTE FUNDEB - FPE;-12,88;3164308;5285
MG;São Roque de Minas;2025;AJUSTE FUNDEB - FPM;-38,51;3164308;5285
MG;São Roque de Minas;2025;AJUSTE FUNDEB - ICME;-125,43;3164308;5285
MG;São Roque de Minas;2025;AJUSTE FUNDEB - IPIE;-1,19;3164308;5285
MG;São Roque de Minas;2025;AJUSTE FUNDEB - IPVA;-19,29;3164308;5285
MG;São Roque de Minas;2025;AJUSTE FUNDEB - ITCMD;-3,28;3164308;5285
MG;São Roque de Minas;2025;AJUSTE FUNDEB - ITR;-0,43;3164308;5285
MG;São Roque de Minas;2025;FUNDEB - COUN VAAR;338941,68;3164308;5285
MG;São Roque de Minas;2025;FUNDEB - FPE;338876,55;3164308;5285
MG;São Roque de Minas;2025;FUNDEB - FPM;1043979,09;3164308;5285
MG;São Roque de Minas;2025;FUNDEB - ICMS;3302461,21;3164308;5285
MG;São Roque de Minas;2025;FUNDEB - IPI-EXP;42134,99;3164308;5285
MG;São Roque de Minas;2025;FUNDEB - IPVA;480650,33;3164308;5285
MG;São Roque de Minas;2025;FUNDEB - ITCMD;83096,48;3164308;5285
MG;São Roque de Minas;2025;FUNDEB - ITR;11927,81;3164308;5285
MG;São Sebastião da Bela Vista;2025;AJUSTE FUNDEB - AJUSTE FUNDEB VAAR;-26185,93;3164407;5287
MG;São Sebastião da Bela Vista;2025;AJUSTE FUNDEB - FPE;-15,68;3164407;5287
MG;São Sebastião da Bela Vista;2025;AJUSTE FUNDEB - FPM;-46,86;3164407;5287
MG;São Sebastião da Bela Vista;2025;AJUSTE FUNDEB - ICME;-152,94;3164407;5287
MG;São Sebastião da Bela Vista;2025;AJUSTE FUNDEB - IPIE;-1,51;3164407;5287
MG;São Sebastião da Bela Vista;2025;AJUSTE FUNDEB - IPVA;-23,69;3164407;5287
MG;São Sebastião da Bela Vista;2025;AJUSTE FUNDEB - ITCMD;-3,97;3164407;5287
MG;São Sebastião da Bela Vista;2025;AJUSTE FUNDEB - ITR;-0,54;3164407;5287
MG;São Sebastião da Bela Vista;2025;FUNDEB - COUN VAAR;389893,56;3164407;5287
MG;São Sebastião da Bela Vista;2025;FUNDEB - COUN VAAT;331114,72;3164407;5287
MG;São Sebastião da Bela Vista;2025;FUNDEB - FPE;442834,6;3164407;5287
MG;São Sebastião da Bela Vista;2025;FUNDEB - FPM;1364243,36;3164407;5287
MG;São Sebastião da Bela Vista;2025;FUNDEB - FUNDEB - FTI;66661,25;3164407;5287
MG;São Sebastião da Bela Vista;2025;FUNDEB - ICMS;4310269,92;3164407;5287
MG;São Sebastião da Bela Vista;2025;FUNDEB - IPI-EXP;55060,87;3164407;5287
MG;São Sebastião da Bela Vista;2025;FUNDEB - IPVA;628162,83;3164407;5287
MG;São Sebastião da Bela Vista;2025;FUNDEB - ITCMD;108716,29;3164407;5287
MG;São Sebastião da Bela Vista;2025;FUNDEB - ITR;15617,4;3164407;5287
MG;São Sebastião da Vargem Alegre;2025;AJUSTE FUNDEB - FPE;-13,29;3164431;726
MG;São Sebastião da Vargem Alegre;2025;AJUSTE FUNDEB - FPM;-39,89;3164431;726
MG;São Sebastião da Vargem Alegre;2025;AJUSTE FUNDEB - ICME;-129,79;3164431;726
MG;São Sebastião da Vargem Alegre;2025;AJUSTE FUNDEB - IPIE;-1,22;3164431;726
MG;São Sebastião da Vargem Alegre;2025;AJUSTE FUNDEB - IPVA;-20,13;3164431;726
MG;São Sebastião da Vargem Alegre;2025;AJUSTE FUNDEB - ITCMD;-3,42;3164431;726
MG;São Sebastião da Vargem Alegre;2025;AJUSTE FUNDEB - ITR;-0,43;3164431;726
MG;São Sebastião da Vargem Alegre;2025;FUNDEB - FPE;324467,68;3164431;726
MG;São Sebastião da Vargem Alegre;2025;FUNDEB - FPM;999589,5;3164431;726
MG;São Sebastião da Vargem Alegre;2025;FUNDEB - ICMS;3164991,13;3164431;726
MG;São Sebastião da Vargem Alegre;2025;FUNDEB - IPI-EXP;40343,43;3164431;726
MG;São Sebastião da Vargem Alegre;2025;FUNDEB - IPVA;460238,9;3164431;726
MG;São Sebastião da Vargem Alegre;2025;FUNDEB - ITCMD;79616,1;3164431;726
MG;São Sebastião da Vargem Alegre;2025;FUNDEB - ITR;11433,21;3164431;726
MG;São Sebastião do Anta;2025;AJUSTE FUNDEB - AJUSTE FUNDEB VAAT;36664,91;3164472;728
MG;São Sebastião do Anta;2025;AJUSTE FUNDEB - FPE;-21,27;3164472;728
MG;São Sebastião do Anta;2025;AJUSTE FUNDEB - FPM;-63,87;3164472;728
MG;São Sebastião do Anta;2025;AJUSTE FUNDEB - ICME;-207,89;3164472;728
MG;São Sebastião do Anta;2025;AJUSTE FUNDEB - IPIE;-1,96;3164472;728
MG;São Sebastião do Anta;2025;AJUSTE FUNDEB - IPVA;-32,05;3164472;728
MG;São Sebastião do Anta;2025;AJUSTE FUNDEB - ITCMD;-5,42;3164472;728
MG;São Sebastião do Anta;2025;AJUSTE FUNDEB - ITR;-0,71;3164472;728
MG;São Sebastião do Anta;2025;FUNDEB - COUN VAAT;1465755,72;3164472;728
MG;São Sebastião do Anta;2025;FUNDEB - FPE;573478,11;3164472;728
MG;São Sebastião do Anta;2025;FUNDEB - FPM;1766717,66;3164472;728
MG;São Sebastião do Anta;2025;FUNDEB - FUNDEB - FTI;216003,02;3164472;728
MG;São Sebastião do Anta;2025;FUNDEB - ICMS;5594175,58;3164472;728
MG;São Sebastião do Anta;2025;FUNDEB - IPI-EXP;71304,69;3164472;728
MG;São Sebastião do Anta;2025;FUNDEB - IPVA;813414,97;3164472;728
MG;São Sebastião do Anta;2025;FUNDEB - ITCMD;140652,78;3164472;728
MG;São Sebastião do Anta;2025;FUNDEB - ITR;20192,24;3164472;728
MG;São Sebastião do Maranhão;2025;AJUSTE FUNDEB - AJUSTE FUNDEB VAAR;-7527,25;3164506;5289
MG;São Sebastião do Maranhão;2025;AJUSTE FUNDEB - FPE;-8,96;3164506;5289
MG;São Sebastião do Maranhão;2025;AJUSTE FUNDEB - FPM;-26,99;3164506;5289
MG;São Sebastião do Maranhão;2025;AJUSTE FUNDEB - ICME;-87,75;3164506;5289
MG;São Sebastião do Maranhão;2025;AJUSTE FUNDEB - IPIE;-0,83;3164506;5289
MG;São Sebastião do Maranhão;2025;AJUSTE FUNDEB - IPVA;-13,43;3164506;5289
MG;São Sebastião do Maranhão;2025;AJUSTE FUNDEB - ITCMD;-2,28;3164506;5289
MG;São Sebastião do Maranhão;2025;AJUSTE FUNDEB - ITR;-0,27;3164506;5289
MG;São Sebastião do Maranhão;2025;FUNDEB - COUN VAAR;120427,88;3164506;5289
MG;São Sebastião do Maranhão;2025;FUNDEB - FPE;267254,42;3164506;5289
MG;São Sebastião do Maranhão;2025;FUNDEB - FPM;823332,42;3164506;5289
MG;São Sebastião do Maranhão;2025;FUNDEB - FUNDEB - FTI;103979,06;3164506;5289
MG;São Sebastião do Maranhão;2025;FUNDEB - ICMS;2610134,25;3164506;5289
MG;São Sebastião do Maranhão;2025;FUNDEB - IPI-EXP;33229,68;3164506;5289
MG;São Sebastião do Maranhão;2025;FUNDEB - IPVA;379056,19;3164506;5289
MG;São Sebastião do Maranhão;2025;FUNDEB - ITCMD;65517,54;3164506;5289
MG;São Sebastião do Maranhão;2025;FUNDEB - ITR;9402,95;3164506;5289
MG;São Sebastião do Oeste;2025;AJUSTE FUNDEB - AJUSTE FUNDEB VAAT;53899,36;3164605;5291
MG;São Sebastião do Oeste;2025;AJUSTE FUNDEB - FPE;-32,99;3164605;5291
MG;São Sebastião do Oeste;2025;AJUSTE FUNDEB - FPM;-99,09;3164605;5291
MG;São Sebastião do Oeste;2025;AJUSTE FUNDEB - ICME;-322,22;3164605;5291
MG;São Sebastião do Oeste;2025;AJUSTE FUNDEB - IPIE;-3,05;3164605;5291
MG;São Sebastião do Oeste;2025;AJUSTE FUNDEB - IPVA;-49,47;3164605;5291
MG;São Sebastião do Oeste;2025;AJUSTE FUNDEB - ITCMD;-8,33;3164605;5291
MG;São Sebastião do Oeste;2025;AJUSTE FUNDEB - ITR;-1,06;3164605;5291
MG;São Sebastião do Oeste;2025;FUNDEB - COUN VAAT;985676,46;3164605;5291
MG;São Sebastião do Oeste;2025;FUNDEB - FPE;871420,22;3164605;5291
MG;São Sebastião do Oeste;2025;FUNDEB - FPM;2684589,57;3164605;5291
MG;São Sebastião do Oeste;2025;FUNDEB - ICMS;8484294,67;3164605;5291
MG;São Sebastião do Oeste;2025;FUNDEB - IPI-EXP;108349,99;3164605;5291
MG;São Sebastião do Oeste;2025;FUNDEB - IPVA;1235975,37;3164605;5291
MG;São Sebastião do Oeste;2025;FUNDEB - ITCMD;213649,77;3164605;5291
MG;São Sebastião do Oeste;2025;FUNDEB - ITR;30664,52;3164605;5291
MG;São Sebastião do Paraíso;2025;AJUSTE FUNDEB - FPE;-140,1;3164704;5293
MG;São Sebastião do Paraíso;2025;AJUSTE FUNDEB - FPM;-420,31;3164704;5293
MG;São Sebastião do Paraíso;2025;AJUSTE FUNDEB - ICME;-1367,38;3164704;5293
MG;São Sebastião do Paraíso;2025;AJUSTE FUNDEB - IPIE;-13,13;3164704;5293
MG;São Sebastião do Paraíso;2025;AJUSTE FUNDEB - IPVA;-210,16;3164704;5293
MG;São Sebastião do Paraíso;2025;AJUSTE FUNDEB - ITCMD;-35,46;3164704;5293
MG;São Sebastião do Paraíso;2025;AJUSTE FUNDEB - ITR;-4,65;3164704;5293
MG;São Sebastião do Paraíso;2025;FUNDEB - FPE;3585070,65;3164704;5293
MG;São Sebastião do Paraíso;2025;FUNDEB - FPM;11044549,22;3164704;5293
MG;São Sebastião do Paraíso;2025;FUNDEB - FUNDEB - FTI;623471,12;3164704;5293
MG;São Sebastião do Paraíso;2025;FUNDEB - ICMS;34917043,55;3164704;5293
MG;São Sebastião do Paraíso;2025;FUNDEB - IPI-EXP;445757,87;3164704;5293
MG;São Sebastião do Paraíso;2025;FUNDEB - IPVA;5085426,24;3164704;5293
MG;São Sebastião do Paraíso;2025;FUNDEB - ITCMD;880114,14;3164704;5293
MG;São Sebastião do Paraíso;2025;FUNDEB - ITR;126428,47;3164704;5293
MG;São Sebastião do Rio Preto;2025;AJUSTE FUNDEB - FPE;-3,07;3164803;5295
MG;São Sebastião do Rio Preto;2025;AJUSTE FUNDEB - FPM;-9,19;3164803;5295
MG;São Sebastião do Rio Preto;2025;AJUSTE FUNDEB - ICME;-29,79;3164803;5295
MG;São Sebastião do Rio Preto;2025;AJUSTE FUNDEB - IPIE;-0,26;3164803;5295
MG;São Sebastião do Rio Preto;2025;AJUSTE FUNDEB - IPVA;-4,65;3164803;5295
MG;São Sebastião do Rio Preto;2025;AJUSTE FUNDEB - ITCMD;-0,71;3164803;5295
MG;São Sebastião do Rio Preto;2025;AJUSTE FUNDEB - ITR;-0,09;3164803;5295
MG;São Sebastião do Rio Preto;2025;FUNDEB - FPE;61975,81;3164803;5295
MG;São Sebastião do Rio Preto;2025;FUNDEB - FPM;190929,21;3164803;5295
MG;São Sebastião do Rio Preto;2025;FUNDEB - ICMS;605505,66;3164803;5295
MG;São Sebastião do Rio Preto;2025;FUNDEB - IPI-EXP;7705,89;3164803;5295
MG;São Sebastião do Rio Preto;2025;FUNDEB - IPVA;87919,09;3164803;5295
MG;São Sebastião do Rio Preto;2025;FUNDEB - ITCMD;15227,72;3164803;5295
MG;São Sebastião do Rio Preto;2025;FUNDEB - ITR;2188,68;3164803;5295
MG;São Sebastião do Rio Verde;2025;AJUSTE FUNDEB - FPE;-7,46;3164902;5297
MG;São Sebastião do Rio Verde;2025;AJUSTE FUNDEB - FPM;-22,32;3164902;5297
MG;São Sebastião do Rio Verde;2025;AJUSTE FUNDEB - ICME;-72,6;3164902;5297
MG;São Sebastião do Rio Verde;2025;AJUSTE FUNDEB - IPIE;-0,71;3164902;5297
MG;São Sebastião do Rio Verde;2025;AJUSTE FUNDEB - IPVA;-11,22;3164902;5297
MG;São Sebastião do Rio Verde;2025;AJUSTE FUNDEB - ITCMD;-1,91;3164902;5297
MG;São Sebastião do Rio Verde;2025;AJUSTE FUNDEB - ITR;-0,27;3164902;5297
MG;São Sebastião do Rio Verde;2025;FUNDEB - FPE;187486,17;3164902;5297
MG;São Sebastião do Rio Verde;2025;FUNDEB - FPM;577589,78;3164902;5297
MG;São Sebastião do Rio Verde;2025;FUNDEB - ICMS;1827506,68;3164902;5297
MG;São Sebastião do Rio Verde;2025;FUNDEB - IPI-EXP;23311,51;3164902;5297
MG;São Sebastião do Rio Verde;2025;FUNDEB - IPVA;265939,18;3164902;5297
MG;São Sebastião do Rio Verde;2025;FUNDEB - ITCMD;46005,72;3164902;5297
MG;São Sebastião do Rio Verde;2025;FUNDEB - ITR;6606,74;3164902;5297
MG;São Thomé das Letras;2025;AJUSTE FUNDEB - FPE;-14,5;3165206;5303
MG;São Thomé das Letras;2025;AJUSTE FUNDEB - FPM;-43,48;3165206;5303
MG;São Thomé das Letras;2025;AJUSTE FUNDEB - ICME;-141,22;3165206;5303
MG;São Thomé das Letras;2025;AJUSTE FUNDEB - IPIE;-1,42;3165206;5303
MG;São Thomé das Letras;2025;AJUSTE FUNDEB - IPVA;-21,72;3165206;5303
MG;São Thomé das Letras;2025;AJUSTE FUNDEB - ITCMD;-3,62;3165206;5303
MG;São Thomé das Letras;2025;AJUSTE FUNDEB - ITR;-0,45;3165206;5303
MG;São Thomé das Letras;2025;FUNDEB - COUN VAAT;150350,55;3165206;5303
MG;São Thomé das Letras;2025;FUNDEB - FPE;373962,59;3165206;5303
MG;São Thomé das Letras;2025;FUNDEB - FPM;1152068,87;3165206;5303
MG;São Thomé das Letras;2025;FUNDEB - FUNDEB - FTI;172708,7;3165206;5303
MG;São Thomé das Letras;2025;FUNDEB - ICMS;3643342,5;3165206;5303
MG;São Thomé das Letras;2025;FUNDEB - IPI-EXP;46497,48;3165206;5303
MG;São Thomé das Letras;2025;FUNDEB - IPVA;530417,52;3165206;5303
MG;São Thomé das Letras;2025;FUNDEB - ITCMD;91704,97;3165206;5303
MG;São Thomé das Letras;2025;FUNDEB - ITR;13163,93;3165206;5303
MG;São Tiago;2025;AJUSTE FUNDEB - AJUSTE FUNDEB VAAR;-288,73;3165008;5299
MG;São Tiago;2025;AJUSTE FUNDEB - FPE;-546,73;3165008;5299
MG;São Tiago;2025;AJUSTE FUNDEB - FPM;-1682,81;3165008;5299
MG;São Tiago;2025;AJUSTE FUNDEB - ICME;-5427,79;3165008;5299
MG;São Tiago;2025;AJUSTE FUNDEB - IPIE;-68,44;3165008;5299
MG;São Tiago;2025;AJUSTE FUNDEB - IPVA;-868,93;3165008;5299
MG;São Tiago;2025;AJUSTE FUNDEB - ITCMD;-124,92;3165008;5299
MG;São Tiago;2025;AJUSTE FUNDEB - ITR;-20,21;3165008;5299
MG;São Tiago;2025;FUNDEB - COUN VAAR;15152,93;3165008;5299
MG;São Tiago;2025;FUNDEB - FPE;433756,67;3165008;5299
MG;São Tiago;2025;FUNDEB - FPM;1336276,77;3165008;5299
MG;São Tiago;2025;FUNDEB - FUNDEB - FTI;149847,44;3165008;5299
MG;São Tiago;2025;FUNDEB - ICMS;4227149,28;3165008;5299
MG;São Tiago;2025;FUNDEB - IPI-EXP;53933,13;3165008;5299
MG;São Tiago;2025;FUNDEB - IPVA;615376,07;3165008;5299
MG;São Tiago;2025;FUNDEB - ITCMD;106475,14;3165008;5299
MG;São Tiago;2025;FUNDEB - ITR;15297,47;3165008;5299
MG;São Tomás de Aquino;2025;AJUSTE FUNDEB - FPE;-15,49;3165107;5301
MG;São Tomás de Aquino;2025;AJUSTE FUNDEB - FPM;-46,23;3165107;5301
MG;São Tomás de Aquino;2025;AJUSTE FUNDEB - ICME;-150,68;3165107;5301
MG;São Tomás de Aquino;2025;AJUSTE FUNDEB - IPIE;-1,45;3165107;5301
MG;São Tomás de Aquino;2025;AJUSTE FUNDEB - IPVA;-23,22;3165107;5301
MG;São Tomás de Aquino;2025;AJUSTE FUNDEB - ITCMD;-3,89;3165107;5301
MG;São Tomás de Aquino;2025;AJUSTE FUNDEB - ITR;-0,47;3165107;5301
MG;São Tomás de Aquino;2025;FUNDEB - FPE;388523,81;3165107;5301
MG;São Tomás de Aquino;2025;FUNDEB - FPM;1196927,6;3165107;5301
MG;São Tomás de Aquino;2025;FUNDEB - ICMS;3789058,35;3165107;5301
MG;São Tomás de Aquino;2025;FUNDEB - IPI-EXP;48308;3165107;5301
MG;São Tomás de Aquino;2025;FUNDEB - IPVA;551108,46;3165107;5301
MG;São Tomás de Aquino;2025;FUNDEB - ITCMD;95353,66;3165107;5301
MG;São Tomás de Aquino;2025;FUNDEB - ITR;13695,08;3165107;5301
MG;São Vicente de Minas;2025;AJUSTE FUNDEB - FPE;-12,43;3165305;5305
MG;São Vicente de Minas;2025;AJUSTE FUNDEB - FPM;-37,2;3165305;5305
MG;São Vicente de Minas;2025;AJUSTE FUNDEB - ICME;-121,33;3165305;5305
MG;São Vicente de Minas;2025;AJUSTE FUNDEB - IPIE;-1,11;3165305;5305
MG;São Vicente de Minas;2025;AJUSTE FUNDEB - IPVA;-18,63;3165305;5305
MG;São Vicente de Minas;2025;AJUSTE FUNDEB - ITCMD;-3,18;3165305;5305
MG;São Vicente de Minas;2025;AJUSTE FUNDEB - ITR;-0,4;3165305;5305
MG;São Vicente de Minas;2025;FUNDEB - FPE;325125,84;3165305;5305
MG;São Vicente de Minas;2025;FUNDEB - FPM;1001617,23;3165305;5305
MG;São Vicente de Minas;2025;FUNDEB - ICMS;3173079,1;3165305;5305
MG;São Vicente de Minas;2025;FUNDEB - IPI-EXP;40425,22;3165305;5305
MG;São Vicente de Minas;2025;FUNDEB - IPVA;461221,1;3165305;5305
MG;São Vicente de Minas;2025;FUNDEB - ITCMD;79877,78;3165305;5305
MG;São Vicente de Minas;2025;FUNDEB - ITR;11480,22;3165305;5305
MG;Sapucaí-Mirim;2025;AJUSTE FUNDEB - AJUSTE FUNDEB VAAR;-545,38;3165404;5307
MG;Sapucaí-Mirim;2025;AJUSTE FUNDEB - FPE;-14,66;3165404;5307
MG;Sapucaí-Mirim;2025;AJUSTE FUNDEB - FPM;-44,07;3165404;5307
MG;Sapucaí-Mirim;2025;AJUSTE FUNDEB - ICME;-143,39;3165404;5307
MG;Sapucaí-Mirim;2025;AJUSTE FUNDEB - IPIE;-1,36;3165404;5307
MG;Sapucaí-Mirim;2025;AJUSTE FUNDEB - IPVA;-22,11;3165404;5307
MG;Sapucaí-Mirim;2025;AJUSTE FUNDEB - ITCMD;-3,7;3165404;5307
MG;Sapucaí-Mirim;2025;AJUSTE FUNDEB - ITR;-0,49;3165404;5307
MG;Sapucaí-Mirim;2025;FUNDEB - COUN VAAR;12168,37;3165404;5307
MG;Sapucaí-Mirim;2025;FUNDEB - FPE;412523,26;3165404;5307
MG;Sapucaí-Mirim;2025;FUNDEB - FPM;1270863,05;3165404;5307
MG;Sapucaí-Mirim;2025;FUNDEB - ICMS;4020817,27;3165404;5307
MG;Sapucaí-Mirim;2025;FUNDEB - IPI-EXP;51292,03;3165404;5307
MG;Sapucaí-Mirim;2025;FUNDEB - IPVA;585190,05;3165404;5307
MG;Sapucaí-Mirim;2025;FUNDEB - ITCMD;101324,25;3165404;5307
MG;Sapucaí-Mirim;2025;FUNDEB - ITR;14560,17;3165404;5307
MG;Sardoá;2025;AJUSTE FUNDEB - AJUSTE FUNDEB VAAR;-18722,11;3165503;5309
MG;Sardoá;2025;AJUSTE FUNDEB - AJUSTE FUNDEB VAAT;28611,81;3165503;5309
MG;Sardoá;2025;AJUSTE FUNDEB - FPE;-13,71;3165503;5309
MG;Sardoá;2025;AJUSTE FUNDEB - FPM;-41,05;3165503;5309
MG;Sardoá;2025;AJUSTE FUNDEB - ICME;-133,44;3165503;5309
MG;Sardoá;2025;AJUSTE FUNDEB - IPIE;-1,26;3165503;5309
MG;Sardoá;2025;AJUSTE FUNDEB - IPVA;-20,62;3165503;5309
MG;Sardoá;2025;AJUSTE FUNDEB - ITCMD;-3,38;3165503;5309
MG;Sardoá;2025;AJUSTE FUNDEB - ITR;-0,48;3165503;5309
MG;Sardoá;2025;FUNDEB - COUN VAAR;396457,81;3165503;5309
MG;Sardoá;2025;FUNDEB - COUN VAAT;3029162,95;3165503;5309
MG;Sardoá;2025;FUNDEB - FPE;540122,77;3165503;5309
MG;Sardoá;2025;FUNDEB - FPM;1663959,41;3165503;5309
MG;Sardoá;2025;FUNDEB - FUNDEB - FTI;147240,83;3165503;5309
MG;Sardoá;2025;FUNDEB - ICMS;5254545,29;3165503;5309
MG;Sardoá;2025;FUNDEB - IPI-EXP;67157,37;3165503;5309
MG;Sardoá;2025;FUNDEB - IPVA;765959,41;3165503;5309
MG;Sardoá;2025;FUNDEB - ITCMD;132173,17;3165503;5309
MG;Sardoá;2025;FUNDEB - ITR;18946,74;3165503;5309
MG;Sarzedo;2025;AJUSTE FUNDEB - AJUSTE FUNDEB VAAR;-101692,61;3165537;730
MG;Sarzedo;2025;AJUSTE FUNDEB - FPE;-3256,85;3165537;730
MG;Sarzedo;2025;AJUSTE FUNDEB - FPM;-10025,96;3165537;730
MG;Sarzedo;2025;AJUSTE FUNDEB - ICME;-32334,98;3165537;730
MG;Sarzedo;2025;AJUSTE FUNDEB - IPIE;-408,2;3165537;730
MG;Sarzedo;2025;AJUSTE FUNDEB - IPVA;-5176,88;3165537;730
MG;Sarzedo;2025;AJUSTE FUNDEB - ITCMD;-743,73;3165537;730
MG;Sarzedo;2025;AJUSTE FUNDEB - ITR;-120,52;3165537;730
MG;Sarzedo;2025;FUNDEB - COUN VAAR;1230837,85;3165537;730
MG;Sarzedo;2025;FUNDEB - FPE;2205578,23;3165537;730
MG;Sarzedo;2025;FUNDEB - FPM;6794738,21;3165537;730
MG;Sarzedo;2025;FUNDEB - ICMS;21494921,93;3165537;730
MG;Sarzedo;2025;FUNDEB - IPI-EXP;274241,62;3165537;730
MG;Sarzedo;2025;FUNDEB - IPVA;3128939,91;3165537;730
MG;Sarzedo;2025;FUNDEB - ITCMD;540936,25;3165537;730
MG;Sarzedo;2025;FUNDEB - ITR;77675,82;3165537;730
MG;Sem-Peixe;2025;AJUSTE FUNDEB - FPE;-4,13;3165560;734
MG;Sem-Peixe;2025;AJUSTE FUNDEB - FPM;-12,45;3165560;734
MG;Sem-Peixe;2025;AJUSTE FUNDEB - ICME;-40,39;3165560;734
MG;Sem-Peixe;2025;AJUSTE FUNDEB - IPIE;-0,39;3165560;734
MG;Sem-Peixe;2025;AJUSTE FUNDEB - IPVA;-6,37;3165560;734
MG;Sem-Peixe;2025;AJUSTE FUNDEB - ITCMD;-1,03;3165560;734
MG;Sem-Peixe;2025;AJUSTE FUNDEB - ITR;-0,12;3165560;734
MG;Sem-Peixe;2025;FUNDEB - FPE;99604,23;3165560;734
MG;Sem-Peixe;2025;FUNDEB - FPM;306851,47;3165560;734
MG;Sem-Peixe;2025;FUNDEB - ICMS;971734,72;3165560;734
MG;Sem-Peixe;2025;FUNDEB - IPI-EXP;12384,51;3165560;734
MG;Sem-Peixe;2025;FUNDEB - IPVA;141286,24;3165560;734
MG;Sem-Peixe;2025;FUNDEB - ITCMD;24447,11;3165560;734
MG;Sem-Peixe;2025;FUNDEB - ITR;3511,35;3165560;734
MG;Senador Amaral;2025;AJUSTE FUNDEB - AJUSTE FUNDEB VAAT;29778,19;3165578;2689
MG;Senador Amaral;2025;AJUSTE FUNDEB - FPE;-15,33;3165578;2689
MG;Senador Amaral;2025;AJUSTE FUNDEB - FPM;-45,81;3165578;2689
MG;Senador Amaral;2025;AJUSTE FUNDEB - ICME;-149,13;3165578;2689
MG;Senador Amaral;2025;AJUSTE FUNDEB - IPIE;-1,46;3165578;2689
MG;Senador Amaral;2025;AJUSTE FUNDEB - IPVA;-23,08;3165578;2689
MG;Senador Amaral;2025;AJUSTE FUNDEB - ITCMD;-3,92;3165578;2689
MG;Senador Amaral;2025;AJUSTE FUNDEB - ITR;-0,46;3165578;2689
MG;Senador Amaral;2025;FUNDEB - COUN VAAT;1427433,23;3165578;2689
MG;Senador Amaral;2025;FUNDEB - FPE;442608,8;3165578;2689
MG;Senador Amaral;2025;FUNDEB - FPM;1363547,57;3165578;2689
MG;Senador Amaral;2025;FUNDEB - ICMS;4308494,7;3165578;2689
MG;Senador Amaral;2025;FUNDEB - IPI-EXP;55032,79;3165578;2689
MG;Senador Amaral;2025;FUNDEB - IPVA;627795,31;3165578;2689
MG;Senador Amaral;2025;FUNDEB - ITCMD;108563,49;3165578;2689
MG;Senador Amaral;2025;FUNDEB - ITR;15586,24;3165578;2689
MG;Senador Cortes;2025;AJUSTE FUNDEB - FPE;-10,25;3165602;5311
MG;Senador Cortes;2025;AJUSTE FUNDEB - FPM;-30,9;3165602;5311
MG;Senador Cortes;2025;AJUSTE FUNDEB - ICME;-100,63;3165602;5311
MG;Senador Cortes;2025;AJUSTE FUNDEB - IPIE;-0,94;3165602;5311
MG;Senador Cortes;2025;AJUSTE FUNDEB - IPVA;-15,47;3165602;5311
MG;Senador Cortes;2025;AJUSTE FUNDEB - ITCMD;-2,6;3165602;5311
MG;Senador Cortes;2025;AJUSTE FUNDEB - ITR;-0,39;3165602;5311
MG;Senador Cortes;2025;FUNDEB - FPE;250112,13;3165602;5311
MG;Senador Cortes;2025;FUNDEB - FPM;770522,02;3165602;5311
MG;Senador Cortes;2025;FUNDEB - FUNDEB - FTI;95689,09;3165602;5311
MG;Senador Cortes;2025;FUNDEB - ICMS;2439191,33;3165602;5311
MG;Senador Cortes;2025;FUNDEB - IPI-EXP;31098,26;3165602;5311
MG;Senador Cortes;2025;FUNDEB - IPVA;354759,7;3165602;5311
MG;Senador Cortes;2025;FUNDEB - ITCMD;61350,27;3165602;5311
MG;Senador Cortes;2025;FUNDEB - ITR;8808,16;3165602;5311
MG;Senador Firmino;2025;AJUSTE FUNDEB - AJUSTE FUNDEB VAAR;-31516,69;3165701;5313
MG;Senador Firmino;2025;AJUSTE FUNDEB - FPE;-17,63;3165701;5313
MG;Senador Firmino;2025;AJUSTE FUNDEB - FPM;-53,05;3165701;5313
MG;Senador Firmino;2025;AJUSTE FUNDEB - ICME;-172,5;3165701;5313
MG;Senador Firmino;2025;AJUSTE FUNDEB - IPIE;-1,65;3165701;5313
MG;Senador Firmino;2025;AJUSTE FUNDEB - IPVA;-26,55;3165701;5313
MG;Senador Firmino;2025;AJUSTE FUNDEB - ITCMD;-4,52;3165701;5313
MG;Senador Firmino;2025;AJUSTE FUNDEB - ITR;-0,55;3165701;5313
MG;Senador Firmino;2025;FUNDEB - COUN VAAR;425879,47;3165701;5313
MG;Senador Firmino;2025;FUNDEB - FPE;390849,85;3165701;5313
MG;Senador Firmino;2025;FUNDEB - FPM;1204093,58;3165701;5313
MG;Senador Firmino;2025;FUNDEB - FUNDEB - FTI;184222,61;3165701;5313
MG;Senador Firmino;2025;FUNDEB - ICMS;3813595,39;3165701;5313
MG;Senador Firmino;2025;FUNDEB - IPI-EXP;48597,2;3165701;5313
MG;Senador Firmino;2025;FUNDEB - IPVA;554406,58;3165701;5313
MG;Senador Firmino;2025;FUNDEB - ITCMD;95921,68;3165701;5313
MG;Senador Firmino;2025;FUNDEB - ITR;13776,35;3165701;5313
MG;Senador José Bento;2025;AJUSTE FUNDEB - FPE;-4,27;3165800;5315
MG;Senador José Bento;2025;AJUSTE FUNDEB - FPM;-12,73;3165800;5315
MG;Senador José Bento;2025;AJUSTE FUNDEB - ICME;-41,28;3165800;5315
MG;Senador José Bento;2025;AJUSTE FUNDEB - IPIE;-0,41;3165800;5315
MG;Senador José Bento;2025;AJUSTE FUNDEB - IPVA;-6,33;3165800;5315
MG;Senador José Bento;2025;AJUSTE FUNDEB - ITCMD;-1,03;3165800;5315
MG;Senador José Bento;2025;AJUSTE FUNDEB - ITR;-0,14;3165800;5315
MG;Senador José Bento;2025;FUNDEB - FPE;115067,94;3165800;5315
MG;Senador José Bento;2025;FUNDEB - FPM;354490,6;3165800;5315
MG;Senador José Bento;2025;FUNDEB - ICMS;1121846,6;3165800;5315
MG;Senador José Bento;2025;FUNDEB - IPI-EXP;14307,25;3165800;5315
MG;Senador José Bento;2025;FUNDEB - IPVA;163209,41;3165800;5315
MG;Senador José Bento;2025;FUNDEB - ITCMD;28218,2;3165800;5315
MG;Senador José Bento;2025;FUNDEB - ITR;4050,69;3165800;5315
MG;Senador Modestino Gonçalves;2025;AJUSTE FUNDEB - AJUSTE FUNDEB VAAR;-5256,65;3165909;5317
MG;Senador Modestino Gonçalves;2025;AJUSTE FUNDEB - FPE;-7,94;3165909;5317
MG;Senador Modestino Gonçalves;2025;AJUSTE FUNDEB - FPM;-23,85;3165909;5317
MG;Senador Modestino Gonçalves;2025;AJUSTE FUNDEB - ICME;-77,83;3165909;5317
MG;Senador Modestino Gonçalves;2025;AJUSTE FUNDEB - IPIE;-0,77;3165909;5317
MG;Senador Modestino Gonçalves;2025;AJUSTE FUNDEB - IPVA;-11,84;3165909;5317
MG;Senador Modestino Gonçalves;2025;AJUSTE FUNDEB - ITCMD;-2,04;3165909;5317
MG;Senador Modestino Gonçalves;2025;AJUSTE FUNDEB - ITR;-0,25;3165909;5317
MG;Senador Modestino Gonçalves;2025;FUNDEB - COUN VAAR;84100,48;3165909;5317
MG;Senador Modestino Gonçalves;2025;FUNDEB - FPE;179478,35;3165909;5317
MG;Senador Modestino Gonçalves;2025;FUNDEB - FPM;552919,93;3165909;5317
MG;Senador Modestino Gonçalves;2025;FUNDEB - FUNDEB - FTI;107447,57;3165909;5317
MG;Senador Modestino Gonçalves;2025;FUNDEB - ICMS;1755629,06;3165909;5317
MG;Senador Modestino Gonçalves;2025;FUNDEB - IPI-EXP;22315,83;3165909;5317
MG;Senador Modestino Gonçalves;2025;FUNDEB - IPVA;254604,75;3165909;5317
MG;Senador Modestino Gonçalves;2025;FUNDEB - ITCMD;44090,98;3165909;5317
MG;Senador Modestino Gonçalves;2025;FUNDEB - ITR;6336,53;3165909;5317
MG;Senhora de Oliveira;2025;AJUSTE FUNDEB - FPE;-10,45;3166006;5319
MG;Senhora de Oliveira;2025;AJUSTE FUNDEB - FPM;-31,2;3166006;5319
MG;Senhora de Oliveira;2025;AJUSTE FUNDEB - ICME;-101,53;3166006;5319
MG;Senhora de Oliveira;2025;AJUSTE FUNDEB - IPIE;-1,01;3166006;5319
MG;Senhora de Oliveira;2025;AJUSTE FUNDEB - IPVA;-15,64;3166006;5319
MG;Senhora de Oliveira;2025;AJUSTE FUNDEB - ITCMD;-2,6;3166006;5319
MG;Senhora de Oliveira;2025;AJUSTE FUNDEB - ITR;-0,31;3166006;5319
MG;Senhora de Oliveira;2025;FUNDEB - FPE;226133,83;3166006;5319
MG;Senhora de Oliveira;2025;FUNDEB - FPM;696651,81;3166006;5319
MG;Senhora de Oliveira;2025;FUNDEB - ICMS;2209465,97;3166006;5319
MG;Senhora de Oliveira;2025;FUNDEB - IPI-EXP;28116,84;3166006;5319
MG;Senhora de Oliveira;2025;FUNDEB - IPVA;320801,4;3166006;5319
MG;Senhora de Oliveira;2025;FUNDEB - ITCMD;55577,17;3166006;5319
MG;Senhora de Oliveira;2025;FUNDEB - ITR;7989,57;3166006;5319
MG;Senhora do Porto;2025;AJUSTE FUNDEB - AJUSTE FUNDEB VAAR;-9812,73;3166105;5321
MG;Senhora do Porto;2025;AJUSTE FUNDEB - FPE;-6,66;3166105;5321
MG;Senhora do Porto;2025;AJUSTE FUNDEB - FPM;-20,01;3166105;5321
MG;Senhora do Porto;2025;AJUSTE FUNDEB - ICME;-65,06;3166105;5321
MG;Senhora do Porto;2025;AJUSTE FUNDEB - IPIE;-0,63;3166105;5321
MG;Senhora do Porto;2025;AJUSTE FUNDEB - IPVA;-9,98;3166105;5321
MG;Senhora do Porto;2025;AJUSTE FUNDEB - ITCMD;-1,65;3166105;5321
MG;Senhora do Porto;2025;AJUSTE FUNDEB - ITR;-0,19;3166105;5321
MG;Senhora do Porto;2025;FUNDEB - COUN VAAR;145403,96;3166105;5321
MG;Senhora do Porto;2025;FUNDEB - FPE;142673,31;3166105;5321
MG;Senhora do Porto;2025;FUNDEB - FPM;439534,53;3166105;5321
MG;Senhora do Porto;2025;FUNDEB - ICMS;1401315,16;3166105;5321
MG;Senhora do Porto;2025;FUNDEB - IPI-EXP;17739,64;3166105;5321
MG;Senhora do Porto;2025;FUNDEB - IPVA;202392,76;3166105;5321
MG;Senhora do Porto;2025;FUNDEB - ITCMD;35047,26;3166105;5321
MG;Senhora do Porto;2025;FUNDEB - ITR;5036,62;3166105;5321
MG;Senhora dos Remédios;2025;AJUSTE FUNDEB - AJUSTE FUNDEB VAAR;-14855,05;3166204;5323
MG;Senhora dos Remédios;2025;AJUSTE FUNDEB - FPE;-7,39;3166204;5323
MG;Senhora dos Remédios;2025;AJUSTE FUNDEB - FPM;-22,21;3166204;5323
MG;Senhora dos Remédios;2025;AJUSTE FUNDEB - ICME;-72,45;3166204;5323
MG;Senhora dos Remédios;2025;AJUSTE FUNDEB - IPIE;-0,76;3166204;5323
MG;Senhora dos Remédios;2025;AJUSTE FUNDEB - IPVA;-11,11;3166204;5323
MG;Senhora dos Remédios;2025;AJUSTE FUNDEB - ITCMD;-1,9;3166204;5323
MG;Senhora dos Remédios;2025;AJUSTE FUNDEB - ITR;-0,28;3166204;5323
MG;Senhora dos Remédios;2025;FUNDEB - COUN VAAR;219647,3;3166204;5323
MG;Senhora dos Remédios;2025;FUNDEB - FPE;238468,65;3166204;5323
MG;Senhora dos Remédios;2025;FUNDEB - FPM;734651,86;3166204;5323
MG;Senhora dos Remédios;2025;FUNDEB - ICMS;2321139,83;3166204;5323
MG;Senhora dos Remédios;2025;FUNDEB - IPI-EXP;29650,57;3166204;5323
MG;Senhora dos Remédios;2025;FUNDEB - IPVA;338229,37;3166204;5323
MG;Senhora dos Remédios;2025;FUNDEB - ITCMD;58462,79;3166204;5323
MG;Senhora dos Remédios;2025;FUNDEB - ITR;8390,67;3166204;5323
MG;Sericita;2025;AJUSTE FUNDEB - AJUSTE FUNDEB VAAR;-17735,67;3166303;5325
MG;Sericita;2025;AJUSTE FUNDEB - FPE;-17,4;3166303;5325
MG;Sericita;2025;AJUSTE FUNDEB - FPM;-52,25;3166303;5325
MG;Sericita;2025;AJUSTE FUNDEB - ICME;-169,91;3166303;5325
MG;Sericita;2025;AJUSTE FUNDEB - IPIE;-1,61;3166303;5325
MG;Sericita;2025;AJUSTE FUNDEB - IPVA;-26,17;3166303;5325
MG;Sericita;2025;AJUSTE FUNDEB - ITCMD;-4,48;3166303;5325
MG;Sericita;2025;AJUSTE FUNDEB - ITR;-0,56;3166303;5325
MG;Sericita;2025;FUNDEB - COUN VAAR;240954,52;3166303;5325
MG;Sericita;2025;FUNDEB - COUN VAAT;111985,28;3166303;5325
MG;Sericita;2025;FUNDEB - FPE;420353,37;3166303;5325
MG;Sericita;2025;FUNDEB - FPM;1294985,28;3166303;5325
MG;Sericita;2025;FUNDEB - FUNDEB - FTI;90014,62;3166303;5325
MG;Sericita;2025;FUNDEB - ICMS;4102261,32;3166303;5325
MG;Sericita;2025;FUNDEB - IPI-EXP;52265,6;3166303;5325
MG;Sericita;2025;FUNDEB - IPVA;596259,76;3166303;5325
MG;Sericita;2025;FUNDEB - ITCMD;103169,67;3166303;5325
MG;Sericita;2025;FUNDEB - ITR;14817,99;3166303;5325
MG;Seritinga;2025;AJUSTE FUNDEB - AJUSTE FUNDEB VAAR;-769,97;3166402;5327
MG;Seritinga;2025;AJUSTE FUNDEB - FPE;-5,28;3166402;5327
MG;Seritinga;2025;AJUSTE FUNDEB - FPM;-15,88;3166402;5327
MG;Seritinga;2025;AJUSTE FUNDEB - ICME;-51,6;3166402;5327
MG;Seritinga;2025;AJUSTE FUNDEB - IPIE;-0,47;3166402;5327
MG;Seritinga;2025;AJUSTE FUNDEB - IPVA;-7,83;3166402;5327
MG;Seritinga;2025;AJUSTE FUNDEB - ITCMD;-1,31;3166402;5327
MG;Seritinga;2025;AJUSTE FUNDEB - ITR;-0,19;3166402;5327
MG;Seritinga;2025;FUNDEB - COUN VAAR;4789,68;3166402;5327
MG;Seritinga;2025;FUNDEB - FPE;138263,29;3166402;5327
MG;Seritinga;2025;FUNDEB - FPM;425948,52;3166402;5327
MG;Seritinga;2025;FUNDEB - ICMS;1348772,77;3166402;5327
MG;Seritinga;2025;FUNDEB - IPI-EXP;17191,27;3166402;5327
MG;Seritinga;2025;FUNDEB - IPVA;196126,84;3166402;5327
MG;Seritinga;2025;FUNDEB - ITCMD;33943,61;3166402;5327
MG;Seritinga;2025;FUNDEB - ITR;4876,09;3166402;5327
MG;Serra Azul de Minas;2025;AJUSTE FUNDEB - AJUSTE FUNDEB VAAR;-13773,4;3166501;5329
MG;Serra Azul de Minas;2025;AJUSTE FUNDEB - FPE;-6,93;3166501;5329
MG;Serra Azul de Minas;2025;AJUSTE FUNDEB - FPM;-20,6;3166501;5329
MG;Serra Azul de Minas;2025;AJUSTE FUNDEB - ICME;-67,17;3166501;5329
MG;Serra Azul de Minas;2025;AJUSTE FUNDEB - IPIE;-0,63;3166501;5329
MG;Serra Azul de Minas;2025;AJUSTE FUNDEB - IPVA;-10,44;3166501;5329
MG;Serra Azul de Minas;2025;AJUSTE FUNDEB - ITCMD;-1,71;3166501;5329
MG;Serra Azul de Minas;2025;AJUSTE FUNDEB - ITR;-0,23;3166501;5329
MG;Serra Azul de Minas;2025;FUNDEB - COUN VAAR;168581,12;3166501;5329
MG;Serra Azul de Minas;2025;FUNDEB - FPE;174739,38;3166501;5329
MG;Serra Azul de Minas;2025;FUNDEB - FPM;538320,64;3166501;5329
MG;Serra Azul de Minas;2025;FUNDEB - ICMS;1707500,33;3166501;5329
MG;Serra Azul de Minas;2025;FUNDEB - IPI-EXP;21726,61;3166501;5329
MG;Serra Azul de Minas;2025;FUNDEB - IPVA;247864,22;3166501;5329
MG;Serra Azul de Minas;2025;FUNDEB - ITCMD;42889,65;3166501;5329
MG;Serra Azul de Minas;2025;FUNDEB - ITR;6160,33;3166501;5329
MG;Serra da Saudade;2025;AJUSTE FUNDEB - FPE;-2,48;3166600;5331
MG;Serra da Saudade;2025;AJUSTE FUNDEB - FPM;-7,36;3166600;5331
MG;Serra da Saudade;2025;AJUSTE FUNDEB - ICME;-23,9;3166600;5331
MG;Serra da Saudade;2025;AJUSTE FUNDEB - IPIE;-0,24;3166600;5331
MG;Serra da Saudade;2025;AJUSTE FUNDEB - IPVA;-3,63;3166600;5331
MG;Serra da Saudade;2025;AJUSTE FUNDEB - ITCMD;-0,59;3166600;5331
MG;Serra da Saudade;2025;AJUSTE FUNDEB - ITR;-0,08;3166600;5331
MG;Serra da Saudade;2025;FUNDEB - FPE;47374,35;3166600;5331
MG;Serra da Saudade;2025;FUNDEB - FPM;145946,41;3166600;5331
MG;Serra da Saudade;2025;FUNDEB - ICMS;464123,78;3166600;5331
MG;Serra da Saudade;2025;FUNDEB - IPI-EXP;5890,4;3166600;5331
MG;Serra da Saudade;2025;FUNDEB - IPVA;67204,73;3166600;5331
MG;Serra da Saudade;2025;FUNDEB - ITCMD;11638,83;3166600;5331
MG;Serra da Saudade;2025;FUNDEB - ITR;1672,73;3166600;5331
MG;Serra do Salitre;2025;AJUSTE FUNDEB - FPE;-35,59;3166808;5335
MG;Serra do Salitre;2025;AJUSTE FUNDEB - FPM;-106,86;3166808;5335
MG;Serra do Salitre;2025;AJUSTE FUNDEB - ICME;-347,7;3166808;5335
MG;Serra do Salitre;2025;AJUSTE FUNDEB - IPIE;-3,35;3166808;5335
MG;Serra do Salitre;2025;AJUSTE FUNDEB - IPVA;-53,39;3166808;5335
MG;Serra do Salitre;2025;AJUSTE FUNDEB - ITCMD;-9,05;3166808;5335
MG;Serra do Salitre;2025;AJUSTE FUNDEB - ITR;-1,14;3166808;5335
MG;Serra do Salitre;2025;FUNDEB - FPE;854073,5;3166808;5335
MG;Serra do Salitre;2025;FUNDEB - FPM;2631149,52;3166808;5335
MG;Serra do Salitre;2025;FUNDEB - ICMS;8316381,76;3166808;5335
MG;Serra do Salitre;2025;FUNDEB - IPI-EXP;106193,16;3166808;5335
MG;Serra do Salitre;2025;FUNDEB - IPVA;1211610,67;3166808;5335
MG;Serra do Salitre;2025;FUNDEB - ITCMD;209890,25;3166808;5335
MG;Serra do Salitre;2025;FUNDEB - ITR;30171,49;3166808;5335
MG;Serra dos Aimorés;2025;AJUSTE FUNDEB - AJUSTE FUNDEB VAAR;-27115,22;3166709;5333
MG;Serra dos Aimorés;2025;AJUSTE FUNDEB - FPE;-13,71;3166709;5333
MG;Serra dos Aimorés;2025;AJUSTE FUNDEB - FPM;-41,19;3166709;5333
MG;Serra dos Aimorés;2025;AJUSTE FUNDEB - ICME;-133,74;3166709;5333
MG;Serra dos Aimorés;2025;AJUSTE FUNDEB - IPIE;-1,28;3166709;5333
MG;Serra dos Aimorés;2025;AJUSTE FUNDEB - IPVA;-20,83;3166709;5333
MG;Serra dos Aimorés;2025;AJUSTE FUNDEB - ITCMD;-3,48;3166709;5333
MG;Serra dos Aimorés;2025;AJUSTE FUNDEB - ITR;-0,42;3166709;5333
MG;Serra dos Aimorés;2025;FUNDEB - COUN VAAR;352592,92;3166709;5333
MG;Serra dos Aimorés;2025;FUNDEB - COUN VAAT;755810,71;3166709;5333
MG;Serra dos Aimorés;2025;FUNDEB - FPE;386676,67;3166709;5333
MG;Serra dos Aimorés;2025;FUNDEB - FPM;1191237,22;3166709;5333
MG;Serra dos Aimorés;2025;FUNDEB - FUNDEB - FTI;172708,7;3166709;5333
MG;Serra dos Aimorés;2025;FUNDEB - ICMS;3771432,52;3166709;5333
MG;Serra dos Aimorés;2025;FUNDEB - IPI-EXP;48078,34;3166709;5333
MG;Serra dos Aimorés;2025;FUNDEB - IPVA;548380,82;3166709;5333
MG;Serra dos Aimorés;2025;FUNDEB - ITCMD;94678,12;3166709;5333
MG;Serra dos Aimorés;2025;FUNDEB - ITR;13577,1;3166709;5333
MG;Serrania;2025;AJUSTE FUNDEB - AJUSTE FUNDEB VAAR;-24671,84;3166907;5337
MG;Serrania;2025;AJUSTE FUNDEB - FPE;-14,98;3166907;5337
MG;Serrania;2025;AJUSTE FUNDEB - FPM;-44,83;3166907;5337
MG;Serrania;2025;AJUSTE FUNDEB - ICME;-146,02;3166907;5337
MG;Serrania;2025;AJUSTE FUNDEB - IPIE;-1,47;3166907;5337
MG;Serrania;2025;AJUSTE FUNDEB - IPVA;-22,37;3166907;5337
MG;Serrania;2025;AJUSTE FUNDEB - ITCMD;-3,8;3166907;5337
MG;Serrania;2025;AJUSTE FUNDEB - ITR;-0,47;3166907;5337
MG;Serrania;2025;FUNDEB - COUN VAAR;366087,43;3166907;5337
MG;Serrania;2025;FUNDEB - FPE;381877,31;3166907;5337
MG;Serrania;2025;FUNDEB - FPM;1176451,77;3166907;5337
MG;Serrania;2025;FUNDEB - FUNDEB - FTI;133332,11;3166907;5337
MG;Serrania;2025;FUNDEB - ICMS;3728768,42;3166907;5337
MG;Serrania;2025;FUNDEB - IPI-EXP;47481,6;3166907;5337
MG;Serrania;2025;FUNDEB - IPVA;541705,25;3166907;5337
MG;Serrania;2025;FUNDEB - ITCMD;93773,24;3166907;5337
MG;Serrania;2025;FUNDEB - ITR;13472,85;3166907;5337
MG;Serranópolis de Minas;2025;AJUSTE FUNDEB - AJUSTE FUNDEB VAAR;-9459,83;3166956;736
MG;Serranópolis de Minas;2025;AJUSTE FUNDEB - FPE;-11,99;3166956;736
MG;Serranópolis de Minas;2025;AJUSTE FUNDEB - FPM;-35,73;3166956;736
MG;Serranópolis de Minas;2025;AJUSTE FUNDEB - ICME;-116,16;3166956;736
MG;Serranópolis de Minas;2025;AJUSTE FUNDEB - IPIE;-1,06;3166956;736
MG;Serranópolis de Minas;2025;AJUSTE FUNDEB - IPVA;-17,78;3166956;736
MG;Serranópolis de Minas;2025;AJUSTE FUNDEB - ITCMD;-3,03;3166956;736
MG;Serranópolis de Minas;2025;AJUSTE FUNDEB - ITR;-0,36;3166956;736
MG;Serranópolis de Minas;2025;FUNDEB - COUN VAAR;141987,87;3166956;736
MG;Serranópolis de Minas;2025;FUNDEB - FPE;292046,89;3166956;736
MG;Serranópolis de Minas;2025;FUNDEB - FPM;899710,6;3166956;736
MG;Serranópolis de Minas;2025;FUNDEB - FUNDEB - FTI;102681,36;3166956;736
MG;Serranópolis de Minas;2025;FUNDEB - ICMS;2850678,05;3166956;736
MG;Serranópolis de Minas;2025;FUNDEB - IPI-EXP;36312,27;3166956;736
MG;Serranópolis de Minas;2025;FUNDEB - IPVA;414257,66;3166956;736
MG;Serranópolis de Minas;2025;FUNDEB - ITCMD;71673,09;3166956;736
MG;Serranópolis de Minas;2025;FUNDEB - ITR;10293,69;3166956;736
MG;Serranos;2025;AJUSTE FUNDEB - AJUSTE FUNDEB VAAR;-673,73;3167004;5339
MG;Serranos;2025;AJUSTE FUNDEB - FPE;-5,03;3167004;5339
MG;Serranos;2025;AJUSTE FUNDEB - FPM;-15,06;3167004;5339
MG;Serranos;2025;AJUSTE FUNDEB - ICME;-48,8;3167004;5339
MG;Serranos;2025;AJUSTE FUNDEB - IPIE;-0,47;3167004;5339
MG;Serranos;2025;AJUSTE FUNDEB - IPVA;-7,53;3167004;5339
MG;Serranos;2025;AJUSTE FUNDEB - ITCMD;-1,3;3167004;5339
MG;Serranos;2025;AJUSTE FUNDEB - ITR;-0,16;3167004;5339
MG;Serranos;2025;FUNDEB - COUN VAAR;4264,68;3167004;5339
MG;Serranos;2025;FUNDEB - FPE;130912,87;3167004;5339
MG;Serranos;2025;FUNDEB - FPM;403304,11;3167004;5339
MG;Serranos;2025;FUNDEB - ICMS;1277731,65;3167004;5339
MG;Serranos;2025;FUNDEB - IPI-EXP;16277,37;3167004;5339
MG;Serranos;2025;FUNDEB - IPVA;185715,57;3167004;5339
MG;Serranos;2025;FUNDEB - ITCMD;32170,2;3167004;5339
MG;Serranos;2025;FUNDEB - ITR;4624,27;3167004;5339
MG;Serro;2025;AJUSTE FUNDEB - AJUSTE FUNDEB VAAR;-19186,15;3167103;5341
MG;Serro;2025;AJUSTE FUNDEB - FPE;-22,67;3167103;5341
MG;Serro;2025;AJUSTE FUNDEB - FPM;-67,8;3167103;5341
MG;Serro;2025;AJUSTE FUNDEB - ICME;-220,64;3167103;5341
MG;Serro;2025;AJUSTE FUNDEB - IPIE;-2,13;3167103;5341
MG;Serro;2025;AJUSTE FUNDEB - IPVA;-34,02;3167103;5341
MG;Serro;2025;AJUSTE FUNDEB - ITCMD;-5,72;3167103;5341
MG;Serro;2025;AJUSTE FUNDEB - ITR;-0,69;3167103;5341
MG;Serro;2025;FUNDEB - COUN VAAR;239502,24;3167103;5341
MG;Serro;2025;FUNDEB - FPE;556334,1;3167103;5341
MG;Serro;2025;FUNDEB - FPM;1713901,78;3167103;5341
MG;Serro;2025;FUNDEB - ICMS;5435886,82;3167103;5341
MG;Serro;2025;FUNDEB - IPI-EXP;69173,05;3167103;5341
MG;Serro;2025;FUNDEB - IPVA;789206,03;3167103;5341
MG;Serro;2025;FUNDEB - ITCMD;136670,79;3167103;5341
MG;Serro;2025;FUNDEB - ITR;19641,65;3167103;5341
MG;Sete Lagoas;2025;AJUSTE FUNDEB - FPE;-315,24;3167202;5343
MG;Sete Lagoas;2025;AJUSTE FUNDEB - FPM;-945,55;3167202;5343
MG;Sete Lagoas;2025;AJUSTE FUNDEB - ICME;-3076,63;3167202;5343
MG;Sete Lagoas;2025;AJUSTE FUNDEB - IPIE;-29,47;3167202;5343
MG;Sete Lagoas;2025;AJUSTE FUNDEB - IPVA;-473,23;3167202;5343
MG;Sete Lagoas;2025;AJUSTE FUNDEB - ITCMD;-79,68;3167202;5343
MG;Sete Lagoas;2025;AJUSTE FUNDEB - ITR;-10,35;3167202;5343
MG;Sete Lagoas;2025;FUNDEB - FPE;7115288,59;3167202;5343
MG;Sete Lagoas;2025;FUNDEB - FPM;21920113,17;3167202;5343
MG;Sete Lagoas;2025;FUNDEB - ICMS;69501401,56;3167202;5343
MG;Sete Lagoas;2025;FUNDEB - IPI-EXP;884695,5;3167202;5343
MG;Sete Lagoas;2025;FUNDEB - IPVA;10093606,09;3167202;5343
MG;Sete Lagoas;2025;FUNDEB - ITCMD;1747922,24;3167202;5343
MG;Sete Lagoas;2025;FUNDEB - ITR;251198,46;3167202;5343
MG;Setubinha;2025;AJUSTE FUNDEB - AJUSTE FUNDEB VAAR;-4729,28;3165552;732
MG;Setubinha;2025;AJUSTE FUNDEB - FPE;-13,5;3165552;732
MG;Setubinha;2025;AJUSTE FUNDEB - FPM;-40,46;3165552;732
MG;Setubinha;2025;AJUSTE FUNDEB - ICME;-131,69;3165552;732
MG;Setubinha;2025;AJUSTE FUNDEB - IPIE;-1,2;3165552;732
MG;Setubinha;2025;AJUSTE FUNDEB - IPVA;-20,24;3165552;732
MG;Setubinha;2025;AJUSTE FUNDEB - ITCMD;-3,42;3165552;732
MG;Setubinha;2025;AJUSTE FUNDEB - ITR;-0,49;3165552;732
MG;Setubinha;2025;FUNDEB - COUN VAAR;15963,84;3165552;732
MG;Setubinha;2025;FUNDEB - FPE;329111,09;3165552;732
MG;Setubinha;2025;FUNDEB - FPM;1013894,54;3165552;732
MG;Setubinha;2025;FUNDEB - ICMS;3214849,62;3165552;732
MG;Setubinha;2025;FUNDEB - IPI-EXP;40920,77;3165552;732
MG;Setubinha;2025;FUNDEB - IPVA;466885,14;3165552;732
MG;Setubinha;2025;FUNDEB - ITCMD;80879,06;3165552;732
MG;Setubinha;2025;FUNDEB - ITR;11626,19;3165552;732
MG;Silveirânia;2025;AJUSTE FUNDEB - AJUSTE FUNDEB VAAR;-8683,95;3167301;5345
MG;Silveirânia;2025;AJUSTE FUNDEB - FPE;-3,64;3167301;5345
MG;Silveirânia;2025;AJUSTE FUNDEB - FPM;-10,98;3167301;5345
MG;Silveirânia;2025;AJUSTE FUNDEB - ICME;-35,66;3167301;5345
MG;Silveirânia;2025;AJUSTE FUNDEB - IPIE;-0,33;3167301;5345
MG;Silveirânia;2025;AJUSTE FUNDEB - IPVA;-5,36;3167301;5345
MG;Silveirânia;2025;AJUSTE FUNDEB - ITCMD;-0,92;3167301;5345
MG;Silveirânia;2025;AJUSTE FUNDEB - ITR;-0,14;3167301;5345
MG;Silveirânia;2025;FUNDEB - COUN VAAR;128580,31;3167301;5345
MG;Silveirânia;2025;FUNDEB - FPE;126283,72;3167301;5345
MG;Silveirânia;2025;FUNDEB - FPM;389042,99;3167301;5345
MG;Silveirânia;2025;FUNDEB - FUNDEB - FTI;28784,74;3167301;5345
MG;Silveirânia;2025;FUNDEB - ICMS;1229036,18;3167301;5345
MG;Silveirânia;2025;FUNDEB - IPI-EXP;15701,74;3167301;5345
MG;Silveirânia;2025;FUNDEB - IPVA;179078,71;3167301;5345
MG;Silveirânia;2025;FUNDEB - ITCMD;30888,94;3167301;5345
MG;Silveirânia;2025;FUNDEB - ITR;4426,54;3167301;5345
MG;Silvianópolis;2025;AJUSTE FUNDEB - AJUSTE FUNDEB VAAR;-14032,43;3167400;5347
MG;Silvianópolis;2025;AJUSTE FUNDEB - FPE;-10,3;3167400;5347
MG;Silvianópolis;2025;AJUSTE FUNDEB - FPM;-30,89;3167400;5347
MG;Silvianópolis;2025;AJUSTE FUNDEB - ICME;-100,43;3167400;5347
MG;Silvianópolis;2025;AJUSTE FUNDEB - IPIE;-0,93;3167400;5347
MG;Silvianópolis;2025;AJUSTE FUNDEB - IPVA;-15,51;3167400;5347
MG;Silvianópolis;2025;AJUSTE FUNDEB - ITCMD;-2,64;3167400;5347
MG;Silvianópolis;2025;AJUSTE FUNDEB - ITR;-0,33;3167400;5347
MG;Silvianópolis;2025;FUNDEB - COUN VAAR;163616,45;3167400;5347
MG;Silvianópolis;2025;FUNDEB - COUN VAAT;124914,27;3167400;5347
MG;Silvianópolis;2025;FUNDEB - FPE;296293,73;3167400;5347
MG;Silvianópolis;2025;FUNDEB - FPM;912793,95;3167400;5347
MG;Silvianópolis;2025;FUNDEB - ICMS;2889170,15;3167400;5347
MG;Silvianópolis;2025;FUNDEB - IPI-EXP;36840,34;3167400;5347
MG;Silvianópolis;2025;FUNDEB - IPVA;420231,69;3167400;5347
MG;Silvianópolis;2025;FUNDEB - ITCMD;72611,92;3167400;5347
MG;Silvianópolis;2025;FUNDEB - ITR;10418,79;3167400;5347
MG;Simão Pereira;2025;AJUSTE FUNDEB - AJUSTE FUNDEB VAAR;-2322,95;3167509;5349
MG;Simão Pereira;2025;AJUSTE FUNDEB - FPE;-8,21;3167509;5349
MG;Simão Pereira;2025;AJUSTE FUNDEB - FPM;-24,57;3167509;5349
MG;Simão Pereira;2025;AJUSTE FUNDEB - ICME;-80,04;3167509;5349
MG;Simão Pereira;2025;AJUSTE FUNDEB - IPIE;-0,77;3167509;5349
MG;Simão Pereira;2025;AJUSTE FUNDEB - IPVA;-12,21;3167509;5349
MG;Simão Pereira;2025;AJUSTE FUNDEB - ITCMD;-2,05;3167509;5349
MG;Simão Pereira;2025;AJUSTE FUNDEB - ITR;-0,28;3167509;5349
MG;Simão Pereira;2025;FUNDEB - COUN VAAR;14888,82;3167509;5349
MG;Simão Pereira;2025;FUNDEB - FPE;225163,47;3167509;5349
MG;Simão Pereira;2025;FUNDEB - FPM;693662,5;3167509;5349
MG;Simão Pereira;2025;FUNDEB - ICMS;2197105,75;3167509;5349
MG;Simão Pereira;2025;FUNDEB - IPI-EXP;27996,2;3167509;5349
MG;Simão Pereira;2025;FUNDEB - IPVA;319364,07;3167509;5349
MG;Simão Pereira;2025;FUNDEB - ITCMD;55213,34;3167509;5349
MG;Simão Pereira;2025;FUNDEB - ITR;7925,48;3167509;5349
MG;Simonésia;2025;AJUSTE FUNDEB - AJUSTE FUNDEB VAAR;-71492,91;3167608;5351
MG;Simonésia;2025;AJUSTE FUNDEB - AJUSTE FUNDEB VAAT;80843,38;3167608;5351
MG;Simonésia;2025;AJUSTE FUNDEB - FPE;-38,77;3167608;5351
MG;Simonésia;2025;AJUSTE FUNDEB - FPM;-116,26;3167608;5351
MG;Simonésia;2025;AJUSTE FUNDEB - ICME;-378,33;3167608;5351
MG;Simonésia;2025;AJUSTE FUNDEB - IPIE;-3,6;3167608;5351
MG;Simonésia;2025;AJUSTE FUNDEB - IPVA;-58,05;3167608;5351
MG;Simonésia;2025;AJUSTE FUNDEB - ITCMD;-9,8;3167608;5351
MG;Simonésia;2025;AJUSTE FUNDEB - ITR;-1,29;3167608;5351
MG;Simonésia;2025;FUNDEB - COUN VAAR;1045189,5;3167608;5351
MG;Simonésia;2025;FUNDEB - COUN VAAT;7113957,08;3167608;5351
MG;Simonésia;2025;FUNDEB - FPE;1281885,97;3167608;5351
MG;Simonésia;2025;FUNDEB - FPM;3949114;3167608;5351
MG;Simonésia;2025;FUNDEB - FUNDEB - FTI;397230;3167608;5351
MG;Simonésia;2025;FUNDEB - ICMS;12470084,04;3167608;5351
MG;Simonésia;2025;FUNDEB - IPI-EXP;159386,2;3167608;5351
MG;Simonésia;2025;FUNDEB - IPVA;1818128,21;3167608;5351
MG;Simonésia;2025;FUNDEB - ITCMD;314224,17;3167608;5351
MG;Simonésia;2025;FUNDEB - ITR;45093,92;3167608;5351
MG;Sobrália;2025;AJUSTE FUNDEB - FPE;-11,96;3167707;5353
MG;Sobrália;2025;AJUSTE FUNDEB - FPM;-35,85;3167707;5353
MG;Sobrália;2025;AJUSTE FUNDEB - ICME;-116,77;3167707;5353
MG;Sobrália;2025;AJUSTE FUNDEB - IPIE;-1,12;3167707;5353
MG;Sobrália;2025;AJUSTE FUNDEB - IPVA;-18,16;3167707;5353
MG;Sobrália;2025;AJUSTE FUNDEB - ITCMD;-3,06;3167707;5353
MG;Sobrália;2025;AJUSTE FUNDEB - ITR;-0,38;3167707;5353
MG;Sobrália;2025;FUNDEB - FPE;293235,92;3167707;5353
MG;Sobrália;2025;FUNDEB - FPM;903373,69;3167707;5353
MG;Sobrália;2025;FUNDEB - ICMS;2861826,78;3167707;5353
MG;Sobrália;2025;FUNDEB - IPI-EXP;36460,16;3167707;5353
MG;Sobrália;2025;FUNDEB - IPVA;415961,79;3167707;5353
MG;Sobrália;2025;FUNDEB - ITCMD;72000,92;3167707;5353
MG;Sobrália;2025;FUNDEB - ITR;10344,16;3167707;5353
MG;Soledade de Minas;2025;AJUSTE FUNDEB - FPE;-10,94;3167806;5355
MG;Soledade de Minas;2025;AJUSTE FUNDEB - FPM;-32,73;3167806;5355
MG;Soledade de Minas;2025;AJUSTE FUNDEB - ICME;-106,56;3167806;5355
MG;Soledade de Minas;2025;AJUSTE FUNDEB - IPIE;-1,01;3167806;5355
MG;Soledade de Minas;2025;AJUSTE FUNDEB - IPVA;-16,26;3167806;5355
MG;Soledade de Minas;2025;AJUSTE FUNDEB - ITCMD;-2,8;3167806;5355
MG;Soledade de Minas;2025;AJUSTE FUNDEB - ITR;-0,39;3167806;5355
MG;Soledade de Minas;2025;FUNDEB - FPE;239871,91;3167806;5355
MG;Soledade de Minas;2025;FUNDEB - FPM;738974,79;3167806;5355
MG;Soledade de Minas;2025;FUNDEB - ICMS;2343370,59;3167806;5355
MG;Soledade de Minas;2025;FUNDEB - IPI-EXP;29825,01;3167806;5355
MG;Soledade de Minas;2025;FUNDEB - IPVA;340288,41;3167806;5355
MG;Soledade de Minas;2025;FUNDEB - ITCMD;58948,95;3167806;5355
MG;Soledade de Minas;2025;FUNDEB - ITR;8473,87;3167806;5355
MG;Tabuleiro;2025;AJUSTE FUNDEB - FPE;-7,14;3167905;5357
MG;Tabuleiro;2025;AJUSTE FUNDEB - FPM;-21,43;3167905;5357
MG;Tabuleiro;2025;AJUSTE FUNDEB - ICME;-69,62;3167905;5357
MG;Tabuleiro;2025;AJUSTE FUNDEB - IPIE;-0,66;3167905;5357
MG;Tabuleiro;2025;AJUSTE FUNDEB - IPVA;-10,74;3167905;5357
MG;Tabuleiro;2025;AJUSTE FUNDEB - ITCMD;-1,83;3167905;5357
MG;Tabuleiro;2025;AJUSTE FUNDEB - ITR;-0,22;3167905;5357
MG;Tabuleiro;2025;FUNDEB - FPE;183676,53;3167905;5357
MG;Tabuleiro;2025;FUNDEB - FPM;565853,38;3167905;5357
MG;Tabuleiro;2025;FUNDEB - FUNDEB - FTI;73113,77;3167905;5357
MG;Tabuleiro;2025;FUNDEB - ICMS;1791946,18;3167905;5357
MG;Tabuleiro;2025;FUNDEB - IPI-EXP;22837,83;3167905;5357
MG;Tabuleiro;2025;FUNDEB - IPVA;260532,54;3167905;5357
MG;Tabuleiro;2025;FUNDEB - ITCMD;45065,08;3167905;5357
MG;Tabuleiro;2025;FUNDEB - ITR;6471,08;3167905;5357
MG;Taiobeiras;2025;AJUSTE FUNDEB - AJUSTE FUNDEB VAAT;141479,85;3168002;5359
MG;Taiobeiras;2025;AJUSTE FUNDEB - FPE;-73,45;3168002;5359
MG;Taiobeiras;2025;AJUSTE FUNDEB - FPM;-220,43;3168002;5359
MG;Taiobeiras;2025;AJUSTE FUNDEB - ICME;-717,33;3168002;5359
MG;Taiobeiras;2025;AJUSTE FUNDEB - IPIE;-6,83;3168002;5359
MG;Taiobeiras;2025;AJUSTE FUNDEB - IPVA;-110,18;3168002;5359
MG;Taiobeiras;2025;AJUSTE FUNDEB - ITCMD;-18,57;3168002;5359
MG;Taiobeiras;2025;AJUSTE FUNDEB - ITR;-2,4;3168002;5359
MG;Taiobeiras;2025;FUNDEB - COUN VAAT;7503283,55;3168002;5359
MG;Taiobeiras;2025;FUNDEB - FPE;2051076,35;3168002;5359
MG;Taiobeiras;2025;FUNDEB - FPM;6318763,46;3168002;5359
MG;Taiobeiras;2025;FUNDEB - ICMS;19950564,81;3168002;5359
MG;Taiobeiras;2025;FUNDEB - IPI-EXP;255025,24;3168002;5359
MG;Taiobeiras;2025;FUNDEB - IPVA;2909407,59;3168002;5359
MG;Taiobeiras;2025;FUNDEB - ITCMD;503431,95;3168002;5359
MG;Taiobeiras;2025;FUNDEB - ITR;72309,05;3168002;5359
MG;Taparuba;2025;AJUSTE FUNDEB - AJUSTE FUNDEB VAAR;-5147,77;3168051;738
MG;Taparuba;2025;AJUSTE FUNDEB - FPE;-7,23;3168051;738
MG;Taparuba;2025;AJUSTE FUNDEB - FPM;-21,61;3168051;738
MG;Taparuba;2025;AJUSTE FUNDEB - ICME;-70,4;3168051;738
MG;Taparuba;2025;AJUSTE FUNDEB - IPIE;-0,63;3168051;738
MG;Taparuba;2025;AJUSTE FUNDEB - IPVA;-10,88;3168051;738
MG;Taparuba;2025;AJUSTE FUNDEB - ITCMD;-1,78;3168051;738
MG;Taparuba;2025;AJUSTE FUNDEB - ITR;-0,23;3168051;738
MG;Taparuba;2025;FUNDEB - COUN VAAR;82358,73;3168051;738
MG;Taparuba;2025;FUNDEB - FPE;173861,44;3168051;738
MG;Taparuba;2025;FUNDEB - FPM;535615,91;3168051;738
MG;Taparuba;2025;FUNDEB - FUNDEB - FTI;86649,51;3168051;738
MG;Taparuba;2025;FUNDEB - ICMS;1696867,23;3168051;738
MG;Taparuba;2025;FUNDEB - IPI-EXP;21617,46;3168051;738
MG;Taparuba;2025;FUNDEB - IPVA;246615,58;3168051;738
MG;Taparuba;2025;FUNDEB - ITCMD;42667,57;3168051;738
MG;Taparuba;2025;FUNDEB - ITR;6127,86;3168051;738
MG;Tapira;2025;AJUSTE FUNDEB - AJUSTE FUNDEB VAAR;-2534,49;3168101;5361
MG;Tapira;2025;AJUSTE FUNDEB - FPE;-20,24;3168101;5361
MG;Tapira;2025;AJUSTE FUNDEB - FPM;-60,5;3168101;5361
MG;Tapira;2025;AJUSTE FUNDEB - ICME;-197,43;3168101;5361
MG;Tapira;2025;AJUSTE FUNDEB - IPIE;-1,92;3168101;5361
MG;Tapira;2025;AJUSTE FUNDEB - IPVA;-30,23;3168101;5361
MG;Tapira;2025;AJUSTE FUNDEB - ITCMD;-5,13;3168101;5361
MG;Tapira;2025;AJUSTE FUNDEB - ITR;-0,65;3168101;5361
MG;Tapira;2025;FUNDEB - COUN VAAR;15850,53;3168101;5361
MG;Tapira;2025;FUNDEB - FPE;463544,88;3168101;5361
MG;Tapira;2025;FUNDEB - FPM;1428045,58;3168101;5361
MG;Tapira;2025;FUNDEB - ICMS;4520141,26;3168101;5361
MG;Tapira;2025;FUNDEB - IPI-EXP;57635,91;3168101;5361
MG;Tapira;2025;FUNDEB - IPVA;657528,32;3168101;5361
MG;Tapira;2025;FUNDEB - ITCMD;113775,7;3168101;5361
MG;Tapira;2025;FUNDEB - ITR;16341,83;3168101;5361
MG;Tapiraí;2025;AJUSTE FUNDEB - FPE;-4,42;3168200;5363
MG;Tapiraí;2025;AJUSTE FUNDEB - FPM;-13,48;3168200;5363
MG;Tapiraí;2025;AJUSTE FUNDEB - ICME;-43,7;3168200;5363
MG;Tapiraí;2025;AJUSTE FUNDEB - IPIE;-0,44;3168200;5363
MG;Tapiraí;2025;AJUSTE FUNDEB - IPVA;-6,73;3168200;5363
MG;Tapiraí;2025;AJUSTE FUNDEB - ITCMD;-1,11;3168200;5363
MG;Tapiraí;2025;AJUSTE FUNDEB - ITR;-0,12;3168200;5363
MG;Tapiraí;2025;FUNDEB - FPE;115323;3168200;5363
MG;Tapiraí;2025;FUNDEB - FPM;355276,29;3168200;5363
MG;Tapiraí;2025;FUNDEB - ICMS;1126105,69;3168200;5363
MG;Tapiraí;2025;FUNDEB - IPI-EXP;14338,96;3168200;5363
MG;Tapiraí;2025;FUNDEB - IPVA;163594,1;3168200;5363
MG;Tapiraí;2025;FUNDEB - ITCMD;28328,08;3168200;5363
MG;Tapiraí;2025;FUNDEB - ITR;4070,94;3168200;5363
MG;Taquaraçu de Minas;2025;AJUSTE FUNDEB - FPE;-16,12;3168309;5365
MG;Taquaraçu de Minas;2025;AJUSTE FUNDEB - FPM;-48,27;3168309;5365
MG;Taquaraçu de Minas;2025;AJUSTE FUNDEB - ICME;-156,94;3168309;5365
MG;Taquaraçu de Minas;2025;AJUSTE FUNDEB - IPIE;-1,46;3168309;5365
MG;Taquaraçu de Minas;2025;AJUSTE FUNDEB - IPVA;-24,05;3168309;5365
MG;Taquaraçu de Minas;2025;AJUSTE FUNDEB - ITCMD;-4,07;3168309;5365
MG;Taquaraçu de Minas;2025;AJUSTE FUNDEB - ITR;-0,56;3168309;5365
MG;Taquaraçu de Minas;2025;FUNDEB - FPE;398382,52;3168309;5365
MG;Taquaraçu de Minas;2025;FUNDEB - FPM;1227299,48;3168309;5365
MG;Taquaraçu de Minas;2025;FUNDEB - ICMS;3890111,57;3168309;5365
MG;Taquaraçu de Minas;2025;FUNDEB - IPI-EXP;49533,77;3168309;5365
MG;Taquaraçu de Minas;2025;FUNDEB - IPVA;565095,68;3168309;5365
MG;Taquaraçu de Minas;2025;FUNDEB - ITCMD;97779,58;3168309;5365
MG;Taquaraçu de Minas;2025;FUNDEB - ITR;14044,08;3168309;5365
MG;Tarumirim;2025;AJUSTE FUNDEB - FPE;-13,59;3168408;5367
MG;Tarumirim;2025;AJUSTE FUNDEB - FPM;-40,76;3168408;5367
MG;Tarumirim;2025;AJUSTE FUNDEB - ICME;-132,53;3168408;5367
MG;Tarumirim;2025;AJUSTE FUNDEB - IPIE;-1,29;3168408;5367
MG;Tarumirim;2025;AJUSTE FUNDEB - IPVA;-20,32;3168408;5367
MG;Tarumirim;2025;AJUSTE FUNDEB - ITCMD;-3,47;3168408;5367
MG;Tarumirim;2025;AJUSTE FUNDEB - ITR;-0,43;3168408;5367
MG;Tarumirim;2025;FUNDEB - FPE;330202,24;3168408;5367
MG;Tarumirim;2025;FUNDEB - FPM;1017256,06;3168408;5367
MG;Tarumirim;2025;FUNDEB - ICMS;3224198,48;3168408;5367
MG;Tarumirim;2025;FUNDEB - IPI-EXP;41056,43;3168408;5367
MG;Tarumirim;2025;FUNDEB - IPVA;468379,77;3168408;5367
MG;Tarumirim;2025;FUNDEB - ITCMD;81037,14;3168408;5367
MG;Tarumirim;2025;FUNDEB - ITR;11638,6;3168408;5367
MG;Teixeiras;2025;AJUSTE FUNDEB - AJUSTE FUNDEB VAAR;-31284,45;3168507;5369
MG;Teixeiras;2025;AJUSTE FUNDEB - FPE;-21,58;3168507;5369
MG;Teixeiras;2025;AJUSTE FUNDEB - FPM;-64,64;3168507;5369
MG;Teixeiras;2025;AJUSTE FUNDEB - ICME;-210,34;3168507;5369
MG;Teixeiras;2025;AJUSTE FUNDEB - IPIE;-1,98;3168507;5369
MG;Teixeiras;2025;AJUSTE FUNDEB - IPVA;-32,4;3168507;5369
MG;Teixeiras;2025;AJUSTE FUNDEB - ITCMD;-5,35;3168507;5369
MG;Teixeiras;2025;AJUSTE FUNDEB - ITR;-0,68;3168507;5369
MG;Teixeiras;2025;FUNDEB - COUN VAAR;468729,09;3168507;5369
MG;Teixeiras;2025;FUNDEB - FPE;489555,68;3168507;5369
MG;Teixeiras;2025;FUNDEB - FPM;1508177,23;3168507;5369
MG;Teixeiras;2025;FUNDEB - FUNDEB - FTI;157239,67;3168507;5369
MG;Teixeiras;2025;FUNDEB - ICMS;4781888,15;3168507;5369
MG;Teixeiras;2025;FUNDEB - IPI-EXP;60869,99;3168507;5369
MG;Teixeiras;2025;FUNDEB - IPVA;694486,54;3168507;5369
MG;Teixeiras;2025;FUNDEB - ITCMD;120288,92;3168507;5369
MG;Teixeiras;2025;FUNDEB - ITR;17289,45;3168507;5369
MG;Teófilo Otoni;2025;AJUSTE FUNDEB - AJUSTE FUNDEB VAAR;85538,17;3168606;5371
MG;Teófilo Otoni;2025;AJUSTE FUNDEB - AJUSTE FUNDEB VAAT;408969,06;3168606;5371
MG;Teófilo Otoni;2025;AJUSTE FUNDEB - FPE;-768,39;3168606;5371
MG;Teófilo Otoni;2025;AJUSTE FUNDEB - FPM;-2348,56;3168606;5371
MG;Teófilo Otoni;2025;AJUSTE FUNDEB - ICME;-7593,01;3168606;5371
MG;Teófilo Otoni;2025;AJUSTE FUNDEB - IPIE;-89,46;3168606;5371
MG;Teófilo Otoni;2025;AJUSTE FUNDEB - IPVA;-1202,38;3168606;5371
MG;Teófilo Otoni;2025;AJUSTE FUNDEB - ITCMD;-180,73;3168606;5371
MG;Teófilo Otoni;2025;AJUSTE FUNDEB - ITR;-27,57;3168606;5371
MG;Teófilo Otoni;2025;FUNDEB - COUN VAAR;252332,1;3168606;5371
MG;Teófilo Otoni;2025;FUNDEB - COUN VAAT;8359888,95;3168606;5371
MG;Teófilo Otoni;2025;FUNDEB - FPE;5921069,05;3168606;5371
MG;Teófilo Otoni;2025;FUNDEB - FPM;18241073,71;3168606;5371
MG;Teófilo Otoni;2025;FUNDEB - ICMS;57730128,61;3168606;5371
MG;Teófilo Otoni;2025;FUNDEB - IPI-EXP;736210,51;3168606;5371
MG;Teófilo Otoni;2025;FUNDEB - IPVA;8398878,7;3168606;5371
MG;Teófilo Otoni;2025;FUNDEB - ITCMD;1453047,6;3168606;5371
MG;Teófilo Otoni;2025;FUNDEB - ITR;208682,76;3168606;5371
MG;Timóteo;2025;AJUSTE FUNDEB - FPE;-148,46;3168705;5373
MG;Timóteo;2025;AJUSTE FUNDEB - FPM;-445,07;3168705;5373
MG;Timóteo;2025;AJUSTE FUNDEB - ICME;-1448,38;3168705;5373
MG;Timóteo;2025;AJUSTE FUNDEB - IPIE;-13,87;3168705;5373
MG;Timóteo;2025;AJUSTE FUNDEB - IPVA;-222,81;3168705;5373
MG;Timóteo;2025;AJUSTE FUNDEB - ITCMD;-37,46;3168705;5373
MG;Timóteo;2025;AJUSTE FUNDEB - ITR;-4,92;3168705;5373
MG;Timóteo;2025;FUNDEB - FPE;3481389,86;3168705;5373
MG;Timóteo;2025;FUNDEB - FPM;10725139,09;3168705;5373
MG;Timóteo;2025;FUNDEB - FUNDEB - FTI;705567,73;3168705;5373
MG;Timóteo;2025;FUNDEB - ICMS;33977356,04;3168705;5373
MG;Timóteo;2025;FUNDEB - IPI-EXP;432866,44;3168705;5373
MG;Timóteo;2025;FUNDEB - IPVA;4938396,23;3168705;5373
MG;Timóteo;2025;FUNDEB - ITCMD;854746,06;3168705;5373
MG;Timóteo;2025;FUNDEB - ITR;122792,35;3168705;5373
MG;Tiradentes;2025;AJUSTE FUNDEB - AJUSTE FUNDEB VAAR;-16024,07;3168804;5375
MG;Tiradentes;2025;AJUSTE FUNDEB - FPE;-14,96;3168804;5375
MG;Tiradentes;2025;AJUSTE FUNDEB - FPM;-44,87;3168804;5375
MG;Tiradentes;2025;AJUSTE FUNDEB - ICME;-146,07;3168804;5375
MG;Tiradentes;2025;AJUSTE FUNDEB - IPIE;-1,37;3168804;5375
MG;Tiradentes;2025;AJUSTE FUNDEB - IPVA;-22,49;3168804;5375
MG;Tiradentes;2025;AJUSTE FUNDEB - ITCMD;-3,74;3168804;5375
MG;Tiradentes;2025;AJUSTE FUNDEB - ITR;-0,46;3168804;5375
MG;Tiradentes;2025;FUNDEB - COUN VAAR;195089,79;3168804;5375
MG;Tiradentes;2025;FUNDEB - FPE;368261,46;3168804;5375
MG;Tiradentes;2025;FUNDEB - FPM;1134505,26;3168804;5375
MG;Tiradentes;2025;FUNDEB - FUNDEB - FTI;92121,1;3168804;5375
MG;Tiradentes;2025;FUNDEB - ICMS;3592952,65;3168804;5375
MG;Tiradentes;2025;FUNDEB - IPI-EXP;45788,62;3168804;5375
MG;Tiradentes;2025;FUNDEB - IPVA;522392,59;3168804;5375
MG;Tiradentes;2025;FUNDEB - ITCMD;90433,52;3168804;5375
MG;Tiradentes;2025;FUNDEB - ITR;12993,37;3168804;5375
MG;Tiros;2025;AJUSTE FUNDEB - AJUSTE FUNDEB VAAR;-11619,28;3168903;5377
MG;Tiros;2025;AJUSTE FUNDEB - FPE;-16,96;3168903;5377
MG;Tiros;2025;AJUSTE FUNDEB - FPM;-50,94;3168903;5377
MG;Tiros;2025;AJUSTE FUNDEB - ICME;-165,7;3168903;5377
MG;Tiros;2025;AJUSTE FUNDEB - IPIE;-1,64;3168903;5377
MG;Tiros;2025;AJUSTE FUNDEB - IPVA;-25,38;3168903;5377
MG;Tiros;2025;AJUSTE FUNDEB - ITCMD;-4,32;3168903;5377
MG;Tiros;2025;AJUSTE FUNDEB - ITR;-0,56;3168903;5377
MG;Tiros;2025;FUNDEB - COUN VAAR;200386,93;3168903;5377
MG;Tiros;2025;FUNDEB - FPE;393657,86;3168903;5377
MG;Tiros;2025;FUNDEB - FPM;1212744,17;3168903;5377
MG;Tiros;2025;FUNDEB - FUNDEB - FTI;112632,14;3168903;5377
MG;Tiros;2025;FUNDEB - ICMS;3837016,45;3168903;5377
MG;Tiros;2025;FUNDEB - IPI-EXP;48946,36;3168903;5377
MG;Tiros;2025;FUNDEB - IPVA;558429,31;3168903;5377
MG;Tiros;2025;FUNDEB - ITCMD;96692,82;3168903;5377
MG;Tiros;2025;FUNDEB - ITR;13894,84;3168903;5377
MG;Tocantins;2025;AJUSTE FUNDEB - FPE;-25,3;3169000;5379
MG;Tocantins;2025;AJUSTE FUNDEB - FPM;-76,01;3169000;5379
MG;Tocantins;2025;AJUSTE FUNDEB - ICME;-247,04;3169000;5379
MG;Tocantins;2025;AJUSTE FUNDEB - IPIE;-2,28;3169000;5379
MG;Tocantins;2025;AJUSTE FUNDEB - IPVA;-38,01;3169000;5379
MG;Tocantins;2025;AJUSTE FUNDEB - ITCMD;-6,4;3169000;5379
MG;Tocantins;2025;AJUSTE FUNDEB - ITR;-0,84;3169000;5379
MG;Tocantins;2025;FUNDEB - COUN VAAT;557179,44;3169000;5379
MG;Tocantins;2025;FUNDEB - FPE;728896,24;3169000;5379
MG;Tocantins;2025;FUNDEB - FPM;2245515,09;3169000;5379
MG;Tocantins;2025;FUNDEB - FUNDEB - FTI;196934,8;3169000;5379
MG;Tocantins;2025;FUNDEB - ICMS;7100225,59;3169000;5379
MG;Tocantins;2025;FUNDEB - IPI-EXP;90628,96;3169000;5379
MG;Tocantins;2025;FUNDEB - IPVA;1033970,61;3169000;5379
MG;Tocantins;2025;FUNDEB - ITCMD;179003,04;3169000;5379
MG;Tocantins;2025;FUNDEB - ITR;25719,78;3169000;5379
MG;Tocos do Moji;2025;AJUSTE FUNDEB - AJUSTE FUNDEB VAAR;-4684,28;3169059;740
MG;Tocos do Moji;2025;AJUSTE FUNDEB - FPE;-9,66;3169059;740
MG;Tocos do Moji;2025;AJUSTE FUNDEB - FPM;-29,02;3169059;740
MG;Tocos do Moji;2025;AJUSTE FUNDEB - ICME;-94,6;3169059;740
MG;Tocos do Moji;2025;AJUSTE FUNDEB - IPIE;-0,96;3169059;740
MG;Tocos do Moji;2025;AJUSTE FUNDEB - IPVA;-14,5;3169059;740
MG;Tocos do Moji;2025;AJUSTE FUNDEB - ITCMD;-2,46;3169059;740
MG;Tocos do Moji;2025;AJUSTE FUNDEB - ITR;-0,3;3169059;740
MG;Tocos do Moji;2025;FUNDEB - COUN VAAR;21776,24;3169059;740
MG;Tocos do Moji;2025;FUNDEB - FPE;238062;3169059;740
MG;Tocos do Moji;2025;FUNDEB - FPM;733399,08;3169059;740
MG;Tocos do Moji;2025;FUNDEB - FUNDEB - FTI;112570,52;3169059;740
MG;Tocos do Moji;2025;FUNDEB - ICMS;2322905,84;3169059;740
MG;Tocos do Moji;2025;FUNDEB - IPI-EXP;29599,99;3169059;740
MG;Tocos do Moji;2025;FUNDEB - IPVA;337679,76;3169059;740
MG;Tocos do Moji;2025;FUNDEB - ITCMD;58419,07;3169059;740
MG;Tocos do Moji;2025;FUNDEB - ITR;8389,69;3169059;740
MG;Toledo;2025;AJUSTE FUNDEB - AJUSTE FUNDEB VAAT;36982,84;3169109;5381
MG;Toledo;2025;AJUSTE FUNDEB - FPE;-21,06;3169109;5381
MG;Toledo;2025;AJUSTE FUNDEB - FPM;-63;3169109;5381
MG;Toledo;2025;AJUSTE FUNDEB - ICME;-205,16;3169109;5381
MG;Toledo;2025;AJUSTE FUNDEB - IPIE;-2;3169109;5381
MG;Toledo;2025;AJUSTE FUNDEB - IPVA;-31,44;3169109;5381
MG;Toledo;2025;AJUSTE FUNDEB - ITCMD;-5,34;3169109;5381
MG;Toledo;2025;AJUSTE FUNDEB - ITR;-0,71;3169109;5381
MG;Toledo;2025;FUNDEB - COUN VAAT;1367315,73;3169109;5381
MG;Toledo;2025;FUNDEB - FPE;550487,45;3169109;5381
MG;Toledo;2025;FUNDEB - FPM;1695890,04;3169109;5381
MG;Toledo;2025;FUNDEB - ICMS;5361025,72;3169109;5381
MG;Toledo;2025;FUNDEB - IPI-EXP;68446,11;3169109;5381
MG;Toledo;2025;FUNDEB - IPVA;780823,61;3169109;5381
MG;Toledo;2025;FUNDEB - ITCMD;135051,83;3169109;5381
MG;Toledo;2025;FUNDEB - ITR;19391,76;3169109;5381
MG;Tombos;2025;AJUSTE FUNDEB - AJUSTE FUNDEB VAAR;-15751,81;3169208;5383
MG;Tombos;2025;AJUSTE FUNDEB - FPE;-17,11;3169208;5383
MG;Tombos;2025;AJUSTE FUNDEB - FPM;-51,36;3169208;5383
MG;Tombos;2025;AJUSTE FUNDEB - ICME;-167,39;3169208;5383
MG;Tombos;2025;AJUSTE FUNDEB - IPIE;-1,62;3169208;5383
MG;Tombos;2025;AJUSTE FUNDEB - IPVA;-25,96;3169208;5383
MG;Tombos;2025;AJUSTE FUNDEB - ITCMD;-4,41;3169208;5383
MG;Tombos;2025;AJUSTE FUNDEB - ITR;-0,54;3169208;5383
MG;Tombos;2025;FUNDEB - COUN VAAR;374193,55;3169208;5383
MG;Tombos;2025;FUNDEB - FPE;385561,37;3169208;5383
MG;Tombos;2025;FUNDEB - FPM;1187801,4;3169208;5383
MG;Tombos;2025;FUNDEB - FUNDEB - FTI;160740,27;3169208;5383
MG;Tombos;2025;FUNDEB - ICMS;3764453,19;3169208;5383
MG;Tombos;2025;FUNDEB - IPI-EXP;47939,63;3169208;5383
MG;Tombos;2025;FUNDEB - IPVA;546943,6;3169208;5383
MG;Tombos;2025;FUNDEB - ITCMD;94703,42;3169208;5383
MG;Tombos;2025;FUNDEB - ITR;13608,9;3169208;5383
MG;Três Corações;2025;AJUSTE FUNDEB - AJUSTE FUNDEB VAAR;-16692,67;3169307;5385
MG;Três Corações;2025;AJUSTE FUNDEB - FPE;-124,1;3169307;5385
MG;Três Corações;2025;AJUSTE FUNDEB - FPM;-371,83;3169307;5385
MG;Três Corações;2025;AJUSTE FUNDEB - ICME;-1210,47;3169307;5385
MG;Três Corações;2025;AJUSTE FUNDEB - IPIE;-11,58;3169307;5385
MG;Três Corações;2025;AJUSTE FUNDEB - IPVA;-186,06;3169307;5385
MG;Três Corações;2025;AJUSTE FUNDEB - ITCMD;-31,29;3169307;5385
MG;Três Corações;2025;AJUSTE FUNDEB - ITR;-4,08;3169307;5385
MG;Três Corações;2025;FUNDEB - COUN VAAR;155391,15;3169307;5385
MG;Três Corações;2025;FUNDEB - FPE;3244241,73;3169307;5385
MG;Três Corações;2025;FUNDEB - FPM;9994555,34;3169307;5385
MG;Três Corações;2025;FUNDEB - FUNDEB - FTI;532063,71;3169307;5385
MG;Três Corações;2025;FUNDEB - ICMS;31652842,23;3169307;5385
MG;Três Corações;2025;FUNDEB - IPI-EXP;403380,11;3169307;5385
MG;Três Corações;2025;FUNDEB - IPVA;4602016,4;3169307;5385
MG;Três Corações;2025;FUNDEB - ITCMD;796558,57;3169307;5385
MG;Três Corações;2025;FUNDEB - ITR;114436,64;3169307;5385
MG;Três Marias;2025;AJUSTE FUNDEB - FPE;-83,2;3169356;4115
MG;Três Marias;2025;AJUSTE FUNDEB - FPM;-249,38;3169356;4115
MG;Três Marias;2025;AJUSTE FUNDEB - ICME;-811,51;3169356;4115
MG;Três Marias;2025;AJUSTE FUNDEB - IPIE;-7,81;3169356;4115
MG;Três Marias;2025;AJUSTE FUNDEB - IPVA;-124,86;3169356;4115
MG;Três Marias;2025;AJUSTE FUNDEB - ITCMD;-21,08;3169356;4115
MG;Três Marias;2025;AJUSTE FUNDEB - ITR;-2,79;3169356;4115
MG;Três Marias;2025;FUNDEB - FPE;2031342,89;3169356;4115
MG;Três Marias;2025;FUNDEB - FPM;6257970,51;3169356;4115
MG;Três Marias;2025;FUNDEB - FUNDEB - FTI;377738,08;3169356;4115
MG;Três Marias;2025;FUNDEB - ICMS;19816044,44;3169356;4115
MG;Três Marias;2025;FUNDEB - IPI-EXP;252571,62;3169356;4115
MG;Três Marias;2025;FUNDEB - IPVA;2881449,36;3169356;4115
MG;Três Marias;2025;FUNDEB - ITCMD;498656,75;3169356;4115
MG;Três Marias;2025;FUNDEB - ITR;71629,6;3169356;4115
MG;Três Pontas;2025;AJUSTE FUNDEB - AJUSTE FUNDEB VAAR;-9047,16;3169406;5387
MG;Três Pontas;2025;AJUSTE FUNDEB - AJUSTE FUNDEB VAAT;192169,43;3169406;5387
MG;Três Pontas;2025;AJUSTE FUNDEB - FPE;-105,07;3169406;5387
MG;Três Pontas;2025;AJUSTE FUNDEB - FPM;-314,92;3169406;5387
MG;Três Pontas;2025;AJUSTE FUNDEB - ICME;-1024,79;3169406;5387
MG;Três Pontas;2025;AJUSTE FUNDEB - IPIE;-9,79;3169406;5387
MG;Três Pontas;2025;AJUSTE FUNDEB - IPVA;-157,66;3169406;5387
MG;Três Pontas;2025;AJUSTE FUNDEB - ITCMD;-26,54;3169406;5387
MG;Três Pontas;2025;AJUSTE FUNDEB - ITR;-3,48;3169406;5387
MG;Três Pontas;2025;FUNDEB - COUN VAAR;88760,07;3169406;5387
MG;Três Pontas;2025;FUNDEB - COUN VAAT;982089,82;3169406;5387
MG;Três Pontas;2025;FUNDEB - FPE;2754758,73;3169406;5387
MG;Três Pontas;2025;FUNDEB - FPM;8486602,03;3169406;5387
MG;Três Pontas;2025;FUNDEB - FUNDEB - FTI;401557,25;3169406;5387
MG;Três Pontas;2025;FUNDEB - ICMS;26849502,99;3169406;5387
MG;Três Pontas;2025;FUNDEB - IPI-EXP;342519,15;3169406;5387
MG;Três Pontas;2025;FUNDEB - IPVA;3907550,55;3169406;5387
MG;Três Pontas;2025;FUNDEB - ITCMD;676117,43;3169406;5387
MG;Três Pontas;2025;FUNDEB - ITR;97109,28;3169406;5387
MG;Tumiritinga;2025;AJUSTE FUNDEB - AJUSTE FUNDEB VAAR;-21074,41;3169505;5389
MG;Tumiritinga;2025;AJUSTE FUNDEB - AJUSTE FUNDEB VAAT;-6865,24;3169505;5389
MG;Tumiritinga;2025;AJUSTE FUNDEB - FPE;-14,82;3169505;5389
MG;Tumiritinga;2025;AJUSTE FUNDEB - FPM;-44,45;3169505;5389
MG;Tumiritinga;2025;AJUSTE FUNDEB - ICME;-144,85;3169505;5389
MG;Tumiritinga;2025;AJUSTE FUNDEB - IPIE;-1,4;3169505;5389
MG;Tumiritinga;2025;AJUSTE FUNDEB - IPVA;-22,18;3169505;5389
MG;Tumiritinga;2025;AJUSTE FUNDEB - ITCMD;-3,76;3169505;5389
MG;Tumiritinga;2025;AJUSTE FUNDEB - ITR;-0,52;3169505;5389
MG;Tumiritinga;2025;FUNDEB - COUN VAAR;313916,37;3169505;5389
MG;Tumiritinga;2025;FUNDEB - COUN VAAT;6865,24;3169505;5389
MG;Tumiritinga;2025;FUNDEB - FPE;367831,56;3169505;5389
MG;Tumiritinga;2025;FUNDEB - FPM;1133181;3169505;5389
MG;Tumiritinga;2025;FUNDEB - FUNDEB - FTI;150558,63;3169505;5389
MG;Tumiritinga;2025;FUNDEB - ICMS;3592619,98;3169505;5389
MG;Tumiritinga;2025;FUNDEB - IPI-EXP;45735,18;3169505;5389
MG;Tumiritinga;2025;FUNDEB - IPVA;521776,53;3169505;5389
MG;Tumiritinga;2025;FUNDEB - ITCMD;90315,16;3169505;5389
MG;Tumiritinga;2025;FUNDEB - ITR;12975,14;3169505;5389
MG;Tupaciguara;2025;AJUSTE FUNDEB - AJUSTE FUNDEB VAAT;104200,4;3169604;5391
MG;Tupaciguara;2025;AJUSTE FUNDEB - FPE;-51,34;3169604;5391
MG;Tupaciguara;2025;AJUSTE FUNDEB - FPM;-154,18;3169604;5391
MG;Tupaciguara;2025;AJUSTE FUNDEB - ICME;-501,95;3169604;5391
MG;Tupaciguara;2025;AJUSTE FUNDEB - IPIE;-4,73;3169604;5391
MG;Tupaciguara;2025;AJUSTE FUNDEB - IPVA;-77,33;3169604;5391
MG;Tupaciguara;2025;AJUSTE FUNDEB - ITCMD;-12,93;3169604;5391
MG;Tupaciguara;2025;AJUSTE FUNDEB - ITR;-1,71;3169604;5391
MG;Tupaciguara;2025;FUNDEB - COUN VAAT;783167,96;3169604;5391
MG;Tupaciguara;2025;FUNDEB - FPE;1504718,76;3169604;5391
MG;Tupaciguara;2025;FUNDEB - FPM;4635596,32;3169604;5391
MG;Tupaciguara;2025;FUNDEB - FUNDEB - FTI;198977,47;3169604;5391
MG;Tupaciguara;2025;FUNDEB - ICMS;14649144,05;3169604;5391
MG;Tupaciguara;2025;FUNDEB - IPI-EXP;187092,6;3169604;5391
MG;Tupaciguara;2025;FUNDEB - IPVA;2134494,23;3169604;5391
MG;Tupaciguara;2025;FUNDEB - ITCMD;369501,09;3169604;5391
MG;Tupaciguara;2025;FUNDEB - ITR;53088,4;3169604;5391
MG;Turmalina;2025;AJUSTE FUNDEB - AJUSTE FUNDEB VAAR;-28538,81;3169703;5393
MG;Turmalina;2025;AJUSTE FUNDEB - FPE;-33,79;3169703;5393
MG;Turmalina;2025;AJUSTE FUNDEB - FPM;-101,4;3169703;5393
MG;Turmalina;2025;AJUSTE FUNDEB - ICME;-330,07;3169703;5393
MG;Turmalina;2025;AJUSTE FUNDEB - IPIE;-3,16;3169703;5393
MG;Turmalina;2025;AJUSTE FUNDEB - IPVA;-50,94;3169703;5393
MG;Turmalina;2025;AJUSTE FUNDEB - ITCMD;-8,56;3169703;5393
MG;Turmalina;2025;AJUSTE FUNDEB - ITR;-1,12;3169703;5393
MG;Turmalina;2025;FUNDEB - COUN VAAR;435046,2;3169703;5393
MG;Turmalina;2025;FUNDEB - COUN VAAT;342089,33;3169703;5393
MG;Turmalina;2025;FUNDEB - FPE;859649,33;3169703;5393
MG;Turmalina;2025;FUNDEB - FPM;2648326,94;3169703;5393
MG;Turmalina;2025;FUNDEB - ICMS;8390276,51;3169703;5393
MG;Turmalina;2025;FUNDEB - IPI-EXP;106886,42;3169703;5393
MG;Turmalina;2025;FUNDEB - IPVA;1219406,61;3169703;5393
MG;Turmalina;2025;FUNDEB - ITCMD;211024,8;3169703;5393
MG;Turmalina;2025;FUNDEB - ITR;30312,44;3169703;5393
MG;Turvolândia;2025;AJUSTE FUNDEB - FPE;-12,92;3169802;5395
MG;Turvolândia;2025;AJUSTE FUNDEB - FPM;-38,68;3169802;5395
MG;Turvolândia;2025;AJUSTE FUNDEB - ICME;-126,25;3169802;5395
MG;Turvolândia;2025;AJUSTE FUNDEB - IPIE;-1,2;3169802;5395
MG;Turvolândia;2025;AJUSTE FUNDEB - IPVA;-19,19;3169802;5395
MG;Turvolândia;2025;AJUSTE FUNDEB - ITCMD;-3,23;3169802;5395
MG;Turvolândia;2025;AJUSTE FUNDEB - ITR;-0,41;3169802;5395
MG;Turvolândia;2025;FUNDEB - COUN VAAT;155554,33;3169802;5395
MG;Turvolândia;2025;FUNDEB - FPE;347564,54;3169802;5395
MG;Turvolândia;2025;FUNDEB - FPM;1070744,13;3169802;5395
MG;Turvolândia;2025;FUNDEB - FUNDEB - FTI;158182,11;3169802;5395
MG;Turvolândia;2025;FUNDEB - ICMS;3383602,84;3169802;5395
MG;Turvolândia;2025;FUNDEB - IPI-EXP;43215,22;3169802;5395
MG;Turvolândia;2025;FUNDEB - IPVA;492985,05;3169802;5395
MG;Turvolândia;2025;FUNDEB - ITCMD;85251,74;3169802;5395
MG;Turvolândia;2025;FUNDEB - ITR;12239,49;3169802;5395
MG;Ubá;2025;AJUSTE FUNDEB - FPE;-198,75;3169901;5397
MG;Ubá;2025;AJUSTE FUNDEB - FPM;-596,31;3169901;5397
MG;Ubá;2025;AJUSTE FUNDEB - ICME;-1940,31;3169901;5397
MG;Ubá;2025;AJUSTE FUNDEB - IPIE;-18,56;3169901;5397
MG;Ubá;2025;AJUSTE FUNDEB - IPVA;-298,25;3169901;5397
MG;Ubá;2025;AJUSTE FUNDEB - ITCMD;-50,26;3169901;5397
MG;Ubá;2025;AJUSTE FUNDEB - ITR;-6,49;3169901;5397
MG;Ubá;2025;FUNDEB - FPE;4816930,33;3169901;5397
MG;Ubá;2025;FUNDEB - FPM;14839546,81;3169901;5397
MG;Ubá;2025;FUNDEB - FUNDEB - FTI;1410454,34;3169901;5397
MG;Ubá;2025;FUNDEB - ICMS;46927003,58;3169901;5397
MG;Ubá;2025;FUNDEB - IPI-EXP;598923,92;3169901;5397
MG;Ubá;2025;FUNDEB - IPVA;6832836,38;3169901;5397
MG;Ubá;2025;FUNDEB - ITCMD;1182561,4;3169901;5397
MG;Ubá;2025;FUNDEB - ITR;169878,14;3169901;5397
MG;Ubaí;2025;AJUSTE FUNDEB - AJUSTE FUNDEB VAAR;-7725,95;3170008;5399
MG;Ubaí;2025;AJUSTE FUNDEB - AJUSTE FUNDEB VAAT;42362,69;3170008;5399
MG;Ubaí;2025;AJUSTE FUNDEB - FPE;-22,32;3170008;5399
MG;Ubaí;2025;AJUSTE FUNDEB - FPM;-66,76;3170008;5399
MG;Ubaí;2025;AJUSTE FUNDEB - ICME;-217,24;3170008;5399
MG;Ubaí;2025;AJUSTE FUNDEB - IPIE;-1,99;3170008;5399
MG;Ubaí;2025;AJUSTE FUNDEB - IPVA;-33,39;3170008;5399
MG;Ubaí;2025;AJUSTE FUNDEB - ITCMD;-5,63;3170008;5399
MG;Ubaí;2025;AJUSTE FUNDEB - ITR;-0,76;3170008;5399
MG;Ubaí;2025;FUNDEB - COUN VAAR;26329,08;3170008;5399
MG;Ubaí;2025;FUNDEB - COUN VAAT;1088502,8;3170008;5399
MG;Ubaí;2025;FUNDEB - FPE;560918,6;3170008;5399
MG;Ubaí;2025;FUNDEB - FPM;1728025,3;3170008;5399
MG;Ubaí;2025;FUNDEB - ICMS;5476980,76;3170008;5399
MG;Ubaí;2025;FUNDEB - IPI-EXP;69743,03;3170008;5399
MG;Ubaí;2025;FUNDEB - IPVA;795711,43;3170008;5399
MG;Ubaí;2025;FUNDEB - ITCMD;137801,16;3170008;5399
MG;Ubaí;2025;FUNDEB - ITR;19804,46;3170008;5399
MG;Ubaporanga;2025;AJUSTE FUNDEB - AJUSTE FUNDEB VAAR;-13304,76;3170057;2671
MG;Ubaporanga;2025;AJUSTE FUNDEB - FPE;-23,36;3170057;2671
MG;Ubaporanga;2025;AJUSTE FUNDEB - FPM;-70,12;3170057;2671
MG;Ubaporanga;2025;AJUSTE FUNDEB - ICME;-228,18;3170057;2671
MG;Ubaporanga;2025;AJUSTE FUNDEB - IPIE;-2,2;3170057;2671
MG;Ubaporanga;2025;AJUSTE FUNDEB - IPVA;-35,13;3170057;2671
MG;Ubaporanga;2025;AJUSTE FUNDEB - ITCMD;-5,95;3170057;2671
MG;Ubaporanga;2025;AJUSTE FUNDEB - ITR;-0,77;3170057;2671
MG;Ubaporanga;2025;FUNDEB - COUN VAAR;212861,94;3170057;2671
MG;Ubaporanga;2025;FUNDEB - FPE;531986,11;3170057;2671
MG;Ubaporanga;2025;FUNDEB - FPM;1638892,84;3170057;2671
MG;Ubaporanga;2025;FUNDEB - FUNDEB - FTI;145075,3;3170057;2671
MG;Ubaporanga;2025;FUNDEB - ICMS;5190810,15;3170057;2671
MG;Ubaporanga;2025;FUNDEB - IPI-EXP;66145,69;3170057;2671
MG;Ubaporanga;2025;FUNDEB - IPVA;754623,34;3170057;2671
MG;Ubaporanga;2025;FUNDEB - ITCMD;130600,44;3170057;2671
MG;Ubaporanga;2025;FUNDEB - ITR;18760,82;3170057;2671
MG;Uberaba;2025;AJUSTE FUNDEB - AJUSTE FUNDEB VAAR;41380,77;3170107;5401
MG;Uberaba;2025;AJUSTE FUNDEB - FPE;-654,33;3170107;5401
MG;Uberaba;2025;AJUSTE FUNDEB - FPM;-1962,61;3170107;5401
MG;Uberaba;2025;AJUSTE FUNDEB - ICME;-6386,52;3170107;5401
MG;Uberaba;2025;AJUSTE FUNDEB - IPIE;-61,14;3170107;5401
MG;Uberaba;2025;AJUSTE FUNDEB - IPVA;-982,31;3170107;5401
MG;Uberaba;2025;AJUSTE FUNDEB - ITCMD;-165,39;3170107;5401
MG;Uberaba;2025;AJUSTE FUNDEB - ITR;-21,5;3170107;5401
MG;Uberaba;2025;FUNDEB - COUN VAAR;797190,74;3170107;5401
MG;Uberaba;2025;FUNDEB - FPE;16331762,93;3170107;5401
MG;Uberaba;2025;FUNDEB - FPM;50313362,25;3170107;5401
MG;Uberaba;2025;FUNDEB - FUNDEB - FTI;2509154,12;3170107;5401
MG;Uberaba;2025;FUNDEB - ICMS;159214308,8;3170107;5401
MG;Uberaba;2025;FUNDEB - IPI-EXP;2030646,67;3170107;5401
MG;Uberaba;2025;FUNDEB - IPVA;23166540,08;3170107;5401
MG;Uberaba;2025;FUNDEB - ITCMD;4009183,49;3170107;5401
MG;Uberaba;2025;FUNDEB - ITR;575903,53;3170107;5401
MG;Uberlândia;2025;AJUSTE FUNDEB - FPE;-1509,25;3170206;5403
MG;Uberlândia;2025;AJUSTE FUNDEB - FPM;-4526,61;3170206;5403
MG;Uberlândia;2025;AJUSTE FUNDEB - ICME;-14729,96;3170206;5403
MG;Uberlândia;2025;AJUSTE FUNDEB - IPIE;-141,04;3170206;5403
MG;Uberlândia;2025;AJUSTE FUNDEB - IPVA;-2265,44;3170206;5403
MG;Uberlândia;2025;AJUSTE FUNDEB - ITCMD;-381,51;3170206;5403
MG;Uberlândia;2025;AJUSTE FUNDEB - ITR;-49,64;3170206;5403
MG;Uberlândia;2025;FUNDEB - FPE;36872823,56;3170206;5403
MG;Uberlândia;2025;FUNDEB - FPM;113594333,8;3170206;5403
MG;Uberlândia;2025;FUNDEB - FUNDEB - FTI;2089092,14;3170206;5403
MG;Uberlândia;2025;FUNDEB - ICMS;359485196,7;3170206;5403
MG;Uberlândia;2025;FUNDEB - IPI-EXP;4584665,9;3170206;5403
MG;Uberlândia;2025;FUNDEB - IPVA;52303603,7;3170206;5403
MG;Uberlândia;2025;FUNDEB - ITCMD;9050962,75;3170206;5403
MG;Uberlândia;2025;FUNDEB - ITR;1300067,72;3170206;5403
MG;Umburatiba;2025;AJUSTE FUNDEB - FPE;-6,91;3170305;5405
MG;Umburatiba;2025;AJUSTE FUNDEB - FPM;-20,57;3170305;5405
MG;Umburatiba;2025;AJUSTE FUNDEB - ICME;-67,11;3170305;5405
MG;Umburatiba;2025;AJUSTE FUNDEB - IPIE;-0,62;3170305;5405
MG;Umburatiba;2025;AJUSTE FUNDEB - IPVA;-10,39;3170305;5405
MG;Umburatiba;2025;AJUSTE FUNDEB - ITCMD;-1,74;3170305;5405
MG;Umburatiba;2025;AJUSTE FUNDEB - ITR;-0,22;3170305;5405
MG;Umburatiba;2025;FUNDEB - FPE;158895,2;3170305;5405
MG;Umburatiba;2025;FUNDEB - FPM;489509,36;3170305;5405
MG;Umburatiba;2025;FUNDEB - ICMS;1554571,14;3170305;5405
MG;Umburatiba;2025;FUNDEB - IPI-EXP;19756,58;3170305;5405
MG;Umburatiba;2025;FUNDEB - IPVA;225403,84;3170305;5405
MG;Umburatiba;2025;FUNDEB - ITCMD;39030,23;3170305;5405
MG;Umburatiba;2025;FUNDEB - ITR;5608,83;3170305;5405
MG;Unaí;2025;AJUSTE FUNDEB - AJUSTE FUNDEB VAAR;-207533,38;3170404;5407
MG;Unaí;2025;AJUSTE FUNDEB - FPE;-682,71;3170404;5407
MG;Unaí;2025;AJUSTE FUNDEB - FPM;-2091,2;3170404;5407
MG;Unaí;2025;AJUSTE FUNDEB - ICME;-6755,68;3170404;5407
MG;Unaí;2025;AJUSTE FUNDEB - IPIE;-81,43;3170404;5407
MG;Unaí;2025;AJUSTE FUNDEB - IPVA;-1073,53;3170404;5407
MG;Unaí;2025;AJUSTE FUNDEB - ITCMD;-159,1;3170404;5407
MG;Unaí;2025;AJUSTE FUNDEB - ITR;-24,74;3170404;5407
MG;Unaí;2025;FUNDEB - COUN VAAR;3067311,85;3170404;5407
MG;Unaí;2025;FUNDEB - FPE;3675754,52;3170404;5407
MG;Unaí;2025;FUNDEB - FPM;11323919,49;3170404;5407
MG;Unaí;2025;FUNDEB - ICMS;35859555,36;3170404;5407
MG;Unaí;2025;FUNDEB - IPI-EXP;457034,27;3170404;5407
MG;Unaí;2025;FUNDEB - IPVA;5214315,79;3170404;5407
MG;Unaí;2025;FUNDEB - ITCMD;902699,81;3170404;5407
MG;Unaí;2025;FUNDEB - ITR;129706,65;3170404;5407
MG;União de Minas;2025;AJUSTE FUNDEB - AJUSTE FUNDEB VAAR;-11036,01;3170438;742
MG;União de Minas;2025;AJUSTE FUNDEB - FPE;-7,43;3170438;742
MG;União de Minas;2025;AJUSTE FUNDEB - FPM;-22,27;3170438;742
MG;União de Minas;2025;AJUSTE FUNDEB - ICME;-72,46;3170438;742
MG;União de Minas;2025;AJUSTE FUNDEB - IPIE;-0,71;3170438;742
MG;União de Minas;2025;AJUSTE FUNDEB - IPVA;-11,28;3170438;742
MG;União de Minas;2025;AJUSTE FUNDEB - ITCMD;-1,92;3170438;742
MG;União de Minas;2025;AJUSTE FUNDEB - ITR;-0,26;3170438;742
MG;União de Minas;2025;FUNDEB - COUN VAAR;156031,73;3170438;742
MG;União de Minas;2025;FUNDEB - FPE;154796,55;3170438;742
MG;União de Minas;2025;FUNDEB - FPM;476882,71;3170438;742
MG;União de Minas;2025;FUNDEB - FUNDEB - FTI;15708,5;3170438;742
MG;União de Minas;2025;FUNDEB - ICMS;1514692,8;3170438;742
MG;União de Minas;2025;FUNDEB - IPI-EXP;19246,98;3170438;742
MG;União de Minas;2025;FUNDEB - IPVA;219614,4;3170438;742
MG;União de Minas;2025;FUNDEB - ITCMD;38074,52;3170438;742
MG;União de Minas;2025;FUNDEB - ITR;5476,27;3170438;742
MG;Uruana de Minas;2025;AJUSTE FUNDEB - FPE;-16,15;3170479;744
MG;Uruana de Minas;2025;AJUSTE FUNDEB - FPM;-48,49;3170479;744
MG;Uruana de Minas;2025;AJUSTE FUNDEB - ICME;-158,43;3170479;744
MG;Uruana de Minas;2025;AJUSTE FUNDEB - IPIE;-1,48;3170479;744
MG;Uruana de Minas;2025;AJUSTE FUNDEB - IPVA;-24,18;3170479;744
MG;Uruana de Minas;2025;AJUSTE FUNDEB - ITCMD;-4,08;3170479;744
MG;Uruana de Minas;2025;AJUSTE FUNDEB - ITR;-0,55;3170479;744
MG;Uruana de Minas;2025;FUNDEB - FPE;400670,84;3170479;744
MG;Uruana de Minas;2025;FUNDEB - FPM;1234349,17;3170479;744
MG;Uruana de Minas;2025;FUNDEB - ICMS;3907928,49;3170479;744
MG;Uruana de Minas;2025;FUNDEB - IPI-EXP;49818,3;3170479;744
MG;Uruana de Minas;2025;FUNDEB - IPVA;568337,08;3170479;744
MG;Uruana de Minas;2025;FUNDEB - ITCMD;98331,76;3170479;744
MG;Uruana de Minas;2025;FUNDEB - ITR;14122,5;3170479;744
MG;Urucânia;2025;AJUSTE FUNDEB - AJUSTE FUNDEB VAAR;-4716,53;3170503;5409
MG;Urucânia;2025;AJUSTE FUNDEB - AJUSTE FUNDEB VAAT;-10243,08;3170503;5409
MG;Urucânia;2025;AJUSTE FUNDEB - FPE;-19,15;3170503;5409
MG;Urucânia;2025;AJUSTE FUNDEB - FPM;-57,59;3170503;5409
MG;Urucânia;2025;AJUSTE FUNDEB - ICME;-187,32;3170503;5409
MG;Urucânia;2025;AJUSTE FUNDEB - IPIE;-1,85;3170503;5409
MG;Urucânia;2025;AJUSTE FUNDEB - IPVA;-28,79;3170503;5409
MG;Urucânia;2025;AJUSTE FUNDEB - ITCMD;-4,85;3170503;5409
MG;Urucânia;2025;AJUSTE FUNDEB - ITR;-0,61;3170503;5409
MG;Urucânia;2025;FUNDEB - COUN VAAR;20844,78;3170503;5409
MG;Urucânia;2025;FUNDEB - COUN VAAT;10243,08;3170503;5409
MG;Urucânia;2025;FUNDEB - FPE;482847,15;3170503;5409
MG;Urucânia;2025;FUNDEB - FPM;1487510,22;3170503;5409
MG;Urucânia;2025;FUNDEB - FUNDEB - FTI;80798,69;3170503;5409
MG;Urucânia;2025;FUNDEB - ICMS;4710223,62;3170503;5409
MG;Urucânia;2025;FUNDEB - IPI-EXP;60035,91;3170503;5409
MG;Urucânia;2025;FUNDEB - IPVA;684896,56;3170503;5409
MG;Urucânia;2025;FUNDEB - ITCMD;118489,52;3170503;5409
MG;Urucânia;2025;FUNDEB - ITR;17016,63;3170503;5409
MG;Urucuia;2025;AJUSTE FUNDEB - AJUSTE FUNDEB VAAR;-17241,31;3170529;2699
MG;Urucuia;2025;AJUSTE FUNDEB - FPE;-40,65;3170529;2699
MG;Urucuia;2025;AJUSTE FUNDEB - FPM;-121,81;3170529;2699
MG;Urucuia;2025;AJUSTE FUNDEB - ICME;-396,39;3170529;2699
MG;Urucuia;2025;AJUSTE FUNDEB - IPIE;-3,79;3170529;2699
MG;Urucuia;2025;AJUSTE FUNDEB - IPVA;-60,94;3170529;2699
MG;Urucuia;2025;AJUSTE FUNDEB - ITCMD;-10,32;3170529;2699
MG;Urucuia;2025;AJUSTE FUNDEB - ITR;-1,36;3170529;2699
MG;Urucuia;2025;FUNDEB - COUN VAAR;275842,16;3170529;2699
MG;Urucuia;2025;FUNDEB - COUN VAAT;1673694,13;3170529;2699
MG;Urucuia;2025;FUNDEB - FPE;1079497,23;3170529;2699
MG;Urucuia;2025;FUNDEB - FPM;3325613,65;3170529;2699
MG;Urucuia;2025;FUNDEB - ICMS;10522972,01;3170529;2699
MG;Urucuia;2025;FUNDEB - IPI-EXP;134221,73;3170529;2699
MG;Urucuia;2025;FUNDEB - IPVA;1531153,81;3170529;2699
MG;Urucuia;2025;FUNDEB - ITCMD;264774,8;3170529;2699
MG;Urucuia;2025;FUNDEB - ITR;38012,7;3170529;2699
MG;Vargem Alegre;2025;AJUSTE FUNDEB - AJUSTE FUNDEB VAAR;-8071,59;3170578;746
MG;Vargem Alegre;2025;AJUSTE FUNDEB - FPE;-11,28;3170578;746
MG;Vargem Alegre;2025;AJUSTE FUNDEB - FPM;-33,8;3170578;746
MG;Vargem Alegre;2025;AJUSTE FUNDEB - ICME;-109,95;3170578;746
MG;Vargem Alegre;2025;AJUSTE FUNDEB - IPIE;-1,07;3170578;746
MG;Vargem Alegre;2025;AJUSTE FUNDEB - IPVA;-16,74;3170578;746
MG;Vargem Alegre;2025;AJUSTE FUNDEB - ITCMD;-2,87;3170578;746
MG;Vargem Alegre;2025;AJUSTE FUNDEB - ITR;-0,35;3170578;746
MG;Vargem Alegre;2025;FUNDEB - COUN VAAR;129136,51;3170578;746
MG;Vargem Alegre;2025;FUNDEB - FPE;260984,11;3170578;746
MG;Vargem Alegre;2025;FUNDEB - FPM;804015,33;3170578;746
MG;Vargem Alegre;2025;FUNDEB - FUNDEB - FTI;6334,53;3170578;746
MG;Vargem Alegre;2025;FUNDEB - ICMS;2549146,75;3170578;746
MG;Vargem Alegre;2025;FUNDEB - IPI-EXP;32450,06;3170578;746
MG;Vargem Alegre;2025;FUNDEB - IPVA;370236,6;3170578;746
MG;Vargem Alegre;2025;FUNDEB - ITCMD;64132,82;3170578;746
MG;Vargem Alegre;2025;FUNDEB - ITR;9218,62;3170578;746
MG;Vargem Bonita;2025;AJUSTE FUNDEB - FPE;-5,89;3170602;5411
MG;Vargem Bonita;2025;AJUSTE FUNDEB - FPM;-17,62;3170602;5411
MG;Vargem Bonita;2025;AJUSTE FUNDEB - ICME;-57,31;3170602;5411
MG;Vargem Bonita;2025;AJUSTE FUNDEB - IPIE;-0,52;3170602;5411
MG;Vargem Bonita;2025;AJUSTE FUNDEB - IPVA;-8,81;3170602;5411
MG;Vargem Bonita;2025;AJUSTE FUNDEB - ITCMD;-1,47;3170602;5411
MG;Vargem Bonita;2025;AJUSTE FUNDEB - ITR;-0,22;3170602;5411
MG;Vargem Bonita;2025;FUNDEB - FPE;130181,77;3170602;5411
MG;Vargem Bonita;2025;FUNDEB - FPM;401051,86;3170602;5411
MG;Vargem Bonita;2025;FUNDEB - FUNDEB - FTI;6552,58;3170602;5411
MG;Vargem Bonita;2025;FUNDEB - ICMS;1271036,67;3170602;5411
MG;Vargem Bonita;2025;FUNDEB - IPI-EXP;16186,46;3170602;5411
MG;Vargem Bonita;2025;FUNDEB - IPVA;184679,05;3170602;5411
MG;Vargem Bonita;2025;FUNDEB - ITCMD;31992,05;3170602;5411
MG;Vargem Bonita;2025;FUNDEB - ITR;4598,81;3170602;5411
MG;Vargem Grande do Rio Pardo;2025;AJUSTE FUNDEB - AJUSTE FUNDEB VAAR;-13796,89;3170651;748
MG;Vargem Grande do Rio Pardo;2025;AJUSTE FUNDEB - AJUSTE FUNDEB VAAT;20318,77;3170651;748
MG;Vargem Grande do Rio Pardo;2025;AJUSTE FUNDEB - FPE;-11,37;3170651;748
MG;Vargem Grande do Rio Pardo;2025;AJUSTE FUNDEB - FPM;-34,04;3170651;748
MG;Vargem Grande do Rio Pardo;2025;AJUSTE FUNDEB - ICME;-110,92;3170651;748
MG;Vargem Grande do Rio Pardo;2025;AJUSTE FUNDEB - IPIE;-1,04;3170651;748
MG;Vargem Grande do Rio Pardo;2025;AJUSTE FUNDEB - IPVA;-17,13;3170651;748
MG;Vargem Grande do Rio Pardo;2025;AJUSTE FUNDEB - ITCMD;-2,87;3170651;748
MG;Vargem Grande do Rio Pardo;2025;AJUSTE FUNDEB - ITR;-0,38;3170651;748
MG;Vargem Grande do Rio Pardo;2025;FUNDEB - COUN VAAR;157014,19;3170651;748
MG;Vargem Grande do Rio Pardo;2025;FUNDEB - COUN VAAT;47781,69;3170651;748
MG;Vargem Grande do Rio Pardo;2025;FUNDEB - FPE;291590,46;3170651;748
MG;Vargem Grande do Rio Pardo;2025;FUNDEB - FPM;898304,54;3170651;748
MG;Vargem Grande do Rio Pardo;2025;FUNDEB - FUNDEB - FTI;115139,13;3170651;748
MG;Vargem Grande do Rio Pardo;2025;FUNDEB - ICMS;2842352,73;3170651;748
MG;Vargem Grande do Rio Pardo;2025;FUNDEB - IPI-EXP;36255,52;3170651;748
MG;Vargem Grande do Rio Pardo;2025;FUNDEB - IPVA;413622,79;3170651;748
MG;Vargem Grande do Rio Pardo;2025;FUNDEB - ITCMD;71586,7;3170651;748
MG;Vargem Grande do Rio Pardo;2025;FUNDEB - ITR;10283,71;3170651;748
MG;Varginha;2025;AJUSTE FUNDEB - FPE;-731,55;3170701;5413
MG;Varginha;2025;AJUSTE FUNDEB - FPM;-2234,41;3170701;5413
MG;Varginha;2025;AJUSTE FUNDEB - ICME;-7225,72;3170701;5413
MG;Varginha;2025;AJUSTE FUNDEB - IPIE;-84,58;3170701;5413
MG;Varginha;2025;AJUSTE FUNDEB - IPVA;-1142,98;3170701;5413
MG;Varginha;2025;AJUSTE FUNDEB - ITCMD;-172,61;3170701;5413
MG;Varginha;2025;AJUSTE FUNDEB - ITR;-26,12;3170701;5413
MG;Varginha;2025;FUNDEB - FPE;6081051;3170701;5413
MG;Varginha;2025;FUNDEB - FPM;18733931,12;3170701;5413
MG;Varginha;2025;FUNDEB - FUNDEB - FTI;1095863,17;3170701;5413
MG;Varginha;2025;FUNDEB - ICMS;59279336,13;3170701;5413
MG;Varginha;2025;FUNDEB - IPI-EXP;756102,17;3170701;5413
MG;Varginha;2025;FUNDEB - IPVA;8626026,4;3170701;5413
MG;Varginha;2025;FUNDEB - ITCMD;1492778,97;3170701;5413
MG;Varginha;2025;FUNDEB - ITR;214432,92;3170701;5413
MG;Varjão de Minas;2025;AJUSTE FUNDEB - AJUSTE FUNDEB VAAR;-7135,76;3170750;750
MG;Varjão de Minas;2025;AJUSTE FUNDEB - AJUSTE FUNDEB VAAT;39279,18;3170750;750
MG;Varjão de Minas;2025;AJUSTE FUNDEB - FPE;-19,95;3170750;750
MG;Varjão de Minas;2025;AJUSTE FUNDEB - FPM;-59,71;3170750;750
MG;Varjão de Minas;2025;AJUSTE FUNDEB - ICME;-194,37;3170750;750
MG;Varjão de Minas;2025;AJUSTE FUNDEB - IPIE;-1,85;3170750;750
MG;Varjão de Minas;2025;AJUSTE FUNDEB - IPVA;-29,88;3170750;750
MG;Varjão de Minas;2025;AJUSTE FUNDEB - ITCMD;-5,05;3170750;750
MG;Varjão de Minas;2025;AJUSTE FUNDEB - ITR;-0,68;3170750;750
MG;Varjão de Minas;2025;FUNDEB - COUN VAAR;29412,09;3170750;750
MG;Varjão de Minas;2025;FUNDEB - COUN VAAT;1598583,31;3170750;750
MG;Varjão de Minas;2025;FUNDEB - FPE;585510,93;3170750;750
MG;Varjão de Minas;2025;FUNDEB - FPM;1803787,02;3170750;750
MG;Varjão de Minas;2025;FUNDEB - FUNDEB - FTI;155437,83;3170750;750
MG;Varjão de Minas;2025;FUNDEB - ICMS;5696839,98;3170750;750
MG;Varjão de Minas;2025;FUNDEB - IPI-EXP;72800,82;3170750;750
MG;Varjão de Minas;2025;FUNDEB - IPVA;830513,97;3170750;750
MG;Varjão de Minas;2025;FUNDEB - ITCMD;143669,62;3170750;750
MG;Varjão de Minas;2025;FUNDEB - ITR;20631,55;3170750;750
MG;Várzea da Palma;2025;AJUSTE FUNDEB - FPE;-66,97;3170800;5415
MG;Várzea da Palma;2025;AJUSTE FUNDEB - FPM;-200,97;3170800;5415
MG;Várzea da Palma;2025;AJUSTE FUNDEB - ICME;-653,8;3170800;5415
MG;Várzea da Palma;2025;AJUSTE FUNDEB - IPIE;-6,24;3170800;5415
MG;Várzea da Palma;2025;AJUSTE FUNDEB - IPVA;-100,56;3170800;5415
MG;Várzea da Palma;2025;AJUSTE FUNDEB - ITCMD;-16,94;3170800;5415
MG;Várzea da Palma;2025;AJUSTE FUNDEB - ITR;-2,28;3170800;5415
MG;Várzea da Palma;2025;FUNDEB - FPE;1636108,57;3170800;5415
MG;Várzea da Palma;2025;FUNDEB - FPM;5040369,73;3170800;5415
MG;Várzea da Palma;2025;FUNDEB - FUNDEB - FTI;358942,9;3170800;5415
MG;Várzea da Palma;2025;FUNDEB - ICMS;15956062,15;3170800;5415
MG;Várzea da Palma;2025;FUNDEB - IPI-EXP;203429,27;3170800;5415
MG;Várzea da Palma;2025;FUNDEB - IPVA;2320725,78;3170800;5415
MG;Várzea da Palma;2025;FUNDEB - ITCMD;401457,3;3170800;5415
MG;Várzea da Palma;2025;FUNDEB - ITR;57650,73;3170800;5415
MG;Varzelândia;2025;AJUSTE FUNDEB - AJUSTE FUNDEB VAAR;-23882,77;3170909;5417
MG;Varzelândia;2025;AJUSTE FUNDEB - AJUSTE FUNDEB VAAT;70788,58;3170909;5417
MG;Varzelândia;2025;AJUSTE FUNDEB - FPE;-37,23;3170909;5417
MG;Varzelândia;2025;AJUSTE FUNDEB - FPM;-111,78;3170909;5417
MG;Varzelândia;2025;AJUSTE FUNDEB - ICME;-363,74;3170909;5417
MG;Varzelândia;2025;AJUSTE FUNDEB - IPIE;-3,52;3170909;5417
MG;Varzelândia;2025;AJUSTE FUNDEB - IPVA;-56,05;3170909;5417
MG;Varzelândia;2025;AJUSTE FUNDEB - ITCMD;-9,43;3170909;5417
MG;Varzelândia;2025;AJUSTE FUNDEB - ITR;-1,21;3170909;5417
MG;Varzelândia;2025;FUNDEB - COUN VAAR;382098,32;3170909;5417
MG;Varzelândia;2025;FUNDEB - COUN VAAT;4414908,09;3170909;5417
MG;Varzelândia;2025;FUNDEB - FPE;1062506,04;3170909;5417
MG;Varzelândia;2025;FUNDEB - FPM;3273268,98;3170909;5417
MG;Varzelândia;2025;FUNDEB - FUNDEB - FTI;165312,16;3170909;5417
MG;Varzelândia;2025;FUNDEB - ICMS;10362800,62;3170909;5417
MG;Varzelândia;2025;FUNDEB - IPI-EXP;132109,09;3170909;5417
MG;Varzelândia;2025;FUNDEB - IPVA;1507035,6;3170909;5417
MG;Varzelândia;2025;FUNDEB - ITCMD;260569,76;3170909;5417
MG;Varzelândia;2025;FUNDEB - ITR;37405,48;3170909;5417
MG;Vazante;2025;AJUSTE FUNDEB - FPE;-36,49;3171006;5419
MG;Vazante;2025;AJUSTE FUNDEB - FPM;-109,55;3171006;5419
MG;Vazante;2025;AJUSTE FUNDEB - ICME;-356,24;3171006;5419
MG;Vazante;2025;AJUSTE FUNDEB - IPIE;-3,4;3171006;5419
MG;Vazante;2025;AJUSTE FUNDEB - IPVA;-54,92;3171006;5419
MG;Vazante;2025;AJUSTE FUNDEB - ITCMD;-9,24;3171006;5419
MG;Vazante;2025;AJUSTE FUNDEB - ITR;-1,2;3171006;5419
MG;Vazante;2025;FUNDEB - FPE;891571,05;3171006;5419
MG;Vazante;2025;FUNDEB - FPM;2746668,46;3171006;5419
MG;Vazante;2025;FUNDEB - FUNDEB - FTI;127325,27;3171006;5419
MG;Vazante;2025;FUNDEB - ICMS;8695872,16;3171006;5419
MG;Vazante;2025;FUNDEB - IPI-EXP;110855,51;3171006;5419
MG;Vazante;2025;FUNDEB - IPVA;1264738,9;3171006;5419
MG;Vazante;2025;FUNDEB - ITCMD;218967,17;3171006;5419
MG;Vazante;2025;FUNDEB - ITR;31463,28;3171006;5419
MG;Verdelândia;2025;AJUSTE FUNDEB - AJUSTE FUNDEB VAAR;-13723,03;3171030;752
MG;Verdelândia;2025;AJUSTE FUNDEB - FPE;-18,67;3171030;752
MG;Verdelândia;2025;AJUSTE FUNDEB - FPM;-56,11;3171030;752
MG;Verdelândia;2025;AJUSTE FUNDEB - ICME;-182,56;3171030;752
MG;Verdelândia;2025;AJUSTE FUNDEB - IPIE;-1,73;3171030;752
MG;Verdelândia;2025;AJUSTE FUNDEB - IPVA;-28,22;3171030;752
MG;Verdelândia;2025;AJUSTE FUNDEB - ITCMD;-4,81;3171030;752
MG;Verdelândia;2025;AJUSTE FUNDEB - ITR;-0,61;3171030;752
MG;Verdelândia;2025;FUNDEB - COUN VAAR;207708,77;3171030;752
MG;Verdelândia;2025;FUNDEB - COUN VAAT;650589,24;3171030;752
MG;Verdelândia;2025;FUNDEB - FPE;465057,44;3171030;752
MG;Verdelândia;2025;FUNDEB - FPM;1432705,24;3171030;752
MG;Verdelândia;2025;FUNDEB - ICMS;4540074,02;3171030;752
MG;Verdelândia;2025;FUNDEB - IPI-EXP;57823,98;3171030;752
MG;Verdelândia;2025;FUNDEB - IPVA;659664,62;3171030;752
MG;Verdelândia;2025;FUNDEB - ITCMD;114128,01;3171030;752
MG;Verdelândia;2025;FUNDEB - ITR;16390,64;3171030;752
MG;Veredinha;2025;AJUSTE FUNDEB - FPE;-13,45;3171071;754
MG;Veredinha;2025;AJUSTE FUNDEB - FPM;-40,44;3171071;754
MG;Veredinha;2025;AJUSTE FUNDEB - ICME;-131,4;3171071;754
MG;Veredinha;2025;AJUSTE FUNDEB - IPIE;-1,25;3171071;754
MG;Veredinha;2025;AJUSTE FUNDEB - IPVA;-20,26;3171071;754
MG;Veredinha;2025;AJUSTE FUNDEB - ITCMD;-3,38;3171071;754
MG;Veredinha;2025;AJUSTE FUNDEB - ITR;-0,46;3171071;754
MG;Veredinha;2025;FUNDEB - FPE;333833,27;3171071;754
MG;Veredinha;2025;FUNDEB - FPM;1028442,24;3171071;754
MG;Veredinha;2025;FUNDEB - ICMS;3260926,52;3171071;754
MG;Veredinha;2025;FUNDEB - IPI-EXP;41507,91;3171071;754
MG;Veredinha;2025;FUNDEB - IPVA;473560,19;3171071;754
MG;Veredinha;2025;FUNDEB - ITCMD;81990,02;3171071;754
MG;Veredinha;2025;FUNDEB - ITR;11781,26;3171071;754
MG;Veríssimo;2025;AJUSTE FUNDEB - FPE;-6,32;3171105;5423
MG;Veríssimo;2025;AJUSTE FUNDEB - FPM;-19,03;3171105;5423
MG;Veríssimo;2025;AJUSTE FUNDEB - ICME;-62;3171105;5423
MG;Veríssimo;2025;AJUSTE FUNDEB - IPIE;-0,62;3171105;5423
MG;Veríssimo;2025;AJUSTE FUNDEB - IPVA;-9,58;3171105;5423
MG;Veríssimo;2025;AJUSTE FUNDEB - ITCMD;-1,61;3171105;5423
MG;Veríssimo;2025;AJUSTE FUNDEB - ITR;-0,18;3171105;5423
MG;Veríssimo;2025;FUNDEB - FPE;165760,14;3171105;5423
MG;Veríssimo;2025;FUNDEB - FPM;510658,29;3171105;5423
MG;Veríssimo;2025;FUNDEB - ICMS;1618682,83;3171105;5423
MG;Veríssimo;2025;FUNDEB - IPI-EXP;20610,17;3171105;5423
MG;Veríssimo;2025;FUNDEB - IPVA;235071,88;3171105;5423
MG;Veríssimo;2025;FUNDEB - ITCMD;40571,21;3171105;5423
MG;Veríssimo;2025;FUNDEB - ITR;5816,56;3171105;5423
MG;Vermelho Novo;2025;AJUSTE FUNDEB - AJUSTE FUNDEB VAAR;-7822,76;3171154;756
MG;Vermelho Novo;2025;AJUSTE FUNDEB - FPE;-10,18;3171154;756
MG;Vermelho Novo;2025;AJUSTE FUNDEB - FPM;-30,56;3171154;756
MG;Vermelho Novo;2025;AJUSTE FUNDEB - ICME;-99,49;3171154;756
MG;Vermelho Novo;2025;AJUSTE FUNDEB - IPIE;-0,99;3171154;756
MG;Vermelho Novo;2025;AJUSTE FUNDEB - IPVA;-15,3;3171154;756
MG;Vermelho Novo;2025;AJUSTE FUNDEB - ITCMD;-2,53;3171154;756
MG;Vermelho Novo;2025;AJUSTE FUNDEB - ITR;-0,35;3171154;756
MG;Vermelho Novo;2025;FUNDEB - COUN VAAR;125155,43;3171154;756
MG;Vermelho Novo;2025;FUNDEB - COUN VAAT;170383,8;3171154;756
MG;Vermelho Novo;2025;FUNDEB - FPE;290032,83;3171154;756
MG;Vermelho Novo;2025;FUNDEB - FPM;893505,94;3171154;756
MG;Vermelho Novo;2025;FUNDEB - FUNDEB - FTI;83080,36;3171154;756
MG;Vermelho Novo;2025;FUNDEB - ICMS;2827112,99;3171154;756
MG;Vermelho Novo;2025;FUNDEB - IPI-EXP;36061,91;3171154;756
MG;Vermelho Novo;2025;FUNDEB - IPVA;411387,19;3171154;756
MG;Vermelho Novo;2025;FUNDEB - ITCMD;71150,44;3171154;756
MG;Vermelho Novo;2025;FUNDEB - ITR;10216,01;3171154;756
MG;Vespasiano;2025;AJUSTE FUNDEB - FPE;-867,34;3171204;5425
MG;Vespasiano;2025;AJUSTE FUNDEB - FPM;-2644,98;3171204;5425
MG;Vespasiano;2025;AJUSTE FUNDEB - ICME;-8557,84;3171204;5425
MG;Vespasiano;2025;AJUSTE FUNDEB - IPIE;-98,5;3171204;5425
MG;Vespasiano;2025;AJUSTE FUNDEB - IPVA;-1350,52;3171204;5425
MG;Vespasiano;2025;AJUSTE FUNDEB - ITCMD;-205,86;3171204;5425
MG;Vespasiano;2025;AJUSTE FUNDEB - ITR;-30,75;3171204;5425
MG;Vespasiano;2025;FUNDEB - FPE;8181609,36;3171204;5425
MG;Vespasiano;2025;FUNDEB - FPM;25205134,12;3171204;5425
MG;Vespasiano;2025;FUNDEB - FUNDEB - FTI;2652589,15;3171204;5425
MG;Vespasiano;2025;FUNDEB - ICMS;79786056,81;3171204;5425
MG;Vespasiano;2025;FUNDEB - IPI-EXP;1017279,89;3171204;5425
MG;Vespasiano;2025;FUNDEB - IPVA;11605425,44;3171204;5425
MG;Vespasiano;2025;FUNDEB - ITCMD;2007932,85;3171204;5425
MG;Vespasiano;2025;FUNDEB - ITR;288385,95;3171204;5425
MG;Viçosa;2025;AJUSTE FUNDEB - FPE;-135;3171303;5427
MG;Viçosa;2025;AJUSTE FUNDEB - FPM;-404,98;3171303;5427
MG;Viçosa;2025;AJUSTE FUNDEB - ICME;-1317,85;3171303;5427
MG;Viçosa;2025;AJUSTE FUNDEB - IPIE;-12,58;3171303;5427
MG;Viçosa;2025;AJUSTE FUNDEB - IPVA;-202,65;3171303;5427
MG;Viçosa;2025;AJUSTE FUNDEB - ITCMD;-34,1;3171303;5427
MG;Viçosa;2025;AJUSTE FUNDEB - ITR;-4,44;3171303;5427
MG;Viçosa;2025;FUNDEB - FPE;3460753,37;3171303;5427
MG;Viçosa;2025;FUNDEB - FPM;10661564,25;3171303;5427
MG;Viçosa;2025;FUNDEB - FUNDEB - FTI;431443,6;3171303;5427
MG;Viçosa;2025;FUNDEB - ICMS;33732885,9;3171303;5427
MG;Viçosa;2025;FUNDEB - IPI-EXP;430300,59;3171303;5427
MG;Viçosa;2025;FUNDEB - IPVA;4908816,62;3171303;5427
MG;Viçosa;2025;FUNDEB - ITCMD;849046,74;3171303;5427
MG;Viçosa;2025;FUNDEB - ITR;121913,99;3171303;5427
MG;Vieiras;2025;AJUSTE FUNDEB - AJUSTE FUNDEB VAAR;-8755,88;3171402;5429
MG;Vieiras;2025;AJUSTE FUNDEB - FPE;-12,29;3171402;5429
MG;Vieiras;2025;AJUSTE FUNDEB - FPM;-36,92;3171402;5429
MG;Vieiras;2025;AJUSTE FUNDEB - ICME;-120,21;3171402;5429
MG;Vieiras;2025;AJUSTE FUNDEB - IPIE;-1,16;3171402;5429
MG;Vieiras;2025;AJUSTE FUNDEB - IPVA;-18,44;3171402;5429
MG;Vieiras;2025;AJUSTE FUNDEB - ITCMD;-3,07;3171402;5429
MG;Vieiras;2025;AJUSTE FUNDEB - ITR;-0,41;3171402;5429
MG;Vieiras;2025;FUNDEB - COUN VAAR;140084,5;3171402;5429
MG;Vieiras;2025;FUNDEB - FPE;270351,1;3171402;5429
MG;Vieiras;2025;FUNDEB - FPM;832872,33;3171402;5429
MG;Vieiras;2025;FUNDEB - FUNDEB - FTI;86835,32;3171402;5429
MG;Vieiras;2025;FUNDEB - ICMS;2639991,35;3171402;5429
MG;Vieiras;2025;FUNDEB - IPI-EXP;33614,73;3171402;5429
MG;Vieiras;2025;FUNDEB - IPVA;383566,35;3171402;5429
MG;Vieiras;2025;FUNDEB - ITCMD;66520,5;3171402;5429
MG;Vieiras;2025;FUNDEB - ITR;9569,9;3171402;5429
MG;Virgem da Lapa;2025;AJUSTE FUNDEB - AJUSTE FUNDEB VAAT;48250,25;3171600;5433
MG;Virgem da Lapa;2025;AJUSTE FUNDEB - FPE;-16,3;3171600;5433
MG;Virgem da Lapa;2025;AJUSTE FUNDEB - FPM;-48,9;3171600;5433
MG;Virgem da Lapa;2025;AJUSTE FUNDEB - ICME;-159,03;3171600;5433
MG;Virgem da Lapa;2025;AJUSTE FUNDEB - IPIE;-1,52;3171600;5433
MG;Virgem da Lapa;2025;AJUSTE FUNDEB - IPVA;-24,38;3171600;5433
MG;Virgem da Lapa;2025;AJUSTE FUNDEB - ITCMD;-4,09;3171600;5433
MG;Virgem da Lapa;2025;AJUSTE FUNDEB - ITR;-0,54;3171600;5433
MG;Virgem da Lapa;2025;FUNDEB - COUN VAAT;4607295,98;3171600;5433
MG;Virgem da Lapa;2025;FUNDEB - FPE;698869,08;3171600;5433
MG;Virgem da Lapa;2025;FUNDEB - FPM;2153010,16;3171600;5433
MG;Virgem da Lapa;2025;FUNDEB - ICMS;6797591,69;3171600;5433
MG;Virgem da Lapa;2025;FUNDEB - IPI-EXP;86895,5;3171600;5433
MG;Virgem da Lapa;2025;FUNDEB - IPVA;991369,19;3171600;5433
MG;Virgem da Lapa;2025;FUNDEB - ITCMD;171615,37;3171600;5433
MG;Virgem da Lapa;2025;FUNDEB - ITR;24657,03;3171600;5433
MG;Virgínia;2025;AJUSTE FUNDEB - AJUSTE FUNDEB VAAR;-25355,4;3171709;5435
MG;Virgínia;2025;AJUSTE FUNDEB - FPE;-15,73;3171709;5435
MG;Virgínia;2025;AJUSTE FUNDEB - FPM;-47,2;3171709;5435
MG;Virgínia;2025;AJUSTE FUNDEB - ICME;-153,45;3171709;5435
MG;Virgínia;2025;AJUSTE FUNDEB - IPIE;-1,44;3171709;5435
MG;Virgínia;2025;AJUSTE FUNDEB - IPVA;-23,4;3171709;5435
MG;Virgínia;2025;AJUSTE FUNDEB - ITCMD;-3,97;3171709;5435
MG;Virgínia;2025;AJUSTE FUNDEB - ITR;-0,52;3171709;5435
MG;Virgínia;2025;FUNDEB - COUN VAAR;376687,05;3171709;5435
MG;Virgínia;2025;FUNDEB - FPE;398448,34;3171709;5435
MG;Virgínia;2025;FUNDEB - FPM;1227502,2;3171709;5435
MG;Virgínia;2025;FUNDEB - FUNDEB - FTI;145430,33;3171709;5435
MG;Virgínia;2025;FUNDEB - ICMS;3883389,59;3171709;5435
MG;Virgínia;2025;FUNDEB - IPI-EXP;49541,97;3171709;5435
MG;Virgínia;2025;FUNDEB - IPVA;565178,3;3171709;5435
MG;Virgínia;2025;FUNDEB - ITCMD;97773,48;3171709;5435
MG;Virgínia;2025;FUNDEB - ITR;14041,06;3171709;5435
MG;Virginópolis;2025;AJUSTE FUNDEB - AJUSTE FUNDEB VAAR;-18693,72;3171808;5437
MG;Virginópolis;2025;AJUSTE FUNDEB - FPE;-26,86;3171808;5437
MG;Virginópolis;2025;AJUSTE FUNDEB - FPM;-80,53;3171808;5437
MG;Virginópolis;2025;AJUSTE FUNDEB - ICME;-262,18;3171808;5437
MG;Virginópolis;2025;AJUSTE FUNDEB - IPIE;-2,56;3171808;5437
MG;Virginópolis;2025;AJUSTE FUNDEB - IPVA;-40,35;3171808;5437
MG;Virginópolis;2025;AJUSTE FUNDEB - ITCMD;-6,77;3171808;5437
MG;Virginópolis;2025;AJUSTE FUNDEB - ITR;-0,91;3171808;5437
MG;Virginópolis;2025;FUNDEB - COUN VAAR;299079,16;3171808;5437
MG;Virginópolis;2025;FUNDEB - COUN VAAT;1094455,49;3171808;5437
MG;Virginópolis;2025;FUNDEB - FPE;726479,56;3171808;5437
MG;Virginópolis;2025;FUNDEB - FPM;2238070,12;3171808;5437
MG;Virginópolis;2025;FUNDEB - FUNDEB - FTI;155958,51;3171808;5437
MG;Virginópolis;2025;FUNDEB - ICMS;7080674,64;3171808;5437
MG;Virginópolis;2025;FUNDEB - IPI-EXP;90328,47;3171808;5437
MG;Virginópolis;2025;FUNDEB - IPVA;1030427,68;3171808;5437
MG;Virginópolis;2025;FUNDEB - ITCMD;178172,31;3171808;5437
MG;Virginópolis;2025;FUNDEB - ITR;25578,07;3171808;5437
MG;Virgolândia;2025;AJUSTE FUNDEB - FPE;-7,9;3171907;5439
MG;Virgolândia;2025;AJUSTE FUNDEB - FPM;-23,81;3171907;5439
MG;Virgolândia;2025;AJUSTE FUNDEB - ICME;-77,34;3171907;5439
MG;Virgolândia;2025;AJUSTE FUNDEB - IPIE;-0,75;3171907;5439
MG;Virgolândia;2025;AJUSTE FUNDEB - IPVA;-12;3171907;5439
MG;Virgolândia;2025;AJUSTE FUNDEB - ITCMD;-1,98;3171907;5439
MG;Virgolândia;2025;AJUSTE FUNDEB - ITR;-0,24;3171907;5439
MG;Virgolândia;2025;FUNDEB - FPE;171887,31;3171907;5439
MG;Virgolândia;2025;FUNDEB - FPM;529534,27;3171907;5439
MG;Virgolândia;2025;FUNDEB - ICMS;1681728,17;3171907;5439
MG;Virgolândia;2025;FUNDEB - IPI-EXP;21371,98;3171907;5439
MG;Virgolândia;2025;FUNDEB - IPVA;243836,17;3171907;5439
MG;Virgolândia;2025;FUNDEB - ITCMD;42225,89;3171907;5439
MG;Virgolândia;2025;FUNDEB - ITR;6068,43;3171907;5439
MG;Visconde do Rio Branco;2025;AJUSTE FUNDEB - FPE;-79,28;3172004;5441
MG;Visconde do Rio Branco;2025;AJUSTE FUNDEB - FPM;-237,79;3172004;5441
MG;Visconde do Rio Branco;2025;AJUSTE FUNDEB - ICME;-773,84;3172004;5441
MG;Visconde do Rio Branco;2025;AJUSTE FUNDEB - IPIE;-7,42;3172004;5441
MG;Visconde do Rio Branco;2025;AJUSTE FUNDEB - IPVA;-118,93;3172004;5441
MG;Visconde do Rio Branco;2025;AJUSTE FUNDEB - ITCMD;-20,05;3172004;5441
MG;Visconde do Rio Branco;2025;AJUSTE FUNDEB - ITR;-2,63;3172004;5441
MG;Visconde do Rio Branco;2025;FUNDEB - FPE;1777957,35;3172004;5441
MG;Visconde do Rio Branco;2025;FUNDEB - FPM;5477364,03;3172004;5441
MG;Visconde do Rio Branco;2025;FUNDEB - FUNDEB - FTI;380511,64;3172004;5441
MG;Visconde do Rio Branco;2025;FUNDEB - ICMS;17360044,92;3172004;5441
MG;Visconde do Rio Branco;2025;FUNDEB - IPI-EXP;221066,34;3172004;5441
MG;Visconde do Rio Branco;2025;FUNDEB - IPVA;2522313,08;3172004;5441
MG;Visconde do Rio Branco;2025;FUNDEB - ITCMD;437053,95;3172004;5441
MG;Visconde do Rio Branco;2025;FUNDEB - ITR;62837,08;3172004;5441
MG;Volta Grande;2025;AJUSTE FUNDEB - FPE;-15,14;3172103;5443
MG;Volta Grande;2025;AJUSTE FUNDEB - FPM;-45,46;3172103;5443
MG;Volta Grande;2025;AJUSTE FUNDEB - ICME;-147,71;3172103;5443
MG;Volta Grande;2025;AJUSTE FUNDEB - IPIE;-1,37;3172103;5443
MG;Volta Grande;2025;AJUSTE FUNDEB - IPVA;-22,82;3172103;5443
MG;Volta Grande;2025;AJUSTE FUNDEB - ITCMD;-3,81;3172103;5443
MG;Volta Grande;2025;AJUSTE FUNDEB - ITR;-0,49;3172103;5443
MG;Volta Grande;2025;FUNDEB - FPE;339282,35;3172103;5443
MG;Volta Grande;2025;FUNDEB - FPM;1045229,29;3172103;5443
MG;Volta Grande;2025;FUNDEB - ICMS;3314592,48;3172103;5443
MG;Volta Grande;2025;FUNDEB - IPI-EXP;42185,44;3172103;5443
MG;Volta Grande;2025;FUNDEB - IPVA;481333,03;3172103;5443
MG;Volta Grande;2025;FUNDEB - ITCMD;83416,85;3172103;5443
MG;Volta Grande;2025;FUNDEB - ITR;11994,59;3172103;5443
MG;Wenceslau Braz;2025;AJUSTE FUNDEB - FPE;-4,58;3172202;5421
MG;Wenceslau Braz;2025;AJUSTE FUNDEB - FPM;-13,84;3172202;5421
MG;Wenceslau Braz;2025;AJUSTE FUNDEB - ICME;-45,08;3172202;5421
MG;Wenceslau Braz;2025;AJUSTE FUNDEB - IPIE;-0,43;3172202;5421
MG;Wenceslau Braz;2025;AJUSTE FUNDEB - IPVA;-6,87;3172202;5421
MG;Wenceslau Braz;2025;AJUSTE FUNDEB - ITCMD;-1,24;3172202;5421
MG;Wenceslau Braz;2025;AJUSTE FUNDEB - ITR;-0,17;3172202;5421
MG;Wenceslau Braz;2025;FUNDEB - FPE;118187,48;3172202;5421
MG;Wenceslau Braz;2025;FUNDEB - FPM;364100,94;3172202;5421
MG;Wenceslau Braz;2025;FUNDEB - ICMS;1153876,04;3172202;5421
MG;Wenceslau Braz;2025;FUNDEB - IPI-EXP;14695,14;3172202;5421
MG;Wenceslau Braz;2025;FUNDEB - IPVA;167654,07;3172202;5421
MG;Wenceslau Braz;2025;FUNDEB - ITCMD;29024,85;3172202;5421
MG;Wenceslau Braz;2025;FUNDEB - ITR;4170,41;3172202;5421
