ano;ente;cod_uf;sig_uf;cod_ibge;nom_ente;rectot_fundeb;transf_fundeb;compl_uni;compl_vaaf;compl_vaat;compl_vaar;royalty_educ;contrib_fundeb;impadd_fundeb;impadd_mde;sal_educ;prog_fnde;outrec_educ;recadd_educ;rectot_educ;defla_ipca;mat_censo
2025;Municipal;31;MG;310010;Abadia dos Dourados;3.764.247,48;3.764.247,48;0,00;0,00;0,00;0,00;0,00;5.619.874,57;1.404.968,64;461.484,38;249.232,30;223.369,13;695.922,57;3.034.977,02;6.799.224,50;1,00;541,00
2025;Municipal;31;MG;310020;Abaeté;16.780.520,13;15.815.522,00;964.998,13;0,00;964.998,13;0,00;0,00;10.792.607,55;2.698.151,89;2.529.956,49;942.502,30;2.035.928,78;430.998,68;8.637.538,13;25.418.058,26;1,00;1.905,00
2025;Municipal;31;MG;310030;Abre Campo;6.315.229,09;6.046.053,76;269.175,33;0,00;0,00;269.175,33;0,00;7.807.679,12;1.951.919,78;1.217.659,95;339.723,98;836.542,22;1.510.845,93;5.856.691,86;12.171.920,95;1,00;671,00
2025;Municipal;31;MG;310040;Acaiaca;3.351.240,49;3.351.240,49;0,00;0,00;0,00;0,00;0,00;4.285.804,05;1.071.451,01;248.301,43;201.573,32;182.286,71;446.537,75;2.150.150,22;5.501.390,71;1,00;383,00
2025;Municipal;31;MG;310050;Açucena;4.314.038,08;4.295.925,34;18.112,74;0,00;0,00;18.112,74;0,00;4.877.408,72;1.219.352,18;558.034,18;266.797,16;172.868,13;2.404.580,33;4.621.631,98;8.935.670,06;1,00;451,00
2025;Municipal;31;MG;310060;Água Boa;6.283.523,30;6.170.808,39;112.714,91;0,00;112.714,91;0,00;0,00;7.011.470,02;1.752.867,51;875.740,84;380.868,70;923.691,94;5.479.932,74;9.413.101,72;15.696.625,02;1,00;675,00
2025;Municipal;31;MG;310070;Água Comprida;1.609.382,66;1.609.382,66;0,00;0,00;0,00;0,00;0,00;6.025.183,36;1.506.295,84;1.203.438,54;113.545,66;28.110,00;0,00;2.851.390,04;4.460.772,70;1,00;263,00
2025;Municipal;31;MG;310080;Aguanil;4.577.233,26;4.577.233,26;0,00;0,00;0,00;0,00;0,00;4.484.243,76;1.121.060,94;282.777,68;251.357,37;83.613,68;258.245,21;1.997.054,88;6.574.288,14;1,00;484,00
2025;Municipal;31;MG;310090;Águas Formosas;9.686.865,70;9.686.865,70;0,00;0,00;0,00;0,00;0,00;9.056.290,28;2.264.072,57;1.410.134,33;558.673,93;362.885,39;3.026.646,79;7.622.413,01;17.309.278,71;1,00;1.073,00
2025;Municipal;31;MG;310100;Águas Vermelhas;15.575.444,55;12.885.942,69;2.689.501,86;0,00;2.663.530,92;25.970,94;0,00;7.157.399,01;1.789.349,75;609.963,48;726.506,21;987.657,45;1.165.166,29;5.278.643,18;20.854.087,73;1,00;1.440,00
2025;Municipal;31;MG;310110;Aimorés;19.161.498,34;18.274.324,21;887.174,13;0,00;340.778,08;546.396,05;0,00;11.409.740,73;2.852.435,18;2.829.358,00;1.108.514,69;820.869,05;2.750.063,64;10.361.240,56;29.522.738,90;1,00;2.080,00
2025;Municipal;31;MG;310120;Aiuruoca;3.438.586,07;3.339.331,49;99.254,58;0,00;0,00;99.254,58;0,00;4.759.961,32;1.189.990,33;497.059,09;215.333,48;178.509,30;474.540,00;2.555.432,20;5.994.018,27;1,00;391,00
2025;Municipal;31;MG;310130;Alagoa;2.743.010,07;2.659.267,67;83.742,40;0,00;0,00;83.742,40;0,00;4.592.774,90;1.148.193,73;319.489,04;201.254,21;84.233,52;158.398,78;1.911.569,28;4.654.579,35;1,00;338,00
2025;Municipal;31;MG;310140;Albertina;4.803.681,40;4.785.154,27;18.527,13;0,00;0,00;18.527,13;0,00;5.113.718,20;1.278.429,55;409.767,31;280.490,80;86.190,18;22.663,28;2.077.541,12;6.881.222,52;1,00;553,00
2025;Municipal;31;MG;310150;Além Paraíba;27.290.298,79;26.966.776,36;323.522,43;0,00;323.522,43;0,00;0,00;15.631.091,90;3.907.772,98;2.623.683,97;1.471.633,03;1.570.245,82;460.721,28;10.034.057,08;37.324.355,87;1,00;2.719,00
2025;Municipal;31;MG;310160;Alfenas;52.909.571,03;52.909.571,03;0,00;0,00;0,00;0,00;0,00;34.758.655,51;8.689.663,88;18.989.306,76;3.080.130,41;1.913.815,40;718.974,60;33.391.891,05;86.301.462,08;1,00;6.589,00
2025;Municipal;31;MG;310163;Alfredo Vasconcelos;4.499.204,69;4.366.009,94;133.194,75;0,00;0,00;133.194,75;2.034.268,93;4.651.481,11;1.162.870,28;672.590,20;289.895,54;63.510,41;595.303,50;2.784.169,93;7.283.374,62;1,00;565,00
2025;Municipal;31;MG;310170;Almenara;37.846.652,63;35.819.174,57;2.027.478,06;0,00;236.737,67;1.790.740,39;0,00;15.523.581,75;3.880.895,44;5.073.777,53;2.298.156,12;1.119.398,49;3.561.693,66;15.933.921,24;53.780.573,87;1,00;4.451,00
2025;Municipal;31;MG;310180;Alpercata;6.971.429,32;6.971.429,32;0,00;0,00;0,00;0,00;0,00;4.592.452,00;1.148.113,00;747.677,82;444.998,64;118.428,00;801.983,06;3.261.200,52;10.232.629,84;1,00;877,00
2025;Municipal;31;MG;310190;Alpinópolis;11.656.439,75;11.610.774,50;45.665,25;0,00;0,00;45.665,25;0,00;10.806.378,22;2.701.594,56;1.989.081,76;693.248,96;323.817,78;825.823,93;6.533.566,98;18.190.006,73;1,00;1.420,00
2025;Municipal;31;MG;310200;Alterosa;11.833.034,42;11.498.997,86;334.036,56;0,00;0,00;334.036,56;0,00;7.910.741,51;1.977.685,38;1.137.902,65;769.536,52;263.092,43;785.887,95;4.934.104,93;16.767.139,35;1,00;1.442,00
2025;Municipal;31;MG;310205;Alto Caparaó;5.708.202,32;5.708.202,32;0,00;0,00;0,00;0,00;0,00;4.497.549,14;1.124.387,29;531.251,65;368.346,52;197.690,11;193.683,56;2.415.359,13;8.123.561,45;1,00;727,00
2025;Municipal;31;MG;310210;Alto Rio Doce;6.197.107,37;6.197.107,37;0,00;0,00;0,00;0,00;0,00;5.909.083,34;1.477.270,84;541.022,57;387.457,80;159.153,64;1.470.477,92;4.035.382,76;10.232.490,13;1,00;803,00
2025;Municipal;31;MG;310220;Alvarenga;3.553.090,57;3.553.090,57;0,00;0,00;0,00;0,00;0,00;3.457.641,50;864.410,38;41.813,20;195.703,17;105.368,85;586.756,96;1.794.052,56;5.347.143,13;1,00;403,00
2025;Municipal;31;MG;310230;Alvinópolis;9.712.566,24;8.609.974,13;1.102.592,11;0,00;1.102.592,11;0,00;0,00;8.056.541,12;2.014.135,28;942.539,82;333.714,78;235.684,99;844.982,06;4.371.056,93;14.083.623,17;1,00;756,00
2025;Municipal;31;MG;310240;Alvorada de Minas;3.127.641,92;3.048.564,83;79.077,09;0,00;0,00;79.077,09;0,00;19.182.447,11;4.795.611,78;1.771.025,51;141.595,38;50.026,70;1.451.411,51;8.209.670,88;11.337.312,80;1,00;367,00
2025;Municipal;31;MG;310250;Amparo do Serra;3.641.709,80;3.563.434,48;78.275,32;0,00;0,00;78.275,32;0,00;4.306.601,78;1.076.650,45;229.163,65;243.642,71;188.203,08;175.632,40;1.913.292,28;5.555.002,08;1,00;415,00
2025;Municipal;31;MG;310260;Andradas;28.595.107,85;27.208.762,48;1.386.345,37;0,00;0,00;1.386.345,37;0,00;17.962.476,30;4.490.619,08;7.484.371,48;1.611.664,44;939.008,38;3.646.831,12;18.172.494,49;46.767.602,34;1,00;3.349,00
2025;Municipal;31;MG;310270;Cachoeira de Pajeú;5.936.868,04;5.936.868,04;0,00;0,00;0,00;0,00;0,00;4.515.352,91;1.128.838,23;312.392,76;352.054,61;96.438,24;396.566,64;2.286.290,48;8.223.158,52;1,00;707,00
2025;Municipal;31;MG;310280;Andrelândia;10.703.094,49;10.485.438,84;217.655,65;0,00;0,00;217.655,65;0,00;6.901.322,22;1.725.330,56;1.251.593,93;655.650,69;261.235,41;226.322,50;4.120.133,08;14.823.227,57;1,00;1.331,00
2025;Municipal;31;MG;310285;Angelândia;8.954.641,69;7.775.776,18;1.178.865,51;0,00;1.163.978,93;14.886,58;0,00;4.729.522,22;1.182.380,56;467.293,63;484.774,53;335.128,01;2.574.761,07;5.044.337,79;13.998.979,48;1,00;1.018,00
2025;Municipal;31;MG;310290;Antônio Carlos;5.814.768,82;5.814.768,82;0,00;0,00;0,00;0,00;0,00;6.008.098,52;1.502.024,63;523.678,37;354.603,88;437.820,96;906.334,75;3.724.462,59;9.539.231,41;1,00;727,00
2025;Municipal;31;MG;310300;Antônio Dias;3.996.006,77;3.996.006,77;0,00;0,00;0,00;0,00;0,00;8.762.292,48;2.190.573,12;3.272.425,21;237.741,05;169.950,90;0,00;5.870.690,28;9.866.697,05;1,00;466,00
2025;Municipal;31;MG;310310;Antônio Prado de Minas;1.264.085,96;1.193.110,06;70.975,90;0,00;0,00;70.975,90;0,00;4.094.067,61;1.023.516,90;89.139,52;67.639,94;716.831,53;76.551,68;1.973.679,57;3.237.765,53;1,00;168,00
2025;Municipal;31;MG;310320;Araçaí;2.763.128,59;2.690.423,24;72.705,35;0,00;0,00;72.705,35;0,00;4.471.867,08;1.117.966,77;267.717,91;176.234,20;97.855,71;46.077,23;1.705.851,82;4.468.980,41;1,00;349,00
2025;Municipal;31;MG;310330;Aracitaba;1.305.252,08;1.269.095,88;36.156,20;0,00;0,00;36.156,20;0,00;3.975.988,41;993.997,10;207.740,11;73.692,44;70.444,95;67.647,82;1.413.522,42;2.718.774,50;1,00;154,00
2025;Municipal;31;MG;310340;Araçuaí;17.454.679,18;16.644.808,36;809.870,82;0,00;0,00;809.870,82;0,00;14.336.980,33;3.584.245,08;4.316.197,81;989.358,38;648.092,12;4.011.920,02;13.549.813,42;31.004.492,60;1,00;2.017,00
2025;Municipal;31;MG;310350;Araguari;76.218.456,77;76.218.456,77;0,00;0,00;0,00;0,00;0,00;58.933.166,28;14.733.291,57;27.039.009,34;3.350.712,82;4.006.348,98;0,00;49.129.362,71;125.347.819,50;1,00;8.527,00
2025;Municipal;31;MG;310360;Arantina;3.410.940,91;3.410.940,91;0,00;0,00;0,00;0,00;0,00;4.265.996,05;1.066.499,01;183.657,57;238.428,31;157.973,58;11.541,62;1.658.100,09;5.069.041,00;1,00;429,00
2025;Municipal;31;MG;310370;Araponga;3.670.809,49;3.567.879,97;102.929,52;0,00;0,00;102.929,52;0,00;4.950.286,02;1.237.571,51;409.105,65;209.940,23;993.743,72;782.638,05;3.632.999,16;7.303.808,65;1,00;406,00
2025;Municipal;31;MG;310375;Araporã;14.066.067,83;14.003.438,24;62.629,59;0,00;0,00;62.629,59;0,00;11.856.519,67;2.964.129,92;2.391.544,10;844.918,98;331.002,42;0,00;6.531.595,42;20.597.663,25;1,00;1.609,00
2025;Municipal;31;MG;310380;Arapuá;2.251.386,63;2.194.236,52;57.150,11;0,00;0,00;57.150,11;0,00;4.839.332,19;1.209.833,05;324.931,93;120.029,49;105.313,73;232.531,85;1.992.640,05;4.244.026,68;1,00;232,00
2025;Municipal;31;MG;310390;Araújos;9.733.457,79;8.856.060,18;877.397,61;0,00;877.397,61;0,00;0,00;5.096.580,34;1.274.145,09;802.216,67;437.087,60;1.293.570,24;136.801,57;3.943.821,16;13.677.278,95;1,00;825,00
2025;Municipal;31;MG;310400;Araxá;117.802.894,60;114.625.936,20;3.176.958,36;0,00;0,00;3.176.958,36;0,00;78.566.923,75;19.641.730,94;29.505.303,48;5.833.843,44;2.771.199,88;0,00;57.752.077,74;175.554.972,30;1,00;11.607,00
2025;Municipal;31;MG;310410;Arceburgo;8.631.349,47;8.538.578,13;92.771,34;0,00;92.771,34;0,00;0,00;7.032.450,99;1.758.112,75;1.130.101,94;616.330,25;330.226,92;164.790,98;3.999.562,84;12.630.912,31;1,00;1.054,00
2025;Municipal;31;MG;310420;Arcos;28.463.972,13;28.463.972,13;0,00;0,00;0,00;0,00;0,00;25.163.689,60;6.290.922,40;7.743.111,43;1.752.958,04;753.117,30;126.474,72;16.666.583,89;45.130.556,02;1,00;3.401,00
2025;Municipal;31;MG;310430;Areado;9.321.418,89;9.302.519,76;18.899,13;0,00;0,00;18.899,13;0,00;7.781.072,30;1.945.268,08;1.578.756,42;645.235,84;674.473,30;507.470,00;5.351.203,63;14.672.622,52;1,00;1.203,00
2025;Municipal;31;MG;310440;Argirita;3.298.588,73;3.282.226,33;16.362,40;0,00;0,00;16.362,40;0,00;4.386.050,14;1.096.512,54;689.522,01;219.892,12;210.269,82;33.176,27;2.249.372,76;5.547.961,49;1,00;408,00
2025;Municipal;31;MG;310445;Aricanduva;4.529.396,13;4.410.403,43;118.992,70;0,00;118.992,70;0,00;0,00;4.277.499,48;1.069.374,87;237.391,94;249.509,32;817.115,94;1.760.600,46;4.133.992,53;8.663.388,66;1,00;511,00
2025;Municipal;31;MG;310450;Arinos;14.558.698,89;14.558.698,89;0,00;0,00;0,00;0,00;0,00;10.088.776,95;2.522.194,24;6.993.174,92;835.321,27;594.768,49;3.484.404,66;14.429.863,58;28.988.562,47;1,00;1.620,00
2025;Municipal;31;MG;310460;Astolfo Dutra;9.479.409,94;8.969.898,15;509.511,79;0,00;0,00;509.511,79;0,00;8.020.410,61;2.005.102,65;783.770,66;547.088,07;292.770,68;283.784,17;3.912.516,23;13.391.926,17;1,00;1.067,00
2025;Municipal;31;MG;310470;Ataléia;7.389.120,79;7.389.120,79;0,00;0,00;0,00;0,00;0,00;7.521.255,58;1.880.313,90;701.914,19;473.535,70;737.442,25;3.272.571,32;7.065.777,36;14.454.898,15;1,00;896,00
2025;Municipal;31;MG;310480;Augusto de Lima;5.266.647,73;4.993.977,12;272.670,61;0,00;0,00;272.670,61;0,00;4.698.262,56;1.174.565,64;1.111.345,06;319.221,77;406.695,66;527.222,01;3.539.050,14;8.805.697,87;1,00;667,00
2025;Municipal;31;MG;310490;Baependi;13.685.213,84;12.918.914,90;766.298,94;0,00;0,00;766.298,94;0,00;9.469.510,08;2.367.377,52;1.532.792,82;740.304,46;500.507,14;1.408.343,07;6.549.325,01;20.234.538,85;1,00;1.503,00
2025;Municipal;31;MG;310500;Baldim;4.999.095,02;4.853.303,92;145.791,10;0,00;0,00;145.791,10;0,00;4.686.098,27;1.171.524,57;490.473,78;346.205,49;121.801,17;811.182,79;2.941.187,80;7.940.282,82;1,00;626,00
2025;Municipal;31;MG;310510;Bambuí;13.852.256,31;13.417.246,28;435.010,03;0,00;0,00;435.010,03;0,00;13.115.672,90;3.278.918,23;3.517.813,32;803.589,60;318.117,80;985.194,83;8.903.633,77;22.755.890,08;1,00;1.547,00
2025;Municipal;31;MG;310520;Bandeira;2.846.610,74;2.846.610,74;0,00;0,00;0,00;0,00;0,00;4.566.152,14;1.141.538,04;190.594,23;194.160,28;145.477,00;1.408.272,16;3.080.041,71;5.926.652,45;1,00;400,00
2025;Municipal;31;MG;310530;Bandeira do Sul;7.488.918,36;6.691.811,65;797.106,71;0,00;468.486,17;328.620,54;0,00;4.268.790,14;1.067.197,54;480.632,59;388.867,49;360.633,41;143.972,88;2.441.303,90;9.930.222,26;1,00;701,00
2025;Municipal;31;MG;310540;Barão de Cocais;28.215.562,35;28.215.562,35;0,00;0,00;0,00;0,00;0,00;23.627.766,26;5.906.941,57;20.507.273,11;1.876.392,41;631.720,26;72.358,24;28.994.685,58;57.210.247,93;1,00;3.642,00
2025;Municipal;31;MG;310550;Barão de Monte Alto;5.706.930,60;5.495.241,69;211.688,91;0,00;198.098,13;13.590,78;0,00;4.478.373,15;1.119.593,29;224.940,79;383.863,61;591.404,89;229.535,18;2.549.337,76;8.256.268,36;1,00;703,00
2025;Municipal;31;MG;310560;Barbacena;67.210.183,63;66.736.675,02;473.508,61;0,00;0,00;473.508,61;2.036.299,82;38.886.330,35;9.721.582,59;23.464.546,79;3.432.136,06;1.780.549,11;541.184,24;38.939.998,79;106.150.182,40;1,00;6.861,00
2025;Municipal;31;MG;310570;Barra Longa;2.239.729,35;2.191.986,09;47.743,26;0,00;0,00;47.743,26;0,00;3.585.650,63;896.412,66;641.521,70;106.375,91;53.759,00;639.150,95;2.337.220,22;4.576.949,57;1,00;253,00
2025;Municipal;31;MG;310590;Barroso;15.811.706,09;14.969.759,52;841.946,57;0,00;0,00;841.946,57;0,00;10.528.147,58;2.632.036,90;2.083.955,65;928.573,97;262.239,94;252.527,38;6.159.333,83;21.971.039,92;1,00;1.807,00
2025;Municipal;31;MG;310600;Bela Vista de Minas;6.127.082,54;5.771.923,17;355.159,37;0,00;0,00;355.159,37;0,00;6.993.864,78;1.748.466,20;2.107.559,68;360.256,63;151.067,36;155.289,78;4.522.639,65;10.649.722,19;1,00;778,00
2025;Municipal;31;MG;310610;Belmiro Braga;2.479.786,55;2.468.210,55;11.576,00;0,00;0,00;11.576,00;2.034.397,03;4.435.584,08;1.108.896,02;476.932,54;145.855,95;57.445,56;608.483,50;2.397.613,57;4.877.400,12;1,00;283,00
2025;Municipal;31;MG;310620;Belo Horizonte;1.692.713.698,00;1.684.580.605,00;8.133.093,61;0,00;0,00;8.133.093,61;0,00;707.217.237,80;176.804.309,40;1.690.512.931,00;83.293.389,41;40.642.034,80;0,00;1.991.252.664,00;3.683.966.362,00;1,00;160.186,00
2025;Municipal;31;MG;310630;Belo Oriente;32.409.680,25;31.526.807,03;882.873,22;0,00;0,00;882.873,22;2.034.718,81;20.666.848,76;5.166.712,19;5.997.190,58;1.918.995,01;1.313.755,30;463.221,51;14.859.874,59;47.269.554,84;1,00;3.759,00
2025;Municipal;31;MG;310640;Belo Vale;6.539.922,71;6.527.952,21;11.970,50;0,00;0,00;11.970,50;0,00;10.329.227,21;2.582.306,80;3.846.708,09;399.952,06;234.227,74;1.244.654,66;8.307.849,35;14.847.772,06;1,00;943,00
2025;Municipal;31;MG;310650;Berilo;4.413.749,93;4.309.013,60;104.736,33;0,00;0,00;104.736,33;0,00;5.687.437,48;1.421.859,37;758.225,66;240.907,53;161.698,50;2.132.263,52;4.714.954,58;9.128.704,51;1,00;435,00
2025;Municipal;31;MG;310660;Bertópolis;3.034.164,58;3.034.164,58;0,00;0,00;0,00;0,00;0,00;4.151.848,73;1.037.962,18;165.225,64;224.885,58;284.159,86;952.184,39;2.664.417,65;5.698.582,23;1,00;388,00
2025;Municipal;31;MG;310665;Berizal;4.171.069,56;3.996.393,28;174.676,28;0,00;65.018,26;109.658,02;0,00;4.242.613,26;1.060.653,32;201.246,92;231.667,45;103.003,22;938.752,98;2.535.323,88;6.706.393,44;1,00;393,00
2025;Municipal;31;MG;310670;Betim;470.107.368,90;468.334.024,00;1.773.344,90;0,00;0,00;1.773.344,90;2.236.180,54;259.688.006,00;64.922.001,50;125.865.889,00;25.274.200,07;9.095.287,72;951.908,08;226.109.286,40;696.216.655,30;1,00;46.850,00
2025;Municipal;31;MG;310680;Bias Fortes;1.929.916,01;1.878.131,01;51.785,00;0,00;0,00;51.785,00;0,00;4.104.392,16;1.026.098,04;199.181,67;118.044,69;86.613,48;634.682,19;2.064.620,07;3.994.536,08;1,00;237,00
2025;Municipal;31;MG;310690;Bicas;12.936.719,86;12.914.737,92;21.981,94;0,00;0,00;21.981,94;0,00;7.729.736,20;1.932.434,05;1.239.231,86;759.367,22;333.542,85;95.323,34;4.359.899,32;17.296.619,18;1,00;1.419,00
2025;Municipal;31;MG;310700;Biquinhas;2.784.412,00;2.784.412,00;0,00;0,00;0,00;0,00;0,00;4.558.200,45;1.139.550,11;305.946,56;167.888,35;56.262,29;67.386,00;1.737.033,32;4.521.445,32;1,00;364,00
2025;Municipal;31;MG;310710;Boa Esperança;38.614.663,96;34.921.966,80;3.692.697,16;0,00;3.631.991,25;60.705,91;0,00;17.323.338,63;4.330.834,66;6.583.002,08;1.750.012,51;891.721,65;1.108.538,54;14.664.109,43;53.278.773,39;1,00;4.051,00
2025;Municipal;31;MG;310720;Bocaina de Minas;3.761.027,16;3.563.259,06;197.768,10;0,00;0,00;197.768,10;0,00;4.622.293,75;1.155.573,44;295.936,60;242.271,57;83.802,81;78.476,23;1.856.060,65;5.617.087,81;1,00;458,00
2025;Municipal;31;MG;310730;Bocaiúva;28.474.283,18;27.743.144,60;731.138,58;0,00;0,00;731.138,58;0,00;18.026.167,09;4.506.541,77;4.574.239,00;1.538.816,87;955.106,03;3.697.163,22;15.271.866,89;43.746.150,07;1,00;2.807,00
2025;Municipal;31;MG;310740;Bom Despacho;38.453.856,57;38.366.264,83;87.591,74;0,00;0,00;87.591,74;0,00;22.924.962,66;5.731.240,67;11.735.034,57;2.100.980,10;1.061.631,14;658.802,61;21.287.689,09;59.741.545,66;1,00;4.058,00
2025;Municipal;31;MG;310750;Bom Jardim de Minas;5.958.731,61;5.630.117,20;328.614,41;0,00;0,00;328.614,41;0,00;4.541.432,29;1.135.358,07;637.090,00;354.824,84;147.208,53;137.533,49;2.412.014,93;8.370.746,54;1,00;691,00
2025;Municipal;31;MG;310760;Bom Jesus da Penha;4.369.386,87;4.361.265,61;8.121,26;0,00;0,00;8.121,26;0,00;5.008.803,09;1.252.200,77;706.622,20;279.095,06;206.722,41;305.595,33;2.750.235,77;7.119.622,64;1,00;537,00
2025;Municipal;31;MG;310770;Bom Jesus do Amparo;4.390.468,60;4.390.468,60;0,00;0,00;0,00;0,00;0,00;4.326.164,05;1.081.541,01;481.670,77;304.395,64;249.622,61;1.103.165,22;3.220.395,25;7.610.863,85;1,00;649,00
2025;Municipal;31;MG;310780;Bom Jesus do Galho;6.736.021,59;6.736.021,59;0,00;0,00;0,00;0,00;0,00;7.352.588,44;1.838.147,11;695.478,53;432.216,91;156.164,81;879.952,31;4.001.959,67;10.737.981,26;1,00;876,00
2025;Municipal;31;MG;310790;Bom Repouso;13.821.368,42;12.047.016,37;1.774.352,05;0,00;1.774.352,05;0,00;0,00;7.202.685,58;1.800.671,40;823.457,45;692.694,91;457.565,31;1.183.986,13;4.958.375,20;18.779.743,62;1,00;1.503,00
2025;Municipal;31;MG;310800;Bom Sucesso;10.431.681,18;10.431.681,18;0,00;0,00;0,00;0,00;0,00;9.042.589,82;2.260.647,46;1.991.296,38;675.635,13;433.994,94;1.679.307,28;7.040.881,19;17.472.562,37;1,00;1.305,00
2025;Municipal;31;MG;310810;Bonfim;3.836.659,03;3.836.659,03;0,00;0,00;0,00;0,00;0,00;4.427.240,15;1.106.810,04;809.350,19;267.807,03;132.405,16;850.900,83;3.167.273,25;7.003.932,28;1,00;548,00
2025;Municipal;31;MG;310820;Bonfinópolis de Minas;5.652.785,64;5.652.785,64;0,00;0,00;0,00;0,00;0,00;7.988.818,12;1.997.204,53;704.121,76;368.883,05;206.604,22;790.788,49;4.067.602,05;9.720.387,69;1,00;691,00
2025;Municipal;31;MG;310825;Bonito de Minas;8.770.828,32;8.276.629,84;494.198,48;0,00;468.463,68;25.734,80;0,00;5.932.695,92;1.483.173,98;561.463,51;487.790,27;256.561,16;5.711.328,59;8.500.317,51;17.271.145,83;1,00;1.007,00
2025;Municipal;31;MG;310830;Borda da Mata;13.927.567,10;13.898.436,21;29.130,89;0,00;0,00;29.130,89;0,00;9.440.393,75;2.360.098,44;2.040.677,59;852.721,18;434.445,84;472.886,92;6.160.829,97;20.088.397,07;1,00;1.644,00
2025;Municipal;31;MG;310840;Botelhos;10.896.045,45;10.896.045,45;0,00;0,00;0,00;0,00;0,00;8.315.631,88;2.078.907,97;1.687.084,18;693.555,75;281.957,85;327.146,48;5.068.652,23;15.964.697,68;1,00;1.394,00
2025;Municipal;31;MG;310850;Botumirim;3.324.574,24;3.177.849,96;146.724,28;0,00;0,00;146.724,28;0,00;4.417.342,04;1.104.335,51;1.004.947,99;208.653,29;233.972,31;1.726.069,62;4.277.978,72;7.602.552,96;1,00;348,00
2025;Municipal;31;MG;310855;Brasilândia de Minas;18.447.661,72;16.482.863,53;1.964.798,19;0,00;1.964.798,19;0,00;0,00;8.856.759,34;2.214.189,84;1.482.301,06;997.062,42;726.547,58;1.098.295,17;6.518.396,06;24.966.057,78;1,00;1.984,00
2025;Municipal;31;MG;310860;Brasília de Minas;18.296.604,52;16.511.761,72;1.784.842,80;0,00;1.412.369,65;372.473,15;0,00;13.018.927,10;3.254.731,78;2.251.185,10;893.833,43;608.546,18;2.922.153,73;9.930.450,21;28.227.054,73;1,00;1.739,00
2025;Municipal;31;MG;310870;Brás Pires;4.016.894,39;3.838.706,09;178.188,30;0,00;0,00;178.188,30;0,00;3.741.841,82;935.460,46;145.365,94;164.645,43;207.245,34;437.205,34;1.889.922,50;5.906.816,89;1,00;397,00
2025;Municipal;31;MG;310880;Braúnas;2.332.391,69;2.332.391,69;0,00;0,00;0,00;0,00;0,00;5.010.003,35;1.252.500,84;355.645,04;156.032,33;103.096,37;1.044.584,72;2.911.859,29;5.244.250,98;1,00;316,00
2025;Municipal;31;MG;310890;Brasópolis;11.104.617,59;10.568.700,73;535.916,86;0,00;535.916,86;0,00;0,00;7.548.816,74;1.887.204,19;841.664,44;605.407,22;331.707,24;1.018.110,31;4.684.093,40;15.788.710,99;1,00;1.178,00
2025;Municipal;31;MG;310900;Brumadinho;49.143.101,83;49.064.922,81;78.179,02;0,00;0,00;78.179,02;2.070.509,59;32.611.122,25;8.152.780,56;43.760.482,16;2.863.282,40;1.158.132,38;905.854,35;56.840.531,85;105.983.633,70;1,00;5.843,00
2025;Municipal;31;MG;310910;Bueno Brandão;5.878.067,28;5.867.834,35;10.232,93;0,00;0,00;10.232,93;0,00;6.588.414,74;1.647.103,69;1.032.223,30;320.589,44;302.665,32;1.474.021,98;4.776.603,73;10.654.671,01;1,00;773,00
2025;Municipal;31;MG;310920;Buenópolis;7.742.395,99;7.353.786,29;388.609,70;0,00;0,00;388.609,70;0,00;6.139.800,83;1.534.950,21;1.033.115,88;456.858,19;210.256,30;1.810.426,61;5.045.607,18;12.788.003,17;1,00;804,00
2025;Municipal;31;MG;310925;Bugre;2.326.323,03;2.326.323,03;0,00;0,00;0,00;0,00;0,00;4.188.127,47;1.047.031,87;269.606,74;140.844,99;48.967,47;612.441,42;2.118.892,49;4.445.215,52;1,00;342,00
2025;Municipal;31;MG;310930;Buritis;30.794.619,83;30.063.546,82;731.073,01;0,00;0,00;731.073,01;0,00;21.697.121,99;5.424.280,50;4.103.627,01;1.819.251,38;4.166.494,63;2.609.920,65;18.123.574,17;48.918.194,00;1,00;3.685,00
2025;Municipal;31;MG;310940;Buritizeiro;25.984.239,37;22.437.134,68;3.547.104,69;0,00;3.547.104,69;0,00;0,00;14.168.372,71;3.542.093,18;4.654.474,38;1.213.993,21;393.181,55;3.479.596,77;13.283.339,08;39.267.578,45;1,00;2.830,00
2025;Municipal;31;MG;310945;Cabeceira Grande;9.129.163,05;9.129.163,05;0,00;0,00;0,00;0,00;0,00;7.408.031,11;1.852.007,78;925.228,53;576.586,03;182.989,76;417.767,03;3.954.579,12;13.083.742,17;1,00;1.093,00
2025;Municipal;31;MG;310950;Cabo Verde;9.554.602,08;9.491.386,60;63.215,48;0,00;63.215,48;0,00;0,00;8.093.488,79;2.023.372,20;825.679,02;515.436,86;334.297,43;807.671,83;4.506.457,33;14.061.059,41;1,00;976,00
2025;Municipal;31;MG;310960;Cachoeira da Prata;4.199.295,32;4.199.295,32;0,00;0,00;0,00;0,00;0,00;4.370.077,08;1.092.519,27;308.976,90;286.550,22;134.366,06;8.268,04;1.830.680,49;6.029.975,81;1,00;575,00
2025;Municipal;31;MG;310970;Cachoeira de Minas;10.444.096,52;10.223.639,07;220.457,45;0,00;191.532,91;28.924,54;0,00;7.104.588,75;1.776.147,19;930.537,59;617.757,66;369.600,77;413.940,12;4.107.983,33;14.552.079,85;1,00;1.188,00
2025;Municipal;31;MG;310980;Cachoeira Dourada;3.527.485,36;3.429.280,48;98.204,88;0,00;0,00;98.204,88;0,00;15.956.542,37;3.989.135,59;1.043.300,34;194.019,98;56.000,28;18.485,06;5.300.941,25;8.828.426,61;1,00;366,00
2025;Municipal;31;MG;310990;Caetanópolis;10.262.941,99;10.262.941,99;0,00;0,00;0,00;0,00;0,00;6.359.583,90;1.589.895,98;927.900,73;647.760,69;588.248,72;0,00;3.753.806,11;14.016.748,10;1,00;1.276,00
2025;Municipal;31;MG;311000;Caeté;26.204.178,03;26.204.178,03;0,00;0,00;0,00;0,00;0,00;17.982.005,84;4.495.501,46;5.718.020,96;1.654.172,19;1.431.532,12;1.785.287,37;15.084.514,10;41.288.692,13;1,00;3.143,00
2025;Municipal;31;MG;311010;Caiana;4.042.651,16;4.042.651,16;0,00;0,00;0,00;0,00;0,00;4.504.604,30;1.126.151,08;189.520,65;240.932,12;143.607,81;802.099,31;2.502.310,96;6.544.962,12;1,00;511,00
2025;Municipal;31;MG;311020;Cajuri;5.802.024,58;5.650.868,37;151.156,21;0,00;0,00;151.156,21;0,00;4.749.963,28;1.187.490,82;290.341,50;333.237,87;406.744,98;225.182,75;2.442.997,92;8.245.022,50;1,00;635,00
2025;Municipal;31;MG;311030;Caldas;12.306.442,06;11.488.209,85;818.232,21;0,00;505.485,69;312.746,52;0,00;7.866.323,33;1.966.580,83;1.917.117,24;602.570,32;529.388,85;1.336.862,85;6.352.520,10;18.658.962,16;1,00;1.201,00
2025;Municipal;31;MG;311040;Camacho;2.052.897,79;2.052.897,79;0,00;0,00;0,00;0,00;0,00;4.347.740,42;1.086.935,11;66.506,49;123.220,53;89.341,21;0,00;1.366.003,33;3.418.901,12;1,00;261,00
2025;Municipal;31;MG;311050;Camanducaia;28.043.818,09;28.043.818,09;0,00;0,00;0,00;0,00;0,00;13.218.254,66;3.304.563,67;6.100.929,00;1.675.671,39;559.064,82;416.786,11;12.057.014,99;40.100.833,08;1,00;3.394,00
2025;Municipal;31;MG;311060;Cambuí;23.809.474,31;23.543.280,28;266.194,03;0,00;266.194,03;0,00;0,00;16.632.986,46;4.158.246,62;5.129.702,50;1.429.068,82;752.208,28;946.217,37;12.415.443,58;36.224.917,89;1,00;2.765,00
2025;Municipal;31;MG;311070;Cambuquira;11.666.893,16;10.191.968,10;1.474.925,06;0,00;945.204,34;529.720,72;0,00;6.307.254,31;1.576.813,58;1.005.792,49;543.542,65;255.036,20;260.702,91;3.641.887,83;15.308.780,99;1,00;1.005,00
2025;Municipal;31;MG;311080;Campanário;2.866.702,94;2.776.837,94;89.865,00;0,00;0,00;89.865,00;0,00;4.211.148,50;1.052.787,13;185.362,85;190.948,16;77.436,46;666.350,52;2.172.885,11;5.039.588,05;1,00;344,00
2025;Municipal;31;MG;311090;Campanha;13.154.804,52;13.119.157,93;35.646,59;0,00;0,00;35.646,59;0,00;8.203.814,82;2.050.953,71;2.275.545,04;718.360,26;725.640,22;527.549,13;6.298.048,36;19.452.852,88;1,00;1.428,00
2025;Municipal;31;MG;311100;Campestre;23.250.978,98;22.277.528,86;973.450,12;0,00;973.450,12;0,00;0,00;10.660.016,46;2.665.004,12;1.777.002,86;1.249.282,55;855.767,47;688.371,06;7.235.428,05;30.486.407,03;1,00;2.510,00
2025;Municipal;31;MG;311110;Campina Verde;10.372.195,25;10.372.195,25;0,00;0,00;0,00;0,00;0,00;12.734.285,10;3.183.571,28;3.564.619,44;622.754,66;309.499,09;2.662.755,01;10.343.199,47;20.715.394,72;1,00;1.245,00
2025;Municipal;31;MG;311115;Campo Azul;3.949.568,85;3.949.568,85;0,00;0,00;0,00;0,00;0,00;4.178.760,19;1.044.690,05;204.352,27;206.148,71;207.192,82;1.025.299,33;2.687.683,18;6.637.252,03;1,00;475,00
2025;Municipal;31;MG;311120;Campo Belo;35.886.056,90;35.783.980,70;102.076,20;0,00;0,00;102.076,20;0,00;20.197.797,54;5.049.449,39;7.937.334,72;1.878.840,17;1.145.441,36;512.702,62;16.523.768,26;52.409.825,16;1,00;3.617,00
2025;Municipal;31;MG;311130;Campo do Meio;11.273.568,32;9.374.736,05;1.898.832,27;0,00;1.898.832,27;0,00;0,00;6.700.649,05;1.675.162,26;687.601,31;484.869,33;316.540,84;427.131,54;3.591.305,28;14.864.873,60;1,00;967,00
2025;Municipal;31;MG;311140;Campo Florido;10.830.272,56;10.830.272,56;0,00;0,00;0,00;0,00;0,00;11.101.160,87;2.775.290,22;2.181.619,86;625.209,28;415.620,29;344.015,63;6.341.755,28;17.172.027,84;1,00;1.179,00
2025;Municipal;31;MG;311150;Campos Altos;15.348.325,47;15.075.955,25;272.370,22;0,00;245.006,13;27.364,09;0,00;10.069.693,69;2.517.423,42;1.769.563,76;926.883,91;432.991,27;91.634,09;5.738.496,45;21.086.821,92;1,00;1.815,00
2025;Municipal;31;MG;311160;Campos Gerais;27.644.677,32;24.385.797,06;3.258.880,26;0,00;2.620.684,22;638.196,04;0,00;13.343.465,52;3.335.866,38;2.917.882,68;1.378.534,56;520.533,02;1.871.911,70;10.024.728,34;37.669.405,66;1,00;2.821,00
2025;Municipal;31;MG;311170;Canaã;3.010.748,98;2.855.075,21;155.673,77;0,00;0,00;155.673,77;0,00;4.451.975,00;1.112.993,75;324.500,56;159.381,19;112.448,86;293.160,18;2.002.484,54;5.013.233,52;1,00;299,00
2025;Municipal;31;MG;311180;Canápolis;7.884.689,33;7.884.689,33;0,00;0,00;0,00;0,00;0,00;9.450.549,61;2.362.637,40;3.942.051,10;436.274,05;259.591,11;326.770,52;7.327.324,18;15.212.013,51;1,00;874,00
2025;Municipal;31;MG;311190;Cana Verde;3.596.532,62;3.405.062,73;191.469,89;0,00;0,00;191.469,89;0,00;4.422.063,92;1.105.515,98;338.482,74;232.642,36;163.670,63;225.675,13;2.065.986,84;5.662.519,46;1,00;450,00
2025;Municipal;31;MG;311200;Candeias;7.761.325,47;7.761.325,47;0,00;0,00;0,00;0,00;0,00;8.168.714,69;2.042.178,67;1.048.326,76;480.345,71;751.514,23;1.545.346,33;5.867.711,70;13.629.037,17;1,00;918,00
2025;Municipal;31;MG;311205;Cantagalo;3.027.788,61;2.942.382,01;85.406,60;0,00;0,00;85.406,60;0,00;5.648.945,71;1.412.236,43;136.920,59;197.687,95;94.643,54;1.055.029,34;2.896.517,85;5.924.306,46;1,00;365,00
2025;Municipal;31;MG;311210;Caparaó;5.882.142,34;5.222.814,80;659.327,54;0,00;659.327,54;0,00;0,00;4.813.868,11;1.203.467,03;295.750,25;304.339,36;630.230,53;0,00;2.433.787,17;8.315.929,51;1,00;599,00
2025;Municipal;31;MG;311220;Capela Nova;2.445.678,52;2.377.798,18;67.880,34;0,00;0,00;67.880,34;0,00;4.182.801,48;1.045.700,37;194.341,10;139.868,81;147.327,13;245.841,74;1.773.079,15;4.218.757,67;1,00;286,00
2025;Municipal;31;MG;311230;Capelinha;35.209.984,75;28.440.159,28;6.769.825,47;0,00;5.970.890,25;798.935,22;0,00;15.954.075,46;3.988.518,87;4.622.172,26;1.630.463,11;977.405,64;4.496.306,43;15.714.866,30;50.924.851,05;1,00;3.549,00
2025;Municipal;31;MG;311240;Capetinga;5.610.442,08;5.585.623,93;24.818,15;0,00;0,00;24.818,15;0,00;5.339.987,92;1.334.996,98;639.822,10;318.110,13;1.174.014,74;460.417,88;3.927.361,83;9.537.803,91;1,00;569,00
2025;Municipal;31;MG;311250;Capim Branco;7.221.668,83;6.825.379,99;396.288,84;0,00;0,00;396.288,84;0,00;5.963.541,03;1.490.885,26;802.857,48;439.643,95;105.193,19;131.303,19;2.969.883,07;10.191.551,90;1,00;873,00
2025;Municipal;31;MG;311260;Capinópolis;13.819.052,04;13.755.164,72;63.887,32;0,00;0,00;63.887,32;0,00;11.810.621,65;2.952.655,41;2.651.823,33;830.801,17;368.044,24;361.068,54;7.164.392,69;20.983.444,73;1,00;1.506,00
2025;Municipal;31;MG;311265;Capitão Andrade;5.388.448,43;4.837.310,48;551.137,95;0,00;551.137,95;0,00;0,00;4.228.184,71;1.057.046,18;297.946,70;271.373,30;86.122,00;141.704,28;1.854.192,46;7.242.640,89;1,00;577,00
2025;Municipal;31;MG;311270;Capitão Enéas;18.594.938,84;13.904.443,21;4.690.495,63;0,00;4.051.470,27;639.025,36;0,00;8.788.100,70;2.197.025,18;1.503.249,78;846.019,61;339.998,50;1.530.824,02;6.417.117,08;25.012.055,92;1,00;1.710,00
2025;Municipal;31;MG;311280;Capitólio;8.691.273,95;8.314.381,76;376.892,19;0,00;0,00;376.892,19;0,00;6.867.104,03;1.716.776,01;5.591.381,34;426.897,26;304.748,99;952.454,43;8.992.258,02;17.683.531,97;1,00;826,00
2025;Municipal;31;MG;311290;Caputira;10.011.109,14;9.095.697,89;915.411,25;0,00;624.184,81;291.226,44;0,00;4.903.323,00;1.225.830,75;328.132,23;571.252,41;231.728,14;618.111,43;2.975.054,96;12.986.164,10;1,00;1.103,00
2025;Municipal;31;MG;311300;Caraí;15.155.055,42;15.155.055,42;0,00;0,00;0,00;0,00;0,00;9.894.307,67;2.473.576,92;1.209.785,33;946.573,84;1.297.780,19;6.450.957,02;12.378.673,30;27.533.728,72;1,00;1.587,00
2025;Municipal;31;MG;311310;Caranaíba;1.675.173,06;1.589.230,12;85.942,94;0,00;0,00;85.942,94;0,00;4.239.756,66;1.059.939,17;184.881,21;95.482,83;91.230,40;580.506,56;2.012.040,16;3.687.213,22;1,00;231,00
2025;Municipal;31;MG;311320;Carandaí;23.719.995,23;23.719.995,23;0,00;0,00;0,00;0,00;1.715.305,65;13.350.089,58;3.337.522,40;2.850.639,63;1.468.332,97;484.340,45;1.351.947,87;9.492.783,32;33.212.778,55;1,00;2.722,00
2025;Municipal;31;MG;311330;Carangola;18.167.465,35;17.188.449,88;979.015,47;0,00;570.342,78;408.672,69;0,00;13.284.970,61;3.321.242,65;3.273.107,55;938.427,49;1.198.050,66;1.669.263,98;10.400.092,33;28.567.557,68;1,00;1.771,00
2025;Municipal;31;MG;311340;Caratinga;69.648.544,04;67.284.435,28;2.364.108,76;0,00;2.197.269,83;166.838,93;0,00;29.704.848,93;7.426.212,23;15.815.214,27;4.060.392,75;3.108.817,57;4.523.652,24;34.934.289,06;104.582.833,10;1,00;7.941,00
2025;Municipal;31;MG;311350;Carbonita;7.749.401,23;7.749.401,23;0,00;0,00;0,00;0,00;0,00;6.076.469,48;1.519.117,37;389.311,20;501.378,63;247.026,34;1.021.009,23;3.677.842,77;11.427.244,00;1,00;910,00
2025;Municipal;31;MG;311360;Careaçu;5.344.702,12;5.206.575,29;138.126,83;0,00;0,00;138.126,83;0,00;5.173.507,00;1.293.376,75;991.304,83;344.353,90;194.180,36;351.387,96;3.174.603,80;8.519.305,92;1,00;649,00
2025;Municipal;31;MG;311370;Carlos Chagas;16.294.301,99;16.294.301,99;0,00;0,00;0,00;0,00;0,00;10.541.641,22;2.635.410,31;2.939.139,69;963.310,96;554.839,10;2.161.471,72;9.254.171,78;25.548.473,77;1,00;1.821,00
2025;Municipal;31;MG;311380;Carmésia;3.240.492,39;3.058.100,39;182.392,00;0,00;0,00;182.392,00;0,00;5.432.397,50;1.358.099,38;237.533,44;170.111,59;84.881,72;215.662,26;2.066.288,38;5.306.780,77;1,00;315,00
2025;Municipal;31;MG;311390;Carmo da Cachoeira;9.667.033,34;9.667.033,34;0,00;0,00;0,00;0,00;0,00;7.197.487,71;1.799.371,93;1.380.044,44;563.492,30;266.293,92;919.278,16;4.928.480,75;14.595.514,09;1,00;1.138,00
2025;Municipal;31;MG;311400;Carmo da Mata;7.272.136,34;7.051.356,42;220.779,92;0,00;0,00;220.779,92;0,00;6.517.743,45;1.629.435,86;802.859,78;431.396,27;173.099,61;391.058,34;3.427.849,86;10.699.986,20;1,00;863,00
2025;Municipal;31;MG;311410;Carmo de Minas;7.519.102,45;7.519.102,45;0,00;0,00;0,00;0,00;0,00;7.743.648,73;1.935.912,18;1.418.382,78;423.332,27;348.390,45;524.356,14;4.650.373,83;12.169.476,28;1,00;881,00
2025;Municipal;31;MG;311420;Carmo do Cajuru;24.293.501,97;21.160.048,00;3.133.453,97;0,00;2.039.424,00;1.094.029,97;0,00;10.401.046,48;2.600.261,62;2.353.888,24;1.134.330,54;634.968,29;482.846,86;7.206.295,55;31.499.797,52;1,00;2.257,00
2025;Municipal;31;MG;311430;Carmo do Paranaíba;20.241.925,43;20.241.925,43;0,00;0,00;0,00;0,00;0,00;16.939.555,47;4.234.888,87;4.679.489,33;1.212.259,36;598.539,21;908.997,21;11.634.173,98;31.876.099,41;1,00;2.308,00
2025;Municipal;31;MG;311440;Carmo do Rio Claro;15.997.336,65;14.993.118,58;1.004.218,07;0,00;1.004.218,07;0,00;0,00;12.248.914,12;3.062.228,53;2.097.683,40;847.401,77;546.378,59;622.017,06;7.175.709,35;23.173.046,00;1,00;1.580,00
2025;Municipal;31;MG;311450;Carmópolis de Minas;16.549.817,65;15.612.442,31;937.375,34;0,00;0,00;937.375,34;0,00;9.975.282,94;2.493.820,74;2.841.775,11;959.917,41;579.127,76;1.392.390,69;8.267.031,70;24.816.849,35;1,00;1.874,00
2025;Municipal;31;MG;311455;Carneirinho;7.761.084,13;7.761.084,13;0,00;0,00;0,00;0,00;0,00;12.552.812,69;3.138.203,17;2.263.122,15;458.064,43;194.178,98;424.302,42;6.477.871,15;14.238.955,28;1,00;938,00
2025;Municipal;31;MG;311460;Carrancas;2.972.452,70;2.972.452,70;0,00;0,00;0,00;0,00;0,00;4.852.665,92;1.213.166,48;583.570,91;216.399,46;122.699,03;202.439,36;2.338.275,24;5.310.727,94;1,00;397,00
2025;Municipal;31;MG;311470;Carvalhópolis;4.430.009,13;4.430.009,13;0,00;0,00;0,00;0,00;0,00;4.549.347,54;1.137.336,89;419.670,62;281.258,70;127.710,36;22.709,16;1.988.685,73;6.418.694,86;1,00;513,00
2025;Municipal;31;MG;311480;Carvalhos;2.853.299,72;2.853.299,72;0,00;0,00;0,00;0,00;0,00;4.208.120,75;1.052.030,19;271.343,65;188.128,76;129.231,55;487.831,08;2.128.565,23;4.981.864,95;1,00;343,00
2025;Municipal;31;MG;311490;Casa Grande;2.053.163,46;1.987.870,32;65.293,14;0,00;0,00;65.293,14;0,00;4.650.048,36;1.162.512,09;232.152,40;140.171,72;56.842,91;91.509,28;1.683.188,40;3.736.351,86;1,00;261,00
2025;Municipal;31;MG;311500;Cascalho Rico;3.850.053,93;3.850.053,93;0,00;0,00;0,00;0,00;0,00;5.618.740,61;1.404.685,15;355.118,29;220.919,52;111.221,19;149.362,62;2.241.306,78;6.091.360,71;1,00;449,00
2025;Municipal;31;MG;311510;Cássia;13.841.222,78;13.841.222,78;0,00;0,00;0,00;0,00;0,00;9.735.702,34;2.433.925,59;3.176.393,89;633.772,52;371.464,09;713.055,82;7.328.611,90;21.169.834,68;1,00;1.228,00
2025;Municipal;31;MG;311520;Conceição da Barra de Minas;2.142.149,75;2.133.601,26;8.548,49;0,00;0,00;8.548,49;0,00;4.370.581,46;1.092.645,37;230.149,32;101.229,69;35.706,00;274.362,43;1.734.092,80;3.876.242,55;1,00;273,00
2025;Municipal;31;MG;311530;Cataguases;37.900.884,93;36.968.177,96;932.706,97;0,00;0,00;932.706,97;0,00;24.219.103,13;6.054.775,78;9.887.874,75;2.042.769,76;1.042.575,19;399.716,91;19.427.712,40;57.328.597,33;1,00;3.897,00
2025;Municipal;31;MG;311535;Catas Altas;5.464.553,71;5.453.705,83;10.847,88;0,00;0,00;10.847,88;0,00;8.788.628,33;2.197.157,08;3.213.441,58;352.243,88;728.339,76;60.352,48;6.551.534,78;12.016.088,49;1,00;716,00
2025;Municipal;31;MG;311540;Catas Altas da Noruega;1.368.126,99;1.368.126,99;0,00;0,00;0,00;0,00;0,00;3.843.554,80;960.888,70;171.534,56;72.619,88;1.290,00;255.030,04;1.461.363,18;2.829.490,17;1,00;164,00
2025;Municipal;31;MG;311545;Catuji;9.829.184,68;8.281.036,56;1.548.148,12;0,00;1.346.606,50;201.541,62;0,00;4.283.132,32;1.070.783,08;584.387,13;412.874,06;473.586,29;3.350.004,44;5.891.635,00;15.720.819,68;1,00;835,00
2025;Municipal;31;MG;311547;Catuti;5.760.886,46;5.280.929,65;479.956,81;0,00;356.679,84;123.276,97;0,00;4.288.966,65;1.072.241,66;159.529,60;293.188,32;116.843,18;589.387,25;2.231.190,02;7.992.076,48;1,00;583,00
2025;Municipal;31;MG;311550;Caxambu;13.260.370,61;12.900.441,55;359.929,06;0,00;0,00;359.929,06;0,00;9.775.184,92;2.443.796,23;3.034.296,03;730.037,45;239.605,96;0,00;6.447.735,67;19.708.106,28;1,00;1.390,00
2025;Municipal;31;MG;311560;Cedro do Abaeté;1.169.988,43;1.102.652,07;67.336,36;0,00;0,00;67.336,36;0,00;4.300.740,65;1.075.185,16;121.689,85;79.166,36;58.487,46;65.147,18;1.399.676,01;2.569.664,44;1,00;140,00
2025;Municipal;31;MG;311570;Central de Minas;5.157.086,65;4.619.070,57;538.016,08;0,00;272.922,85;265.093,23;0,00;4.562.491,75;1.140.622,94;352.692,30;243.665,88;89.607,76;1.251,08;1.827.839,95;6.984.926,60;1,00;570,00
2025;Municipal;31;MG;311580;Centralina;9.245.484,18;9.068.164,87;177.319,31;0,00;141.191,06;36.128,25;0,00;7.360.639,16;1.840.159,79;963.823,91;545.808,00;242.641,11;27.524,08;3.619.956,89;12.865.441,07;1,00;1.015,00
2025;Municipal;31;MG;311590;Chácara;5.445.554,97;5.445.554,97;0,00;0,00;0,00;0,00;0,00;4.362.931,64;1.090.732,91;279.177,20;299.872,02;205.258,16;166.938,98;2.041.979,27;7.487.534,24;1,00;627,00
2025;Municipal;31;MG;311600;Chalé;4.829.399,19;4.363.110,86;466.288,33;0,00;222.435,02;243.853,31;0,00;4.780.156,62;1.195.039,16;292.256,36;237.933,86;191.939,69;0,00;1.917.169,06;6.746.568,25;1,00;522,00
2025;Municipal;31;MG;311610;Chapada do Norte;10.954.652,24;8.795.529,28;2.159.122,96;0,00;2.159.122,96;0,00;0,00;6.617.494,37;1.654.373,59;525.374,85;509.517,30;400.164,74;3.118.332,71;6.207.763,20;17.162.415,44;1,00;936,00
2025;Municipal;31;MG;311615;Chapada Gaúcha;20.696.011,25;17.263.839,32;3.432.171,93;0,00;2.951.379,43;480.792,50;0,00;9.739.904,92;2.434.976,23;919.276,92;941.092,63;984.732,70;1.041.910,67;6.321.989,15;27.018.000,40;1,00;2.103,00
2025;Municipal;31;MG;311620;Chiador;4.839.907,57;4.832.948,60;6.958,97;0,00;0,00;6.958,97;0,00;5.162.737,91;1.290.684,48;367.759,03;254.786,88;146.664,05;35.687,47;2.095.581,90;6.935.489,47;1,00;520,00
2025;Municipal;31;MG;311630;Cipotânea;2.115.801,03;2.059.583,98;56.217,05;0,00;0,00;56.217,05;0,00;4.383.529,42;1.095.882,36;240.550,23;119.250,94;59.580,33;161.649,28;1.676.913,14;3.792.714,17;1,00;221,00
2025;Municipal;31;MG;311640;Claraval;3.858.984,95;3.850.331,25;8.653,70;0,00;0,00;8.653,70;0,00;5.248.577,00;1.312.144,25;348.568,64;231.704,84;157.543,35;627.097,74;2.677.058,82;6.536.043,77;1,00;496,00
2025;Municipal;31;MG;311650;Claro dos Poções;5.491.893,07;5.197.238,69;294.654,38;0,00;0,00;294.654,38;0,00;4.371.407,19;1.092.851,80;305.369,57;298.879,59;161.285,67;942.540,52;2.800.927,15;8.292.820,22;1,00;610,00
2025;Municipal;31;MG;311660;Cláudio;29.970.882,16;29.563.242,49;407.639,67;0,00;407.639,67;0,00;0,00;15.032.868,00;3.758.217,00;5.091.798,71;1.825.889,45;958.825,69;545.160,71;12.179.891,56;42.150.773,72;1,00;3.443,00
2025;Municipal;31;MG;311670;Coimbra;5.515.495,39;5.226.252,70;289.242,69;0,00;0,00;289.242,69;0,00;5.105.956,96;1.276.489,24;566.166,92;362.676,25;265.246,11;321.732,28;2.792.310,80;8.307.806,19;1,00;624,00
2025;Municipal;31;MG;311680;Coluna;4.502.748,50;4.502.748,50;0,00;0,00;0,00;0,00;0,00;4.369.019,19;1.092.254,80;395.977,28;282.892,70;167.318,40;542.735,08;2.481.178,26;6.983.926,76;1,00;614,00
2025;Municipal;31;MG;311690;Comendador Gomes;3.683.339,86;3.675.129,82;8.210,04;0,00;0,00;8.210,04;0,00;5.693.699,43;1.423.424,86;900.471,84;264.125,13;537.578,11;147.187,56;3.272.787,50;6.956.127,36;1,00;474,00
2025;Municipal;31;MG;311700;Comercinho;5.763.631,33;5.763.631,33;0,00;0,00;0,00;0,00;0,00;4.472.161,32;1.118.040,33;263.453,24;351.202,51;652.355,45;1.120.894,78;3.505.946,31;9.269.577,64;1,00;639,00
2025;Municipal;31;MG;311710;Conceição da Aparecida;8.870.639,21;8.398.895,19;471.744,02;0,00;0,00;471.744,02;0,00;6.893.629,43;1.723.407,36;880.844,11;499.120,39;314.617,19;1.061.640,10;4.479.629,15;13.350.268,36;1,00;1.012,00
2025;Municipal;31;MG;311720;Conceição das Pedras;1.928.619,62;1.928.619,62;0,00;0,00;0,00;0,00;0,00;4.253.458,96;1.063.364,74;207.659,83;114.892,19;45.492,33;125.795,08;1.557.204,17;3.485.823,79;1,00;249,00
2025;Municipal;31;MG;311730;Conceição das Alagoas;29.968.078,50;29.905.223,42;62.855,08;0,00;0,00;62.855,08;0,00;19.869.137,92;4.967.284,48;6.284.987,38;1.887.634,78;513.433,74;127.703,48;13.781.043,86;43.749.122,36;1,00;3.535,00
2025;Municipal;31;MG;311740;Conceição de Ipanema;4.454.342,50;4.373.941,51;80.400,99;0,00;64.997,43;15.403,56;0,00;4.608.631,28;1.152.157,82;231.033,91;259.285,92;211.062,10;284.747,30;2.138.287,05;6.592.629,55;1,00;536,00
2025;Municipal;31;MG;311750;Conceição do Mato Dentro;20.061.745,02;19.013.061,34;1.048.683,68;0,00;0,00;1.048.683,68;0,00;46.824.915,12;11.706.228,78;12.799.818,72;1.060.341,60;147.444,70;1.091.561,12;26.805.394,92;46.867.139,94;1,00;2.568,00
2025;Municipal;31;MG;311760;Conceição do Pará;3.102.310,49;3.008.882,69;93.427,80;0,00;0,00;93.427,80;0,00;6.217.824,06;1.554.456,02;1.113.860,38;159.581,07;128.548,75;749.218,95;3.705.665,17;6.807.975,66;1,00;322,00
2025;Municipal;31;MG;311770;Conceição do Rio Verde;11.537.228,71;10.854.762,98;682.465,73;0,00;0,00;682.465,73;0,00;9.457.539,60;2.364.384,90;1.035.680,43;619.367,25;433.369,06;659.008,12;5.111.809,76;16.649.038,47;1,00;1.212,00
2025;Municipal;31;MG;311780;Conceição dos Ouros;10.606.999,38;10.412.877,84;194.121,54;0,00;172.204,07;21.917,47;0,00;6.409.151,46;1.602.287,87;875.868,37;583.031,31;795.220,92;0,00;3.856.408,46;14.463.407,84;1,00;1.128,00
2025;Municipal;31;MG;311783;Cônego Marinho;4.673.814,67;4.664.063,98;9.750,69;0,00;0,00;9.750,69;0,00;4.338.975,07;1.084.743,77;224.398,97;259.804,94;209.730,60;2.995.213,47;4.773.891,75;9.447.706,42;1,00;489,00
2025;Municipal;31;MG;311787;Confins;8.956.218,05;8.687.596,67;268.621,38;0,00;0,00;268.621,38;2.034.718,72;5.811.569,80;1.452.892,45;6.767.420,00;499.134,33;155.641,31;17.620,36;8.892.708,45;17.848.926,50;1,00;1.038,00
2025;Municipal;31;MG;311790;Congonhal;8.712.996,49;8.287.688,02;425.308,47;0,00;0,00;425.308,47;0,00;6.284.862,96;1.571.215,74;1.233.061,52;525.820,01;405.070,99;377.845,31;4.113.013,57;12.826.010,06;1,00;1.070,00
2025;Municipal;31;MG;311800;Congonhas;61.484.624,48;61.484.624,48;0,00;0,00;0,00;0,00;2.040.098,14;82.967.768,80;20.741.942,20;48.520.863,98;3.694.293,85;1.009.377,75;0,00;73.966.477,78;135.451.102,30;1,00;7.255,00
2025;Municipal;31;MG;311810;Congonhas do Norte;3.133.092,57;3.091.018,69;42.073,88;0,00;42.073,88;0,00;0,00;4.113.384,72;1.028.346,18;326.961,54;208.670,81;12.423,38;82.516,93;1.658.918,84;4.792.011,41;1,00;395,00
2025;Municipal;31;MG;311820;Conquista;5.875.005,40;5.875.005,40;0,00;0,00;0,00;0,00;0,00;7.884.323,48;1.971.080,87;1.560.430,35;352.222,85;149.964,63;51.889,02;4.085.587,72;9.960.593,12;1,00;722,00
2025;Municipal;31;MG;311830;Conselheiro Lafaiete;96.314.265,93;95.861.145,14;453.120,79;0,00;0,00;453.120,79;0,00;40.904.167,24;10.226.041,81;22.866.593,38;6.276.937,74;1.631.354,27;631.326,03;41.632.253,23;137.946.519,20;1,00;12.672,00
2025;Municipal;31;MG;311840;Conselheiro Pena;15.445.293,05;15.445.293,05;0,00;0,00;0,00;0,00;0,00;8.842.370,88;2.210.592,72;1.962.815,15;915.181,92;450.578,93;907.490,01;6.446.658,73;21.891.951,78;1,00;1.768,00
2025;Municipal;31;MG;311850;Consolação;1.532.026,95;1.492.605,03;39.421,92;0,00;0,00;39.421,92;0,00;4.070.330,15;1.017.582,54;431.277,67;83.746,07;38.174,94;120.006,84;1.690.788,06;3.222.815,01;1,00;160,00
2025;Municipal;31;MG;311860;Contagem;473.132.289,80;473.132.289,80;0,00;0,00;0,00;0,00;0,00;187.056.575,20;46.764.143,80;288.869.509,40;30.206.415,79;11.464.237,81;0,00;377.304.306,80;850.436.596,60;1,00;58.235,00
2025;Municipal;31;MG;311870;Coqueiral;6.334.177,13;5.917.337,76;416.839,37;0,00;240.956,98;175.882,39;0,00;5.616.825,67;1.404.206,42;888.215,45;378.000,31;724.130,62;713.813,13;4.108.365,93;10.442.543,06;1,00;763,00
2025;Municipal;31;MG;311880;Coração de Jesus;17.188.866,71;14.821.644,36;2.367.222,35;0,00;2.313.432,71;53.789,64;0,00;10.883.666,22;2.720.916,56;1.384.292,04;815.908,35;1.007.393,14;3.656.821,83;9.585.331,92;26.774.198,63;1,00;1.547,00
2025;Municipal;31;MG;311890;Cordisburgo;3.458.536,44;3.261.449,20;197.087,24;0,00;0,00;197.087,24;0,00;4.861.144,46;1.215.286,12;886.364,84;222.704,42;64.310,70;395.527,66;2.784.193,73;6.242.730,17;1,00;388,00
2025;Municipal;31;MG;311900;Cordislândia;2.297.678,50;2.176.758,56;120.919,94;0,00;0,00;120.919,94;0,00;4.276.278,12;1.069.069,53;243.530,82;145.240,24;67.066,21;112.412,32;1.637.319,12;3.934.997,62;1,00;323,00
2025;Municipal;31;MG;311910;Corinto;19.757.726,88;19.757.726,88;0,00;0,00;0,00;0,00;0,00;11.744.885,99;2.936.221,50;3.826.717,92;1.144.758,17;348.352,34;1.274.224,84;9.530.274,76;29.288.001,64;1,00;2.438,00
2025;Municipal;31;MG;311920;Coroaci;7.499.637,59;7.287.832,28;211.805,31;0,00;0,00;211.805,31;0,00;5.857.212,80;1.464.303,20;481.943,75;476.327,14;208.812,36;1.901.031,04;4.532.417,49;12.032.055,08;1,00;873,00
2025;Municipal;31;MG;311930;Coromandel;18.508.660,35;17.439.385,83;1.069.274,52;0,00;1.069.274,52;0,00;0,00;20.586.944,52;5.146.736,13;4.848.974,70;1.064.341,28;623.419,68;2.130.845,81;13.814.317,60;32.322.977,95;1,00;1.868,00
2025;Municipal;31;MG;311940;Coronel Fabriciano;124.703.127,80;101.142.806,60;23.560.321,16;0,00;20.581.731,88;2.978.589,28;2.038.147,74;32.913.251,54;8.228.312,89;16.369.322,29;4.995.024,11;2.366.810,02;59.673,15;32.019.142,45;156.722.270,20;1,00;9.323,00
2025;Municipal;31;MG;311950;Coronel Murta;10.522.152,64;9.675.737,80;846.414,84;0,00;846.414,84;0,00;0,00;4.788.346,89;1.197.086,72;265.567,98;594.708,47;294.609,14;566.747,08;2.918.719,40;13.440.872,04;1,00;1.161,00
2025;Municipal;31;MG;311960;Coronel Pacheco;3.064.613,15;3.064.613,15;0,00;0,00;0,00;0,00;0,00;4.378.306,06;1.094.576,52;278.461,57;188.588,18;35.321,83;28.206,20;1.625.154,30;4.689.767,45;1,00;421,00
2025;Municipal;31;MG;311970;Coronel Xavier Chaves;2.248.258,52;2.118.004,89;130.253,63;0,00;0,00;130.253,63;0,00;4.378.659,70;1.094.664,93;576.148,79;145.884,10;102.675,87;335.967,98;2.255.341,67;4.503.600,19;1,00;272,00
2025;Municipal;31;MG;311980;Córrego Danta;1.831.048,18;1.831.048,18;0,00;0,00;0,00;0,00;0,00;4.586.143,68;1.146.535,92;516.551,41;118.094,97;32.568,00;227.256,08;2.041.006,38;3.872.054,56;1,00;223,00
2025;Municipal;31;MG;311990;Córrego do Bom Jesus;3.315.813,53;3.306.267,98;9.545,55;0,00;0,00;9.545,55;0,00;4.163.658,79;1.040.914,70;410.866,78;204.420,66;231.981,13;564.619,34;2.452.802,61;5.768.616,14;1,00;392,00
2025;Municipal;31;MG;311995;Córrego Fundo;5.628.469,41;5.466.582,97;161.886,44;0,00;0,00;161.886,44;0,00;6.398.286,61;1.599.571,65;757.129,50;334.622,98;637.480,17;197.744,59;3.526.548,89;9.155.018,30;1,00;693,00
2025;Municipal;31;MG;312000;Córrego Novo;2.891.552,64;2.891.552,64;0,00;0,00;0,00;0,00;0,00;4.054.370,11;1.013.592,53;275.814,66;184.260,90;73.733,02;297.184,49;1.844.585,60;4.736.138,24;1,00;345,00
2025;Municipal;31;MG;312010;Couto de Magalhães de Minas;3.919.464,40;3.919.464,40;0,00;0,00;0,00;0,00;0,00;4.380.555,58;1.095.138,90;299.779,20;260.376,49;195.266,95;211.058,88;2.061.620,41;5.981.084,81;1,00;480,00
2025;Municipal;31;MG;312015;Crisólita;5.813.980,59;5.695.103,03;118.877,56;0,00;0,00;118.877,56;0,00;4.614.784,73;1.153.696,18;190.904,84;372.214,68;251.524,05;1.253.731,13;3.222.070,88;9.036.051,47;1,00;685,00
2025;Municipal;31;MG;312020;Cristais;12.486.128,55;11.865.381,16;620.747,39;0,00;0,00;620.747,39;0,00;7.474.997,10;1.868.749,28;1.667.173,08;645.477,83;352.351,25;189.839,96;4.723.591,40;17.209.719,95;1,00;1.312,00
2025;Municipal;31;MG;312030;Cristália;4.602.359,45;4.343.109,31;259.250,14;0,00;0,00;259.250,14;0,00;4.168.883,42;1.042.220,86;401.710,74;280.659,01;103.576,69;1.148.649,75;2.976.817,04;7.579.176,49;1,00;529,00
2025;Municipal;31;MG;312040;Cristiano Otoni;4.544.255,69;4.535.205,06;9.050,63;0,00;0,00;9.050,63;0,00;4.809.647,84;1.202.411,96;526.592,63;318.169,74;318.211,36;102.488,15;2.467.873,84;7.012.129,53;1,00;627,00
2025;Municipal;31;MG;312050;Cristina;9.091.773,00;8.632.850,89;458.922,11;0,00;0,00;458.922,11;0,00;6.220.111,15;1.555.027,79;627.972,77;472.041,97;301.420,44;505.120,14;3.461.583,10;12.553.356,10;1,00;965,00
2025;Municipal;31;MG;312060;Crucilândia;3.719.113,49;3.719.113,49;0,00;0,00;0,00;0,00;0,00;4.150.836,45;1.037.709,11;540.998,76;224.135,17;120.812,87;648.217,22;2.571.873,13;6.290.986,62;1,00;477,00
2025;Municipal;31;MG;312070;Cruzeiro da Fortaleza;8.136.962,02;8.075.804,94;61.157,08;0,00;61.157,08;0,00;0,00;5.566.202,31;1.391.550,58;668.154,87;463.219,23;257.594,25;132.868,56;2.913.387,48;11.050.349,50;1,00;932,00
2025;Municipal;31;MG;312080;Cruzília;9.698.332,95;9.698.332,95;0,00;0,00;0,00;0,00;0,00;8.225.398,74;2.056.349,69;1.603.565,13;589.241,65;232.067,47;109.798,13;4.591.022,06;14.289.355,01;1,00;1.145,00
2025;Municipal;31;MG;312083;Cuparaque;3.789.920,68;3.789.920,68;0,00;0,00;0,00;0,00;0,00;4.211.823,52;1.052.955,88;252.225,16;222.567,67;81.148,96;414.871,07;2.023.768,74;5.813.689,42;1,00;439,00
2025;Municipal;31;MG;312087;Curral de Dentro;9.498.672,19;7.805.113,72;1.693.558,47;0,00;1.255.603,69;437.954,78;0,00;4.392.662,55;1.098.165,64;242.553,39;475.047,11;573.051,63;756.002,49;3.144.820,26;12.643.492,45;1,00;939,00
2025;Municipal;31;MG;312090;Curvelo;54.946.834,57;54.946.834,57;0,00;0,00;0,00;0,00;0,00;27.410.728,56;6.852.682,14;15.551.560,26;3.233.150,54;1.112.593,29;0,00;26.749.986,23;81.696.820,80;1,00;6.249,00
2025;Municipal;31;MG;312100;Datas;7.569.022,82;6.731.575,20;837.447,62;0,00;657.366,45;180.081,17;0,00;4.378.167,16;1.094.541,79;207.399,57;390.989,01;204.406,61;254.476,13;2.151.813,11;9.720.835,93;1,00;765,00
2025;Municipal;31;MG;312110;Delfim Moreira;6.867.458,26;6.825.799,13;41.659,13;0,00;41.659,13;0,00;0,00;4.693.388,89;1.173.347,22;511.992,80;406.632,25;298.828,08;601.378,03;2.992.178,38;9.859.636,64;1,00;767,00
2025;Municipal;31;MG;312120;Delfinópolis;6.059.095,78;6.059.095,78;0,00;0,00;0,00;0,00;0,00;6.565.708,78;1.641.427,20;1.329.825,82;425.273,70;326.492,51;485.962,05;4.208.981,27;10.268.077,05;1,00;834,00
2025;Municipal;31;MG;312125;Delta;19.040.733,31;16.570.073,65;2.470.659,66;0,00;1.497.439,88;973.219,78;0,00;7.862.914,61;1.965.728,65;1.580.719,03;1.044.279,71;275.648,00;23.384,69;4.889.760,08;23.930.493,39;1,00;1.984,00
2025;Municipal;31;MG;312130;Descoberto;3.964.032,86;3.964.032,86;0,00;0,00;0,00;0,00;0,00;4.475.618,98;1.118.904,75;345.389,06;251.809,68;83.146,56;171.021,27;1.970.271,32;5.934.304,18;1,00;489,00
2025;Municipal;31;MG;312140;Desterro de Entre Rios;5.123.527,56;5.000.004,02;123.523,54;0,00;114.778,22;8.745,32;0,00;5.610.761,48;1.402.690,37;1.329.668,39;304.788,36;160.168,56;1.277.651,85;4.474.967,53;9.598.495,09;1,00;608,00
2025;Municipal;31;MG;312150;Desterro do Melo;3.566.586,46;3.461.383,60;105.202,86;0,00;0,00;105.202,86;0,00;4.886.952,64;1.221.738,16;179.102,82;230.717,14;50.692,78;0,00;1.682.250,90;5.248.837,36;1,00;450,00
2025;Municipal;31;MG;312160;Diamantina;29.112.284,68;27.655.998,57;1.456.286,11;0,00;0,00;1.456.286,11;0,00;18.149.585,00;4.537.396,25;6.650.548,79;1.649.220,44;695.211,13;3.927.663,81;17.460.040,42;46.572.325,10;1,00;3.168,00
2025;Municipal;31;MG;312170;Diogo de Vasconcelos;3.659.121,61;3.499.957,60;159.164,01;0,00;0,00;159.164,01;0,00;4.192.794,60;1.048.198,65;281.691,98;172.036,77;172.866,28;756.905,41;2.431.699,09;6.090.820,70;1,00;350,00
2025;Municipal;31;MG;312180;Dionísio;4.391.311,57;4.081.272,58;310.038,99;0,00;310.038,99;0,00;0,00;4.598.661,36;1.149.665,34;488.668,89;170.465,74;196.557,10;162.763,57;2.168.120,64;6.559.432,21;1,00;458,00
2025;Municipal;31;MG;312190;Divinésia;5.151.952,37;5.035.764,40;116.187,97;0,00;0,00;116.187,97;0,00;4.332.734,39;1.083.183,60;431.814,64;271.064,82;1.415.983,46;242.280,43;3.444.326,95;8.596.279,32;1,00;508,00
2025;Municipal;31;MG;312200;Divino;15.055.390,89;13.667.304,72;1.388.086,17;0,00;1.388.086,17;0,00;0,00;9.507.132,38;2.376.783,10;1.481.137,64;814.281,25;759.123,23;913.848,08;6.345.173,30;21.400.564,19;1,00;1.715,00
2025;Municipal;31;MG;312210;Divino das Laranjeiras;2.450.134,23;2.450.134,23;0,00;0,00;0,00;0,00;0,00;3.553.433,17;888.358,29;263.694,99;124.624,91;107.576,60;261.193,67;1.645.448,47;4.095.582,70;1,00;305,00
2025;Municipal;31;MG;312220;Divinolândia de Minas;6.370.392,70;6.358.776,70;11.616,00;0,00;0,00;11.616,00;0,00;4.158.321,54;1.039.580,39;360.318,45;396.666,38;391.308,90;978.449,03;3.166.323,15;9.536.715,85;1,00;884,00
2025;Municipal;31;MG;312230;Divinópolis;119.395.616,40;119.395.616,40;0,00;0,00;0,00;0,00;0,00;68.602.928,18;17.150.732,05;58.846.833,60;7.128.571,91;4.052.318,49;792.639,70;87.971.095,75;207.366.712,10;1,00;13.717,00
2025;Municipal;31;MG;312235;Divisa Alegre;8.475.632,03;8.110.429,97;365.202,06;0,00;342.834,73;22.367,33;0,00;5.037.928,16;1.259.482,04;454.989,55;546.218,22;133.360,00;27.872,92;2.421.922,73;10.897.554,76;1,00;1.043,00
2025;Municipal;31;MG;312240;Divisa Nova;7.127.796,87;6.483.774,64;644.022,23;0,00;632.512,73;11.509,50;0,00;4.732.903,37;1.183.225,84;454.239,49;322.255,03;203.554,52;0,00;2.163.274,88;9.291.071,75;1,00;675,00
2025;Municipal;31;MG;312245;Divisópolis;6.731.805,32;6.404.528,93;327.276,39;0,00;0,00;327.276,39;0,00;5.581.695,00;1.395.423,75;770.668,26;408.718,76;244.062,03;999.289,25;3.818.162,05;10.549.967,37;1,00;977,00
2025;Municipal;31;MG;312247;Dom Bosco;3.433.174,45;3.350.190,16;82.984,29;0,00;0,00;82.984,29;0,00;4.716.292,67;1.179.073,17;306.984,13;171.314,31;132.544,91;592.106,46;2.382.022,98;5.815.197,43;1,00;345,00
2025;Municipal;31;MG;312250;Dom Cavati;3.089.035,73;3.089.035,73;0,00;0,00;0,00;0,00;0,00;4.183.177,20;1.045.794,30;471.705,45;200.721,20;52.477,46;154.119,90;1.924.818,31;5.013.854,04;1,00;381,00
2025;Municipal;31;MG;312260;Dom Joaquim;3.187.312,56;3.126.232,71;61.079,85;0,00;0,00;61.079,85;0,00;4.234.677,18;1.058.669,30;413.525,29;178.560,51;213.813,89;841.969,35;2.706.538,33;5.893.850,89;1,00;300,00
2025;Municipal;31;MG;312270;Dom Silvério;3.726.983,95;3.519.058,13;207.925,82;0,00;0,00;207.925,82;0,00;4.556.193,13;1.139.048,28;505.491,91;218.222,91;510.501,33;279.712,32;2.652.976,75;6.379.960,70;1,00;425,00
2025;Municipal;31;MG;312280;Dom Viçoso;1.727.391,70;1.727.391,70;0,00;0,00;0,00;0,00;0,00;4.148.920,18;1.037.230,05;214.745,97;108.944,91;88.141,75;118.007,20;1.567.069,88;3.294.461,58;1,00;222,00
2025;Municipal;31;MG;312290;Dona Eusébia;5.067.722,79;5.067.722,79;0,00;0,00;0,00;0,00;0,00;4.542.348,52;1.135.587,13;373.065,72;292.255,50;342.294,76;219.773,20;2.362.976,31;7.430.699,10;1,00;664,00
2025;Municipal;31;MG;312300;Dores de Campos;6.408.474,86;6.394.061,39;14.413,47;0,00;0,00;14.413,47;0,00;6.120.574,45;1.530.143,61;458.116,13;416.741,94;128.176,83;0,00;2.533.178,51;8.941.653,37;1,00;844,00
2025;Municipal;31;MG;312310;Dores de Guanhães;4.691.302,61;4.555.770,74;135.531,87;0,00;0,00;135.531,87;0,00;4.130.331,70;1.032.582,93;265.162,36;218.197,02;222.444,36;435.554,52;2.173.941,19;6.865.243,80;1,00;524,00
2025;Municipal;31;MG;312320;Dores do Indaiá;10.428.339,53;10.428.339,53;0,00;0,00;0,00;0,00;0,00;8.514.818,90;2.128.704,73;1.559.938,12;668.350,37;326.137,37;50.352,00;4.733.482,58;15.161.822,11;1,00;1.237,00
2025;Municipal;31;MG;312330;Dores do Turvo;4.214.915,14;4.109.245,76;105.669,38;0,00;0,00;105.669,38;0,00;4.758.640,40;1.189.660,10;281.711,20;311.413,60;215.322,08;874.902,96;2.873.009,94;7.087.925,08;1,00;449,00
2025;Municipal;31;MG;312340;Doresópolis;1.668.650,31;1.668.650,31;0,00;0,00;0,00;0,00;0,00;4.641.862,47;1.160.465,62;351.779,42;107.359,90;35.347,50;36.135,66;1.691.088,10;3.359.738,41;1,00;219,00
2025;Municipal;31;MG;312350;Douradoquara;313.335,39;313.335,39;0,00;0,00;0,00;0,00;0,00;4.024.721,62;1.006.180,41;214.002,12;21.986,76;17.072,45;211.547,91;1.470.789,64;1.784.125,03;1,00;41,00
2025;Municipal;31;MG;312352;Durandé;5.396.062,71;5.242.107,30;153.955,41;0,00;0,00;153.955,41;0,00;4.570.910,52;1.142.727,63;428.945,07;337.004,01;204.667,50;1.109.151,32;3.222.495,53;8.618.558,24;1,00;663,00
2025;Municipal;31;MG;312360;Elói Mendes;21.994.088,91;21.903.702,95;90.385,96;0,00;10.866,41;79.519,55;0,00;12.457.898,00;3.114.474,50;4.086.621,33;1.307.591,29;693.415,50;0,00;9.202.102,62;31.196.191,53;1,00;2.630,00
2025;Municipal;31;MG;312370;Engenheiro Caldas;9.846.867,33;9.627.488,62;219.378,71;0,00;0,00;219.378,71;0,00;7.301.234,33;1.825.308,58;504.753,58;603.545,20;223.356,70;214.089,84;3.371.053,91;13.217.921,24;1,00;1.132,00
2025;Municipal;31;MG;312380;Engenheiro Navarro;5.213.724,99;5.213.724,99;0,00;0,00;0,00;0,00;0,00;4.572.819,42;1.143.204,86;700.038,32;288.819,11;104.149,91;1.127.263,71;3.363.475,90;8.577.200,89;1,00;625,00
2025;Municipal;31;MG;312385;Entre Folhas;4.996.270,75;4.887.624,37;108.646,38;0,00;98.657,82;9.988,56;0,00;4.244.427,73;1.061.106,93;299.974,80;299.766,75;211.764,05;287.557,03;2.160.169,56;7.156.440,31;1,00;658,00
2025;Municipal;31;MG;312390;Entre Rios de Minas;8.067.470,02;8.067.470,02;0,00;0,00;0,00;0,00;0,00;7.793.795,08;1.948.448,77;1.150.741,12;520.507,42;191.976,01;841.243,91;4.652.917,23;12.720.387,25;1,00;1.092,00
2025;Municipal;31;MG;312400;Ervália;17.846.988,14;16.651.897,80;1.195.090,34;0,00;1.150.833,37;44.256,97;0,00;9.704.697,20;2.426.174,30;1.249.813,30;1.008.027,98;697.827,23;3.353.527,37;8.735.370,18;26.582.358,32;1,00;1.788,00
2025;Municipal;31;MG;312410;Esmeraldas;68.173.019,03;67.335.512,98;837.506,05;0,00;589.993,53;247.512,52;0,00;26.359.480,97;6.589.870,24;9.927.716,70;4.325.987,21;1.354.840,32;1.180.743,28;23.379.157,75;91.552.176,78;1,00;8.734,00
2025;Municipal;31;MG;312420;Espera Feliz;20.817.273,01;18.108.037,94;2.709.235,07;0,00;2.661.938,60;47.296,47;0,00;11.208.111,93;2.802.027,98;1.903.312,60;968.065,97;723.455,27;1.983.322,85;8.380.184,67;29.197.457,68;1,00;1.799,00
2025;Municipal;31;MG;312430;Espinosa;26.718.529,43;21.456.763,23;5.261.766,20;0,00;4.186.529,09;1.075.237,11;0,00;12.586.082,07;3.146.520,52;2.272.890,13;1.140.281,35;1.209.019,47;5.875.579,28;13.644.290,75;40.362.820,18;1,00;2.142,00
2025;Municipal;31;MG;312440;Espírito Santo do Dourado;8.690.166,67;7.418.797,86;1.271.368,81;0,00;1.072.393,12;198.975,69;0,00;4.720.138,45;1.180.034,61;514.409,38;407.600,05;323.721,73;847.032,37;3.272.798,14;11.962.964,81;1,00;846,00
2025;Municipal;31;MG;312450;Estiva;6.449.747,98;6.449.747,98;0,00;0,00;0,00;0,00;0,00;7.741.263,76;1.935.315,94;1.247.951,87;362.297,49;435.977,98;615.393,24;4.596.936,52;11.046.684,50;1,00;721,00
2025;Municipal;31;MG;312460;Estrela Dalva;1.772.784,25;1.769.369,77;3.414,48;0,00;0,00;3.414,48;0,00;4.039.498,50;1.009.874,63;157.334,51;120.148,72;100.248,04;139.014,69;1.526.620,58;3.299.404,83;1,00;232,00
2025;Municipal;31;MG;312470;Estrela do Indaiá;2.016.663,95;1.920.325,21;96.338,74;0,00;0,00;96.338,74;0,00;4.550.969,30;1.137.742,33;286.195,26;88.819,63;86.816,02;0,00;1.599.573,24;3.616.237,19;1,00;186,00
2025;Municipal;31;MG;312480;Estrela do Sul;4.765.730,94;4.765.730,94;0,00;0,00;0,00;0,00;0,00;8.112.572,87;2.028.143,22;980.502,94;296.498,57;113.766,72;309.311,79;3.728.223,23;8.493.954,17;1,00;604,00
2025;Municipal;31;MG;312490;Eugenópolis;6.940.485,12;6.926.121,99;14.363,13;0,00;0,00;14.363,13;0,00;6.311.389,40;1.577.847,35;527.766,68;409.006,87;742.321,77;470.705,61;3.727.648,28;10.668.133,40;1,00;814,00
2025;Municipal;31;MG;312500;Ewbank da Câmara;4.748.431,47;4.748.431,47;0,00;0,00;0,00;0,00;15,27;4.022.532,88;1.005.633,22;492.439,84;262.655,81;611.716,22;138.135,56;2.510.580,65;7.259.012,12;1,00;557,00
2025;Municipal;31;MG;312510;Extrema;93.577.238,63;93.346.020,09;231.218,54;0,00;0,00;231.218,54;0,00;87.092.096,85;21.773.024,21;30.102.008,56;4.962.445,11;2.543.350,75;859.711,99;60.240.540,62;153.817.779,20;1,00;10.697,00
2025;Municipal;31;MG;312520;Fama;2.082.748,01;2.021.704,30;61.043,71;0,00;0,00;61.043,71;0,00;4.164.492,15;1.041.123,04;451.694,04;124.170,84;82.278,43;105.464,11;1.804.730,46;3.887.478,47;1,00;245,00
2025;Municipal;31;MG;312530;Faria Lemos;3.483.277,96;3.468.498,83;14.779,13;0,00;0,00;14.779,13;0,00;7.014.418,08;1.753.604,52;209.040,91;191.083,23;168.328,69;169.492,02;2.491.549,37;5.974.827,33;1,00;344,00
2025;Municipal;31;MG;312540;Felício dos Santos;4.930.228,89;4.921.829,33;8.399,56;0,00;0,00;8.399,56;0,00;4.376.855,11;1.094.213,78;305.100,52;300.720,58;233.741,02;988.162,35;2.921.938,25;7.852.167,14;1,00;597,00
2025;Municipal;31;MG;312550;São Gonçalo do Rio Preto;2.442.596,70;2.374.786,47;67.810,23;0,00;0,00;67.810,23;0,00;4.457.893,98;1.114.473,50;171.123,28;157.203,56;121.815,48;842.742,89;2.407.358,70;4.849.955,40;1,00;263,00
2025;Municipal;31;MG;312560;Felisburgo;7.458.477,78;6.759.374,45;699.103,33;0,00;497.095,18;202.008,15;0,00;4.411.204,00;1.102.801,00;280.746,18;440.036,66;383.384,36;638.676,82;2.845.645,02;10.304.122,80;1,00;839,00
2025;Municipal;31;MG;312570;Felixlândia;10.743.018,89;10.721.854,30;21.164,59;0,00;0,00;21.164,59;0,00;8.233.273,24;2.058.318,31;2.623.519,41;755.022,44;205.435,68;219.893,36;5.862.189,20;16.605.208,09;1,00;1.416,00
2025;Municipal;31;MG;312580;Fernandes Tourinho;2.038.534,57;2.038.534,57;0,00;0,00;0,00;0,00;0,00;4.173.492,90;1.043.373,23;144.202,66;130.097,07;65.496,39;163.677,00;1.546.846,35;3.585.380,92;1,00;256,00
2025;Municipal;31;MG;312590;Ferros;4.898.871,04;4.898.871,04;0,00;0,00;0,00;0,00;0,00;5.664.507,03;1.416.126,76;517.334,89;274.350,50;300.312,84;2.378.530,43;4.886.655,42;9.785.526,46;1,00;478,00
2025;Municipal;31;MG;312595;Fervedouro;9.831.511,27;9.425.506,33;406.004,94;0,00;406.004,94;0,00;0,00;5.943.607,46;1.485.901,87;893.284,63;566.504,49;1.130.408,71;1.697.154,03;5.773.253,72;15.604.764,99;1,00;1.071,00
2025;Municipal;31;MG;312600;Florestal;7.423.604,39;7.007.275,79;416.328,60;0,00;221.784,95;194.543,65;0,00;5.031.511,65;1.257.877,91;813.993,08;420.231,02;350.138,63;500.244,43;3.342.485,07;10.766.089,46;1,00;809,00
2025;Municipal;31;MG;312610;Formiga;45.258.291,29;45.258.291,29;0,00;0,00;0,00;0,00;0,00;25.817.125,56;6.454.281,39;13.506.713,85;2.574.102,24;1.115.907,19;1.341.716,47;24.992.721,14;70.251.012,43;1,00;5.177,00
2025;Municipal;31;MG;312620;Formoso;7.550.134,81;7.550.134,81;0,00;0,00;0,00;0,00;0,00;7.103.941,01;1.775.985,25;806.698,40;455.837,67;85.603,03;2.212.913,32;5.337.037,67;12.887.172,48;1,00;953,00
2025;Municipal;31;MG;312630;Fortaleza de Minas;2.137.209,46;2.026.658,59;110.550,87;0,00;0,00;110.550,87;0,00;4.251.336,46;1.062.834,12;412.420,96;153.297,17;47.824,16;198.472,25;1.874.848,65;4.012.058,11;1,00;268,00
2025;Municipal;31;MG;312640;Fortuna de Minas;4.076.261,05;4.076.261,05;0,00;0,00;0,00;0,00;0,00;4.639.734,55;1.159.933,64;529.616,01;263.827,06;70.985,95;89.864,58;2.114.227,24;6.190.488,29;1,00;536,00
2025;Municipal;31;MG;312650;Francisco Badaró;3.207.057,77;3.124.481,69;82.576,08;0,00;0,00;82.576,08;0,00;5.444.552,02;1.361.138,01;281.444,37;181.627,44;591.741,25;1.467.335,53;3.883.286,60;7.090.344,37;1,00;357,00
2025;Municipal;31;MG;312660;Francisco Dumont;4.635.482,12;4.635.482,12;0,00;0,00;0,00;0,00;0,00;4.816.897,08;1.204.224,27;412.324,25;266.681,46;230.368,80;501.192,12;2.614.790,90;7.250.273,02;1,00;527,00
2025;Municipal;31;MG;312670;Francisco Sá;15.689.765,97;15.330.723,69;359.042,28;0,00;0,00;359.042,28;0,00;10.635.619,93;2.658.904,98;1.795.394,00;945.027,37;445.857,10;3.421.103,95;9.266.287,40;24.956.053,37;1,00;1.670,00
2025;Municipal;31;MG;312675;Franciscópolis;3.466.533,01;3.279.913,75;186.619,26;0,00;0,00;186.619,26;0,00;4.467.747,07;1.116.936,77;294.033,89;193.844,68;1.144.766,44;2.190.256,85;4.939.838,63;8.406.371,64;1,00;388,00
2025;Municipal;31;MG;312680;Frei Gaspar;6.498.837,84;6.498.837,84;0,00;0,00;0,00;0,00;0,00;4.712.990,66;1.178.247,67;274.390,49;394.145,05;283.707,51;811.403,45;2.941.894,17;9.440.732,01;1,00;875,00
2025;Municipal;31;MG;312690;Frei Inocêncio;9.600.615,90;8.096.562,19;1.504.053,71;0,00;1.306.141,54;197.912,17;0,00;4.715.050,59;1.178.762,65;571.377,20;444.384,97;304.443,59;862.769,56;3.361.737,97;12.962.353,87;1,00;907,00
2025;Municipal;31;MG;312695;Frei Lagonegro;3.119.456,56;3.112.820,29;6.636,27;0,00;0,00;6.636,27;0,00;4.344.030,77;1.086.007,69;156.689,85;169.584,06;143.150,78;504.165,92;2.059.598,30;5.179.054,86;1,00;360,00
2025;Municipal;31;MG;312700;Fronteira;13.665.523,37;12.184.860,41;1.480.662,96;0,00;770.664,66;709.998,30;0,00;11.581.942,73;2.895.485,68;1.644.103,91;759.381,19;294.033,42;274.522,83;5.867.527,03;19.533.050,40;1,00;1.445,00
2025;Municipal;31;MG;312705;Fronteira dos Vales;2.518.224,79;2.518.224,79;0,00;0,00;0,00;0,00;0,00;4.146.507,89;1.036.626,97;204.824,74;180.400,12;159.779,46;526.355,28;2.107.986,57;4.626.211,36;1,00;325,00
2025;Municipal;31;MG;312707;Fruta de Leite;3.636.249,74;3.636.249,74;0,00;0,00;0,00;0,00;0,00;4.082.836,72;1.020.709,18;303.886,76;216.122,41;150.175,82;1.959.943,18;3.650.837,35;7.287.087,09;1,00;438,00
2025;Municipal;31;MG;312710;Frutal;51.286.551,90;50.900.993,44;385.558,46;0,00;0,00;385.558,46;0,00;39.942.607,87;9.985.651,97;11.950.623,44;2.587.644,78;1.395.219,64;728.366,75;26.647.506,58;77.934.058,48;1,00;5.121,00
2025;Municipal;31;MG;312720;Funilândia;3.522.408,79;3.522.408,79;0,00;0,00;0,00;0,00;0,00;4.204.636,34;1.051.159,09;816.087,49;234.921,68;134.704,20;584.904,54;2.821.776,99;6.344.185,78;1,00;435,00
2025;Municipal;31;MG;312730;Galiléia;5.608.704,06;5.608.704,06;0,00;0,00;0,00;0,00;0,00;4.632.829,42;1.158.207,36;58.072,31;359.567,11;355.957,62;243.192,88;2.174.997,28;7.783.701,34;1,00;698,00
2025;Municipal;31;MG;312733;Gameleiras;6.761.382,09;5.690.763,88;1.070.618,21;0,00;817.348,49;253.269,72;0,00;4.819.140,46;1.204.785,12;258.329,78;266.783,20;268.572,54;795.224,86;2.793.695,49;9.555.077,58;1,00;595,00
2025;Municipal;31;MG;312735;Glaucilândia;2.267.933,56;2.205.185,07;62.748,49;0,00;0,00;62.748,49;0,00;4.126.192,19;1.031.548,05;134.159,15;139.137,22;58.931,25;613.314,14;1.977.089,81;4.245.023,37;1,00;282,00
2025;Municipal;31;MG;312737;Goiabeira;3.629.127,63;3.629.127,63;0,00;0,00;0,00;0,00;0,00;3.989.198,66;997.299,67;229.717,15;189.654,14;119.105,62;0,00;1.535.776,57;5.164.904,20;1,00;378,00
2025;Municipal;31;MG;312738;Goianá;2.718.343,31;2.632.232,09;86.111,22;0,00;0,00;86.111,22;0,00;4.563.866,85;1.140.966,71;559.530,51;179.327,06;479.094,68;197.194,54;2.556.113,51;5.274.456,82;1,00;328,00
2025;Municipal;31;MG;312740;Gonçalves;4.033.416,71;3.826.247,51;207.169,20;0,00;0,00;207.169,20;0,00;5.165.252,35;1.291.313,09;1.153.409,05;184.166,26;183.016,86;946.379,93;3.758.285,19;7.791.701,90;1,00;406,00
2025;Municipal;31;MG;312750;Gonzaga;4.692.621,55;4.442.980,07;249.641,48;0,00;0,00;249.641,48;0,00;4.475.837,75;1.118.959,44;271.091,36;287.503,17;109.536,80;0,00;1.787.090,77;6.479.712,32;1,00;519,00
2025;Municipal;31;MG;312760;Gouveia;9.536.708,72;9.319.644,92;217.063,80;0,00;199.228,02;17.835,78;0,00;6.329.222,51;1.582.305,63;653.526,69;611.158,16;428.500,22;823.153,25;4.098.643,95;13.635.352,67;1,00;1.152,00
2025;Municipal;31;MG;312770;Governador Valadares;191.432.174,80;190.553.991,50;878.183,34;0,00;0,00;878.183,34;0,00;70.304.413,00;17.576.103,25;92.723.655,12;8.766.834,72;3.946.527,61;5.915.262,18;128.928.382,90;320.360.557,70;1,00;16.953,00
2025;Municipal;31;MG;312780;Grão Mogol;15.841.881,54;14.225.277,26;1.616.604,28;0,00;915.474,66;701.129,62;0,00;8.967.580,35;2.241.895,09;1.499.097,93;873.052,74;850.331,00;4.430.079,82;9.894.456,58;25.736.338,12;1,00;1.602,00
2025;Municipal;31;MG;312790;Grupiara;457.018,90;457.018,90;0,00;0,00;0,00;0,00;0,00;4.003.304,54;1.000.826,14;71.440,83;26.903,09;9.432,57;225.107,67;1.333.710,30;1.790.729,20;1,00;51,00
2025;Municipal;31;MG;312800;Guanhães;19.566.963,13;19.029.092,06;537.871,07;0,00;0,00;537.871,07;0,00;13.811.845,80;3.452.961,45;6.188.093,15;1.156.913,65;1.035.939,45;4.472.439,99;16.306.347,69;35.873.310,82;1,00;2.330,00
2025;Municipal;31;MG;312810;Guapé;13.964.609,70;12.411.486,83;1.553.122,87;0,00;818.103,77;735.019,10;0,00;8.581.339,26;2.145.334,82;2.185.861,90;750.484,42;473.493,06;1.098.455,01;6.653.629,20;20.618.238,90;1,00;1.473,00
2025;Municipal;31;MG;312820;Guaraciaba;3.444.957,12;3.437.976,96;6.980,16;0,00;0,00;6.980,16;0,00;5.778.495,86;1.444.623,97;458.816,39;208.053,59;456.048,30;1.002.778,78;3.570.321,02;7.015.278,14;1,00;414,00
2025;Municipal;31;MG;312825;Guaraciama;4.104.492,68;4.096.889,21;7.603,47;0,00;0,00;7.603,47;0,00;4.197.778,29;1.049.444,57;271.599,24;267.196,95;72.834,87;575.205,20;2.236.280,83;6.340.773,51;1,00;511,00
2025;Municipal;31;MG;312830;Guaranésia;19.905.421,63;17.186.615,57;2.718.806,06;0,00;2.718.806,06;0,00;0,00;10.239.683,74;2.559.920,94;2.329.968,43;846.016,66;390.956,35;98.438,48;6.225.300,86;26.130.722,49;1,00;2.053,00
2025;Municipal;31;MG;312840;Guarani;6.635.729,21;6.635.729,21;0,00;0,00;0,00;0,00;0,00;5.129.997,13;1.282.499,28;921.580,36;408.583,80;221.564,87;570.414,34;3.404.642,66;10.040.371,87;1,00;733,00
2025;Municipal;31;MG;312850;Guarará;5.059.295,66;5.049.595,22;9.700,44;0,00;0,00;9.700,44;0,00;4.432.286,78;1.108.071,70;253.521,73;313.032,47;70.635,70;20.138,09;1.765.399,68;6.824.695,34;1,00;600,00
2025;Municipal;31;MG;312860;Guarda-Mor;6.074.621,96;6.074.621,96;0,00;0,00;0,00;0,00;0,00;12.143.069,69;3.035.767,42;1.851.943,92;399.198,12;166.051,10;851.682,78;6.304.643,34;12.379.265,30;1,00;780,00
2025;Municipal;31;MG;312870;Guaxupé;36.906.703,99;36.906.703,99;0,00;0,00;0,00;0,00;0,00;26.162.930,88;6.540.732,72;12.102.757,28;1.850.176,76;1.021.292,63;783.458,02;22.298.417,41;59.205.121,40;1,00;3.651,00
2025;Municipal;31;MG;312880;Guidoval;6.012.610,09;5.377.558,73;635.051,36;0,00;635.051,36;0,00;0,00;4.714.444,46;1.178.611,12;503.441,45;338.473,13;208.878,38;243.448,26;2.472.852,33;8.485.462,42;1,00;704,00
2025;Municipal;31;MG;312890;Guimarânia;8.008.679,33;7.696.825,20;311.854,13;0,00;47.921,18;263.932,95;0,00;5.854.508,71;1.463.627,18;774.045,81;481.429,22;239.699,13;0,00;2.958.801,33;10.967.480,66;1,00;870,00
2025;Municipal;31;MG;312900;Guiricema;3.735.124,40;3.727.762,12;7.362,28;0,00;0,00;7.362,28;0,00;3.893.127,75;973.281,94;500.195,84;207.613,92;3.087.049,22;895.574,75;5.663.715,67;9.398.840,07;1,00;508,00
2025;Municipal;31;MG;312910;Gurinhatã;3.183.542,90;3.183.542,90;0,00;0,00;0,00;0,00;0,00;6.569.939,18;1.642.484,80;785.925,29;214.621,64;105.856,88;640.300,08;3.389.188,69;6.572.731,59;1,00;400,00
2025;Municipal;31;MG;312920;Heliodora;5.050.096,67;5.050.096,67;0,00;0,00;0,00;0,00;0,00;4.970.433,15;1.242.608,29;665.473,40;296.814,18;203.925,38;331.271,69;2.740.092,94;7.790.189,61;1,00;560,00
2025;Municipal;31;MG;312930;Iapu;7.850.345,89;7.447.356,27;402.989,62;0,00;0,00;402.989,62;0,00;6.045.858,29;1.511.464,57;831.813,49;458.439,65;196.951,01;301.129,07;3.299.797,79;11.150.143,68;1,00;944,00
2025;Municipal;31;MG;312940;Ibertioga;4.178.159,80;4.039.568,60;138.591,20;0,00;0,00;138.591,20;0,00;4.396.588,32;1.099.147,08;305.722,72;257.595,66;306.801,32;372.282,75;2.341.549,53;6.519.709,33;1,00;478,00
2025;Municipal;31;MG;312950;Ibiá;17.831.804,47;17.831.804,47;0,00;0,00;0,00;0,00;0,00;21.986.115,09;5.496.528,77;2.103.775,63;1.102.539,26;498.878,47;585.218,37;9.786.940,51;27.618.744,98;1,00;2.361,00
2025;Municipal;31;MG;312960;Ibiaí;5.894.312,21;5.580.820,62;313.491,59;0,00;0,00;313.491,59;0,00;4.602.894,02;1.150.723,51;639.980,78;381.373,76;741.277,57;775.972,15;3.689.327,76;9.583.639,97;1,00;699,00
2025;Municipal;31;MG;312965;Ibiracatu;6.335.767,30;5.679.606,75;656.160,55;0,00;513.825,24;142.335,31;0,00;4.292.169,01;1.073.042,25;142.958,95;307.660,26;148.390,18;818.327,81;2.490.379,45;8.826.146,75;1,00;583,00
2025;Municipal;31;MG;312970;Ibiraci;9.253.127,60;9.253.127,60;0,00;0,00;0,00;0,00;0,00;15.747.002,02;3.936.750,51;2.361.872,42;619.145,83;329.817,26;1.247.769,80;8.495.355,81;17.748.483,41;1,00;1.100,00
2025;Municipal;31;MG;312980;Ibirité;126.633.006,00;126.633.006,00;0,00;0,00;0,00;0,00;2.034.398,46;54.381.008,35;13.595.252,09;19.641.947,87;8.228.093,33;4.138.343,57;0,00;45.603.636,85;172.236.642,80;1,00;15.036,00
2025;Municipal;31;MG;312990;Ibitiúra de Minas;2.769.734,33;2.769.734,33;0,00;0,00;0,00;0,00;0,00;4.236.364,90;1.059.091,23;305.613,77;157.259,63;160.241,52;485.027,50;2.167.233,64;4.936.967,97;1,00;354,00
2025;Municipal;31;MG;313000;Ibituruna;2.377.131,08;2.377.131,08;0,00;0,00;0,00;0,00;0,00;4.283.162,51;1.070.790,63;269.501,88;123.676,38;101.902,63;113.050,53;1.678.922,05;4.056.053,13;1,00;223,00
2025;Municipal;31;MG;313005;Icaraí de Minas;6.782.964,87;6.782.964,87;0,00;0,00;0,00;0,00;0,00;5.672.463,35;1.418.115,84;386.093,92;404.552,83;333.425,92;1.301.902,40;3.844.090,91;10.627.055,78;1,00;782,00
2025;Municipal;31;MG;313010;Igarapé;42.409.087,65;42.409.087,65;0,00;0,00;0,00;0,00;0,00;21.231.963,91;5.307.990,98;10.443.536,22;2.707.021,81;1.233.384,66;1.779.216,61;21.471.150,28;63.880.237,93;1,00;5.157,00
2025;Municipal;31;MG;313020;Igaratinga;9.215.859,21;9.200.503,37;15.355,84;0,00;15.355,84;0,00;0,00;7.389.798,04;1.847.449,51;1.211.654,50;526.949,18;125.321,61;219.773,20;3.931.148,00;13.147.007,21;1,00;1.192,00
2025;Municipal;31;MG;313030;Iguatama;4.077.466,42;4.077.466,42;0,00;0,00;0,00;0,00;0,00;6.571.232,51;1.642.808,13;1.004.594,71;270.005,71;66.578,00;134.765,10;3.118.751,65;7.196.218,07;1,00;536,00
2025;Municipal;31;MG;313040;Ijaci;5.585.340,09;5.261.308,39;324.031,70;0,00;0,00;324.031,70;0,00;6.632.235,38;1.658.058,85;1.742.204,04;339.542,84;18.640,57;117.129,32;3.875.575,62;9.460.915,71;1,00;700,00
2025;Municipal;31;MG;313050;Ilicínea;11.745.453,06;10.974.322,92;771.130,14;0,00;138.131,93;632.998,21;0,00;7.217.449,23;1.804.362,31;1.040.285,83;747.139,35;246.251,74;0,00;3.838.039,23;15.583.492,29;1,00;1.422,00
2025;Municipal;31;MG;313055;Imbé de Minas;6.190.046,47;5.634.596,11;555.450,36;0,00;257.152,70;298.297,66;0,00;4.348.336,46;1.087.084,12;237.461,31;339.837,37;313.450,47;552.392,39;2.530.225,65;8.720.272,12;1,00;687,00
2025;Municipal;31;MG;313060;Inconfidentes;5.123.000,89;4.867.986,86;255.014,03;0,00;0,00;255.014,03;0,00;4.672.199,45;1.168.049,86;964.729,67;265.001,82;244.656,46;496.367,16;3.138.804,97;8.261.805,86;1,00;537,00
2025;Municipal;31;MG;313065;Indaiabira;7.391.644,70;6.586.199,88;805.444,82;0,00;491.556,29;313.888,53;0,00;4.576.155,34;1.144.038,84;277.403,66;386.290,10;313.390,74;2.283.254,25;4.404.377,58;11.796.022,28;1,00;778,00
2025;Municipal;31;MG;313070;Indianópolis;9.584.548,61;9.564.556,78;19.991,83;0,00;0,00;19.991,83;0,00;11.972.542,83;2.993.135,71;4.538.449,37;606.245,35;928.637,49;167.438,81;9.233.906,72;18.818.455,33;1,00;1.092,00
2025;Municipal;31;MG;313080;Ingaí;2.196.113,86;2.187.723,59;8.390,27;0,00;0,00;8.390,27;0,00;4.417.447,98;1.104.362,00;238.067,54;138.204,43;278.880,65;255.130,06;2.014.644,68;4.210.758,54;1,00;287,00
2025;Municipal;31;MG;313090;Inhapim;17.008.707,61;16.783.297,08;225.410,53;0,00;225.410,53;0,00;0,00;10.908.040,40;2.727.010,10;2.068.093,84;942.229,05;793.173,82;3.757.639,70;10.288.146,51;27.296.854,12;1,00;1.917,00
2025;Municipal;31;MG;313100;Inhaúma;4.995.065,85;4.995.065,85;0,00;0,00;0,00;0,00;0,00;4.760.733,97;1.190.183,49;1.009.957,31;284.876,19;210.793,42;726.161,13;3.421.971,54;8.417.037,39;1,00;625,00
2025;Municipal;31;MG;313110;Inimutaba;5.457.554,59;5.156.105,14;301.449,45;0,00;0,00;301.449,45;0,00;4.619.869,75;1.154.967,44;396.019,75;338.999,25;132.868,91;1.444.420,15;3.467.275,50;8.924.830,09;1,00;669,00
2025;Municipal;31;MG;313115;Ipaba;15.010.887,19;13.384.150,05;1.626.737,14;0,00;864.654,60;762.082,54;0,00;8.940.919,02;2.235.229,76;856.689,00;812.328,15;1.297.861,17;595.694,12;5.797.802,19;20.808.689,38;1,00;1.664,00
2025;Municipal;31;MG;313120;Ipanema;28.862.923,38;22.742.731,35;6.120.192,03;0,00;4.901.385,04;1.218.806,99;0,00;9.416.422,42;2.354.105,61;1.870.423,46;1.136.276,96;930.331,89;664.785,57;6.955.923,48;35.818.846,86;1,00;2.714,00
2025;Municipal;31;MG;313130;Ipatinga;193.339.361,40;193.339.361,40;0,00;0,00;0,00;0,00;2.034.718,75;84.126.585,67;21.031.646,42;87.223.355,26;10.093.029,51;4.794.734,23;128.400,44;123.271.165,90;316.610.527,20;1,00;18.802,00
2025;Municipal;31;MG;313140;Ipiaçu;5.459.526,71;5.158.661,81;300.864,90;0,00;0,00;300.864,90;0,00;6.541.772,40;1.635.443,10;340.490,34;282.142,18;94.630,61;51.630,85;2.404.337,08;7.863.863,79;1,00;591,00
2025;Municipal;31;MG;313150;Ipuiúna;6.849.861,75;6.849.861,75;0,00;0,00;0,00;0,00;0,00;5.586.762,52;1.396.690,63;1.033.062,35;404.377,52;260.021,58;445.597,84;3.539.749,92;10.389.611,67;1,00;818,00
2025;Municipal;31;MG;313160;Iraí de Minas;6.074.347,06;6.039.856,49;34.490,57;0,00;0,00;34.490,57;0,00;6.304.836,78;1.576.209,20;855.850,51;383.085,09;135.610,54;308.523,60;3.259.278,93;9.333.625,99;1,00;719,00
2025;Municipal;31;MG;313170;Itabira;78.402.559,03;77.934.920,47;467.638,56;0,00;0,00;467.638,56;0,00;87.681.463,18;21.920.365,80;48.314.097,00;4.593.384,26;2.069.316,20;864.814,16;77.761.977,41;156.164.536,40;1,00;8.678,00
2025;Municipal;31;MG;313180;Itabirinha;8.092.918,73;7.723.267,71;369.651,02;0,00;165.440,47;204.210,55;0,00;5.970.765,61;1.492.691,40;832.312,57;512.900,00;227.693,45;525.526,98;3.591.124,40;11.684.043,13;1,00;1.031,00
2025;Municipal;31;MG;313190;Itabirito;65.593.022,82;65.441.966,08;151.056,74;0,00;0,00;151.056,74;2.043.203,75;72.364.478,67;18.091.119,67;35.625.105,08;3.846.822,74;1.789.098,01;282.401,72;59.634.547,22;125.227.570,00;1,00;8.038,00
2025;Municipal;31;MG;313200;Itacambira;2.434.508,99;2.430.006,89;4.502,10;0,00;0,00;4.502,10;0,00;4.816.337,27;1.204.084,32;396.472,58;160.057,98;104.456,25;1.652.323,41;3.517.394,54;5.951.903,53;1,00;272,00
2025;Municipal;31;MG;313210;Itacarambi;24.762.356,81;22.976.598,44;1.785.758,37;0,00;1.246.830,26;538.928,11;0,00;8.888.315,93;2.222.078,98;1.371.480,99;1.377.812,32;702.839,28;1.243.799,40;6.918.010,98;31.680.367,79;1,00;2.548,00
2025;Municipal;31;MG;313220;Itaguara;9.861.590,63;9.631.528,61;230.062,02;0,00;230.062,02;0,00;0,00;8.007.411,86;2.001.852,97;2.085.289,64;559.648,60;986.105,56;802.732,92;6.435.629,68;16.297.220,31;1,00;1.069,00
2025;Municipal;31;MG;313230;Itaipé;10.991.220,81;10.991.220,81;0,00;0,00;0,00;0,00;0,00;5.782.375,93;1.445.593,98;522.293,66;622.092,01;720.519,71;3.421.769,70;6.732.269,07;17.723.489,88;1,00;1.253,00
2025;Municipal;31;MG;313240;Itajubá;59.441.586,27;59.441.586,27;0,00;0,00;0,00;0,00;0,00;33.042.756,73;8.260.689,18;22.568.480,15;3.429.429,22;1.503.473,69;388.033,32;36.150.105,56;95.591.691,83;1,00;6.379,00
2025;Municipal;31;MG;313250;Itamarandiba;37.276.871,79;32.309.914,13;4.966.957,66;0,00;4.850.827,01;116.130,65;0,00;13.881.459,80;3.470.364,95;3.307.455,31;1.805.950,64;1.449.208,48;6.322.013,40;16.354.992,78;53.631.864,57;1,00;3.747,00
2025;Municipal;31;MG;313260;Itamarati de Minas;5.165.553,77;5.165.553,77;0,00;0,00;0,00;0,00;0,00;4.404.544,36;1.101.136,09;321.722,46;326.575,19;276.922,09;58.912,52;2.085.268,35;7.250.822,12;1,00;611,00
2025;Municipal;31;MG;313270;Itambacuri;20.961.305,45;18.019.111,11;2.942.194,34;0,00;2.942.194,34;0,00;0,00;9.340.367,65;2.335.091,91;1.337.048,45;944.115,45;646.365,38;3.025.061,82;8.287.683,02;29.248.988,47;1,00;1.833,00
2025;Municipal;31;MG;313280;Itambé do Mato Dentro;1.053.170,91;1.053.170,91;0,00;0,00;0,00;0,00;0,00;4.070.898,38;1.017.724,60;213.768,31;67.625,93;12.362,38;136.351,48;1.447.832,69;2.501.003,60;1,00;175,00
2025;Municipal;31;MG;313290;Itamogi;9.346.592,98;9.274.272,89;72.320,09;0,00;72.320,09;0,00;0,00;7.100.133,75;1.775.033,44;1.186.425,23;534.506,03;311.633,17;493.802,80;4.301.400,67;13.647.993,65;1,00;1.064,00
2025;Municipal;31;MG;313300;Itamonte;8.245.063,66;8.245.063,66;0,00;0,00;0,00;0,00;0,00;9.553.165,17;2.388.291,29;1.438.353,56;601.065,99;234.163,60;518.264,67;5.180.139,11;13.425.202,77;1,00;1.097,00
2025;Municipal;31;MG;313310;Itanhandu;9.467.982,80;8.969.600,00;498.382,80;0,00;0,00;498.382,80;0,00;8.543.900,36;2.135.975,09;1.944.586,67;518.810,31;302.888,26;472.411,29;5.374.671,62;14.842.654,42;1,00;994,00
2025;Municipal;31;MG;313320;Itanhomi;8.667.562,81;8.482.791,58;184.771,23;0,00;0,00;184.771,23;0,00;6.062.438,81;1.515.609,70;702.610,02;533.391,06;202.173,40;1.229.046,83;4.182.831,01;12.850.393,82;1,00;1.058,00
2025;Municipal;31;MG;313330;Itaobim;16.597.200,81;15.838.260,69;758.940,12;0,00;758.940,12;0,00;0,00;8.277.476,99;2.069.369,25;1.612.776,31;886.487,76;472.221,60;1.086.505,98;6.127.360,90;22.724.561,71;1,00;2.075,00
2025;Municipal;31;MG;313340;Itapagipe;10.697.043,47;10.409.290,90;287.752,57;0,00;0,00;287.752,57;0,00;10.647.727,51;2.661.931,88;2.684.280,65;548.280,36;265.482,18;730.993,76;6.890.968,83;17.588.012,30;1,00;1.105,00
2025;Municipal;31;MG;313350;Itapecerica;6.863.769,33;6.474.691,92;389.077,41;0,00;0,00;389.077,41;0,00;9.839.086,70;2.459.771,68;2.341.481,73;423.302,87;232.560,80;1.021.922,02;6.479.039,10;13.342.808,43;1,00;782,00
2025;Municipal;31;MG;313360;Itapeva;25.366.966,79;19.850.104,91;5.516.861,88;0,00;5.516.861,88;0,00;0,00;9.458.655,36;2.364.663,84;3.124.687,53;1.096.135,89;571.115,25;310.112,32;7.466.714,83;32.833.681,62;1,00;2.462,00
2025;Municipal;31;MG;313370;Itatiaiuçu;18.939.449,93;18.939.449,93;0,00;0,00;0,00;0,00;0,00;29.509.299,27;7.377.324,82;20.389.884,44;980.938,74;297.334,81;199.935,44;29.245.418,25;48.184.868,18;1,00;2.219,00
2025;Municipal;31;MG;313375;Itaú de Minas;13.893.217,28;13.893.217,28;0,00;0,00;0,00;0,00;0,00;10.266.059,55;2.566.514,89;3.406.446,99;843.253,55;671.202,69;51.940,38;7.539.358,50;21.432.575,78;1,00;1.713,00
2025;Municipal;31;MG;313380;Itaúna;60.769.475,55;55.831.844,45;4.937.631,10;0,00;4.659.161,24;278.469,86;0,00;41.446.004,37;10.361.501,09;21.386.010,18;2.954.605,14;1.295.871,01;550.481,27;36.548.468,69;97.317.944,24;1,00;6.268,00
2025;Municipal;31;MG;313390;Itaverava;2.505.757,26;2.437.591,37;68.165,89;0,00;0,00;68.165,89;0,00;4.317.503,66;1.079.375,92;372.971,14;137.632,92;147.295,16;1.218.105,90;2.955.381,04;5.461.138,30;1,00;277,00
2025;Municipal;31;MG;313400;Itinga;10.558.042,59;10.541.232,40;16.810,19;0,00;0,00;16.810,19;0,00;7.253.084,66;1.813.271,17;3.267.151,78;603.916,86;744.202,66;2.517.410,13;8.945.952,59;19.503.995,18;1,00;1.302,00
2025;Municipal;31;MG;313410;Itueta;5.376.377,32;5.376.377,32;0,00;0,00;0,00;0,00;0,00;4.961.991,73;1.240.497,93;477.698,58;341.345,26;112.833,49;670.013,67;2.842.388,93;8.218.766,25;1,00;659,00
2025;Municipal;31;MG;313420;Ituiutaba;78.521.937,93;78.124.944,77;396.993,16;0,00;0,00;396.993,16;0,00;39.083.495,80;9.770.873,95;23.400.385,86;3.714.993,53;2.379.827,29;374.173,03;39.640.253,66;118.162.191,60;1,00;6.978,00
2025;Municipal;31;MG;313430;Itumirim;2.738.903,62;2.577.354,43;161.549,19;0,00;0,00;161.549,19;0,00;4.549.286,94;1.137.321,74;269.988,52;178.317,14;50.418,01;260.289,91;1.896.335,32;4.635.238,94;1,00;328,00
2025;Municipal;31;MG;313440;Iturama;32.862.327,30;32.862.327,30;0,00;0,00;0,00;0,00;0,00;25.990.313,42;6.497.578,36;8.378.882,08;1.975.647,61;638.519,79;481.964,57;17.972.592,41;50.834.919,71;1,00;3.752,00
2025;Municipal;31;MG;313450;Itutinga;3.364.668,91;3.357.823,16;6.845,75;0,00;0,00;6.845,75;0,00;5.532.584,86;1.383.146,22;498.193,17;211.483,13;79.754,11;243.419,63;2.415.996,26;5.780.665,17;1,00;393,00
2025;Municipal;31;MG;313460;Jaboticatubas;12.669.310,16;12.669.310,16;0,00;0,00;0,00;0,00;0,00;9.262.811,27;2.315.702,82;4.506.064,93;840.661,98;509.629,45;4.228.978,43;12.401.037,61;25.070.347,77;1,00;1.744,00
2025;Municipal;31;MG;313470;Jacinto;7.490.987,20;7.490.987,20;0,00;0,00;0,00;0,00;0,00;5.798.423,94;1.449.605,99;915.022,29;528.720,09;405.090,36;1.697.372,43;4.995.811,16;12.486.798,36;1,00;955,00
2025;Municipal;31;MG;313480;Jacuí;5.119.805,30;4.822.527,09;297.278,21;0,00;0,00;297.278,21;0,00;5.180.676,65;1.295.169,16;1.082.657,54;328.062,04;131.384,45;0,00;2.837.273,19;7.957.078,49;1,00;712,00
2025;Municipal;31;MG;313490;Jacutinga;38.598.773,52;35.411.818,43;3.186.955,09;0,00;3.115.864,95;71.090,14;2.037.393,00;14.513.387,50;3.628.346,88;5.708.395,98;1.983.236,85;909.279,58;372.882,39;12.602.141,67;51.200.915,19;1,00;4.257,00
2025;Municipal;31;MG;313500;Jaguaraçu;3.604.388,59;3.431.745,23;172.643,36;0,00;0,00;172.643,36;0,00;4.760.383,00;1.190.095,75;226.799,83;222.686,90;56.896,00;39.437,61;1.735.916,09;5.340.304,68;1,00;430,00
2025;Municipal;31;MG;313505;Jaíba;27.415.671,99;27.415.671,99;0,00;0,00;0,00;0,00;0,00;16.062.658,31;4.015.664,58;6.433.392,64;1.505.826,18;1.041.159,75;3.919.573,78;16.915.616,93;44.331.288,92;1,00;3.058,00
2025;Municipal;31;MG;313507;Jampruca;2.952.342,53;2.952.342,53;0,00;0,00;0,00;0,00;0,00;4.028.102,95;1.007.025,74;320.870,90;177.394,84;135.061,12;1.214.590,74;2.854.943,34;5.807.285,87;1,00;416,00
2025;Municipal;31;MG;313510;Janaúba;56.946.512,04;52.505.292,60;4.441.219,44;0,00;4.245.253,08;195.966,36;0,00;24.170.404,99;6.042.601,25;18.045.952,94;2.871.084,44;1.447.457,78;2.244.312,03;30.651.408,43;87.597.920,47;1,00;5.686,00
2025;Municipal;31;MG;313520;Januária;52.481.153,30;44.088.355,51;8.392.797,79;0,00;8.233.664,56;159.133,23;0,00;21.829.534,88;5.457.383,72;4.198.028,71;2.483.668,74;1.460.004,70;3.166.847,76;16.765.933,63;69.247.086,93;1,00;4.392,00
2025;Municipal;31;MG;313530;Japaraíba;4.843.708,55;4.820.807,05;22.901,50;0,00;0,00;22.901,50;0,00;4.961.062,25;1.240.265,56;345.187,06;321.203,04;107.683,32;60.610,04;2.074.949,02;6.918.657,57;1,00;638,00
2025;Municipal;31;MG;313535;Japonvar;9.246.148,49;8.120.615,31;1.125.533,18;0,00;914.921,86;210.611,32;0,00;4.648.232,04;1.162.058,01;216.920,78;484.308,24;236.900,39;1.183.050,20;3.283.237,62;12.529.386,11;1,00;967,00
2025;Municipal;31;MG;313540;Jeceaba;7.732.547,92;7.482.075,65;250.472,27;0,00;0,00;250.472,27;2.041.423,76;7.407.200,65;1.851.800,16;4.343.162,62;481.162,83;176.317,05;0,00;6.852.442,66;14.584.990,58;1,00;914,00
2025;Municipal;31;MG;313545;Jenipapo de Minas;3.286.129,78;3.286.129,78;0,00;0,00;0,00;0,00;0,00;4.221.724,10;1.055.431,03;780.545,89;190.411,63;146.503,63;1.731.110,83;3.904.003,00;7.190.132,78;1,00;358,00
2025;Municipal;31;MG;313550;Jequeri;8.730.099,01;8.511.109,03;218.989,98;0,00;175.805,14;43.184,84;0,00;7.171.665,22;1.792.916,31;792.363,42;528.236,08;347.646,59;1.796.943,72;5.258.106,11;13.988.205,12;1,00;917,00
2025;Municipal;31;MG;313560;Jequitaí;5.571.857,98;5.571.857,98;0,00;0,00;0,00;0,00;0,00;4.665.020,19;1.166.255,05;501.094,78;349.140,59;250.988,14;981.517,02;3.248.995,58;8.820.853,56;1,00;665,00
2025;Municipal;31;MG;313570;Jequitibá;4.877.811,34;4.877.811,34;0,00;0,00;0,00;0,00;0,00;4.922.498,10;1.230.624,53;620.576,00;313.964,45;54.473,82;688.723,89;2.908.362,69;7.786.174,03;1,00;589,00
2025;Municipal;31;MG;313580;Jequitinhonha;16.186.655,76;15.195.825,72;990.830,04;0,00;990.830,04;0,00;0,00;10.633.455,50;2.658.363,88;1.680.214,20;966.161,83;614.380,26;1.756.389,19;7.675.509,35;23.862.165,11;1,00;1.952,00
2025;Municipal;31;MG;313590;Jesuânia;3.731.359,95;3.522.675,21;208.684,74;0,00;0,00;208.684,74;0,00;4.544.987,28;1.136.246,82;340.517,52;240.805,79;143.187,34;517.269,17;2.378.026,64;6.109.386,59;1,00;462,00
2025;Municipal;31;MG;313600;Joaíma;15.082.563,07;14.630.258,44;452.304,63;0,00;452.304,63;0,00;0,00;7.216.283,42;1.804.070,86;786.686,89;912.085,70;563.260,60;2.031.293,13;6.097.397,18;21.179.960,25;1,00;1.793,00
2025;Municipal;31;MG;313610;Joanésia;1.965.968,73;1.861.656,66;104.312,07;0,00;0,00;104.312,07;0,00;4.297.925,27;1.074.481,32;167.266,75;113.882,29;110.269,89;1.074.980,18;2.540.880,42;4.506.849,15;1,00;226,00
2025;Municipal;31;MG;313620;João Monlevade;54.794.830,31;54.691.424,95;103.405,36;0,00;0,00;103.405,36;0,00;40.621.623,61;10.155.405,90;19.304.291,97;3.259.738,24;1.191.200,86;78.357,99;33.988.994,96;88.783.825,27;1,00;6.485,00
2025;Municipal;31;MG;313630;João Pinheiro;25.484.285,17;25.484.285,17;0,00;0,00;0,00;0,00;0,00;26.758.063,07;6.689.515,77;12.542.191,19;1.431.526,99;1.255.774,73;1.461.654,20;23.380.662,87;48.864.948,04;1,00;2.833,00
2025;Municipal;31;MG;313640;Joaquim Felício;5.537.241,65;5.387.718,30;149.523,35;0,00;0,00;149.523,35;0,00;4.724.403,79;1.181.100,95;1.023.900,27;331.449,43;149.914,09;275.720,02;2.962.084,75;8.499.326,40;1,00;624,00
2025;Municipal;31;MG;313650;Jordânia;5.544.821,45;4.927.419,13;617.402,32;0,00;497.381,13;120.021,19;0,00;5.625.688,90;1.406.422,23;632.738,10;253.271,93;251.654,06;2.530.717,20;5.074.803,52;10.619.624,97;1,00;513,00
2025;Municipal;31;MG;313652;José Gonçalves de Minas;3.593.193,92;3.499.887,61;93.306,31;0,00;0,00;93.306,31;0,00;4.277.313,58;1.069.328,40;257.232,73;235.724,60;163.348,69;1.663.174,91;3.388.809,32;6.982.003,24;1,00;353,00
2025;Municipal;31;MG;313655;José Raydan;3.769.757,59;3.666.654,13;103.103,46;0,00;0,00;103.103,46;0,00;4.288.715,77;1.072.178,94;139.022,37;230.654,00;131.924,76;422.121,96;1.995.902,03;5.765.659,62;1,00;423,00
2025;Municipal;31;MG;313657;Josenópolis;3.557.167,45;3.365.014,31;192.153,14;0,00;0,00;192.153,14;0,00;4.541.961,05;1.135.490,26;246.096,67;192.136,93;1.228.554,24;692.076,65;3.494.354,76;7.051.522,21;1,00;350,00
2025;Municipal;31;MG;313660;Nova União;4.671.914,23;4.651.711,40;20.202,83;0,00;20.202,83;0,00;0,00;4.261.082,14;1.065.270,54;400.232,24;319.919,41;197.736,20;720.092,02;2.703.250,40;7.375.164,63;1,00;610,00
2025;Municipal;31;MG;313665;Juatuba;42.245.199,88;42.245.199,88;0,00;0,00;0,00;0,00;0,00;18.392.507,85;4.598.126,96;6.289.235,74;2.620.632,09;1.122.558,36;1.826.189,99;16.456.743,15;58.701.943,03;1,00;5.250,00
2025;Municipal;31;MG;313670;Juiz de Fora;322.083.432,20;322.083.432,20;0,00;0,00;0,00;0,00;2.039.887,78;119.311.049,10;29.827.762,27;198.539.269,70;21.593.130,38;7.668.515,19;0,00;257.628.677,60;579.712.109,80;1,00;38.765,00
2025;Municipal;31;MG;313680;Juramento;3.053.077,15;3.053.077,15;0,00;0,00;0,00;0,00;0,00;4.236.067,54;1.059.016,89;180.336,30;174.500,72;77.950,40;244.556,61;1.736.360,92;4.789.438,07;1,00;330,00
2025;Municipal;31;MG;313690;Juruaia;10.827.539,29;10.240.921,60;586.617,69;0,00;586.617,69;0,00;0,00;6.904.177,47;1.726.044,37;944.508,84;635.995,77;522.289,68;1.282.036,35;5.110.875,01;15.938.414,30;1,00;1.218,00
2025;Municipal;31;MG;313695;Juvenília;4.613.331,39;4.613.331,39;0,00;0,00;0,00;0,00;0,00;4.434.448,43;1.108.612,11;183.562,94;305.904,98;44.706,01;327.935,13;1.970.721,16;6.584.052,55;1,00;575,00
2025;Municipal;31;MG;313700;Ladainha;15.167.423,17;12.089.100,75;3.078.322,42;0,00;3.078.322,42;0,00;0,00;8.260.073,46;2.065.018,37;690.609,30;685.341,06;559.367,22;5.061.844,41;9.062.180,36;24.229.603,53;1,00;1.315,00
2025;Municipal;31;MG;313710;Lagamar;3.883.177,89;3.679.290,18;203.887,71;0,00;0,00;203.887,71;0,00;5.613.871,83;1.403.467,96;444.394,68;220.505,77;129.622,72;764.152,17;2.962.143,30;6.845.321,19;1,00;431,00
2025;Municipal;31;MG;313720;Lagoa da Prata;24.476.611,72;24.430.071,97;46.539,75;0,00;0,00;46.539,75;0,00;22.523.613,12;5.630.903,28;7.107.748,53;1.540.117,53;520.921,51;145.497,61;14.945.188,46;39.421.800,18;1,00;3.380,00
2025;Municipal;31;MG;313730;Lagoa dos Patos;3.299.729,36;3.208.055,92;91.673,44;0,00;0,00;91.673,44;0,00;4.192.559,56;1.048.139,89;345.041,36;199.451,80;154.479,78;409.745,16;2.156.857,99;5.456.587,35;1,00;385,00
2025;Municipal;31;MG;313740;Lagoa Dourada;15.925.720,97;15.860.572,10;65.148,87;0,00;0,00;65.148,87;0,00;7.842.645,18;1.960.661,30;1.583.950,91;1.013.354,50;470.284,50;345.396,46;5.373.647,66;21.299.368,63;1,00;1.905,00
2025;Municipal;31;MG;313750;Lagoa Formosa;14.421.305,38;14.421.305,38;0,00;0,00;0,00;0,00;0,00;11.648.175,16;2.912.043,79;2.955.483,68;917.254,47;502.394,80;462.089,05;7.749.265,79;22.170.571,17;1,00;1.876,00
2025;Municipal;31;MG;313753;Lagoa Grande;9.261.453,67;8.936.836,15;324.617,52;0,00;290.297,51;34.320,01;0,00;6.985.191,78;1.746.297,95;1.351.008,71;517.397,04;492.004,15;766.827,75;4.873.535,60;14.134.989,27;1,00;997,00
2025;Municipal;31;MG;313760;Lagoa Santa;78.172.927,69;77.963.715,95;209.211,74;0,00;0,00;209.211,74;0,00;25.867.817,69;6.466.954,42;34.165.011,43;4.515.153,61;1.907.295,51;40.224,96;47.094.639,93;125.267.567,60;1,00;8.825,00
2025;Municipal;31;MG;313770;Lajinha;29.240.182,95;22.079.346,37;7.160.836,58;0,00;6.055.982,33;1.104.854,25;0,00;9.476.816,03;2.369.204,01;2.295.840,13;1.293.633,96;1.267.302,42;1.498.327,01;8.724.307,53;37.964.490,48;1,00;2.755,00
2025;Municipal;31;MG;313780;Lambari;12.011.462,11;12.011.462,11;0,00;0,00;0,00;0,00;0,00;9.851.303,83;2.462.825,96;2.705.919,12;636.957,62;367.404,92;1.125.698,73;7.298.806,35;19.310.268,46;1,00;1.360,00
2025;Municipal;31;MG;313790;Lamim;1.388.556,04;1.351.038,78;37.517,26;0,00;0,00;37.517,26;0,00;4.181.195,96;1.045.298,99;195.328,24;81.186,17;96.040,36;456.843,22;1.874.696,98;3.263.253,02;1,00;144,00
2025;Municipal;31;MG;313800;Laranjal;5.934.221,05;5.934.221,05;0,00;0,00;0,00;0,00;0,00;5.023.331,40;1.255.832,85;1.113.286,71;392.121,69;255.965,28;268.037,97;3.285.244,50;9.219.465,55;1,00;752,00
2025;Municipal;31;MG;313810;Lassance;6.571.991,16;6.571.991,16;0,00;0,00;0,00;0,00;0,00;6.443.755,54;1.610.938,89;1.730.396,37;339.931,80;129.675,51;1.066.689,81;4.877.632,37;11.449.623,53;1,00;678,00
2025;Municipal;31;MG;313820;Lavras;85.526.375,53;85.526.375,53;0,00;0,00;0,00;0,00;0,00;34.567.114,29;8.641.778,57;22.239.605,03;4.951.897,49;2.280.726,13;272.730,59;38.386.737,82;123.913.113,30;1,00;9.605,00
2025;Municipal;31;MG;313830;Leandro Ferreira;2.151.876,93;2.104.057,45;47.819,48;0,00;0,00;47.819,48;0,00;4.228.624,78;1.057.156,20;420.923,90;90.307,00;273.417,22;134.630,72;1.976.435,03;4.128.311,96;1,00;158,00
2025;Municipal;31;MG;313835;Leme do Prado;4.603.408,56;4.603.408,56;0,00;0,00;0,00;0,00;0,00;4.719.296,59;1.179.824,15;245.593,68;237.744,62;929.598,81;523.302,03;3.116.063,29;7.719.471,85;1,00;466,00
2025;Municipal;31;MG;313840;Leopoldina;37.711.888,88;37.711.888,88;0,00;0,00;0,00;0,00;0,00;19.558.058,89;4.889.514,72;6.537.142,07;2.090.796,84;1.305.286,58;1.051.640,50;15.874.380,72;53.586.269,60;1,00;3.908,00
2025;Municipal;31;MG;313850;Liberdade;2.837.228,36;2.671.402,59;165.825,77;0,00;0,00;165.825,77;0,00;4.267.509,08;1.066.877,27;348.843,54;183.051,12;72.342,20;147.884,24;1.818.998,37;4.656.226,73;1,00;355,00
2025;Municipal;31;MG;313860;Lima Duarte;12.804.296,59;12.600.114,11;204.182,48;0,00;204.182,48;0,00;0,00;8.975.168,59;2.243.792,15;1.471.297,90;746.907,98;397.781,19;597.793,21;5.457.572,43;18.261.869,02;1,00;1.414,00
2025;Municipal;31;MG;313862;Limeira do Oeste;9.015.377,70;8.777.446,63;237.931,07;0,00;0,00;237.931,07;0,00;8.241.678,57;2.060.419,64;2.211.716,48;468.472,20;275.447,19;457.062,18;5.473.117,69;14.488.495,39;1,00;903,00
2025;Municipal;31;MG;313865;Lontra;12.439.200,35;10.759.088,28;1.680.112,07;0,00;1.680.112,07;0,00;0,00;4.700.103,51;1.175.025,88;194.049,64;684.082,69;255.245,62;493.072,95;2.801.476,78;15.240.677,13;1,00;1.290,00
2025;Municipal;31;MG;313867;Luisburgo;7.415.466,89;7.016.020,56;399.446,33;0,00;387.394,40;12.051,93;0,00;4.637.165,69;1.159.291,42;399.931,53;419.557,78;387.070,63;708.228,38;3.074.079,74;10.489.546,63;1,00;838,00
2025;Municipal;31;MG;313868;Luislândia;4.542.437,80;4.328.446,00;213.991,80;0,00;0,00;213.991,80;0,00;4.190.034,75;1.047.508,69;238.782,34;265.927,53;212.161,76;1.275.945,66;3.040.325,97;7.582.763,77;1,00;441,00
2025;Municipal;31;MG;313870;Luminárias;4.451.638,88;4.441.100,04;10.538,84;0,00;0,00;10.538,84;0,00;5.015.171,54;1.253.792,89;409.412,53;269.416,63;183.295,43;243.604,02;2.359.521,49;6.811.160,37;1,00;475,00
2025;Municipal;31;MG;313880;Luz;12.659.576,79;12.019.290,58;640.286,21;0,00;0,00;640.286,21;0,00;11.492.713,33;2.873.178,33;2.902.577,10;739.708,77;369.469,32;397.997,74;7.282.931,27;19.942.508,06;1,00;1.351,00
2025;Municipal;31;MG;313890;Machacalis;5.227.813,11;5.068.725,86;159.087,25;0,00;0,00;159.087,25;0,00;4.549.425,13;1.137.356,28;402.435,83;352.980,32;131.316,84;891.535,67;2.915.624,95;8.143.438,06;1,00;654,00
2025;Municipal;31;MG;313900;Machado;25.974.026,86;25.908.863,69;65.163,17;0,00;0,00;65.163,17;0,00;20.635.268,31;5.158.817,08;6.600.165,74;1.260.847,58;808.722,62;1.730.071,55;15.558.624,57;41.532.651,43;1,00;2.623,00
2025;Municipal;31;MG;313910;Madre de Deus de Minas;3.590.536,14;3.590.536,14;0,00;0,00;0,00;0,00;0,00;5.377.784,52;1.344.446,13;512.846,99;228.371,15;141.538,50;242.237,21;2.469.439,98;6.059.976,12;1,00;503,00
2025;Municipal;31;MG;313920;Malacacheta;10.223.255,30;9.729.787,72;493.467,58;0,00;0,00;493.467,58;0,00;8.941.621,16;2.235.405,29;1.391.765,69;591.471,79;360.445,73;2.721.315,61;7.300.404,11;17.523.659,41;1,00;1.076,00
2025;Municipal;31;MG;313925;Mamonas;4.581.880,51;4.321.281,92;260.598,59;0,00;0,00;260.598,59;0,00;4.422.256,75;1.105.564,19;137.483,99;290.232,17;700.877,24;604.406,11;2.838.563,70;7.420.444,21;1,00;553,00
2025;Municipal;31;MG;313930;Manga;17.430.305,45;16.809.762,07;620.543,38;0,00;620.543,38;0,00;0,00;8.712.840,57;2.178.210,14;1.358.329,47;971.450,03;1.461.784,35;1.564.808,74;7.534.582,74;24.964.888,19;1,00;1.782,00
2025;Municipal;31;MG;313940;Manhuaçu;64.049.026,74;60.750.359,64;3.298.667,10;0,00;2.081.860,54;1.216.806,56;0,00;30.674.614,69;7.668.653,67;12.264.974,92;3.508.493,46;1.583.067,88;4.462.188,14;29.487.378,07;93.536.404,81;1,00;6.912,00
2025;Municipal;31;MG;313950;Manhumirim;18.353.125,07;18.353.125,07;0,00;0,00;0,00;0,00;0,00;9.901.905,29;2.475.476,32;1.655.136,30;1.053.568,97;798.233,04;361.053,36;6.343.467,99;24.696.593,06;1,00;1.970,00
2025;Municipal;31;MG;313960;Mantena;21.205.822,15;21.205.822,15;0,00;0,00;0,00;0,00;0,00;11.220.106,29;2.805.026,57;2.208.537,14;1.228.372,39;635.113,13;938.573,87;7.815.623,10;29.021.445,25;1,00;2.530,00
2025;Municipal;31;MG;313970;Maravilhas;7.817.523,09;7.738.056,47;79.466,62;0,00;67.695,73;11.770,89;0,00;5.600.355,71;1.400.088,93;875.293,19;441.470,93;412.771,71;285.537,98;3.415.162,73;11.232.685,82;1,00;896,00
2025;Municipal;31;MG;313980;Mar de Espanha;7.061.928,59;6.856.315,14;205.613,45;0,00;193.162,86;12.450,59;0,00;6.705.612,69;1.676.403,17;1.017.671,63;436.014,54;284.130,98;355.842,25;3.770.062,58;10.831.991,17;1,00;775,00
2025;Municipal;31;MG;313990;Maria da Fé;18.468.051,73;17.328.379,82;1.139.671,91;0,00;1.139.671,91;0,00;0,00;7.611.961,65;1.902.990,41;1.076.176,29;1.040.832,70;674.789,70;399.413,24;5.094.202,34;23.562.254,07;1,00;2.034,00
2025;Municipal;31;MG;314000;Mariana;66.976.101,46;66.844.892,41;131.209,05;0,00;0,00;131.209,05;0,00;70.246.953,62;17.561.738,41;39.026.716,09;4.102.330,87;1.241.420,43;157.116,40;62.089.322,19;129.065.423,70;1,00;7.167,00
2025;Municipal;31;MG;314010;Marilac;6.131.699,11;5.746.735,25;384.963,86;0,00;82.476,36;302.487,50;0,00;4.349.560,11;1.087.390,03;350.334,71;301.937,48;264.075,78;258.049,90;2.261.787,90;8.393.487,01;1,00;652,00
2025;Municipal;31;MG;314015;Mário Campos;12.137.481,41;12.085.421,87;52.059,54;0,00;0,00;52.059,54;0,00;7.868.060,60;1.967.015,15;1.219.397,82;804.897,58;345.494,73;191.820,30;4.528.625,58;16.666.106,99;1,00;1.539,00
2025;Municipal;31;MG;314020;Maripá de Minas;4.896.529,94;4.690.320,46;206.209,48;0,00;0,00;206.209,48;0,00;4.522.264,72;1.130.566,18;352.259,96;249.295,46;142.942,06;78.723,82;1.953.787,48;6.850.317,42;1,00;497,00
2025;Municipal;31;MG;314030;Marliéria;3.521.765,75;3.507.941,14;13.824,61;0,00;0,00;13.824,61;0,00;5.054.740,38;1.263.685,10;497.408,61;227.790,34;108.112,70;157.702,92;2.254.699,67;5.776.465,42;1,00;419,00
2025;Municipal;31;MG;314040;Marmelópolis;2.652.062,14;2.652.062,14;0,00;0,00;0,00;0,00;0,00;4.146.127,88;1.036.531,97;218.021,60;144.313,07;59.703,94;350.898,14;1.809.468,72;4.461.530,86;1,00;309,00
2025;Municipal;31;MG;314050;Martinho Campos;13.640.165,74;12.751.904,67;888.261,07;0,00;342.511,19;545.749,88;0,00;9.607.160,21;2.401.790,05;2.232.445,97;738.506,04;463.359,38;74.989,96;5.911.091,40;19.551.257,14;1,00;1.478,00
2025;Municipal;31;MG;314053;Martins Soares;13.583.794,48;10.050.500,41;3.533.294,07;0,00;3.533.294,07;0,00;0,00;5.098.517,97;1.274.629,49;581.078,30;687.585,16;249.465,36;809.172,44;3.601.930,75;17.185.725,23;1,00;1.468,00
2025;Municipal;31;MG;314055;Mata Verde;9.293.752,35;7.897.308,54;1.396.443,81;0,00;1.011.455,56;384.988,25;0,00;4.492.799,02;1.123.199,76;443.438,91;447.814,48;383.784,10;915.700,20;3.313.937,45;12.607.689,80;1,00;922,00
2025;Municipal;31;MG;314060;Materlândia;4.068.047,54;3.967.774,67;100.272,87;0,00;0,00;100.272,87;0,00;4.344.122,79;1.086.030,70;261.816,11;197.154,98;68.920,00;997.193,23;2.611.115,02;6.679.162,56;1,00;385,00
2025;Municipal;31;MG;314070;Mateus Leme;66.452.878,87;47.895.153,40;18.557.725,47;0,00;18.433.309,29;124.416,18;0,00;16.513.599,39;4.128.399,85;5.506.350,58;2.870.089,14;1.912.669,38;1.380.540,11;15.798.049,06;82.250.927,93;1,00;5.876,00
2025;Municipal;31;MG;314080;Matias Barbosa;10.825.617,61;10.572.998,64;252.618,97;0,00;0,00;252.618,97;0,00;10.520.806,39;2.630.201,60;2.354.097,45;584.538,99;190.377,24;282.854,79;6.042.070,07;16.867.687,68;1,00;1.195,00
2025;Municipal;31;MG;314085;Matias Cardoso;15.432.352,25;13.253.728,21;2.178.624,04;0,00;2.157.426,81;21.197,23;0,00;6.500.680,35;1.625.170,09;446.767,67;801.250,65;503.505,25;1.514.719,62;4.891.413,28;20.323.765,53;1,00;1.513,00
2025;Municipal;31;MG;314090;Matipó;15.318.285,56;12.836.534,20;2.481.751,36;0,00;2.463.788,83;17.962,53;0,00;9.940.655,03;2.485.163,76;1.884.348,86;696.741,43;1.038.103,20;627.213,84;6.731.571,09;22.049.856,65;1,00;1.429,00
2025;Municipal;31;MG;314100;Mato Verde;7.802.121,59;7.409.864,37;392.257,22;0,00;0,00;392.257,22;0,00;6.022.690,54;1.505.672,64;554.628,57;458.860,49;613.460,67;930.914,06;4.063.536,42;11.865.658,01;1,00;910,00
2025;Municipal;31;MG;314110;Matozinhos;25.248.965,73;25.145.650,00;103.315,73;0,00;0,00;103.315,73;0,00;17.991.944,49;4.497.986,12;5.200.738,19;1.666.654,26;429.128,56;232.157,01;12.026.664,14;37.275.629,87;1,00;3.130,00
2025;Municipal;31;MG;314120;Matutina;3.378.835,93;3.378.835,93;0,00;0,00;0,00;0,00;0,00;4.583.738,41;1.145.934,60;247.642,94;216.203,08;111.441,41;133.202,20;1.854.424,23;5.233.260,16;1,00;442,00
2025;Municipal;31;MG;314130;Medeiros;5.380.795,58;5.380.795,58;0,00;0,00;0,00;0,00;0,00;6.095.439,35;1.523.859,84;594.105,05;343.112,66;143.505,14;81.584,73;2.686.167,42;8.066.963,00;1,00;661,00
2025;Municipal;31;MG;314140;Medina;14.407.515,38;13.407.697,50;999.817,88;0,00;999.817,88;0,00;0,00;9.106.274,71;2.276.568,68;1.288.307,02;859.955,66;535.171,83;2.637.593,44;7.597.596,62;22.005.112,00;1,00;1.770,00
2025;Municipal;31;MG;314150;Mendes Pimentel;3.885.113,56;3.675.166,22;209.947,34;0,00;0,00;209.947,34;0,00;4.449.749,13;1.112.437,28;294.392,00;220.803,85;95.870,59;1.273.965,45;2.997.469,17;6.882.582,73;1,00;384,00
2025;Municipal;31;MG;314160;Mercês;7.836.938,44;7.638.672,72;198.265,72;0,00;0,00;198.265,72;0,00;6.201.106,91;1.550.276,73;668.531,97;394.348,51;294.206,16;896.392,41;3.803.755,78;11.640.694,22;1,00;758,00
2025;Municipal;31;MG;314170;Mesquita;4.199.872,20;3.971.512,18;228.360,02;0,00;0,00;228.360,02;0,00;4.415.175,26;1.103.793,82;274.017,36;248.345,18;170.467,02;380.024,70;2.176.648,07;6.376.520,27;1,00;456,00
2025;Municipal;31;MG;314180;Minas Novas;33.081.024,14;23.194.361,30;9.886.662,84;0,00;9.285.412,36;601.250,48;0,00;11.881.500,58;2.970.375,15;1.487.297,77;1.363.282,63;1.356.136,67;6.503.787,42;13.680.879,64;46.761.903,78;1,00;2.747,00
2025;Municipal;31;MG;314190;Minduri;2.515.507,36;2.515.507,36;0,00;0,00;0,00;0,00;0,00;4.513.097,17;1.128.274,29;415.709,05;178.632,75;107.920,50;136.724,78;1.967.261,37;4.482.768,73;1,00;358,00
2025;Municipal;31;MG;314200;Mirabela;12.224.929,64;10.723.161,38;1.501.768,26;0,00;932.750,79;569.017,47;0,00;7.429.929,33;1.857.482,33;778.868,15;635.122,60;919.855,42;669.680,27;4.861.008,77;17.085.938,41;1,00;1.265,00
2025;Municipal;31;MG;314210;Miradouro;7.265.620,41;7.265.620,41;0,00;0,00;0,00;0,00;0,00;6.223.797,20;1.555.949,30;1.160.300,82;426.202,92;422.307,67;548.850,69;4.113.611,40;11.379.231,81;1,00;812,00
2025;Municipal;31;MG;314220;Miraí;7.847.840,53;7.847.840,53;0,00;0,00;0,00;0,00;0,00;8.161.996,55;2.040.499,14;1.152.863,84;482.204,21;493.249,84;590.942,27;4.759.759,30;12.607.599,83;1,00;979,00
2025;Municipal;31;MG;314225;Miravânia;5.266.921,92;4.901.325,09;365.596,83;0,00;287.183,79;78.413,04;0,00;4.321.257,18;1.080.314,30;157.889,24;244.358,08;210.238,37;258.407,36;1.951.207,35;7.218.129,27;1,00;464,00
2025;Municipal;31;MG;314230;Moeda;4.477.150,25;4.468.258,08;8.892,17;0,00;0,00;8.892,17;0,00;4.412.946,98;1.103.236,75;707.176,11;251.115,38;64.872,63;570.962,55;2.697.363,42;7.174.513,67;1,00;544,00
2025;Municipal;31;MG;314240;Moema;6.907.958,12;6.625.207,02;282.751,10;0,00;245.392,71;37.358,39;0,00;4.771.169,62;1.192.792,41;771.120,34;401.000,54;244.554,80;252.343,66;2.861.811,74;9.769.769,86;1,00;788,00
2025;Municipal;31;MG;314250;Monjolos;1.492.608,76;1.492.608,76;0,00;0,00;0,00;0,00;0,00;4.218.210,74;1.054.552,69;210.645,55;86.344,49;48.875,55;611.507,16;2.011.925,44;3.504.534,20;1,00;156,00
2025;Municipal;31;MG;314260;Monsenhor Paulo;9.797.412,90;9.078.276,79;719.136,11;0,00;719.136,11;0,00;0,00;5.308.449,71;1.327.112,43;1.095.666,16;527.236,59;296.655,87;406.230,00;3.652.901,04;13.450.313,94;1,00;1.087,00
2025;Municipal;31;MG;314270;Montalvânia;11.111.308,86;9.339.624,08;1.771.684,78;0,00;1.734.844,10;36.840,68;0,00;7.306.838,80;1.826.709,70;545.331,28;551.926,84;653.247,50;915.812,52;4.493.027,84;15.604.336,70;1,00;1.213,00
2025;Municipal;31;MG;314280;Monte Alegre de Minas;19.565.612,05;19.565.612,05;0,00;0,00;0,00;0,00;0,00;16.667.055,30;4.166.763,83;5.305.104,45;1.151.846,41;492.610,00;246.691,89;11.363.016,58;30.928.628,63;1,00;2.325,00
2025;Municipal;31;MG;314290;Monte Azul;9.945.022,17;9.500.877,36;444.144,81;0,00;444.144,81;0,00;0,00;9.313.574,11;2.328.393,53;1.027.504,64;504.590,75;307.087,09;3.231.566,38;7.399.142,38;17.344.164,55;1,00;1.034,00
2025;Municipal;31;MG;314300;Monte Belo;9.964.563,72;9.926.967,34;37.596,38;0,00;0,00;37.596,38;0,00;7.118.586,44;1.779.646,61;1.695.617,33;595.925,18;359.603,79;1.068.625,80;5.499.418,71;15.463.982,43;1,00;1.213,00
2025;Municipal;31;MG;314310;Monte Carmelo;27.972.325,50;27.876.785,95;95.539,55;0,00;0,00;95.539,55;0,00;23.104.059,71;5.776.014,93;8.053.720,47;1.464.145,99;700.623,07;0,00;15.994.504,45;43.966.829,95;1,00;2.796,00
2025;Municipal;31;MG;314315;Monte Formoso;3.483.939,97;3.483.939,97;0,00;0,00;0,00;0,00;0,00;4.034.825,61;1.008.706,40;206.145,46;212.457,98;496.635,05;2.797.344,11;4.721.289,01;8.205.228,98;1,00;442,00
2025;Municipal;31;MG;314320;Monte Santo de Minas;18.399.621,19;17.427.405,16;972.216,03;0,00;934.981,36;37.234,67;0,00;10.573.514,22;2.643.378,56;2.265.486,37;978.094,97;928.726,18;1.114.909,05;7.930.595,12;26.330.216,31;1,00;1.835,00
2025;Municipal;31;MG;314330;Montes Claros;260.013.723,70;260.013.723,70;0,00;0,00;0,00;0,00;0,00;92.390.241,27;23.097.560,32;83.061.641,00;15.802.009,71;4.452.698,84;0,00;126.413.909,90;386.427.633,60;1,00;32.222,00
2025;Municipal;31;MG;314340;Monte Sião;26.976.479,42;26.925.689,03;50.790,39;0,00;0,00;50.790,39;0,00;11.738.247,73;2.934.561,93;5.411.021,96;1.728.239,62;755.661,10;119.812,60;10.949.297,21;37.925.776,63;1,00;3.242,00
2025;Municipal;31;MG;314345;Montezuma;5.918.373,12;5.568.874,88;349.498,24;0,00;0,00;349.498,24;0,00;4.479.830,39;1.119.957,60;228.229,61;357.444,32;204.760,17;2.161.733,89;4.072.125,58;9.990.498,70;1,00;679,00
2025;Municipal;31;MG;314350;Morada Nova de Minas;11.683.701,02;11.481.099,65;202.601,37;0,00;179.620,49;22.980,88;0,00;6.999.737,81;1.749.934,45;1.303.678,89;744.172,77;401.804,62;228.224,60;4.427.815,33;16.111.516,35;1,00;1.465,00
2025;Municipal;31;MG;314360;Morro da Garça;3.318.748,73;3.318.748,73;0,00;0,00;0,00;0,00;0,00;4.542.329,27;1.135.582,32;264.099,54;203.793,02;187.080,36;156.001,84;1.946.557,08;5.265.305,81;1,00;386,00
2025;Municipal;31;MG;314370;Morro do Pilar;1.285.920,11;1.285.920,11;0,00;0,00;0,00;0,00;0,00;4.287.762,12;1.071.940,53;448.111,82;93.915,84;20.192,27;125.344,16;1.759.504,62;3.045.424,73;1,00;192,00
2025;Municipal;31;MG;314380;Munhoz;6.319.188,86;6.319.188,86;0,00;0,00;0,00;0,00;0,00;4.973.659,08;1.243.414,77;612.301,91;404.391,49;233.235,18;223.647,96;2.716.991,31;9.036.180,17;1,00;777,00
2025;Municipal;31;MG;314390;Muriaé;91.987.739,01;91.495.094,93;492.644,08;0,00;492.644,08;0,00;0,00;33.731.801,77;8.432.950,44;23.062.470,92;5.393.780,51;4.315.089,58;1.387.951,16;42.592.242,61;134.579.981,60;1,00;10.008,00
2025;Municipal;31;MG;314400;Mutum;17.186.129,16;15.362.504,73;1.823.624,43;0,00;1.763.451,88;60.172,55;0,00;11.433.722,23;2.858.430,56;1.625.460,99;841.419,46;685.696,80;2.628.434,87;8.639.442,67;25.825.571,83;1,00;1.828,00
2025;Municipal;31;MG;314410;Muzambinho;13.227.668,21;13.192.122,67;35.545,54;0,00;0,00;35.545,54;0,00;10.282.057,49;2.570.514,37;3.089.652,02;833.333,11;348.471,49;3.200.000,00;10.041.971,00;23.269.639,21;1,00;1.627,00
2025;Municipal;31;MG;314420;Nacip Raydan;1.898.472,02;1.788.137,45;110.334,57;0,00;0,00;110.334,57;0,00;3.563.360,58;890.840,15;126.141,60;106.218,13;30.400,00;299.118,89;1.452.718,77;3.351.190,79;1,00;224,00
2025;Municipal;31;MG;314430;Nanuque;17.375.544,86;16.634.957,81;740.587,05;0,00;0,00;740.587,05;0,00;15.822.632,66;3.955.658,17;3.161.107,96;934.181,29;496.533,06;1.234.313,63;9.781.794,10;27.157.338,96;1,00;1.878,00
2025;Municipal;31;MG;314435;Naque;8.699.863,27;7.427.866,72;1.271.996,55;0,00;878.627,23;393.369,32;0,00;4.363.310,22;1.090.827,56;404.763,27;437.318,98;476.718,38;168.698,53;2.578.326,72;11.278.189,99;1,00;881,00
2025;Municipal;31;MG;314437;Natalândia;6.135.945,00;4.835.590,88;1.300.354,12;0,00;1.092.548,27;207.805,85;0,00;4.308.926,23;1.077.231,56;582.175,10;194.356,62;330.490,48;617.681,35;2.801.935,11;8.937.880,11;1,00;451,00
2025;Municipal;31;MG;314440;Natércia;3.814.749,60;3.723.309,43;91.440,17;0,00;0,00;91.440,17;0,00;4.496.850,66;1.124.212,67;355.685,94;195.843,45;210.618,25;324.130,42;2.210.490,73;6.025.240,33;1,00;381,00
2025;Municipal;31;MG;314450;Nazareno;6.364.624,00;6.170.445,94;194.178,06;0,00;0,00;194.178,06;2.041.833,67;9.333.657,21;2.333.414,30;2.911.014,95;411.846,63;155.634,08;484.715,98;6.296.625,94;12.661.249,94;1,00;852,00
2025;Municipal;31;MG;314460;Nepomuceno;19.953.118,37;18.427.168,53;1.525.949,84;0,00;938.119,55;587.830,29;0,00;11.931.739,94;2.982.934,99;3.104.555,93;914.136,80;511.612,69;1.455.708,44;8.968.948,84;28.922.067,21;1,00;1.646,00
2025;Municipal;31;MG;314465;Ninheira;7.951.658,59;7.938.424,47;13.234,12;0,00;0,00;13.234,12;0,00;2.987.411,52;746.852,88;447.249,57;475.965,94;385.049,07;1.142.861,45;3.197.978,91;11.149.637,50;1,00;956,00
2025;Municipal;31;MG;314467;Nova Belém;4.388.598,00;4.191.013,28;197.584,72;0,00;197.584,72;0,00;0,00;4.127.448,39;1.031.862,10;138.608,23;266.439,47;185.344,00;568.449,62;2.190.703,42;6.579.301,42;1,00;455,00
2025;Municipal;31;MG;314470;Nova Era;11.780.165,80;11.780.165,80;0,00;0,00;0,00;0,00;0,00;9.695.284,54;2.423.821,14;3.764.458,01;760.022,98;416.098,54;730.500,63;8.094.901,29;19.875.067,09;1,00;1.382,00
2025;Municipal;31;MG;314480;Nova Lima;78.487.415,72;78.173.793,06;313.622,66;0,00;0,00;313.622,66;0,00;86.622.173,42;21.655.543,36;145.869.878,40;4.637.010,50;1.527.701,62;0,00;173.690.133,90;252.177.549,60;1,00;8.572,00
2025;Municipal;31;MG;314490;Nova Módica;2.209.868,31;2.209.868,31;0,00;0,00;0,00;0,00;0,00;3.130.102,48;782.525,62;375.371,60;120.284,28;88.473,50;458.331,12;1.824.986,12;4.034.854,43;1,00;320,00
2025;Municipal;31;MG;314500;Nova Ponte;18.629.075,72;18.629.075,72;0,00;0,00;0,00;0,00;0,00;16.219.750,60;4.054.937,65;3.288.174,21;1.215.502,94;548.965,76;186.129,69;9.293.710,25;27.922.785,97;1,00;2.368,00
2025;Municipal;31;MG;314505;Nova Porteirinha;8.049.757,01;7.005.284,64;1.044.472,37;0,00;1.044.472,37;0,00;0,00;4.735.525,60;1.183.881,40;774.985,49;426.827,00;161.860,19;652.155,78;3.199.709,86;11.249.466,87;1,00;820,00
2025;Municipal;31;MG;314510;Nova Resende;14.125.203,08;14.125.203,08;0,00;0,00;0,00;0,00;0,00;9.570.361,70;2.392.590,43;1.781.274,17;908.172,21;819.352,50;1.469.901,13;7.371.290,43;21.496.493,51;1,00;1.825,00
2025;Municipal;31;MG;314520;Nova Serrana;191.789.446,80;150.659.975,80;41.129.470,96;0,00;33.396.582,65;7.732.888,31;0,00;33.228.085,18;8.307.021,30;15.460.920,37;8.515.536,35;4.152.766,09;644.910,78;37.081.154,88;228.870.601,70;1,00;17.181,00
2025;Municipal;31;MG;314530;Novo Cruzeiro;28.102.272,56;22.635.153,76;5.467.118,80;0,00;4.399.303,36;1.067.815,44;0,00;12.153.364,09;3.038.341,02;1.859.411,94;1.182.007,24;1.754.800,05;11.209.449,71;19.044.009,96;47.146.282,52;1,00;2.275,00
2025;Municipal;31;MG;314535;Novo Oriente de Minas;8.203.237,25;8.070.852,12;132.385,13;0,00;132.385,13;0,00;0,00;5.887.746,48;1.471.936,62;422.081,82;493.415,09;545.803,48;1.638.686,33;4.571.923,34;12.775.160,59;1,00;932,00
2025;Municipal;31;MG;314537;Novorizonte;5.207.640,54;5.197.143,45;10.497,09;0,00;0,00;10.497,09;0,00;4.462.540,18;1.115.635,05;196.170,25;288.475,41;81.773,80;622.031,01;2.304.085,52;7.511.726,06;1,00;604,00
2025;Municipal;31;MG;314540;Olaria;2.448.774,65;2.387.960,69;60.813,96;0,00;0,00;60.813,96;0,00;4.385.936,56;1.096.484,14;163.221,21;137.994,13;455.247,81;133.045,08;1.985.992,37;4.434.767,02;1,00;273,00
2025;Municipal;31;MG;314545;Olhos-dÁgua;5.306.645,13;5.306.645,13;0,00;0,00;0,00;0,00;0,00;5.016.698,63;1.254.174,66;724.157,77;338.073,53;178.294,69;1.325.821,15;3.820.521,80;9.127.166,93;1,00;661,00
2025;Municipal;31;MG;314550;Olímpio Noronha;3.245.981,54;3.245.981,54;0,00;0,00;0,00;0,00;0,00;4.466.942,14;1.116.735,54;250.218,65;191.084,89;157.750,29;63.081,59;1.778.870,96;5.024.852,50;1,00;365,00
2025;Municipal;31;MG;314560;Oliveira;25.697.190,57;25.697.190,57;0,00;0,00;0,00;0,00;0,00;16.846.674,02;4.211.668,51;6.529.629,97;1.489.323,78;588.836,24;709.602,10;13.529.060,59;39.226.251,16;1,00;2.780,00
2025;Municipal;31;MG;314570;Oliveira Fortes;1.796.337,49;1.796.337,49;0,00;0,00;0,00;0,00;0,00;4.324.515,63;1.081.128,91;194.181,45;118.858,23;46.442,98;74.224,66;1.514.836,23;3.311.173,72;1,00;227,00
2025;Municipal;31;MG;314580;Onça de Pitangui;1.510.775,59;1.510.775,59;0,00;0,00;0,00;0,00;0,00;4.476.774,43;1.119.193,61;261.834,32;93.463,02;466.908,30;525.168,19;2.466.567,44;3.977.343,03;1,00;177,00
2025;Municipal;31;MG;314585;Oratórios;6.552.567,36;6.552.567,36;0,00;0,00;0,00;0,00;0,00;4.849.411,39;1.212.352,85;332.442,75;390.606,72;215.786,90;89.474,71;2.240.663,93;8.793.231,29;1,00;768,00
2025;Municipal;31;MG;314587;Orizânia;12.358.878,95;11.331.644,64;1.027.234,31;0,00;1.027.234,31;0,00;0,00;4.665.279,10;1.166.319,78;558.602,14;717.585,27;305.963,13;657.583,99;3.406.054,31;15.764.933,26;1,00;1.391,00
2025;Municipal;31;MG;314590;Ouro Branco;45.465.595,18;45.246.885,28;218.709,90;0,00;0,00;218.709,90;2.034.720,71;30.490.052,60;7.622.513,15;21.222.914,65;2.576.802,43;1.153.408,34;254.304,59;32.829.943,16;78.295.538,34;1,00;4.966,00
2025;Municipal;31;MG;314600;Ouro Fino;16.398.232,11;16.398.232,11;0,00;0,00;0,00;0,00;0,00;14.876.563,83;3.719.140,96;5.281.776,11;862.347,12;543.395,13;2.159.595,63;12.566.254,95;28.964.487,06;1,00;1.812,00
2025;Municipal;31;MG;314610;Ouro Preto;56.151.784,24;56.151.784,24;0,00;0,00;0,00;0,00;0,00;71.571.664,70;17.892.916,18;62.583.173,84;3.509.072,09;1.289.327,41;467.316,82;85.741.806,34;141.893.590,60;1,00;6.784,00
2025;Municipal;31;MG;314620;Ouro Verde de Minas;8.132.569,12;6.569.762,40;1.562.806,72;0,00;1.370.469,40;192.337,32;0,00;4.317.515,10;1.079.378,78;194.303,60;405.552,08;739.942,23;2.040.534,22;4.459.710,91;12.592.280,03;1,00;833,00
2025;Municipal;31;MG;314625;Padre Carvalho;3.141.483,90;3.141.483,90;0,00;0,00;0,00;0,00;0,00;4.103.898,38;1.025.974,60;261.357,06;215.277,40;41.377,02;737.667,65;2.281.653,72;5.423.137,62;1,00;390,00
2025;Municipal;31;MG;314630;Padre Paraíso;22.331.614,67;18.983.547,02;3.348.067,65;0,00;2.945.297,77;402.769,88;0,00;8.916.524,39;2.229.131,10;1.024.482,07;1.019.561,32;1.858.483,36;1.615.693,96;7.747.351,81;30.078.966,48;1,00;1.890,00
2025;Municipal;31;MG;314640;Paineiras;2.807.656,55;2.807.656,55;0,00;0,00;0,00;0,00;0,00;4.503.090,57;1.125.772,64;650.898,02;175.697,67;70.558,60;319.300,23;2.342.227,16;5.149.883,71;1,00;346,00
2025;Municipal;31;MG;314650;Pains;5.464.437,01;5.450.684,94;13.752,07;0,00;0,00;13.752,07;0,00;8.730.078,41;2.182.519,60;1.607.410,40;350.245,13;129.304,60;230.364,68;4.499.844,42;9.964.281,43;1,00;703,00
2025;Municipal;31;MG;314655;Pai Pedro;7.161.550,03;6.896.559,20;264.990,83;0,00;253.723,93;11.266,90;0,00;4.565.472,26;1.141.368,07;197.941,61;398.409,16;478.903,29;957.081,49;3.173.703,62;10.335.253,65;1,00;756,00
2025;Municipal;31;MG;314660;Paiva;1.417.078,97;1.332.225,62;84.853,35;0,00;0,00;84.853,35;0,00;4.188.357,60;1.047.089,40;174.532,06;95.244,37;30.394,53;39.250,76;1.386.511,12;2.803.590,09;1,00;187,00
2025;Municipal;31;MG;314670;Palma;4.151.480,26;3.931.785,81;219.694,45;0,00;0,00;219.694,45;0,00;4.359.020,65;1.089.755,16;461.631,15;227.028,15;156.609,12;0,00;1.935.023,59;6.086.503,85;1,00;449,00
2025;Municipal;31;MG;314675;Palmópolis;3.850.085,38;3.850.085,38;0,00;0,00;0,00;0,00;0,00;4.263.675,06;1.065.918,77;209.274,95;256.473,59;68.162,37;848.677,70;2.448.507,38;6.298.592,76;1,00;540,00
2025;Municipal;31;MG;314690;Papagaios;10.936.507,54;10.599.453,23;337.054,31;0,00;0,00;337.054,31;0,00;8.802.717,24;2.200.679,31;1.195.837,15;678.450,98;695.347,64;293.546,80;5.063.861,88;16.000.369,42;1,00;1.309,00
2025;Municipal;31;MG;314700;Paracatu;73.286.928,49;71.304.243,58;1.982.684,91;0,00;0,00;1.982.684,91;0,00;73.398.881,05;18.349.720,26;41.187.624,56;4.395.257,54;1.764.436,24;5.393.951,76;71.090.990,36;144.377.918,90;1,00;8.952,00
2025;Municipal;31;MG;314710;Pará de Minas;73.510.332,71;73.308.722,25;201.610,46;0,00;0,00;201.610,46;0,00;37.674.944,87;9.418.736,22;20.573.355,08;4.220.857,22;2.010.616,05;445.122,84;36.668.687,41;110.179.020,10;1,00;8.258,00
2025;Municipal;31;MG;314720;Paraguaçu;16.303.475,21;16.273.799,62;29.675,59;0,00;0,00;29.675,59;0,00;10.823.730,70;2.705.932,68;2.793.740,68;984.140,44;520.998,75;722.175,40;7.726.987,94;24.030.463,15;1,00;1.817,00
2025;Municipal;31;MG;314730;Paraisópolis;14.447.691,19;14.133.109,18;314.582,01;0,00;314.582,01;0,00;0,00;10.630.768,86;2.657.692,22;1.991.336,53;815.940,03;401.078,22;707.448,57;6.573.495,57;21.021.186,76;1,00;1.550,00
2025;Municipal;31;MG;314740;Paraopeba;19.824.448,78;19.824.448,78;0,00;0,00;0,00;0,00;0,00;11.982.793,43;2.995.698,36;4.224.126,38;1.167.759,75;367.203,59;151.779,67;8.906.567,75;28.731.016,53;1,00;2.251,00
2025;Municipal;31;MG;314750;Passabém;1.734.639,02;1.734.639,02;0,00;0,00;0,00;0,00;0,00;4.072.440,68;1.018.110,17;136.863,35;111.157,53;70.056,60;256.198,74;1.592.386,39;3.327.025,41;1,00;168,00
2025;Municipal;31;MG;314760;Passa Quatro;6.088.776,03;6.088.776,03;0,00;0,00;0,00;0,00;0,00;8.463.732,87;2.115.933,22;2.294.599,21;387.966,20;167.752,45;1.096.373,02;6.062.624,10;12.151.400,13;1,00;797,00
2025;Municipal;31;MG;314770;Passa Tempo;6.433.686,40;6.238.656,61;195.029,79;0,00;0,00;195.029,79;0,00;6.426.895,61;1.606.723,90;875.234,37;369.994,67;296.412,43;169.775,20;3.318.140,57;9.751.826,97;1,00;792,00
2025;Municipal;31;MG;314780;Passa-Vinte;2.610.417,54;2.597.532,15;12.885,39;0,00;0,00;12.885,39;0,00;4.127.134,93;1.031.783,73;297.203,06;167.786,30;40.462,68;87.720,35;1.624.956,12;4.235.373,66;1,00;311,00
2025;Municipal;31;MG;314790;Passos;71.846.546,93;71.846.546,93;0,00;0,00;0,00;0,00;0,00;37.237.629,95;9.309.407,49;27.817.931,40;4.528.787,03;2.107.504,45;741.973,21;44.505.603,57;116.352.150,50;1,00;9.286,00
2025;Municipal;31;MG;314795;Patis;5.204.445,76;5.204.445,76;0,00;0,00;0,00;0,00;0,00;4.424.175,11;1.106.043,78;242.254,63;320.512,21;143.345,32;1.616.900,80;3.429.056,74;8.633.502,50;1,00;593,00
2025;Municipal;31;MG;314800;Patos de Minas;71.833.598,46;71.622.005,97;211.592,49;0,00;0,00;211.592,49;0,00;70.822.915,75;17.705.728,94;41.477.655,88;4.298.442,13;1.640.712,16;884.398,36;66.006.937,47;137.840.535,90;1,00;8.426,00
2025;Municipal;31;MG;314810;Patrocínio;82.569.319,87;77.004.516,12;5.564.803,75;0,00;5.564.803,75;0,00;0,00;44.609.824,06;11.152.456,02;18.831.117,04;4.183.373,57;1.798.287,03;0,00;35.965.233,66;118.534.553,50;1,00;8.661,00
2025;Municipal;31;MG;314820;Patrocínio do Muriaé;3.955.734,74;3.719.704,53;236.030,21;0,00;0,00;236.030,21;0,00;4.288.674,19;1.072.168,55;318.163,89;244.217,80;63.465,69;112.654,84;1.810.670,77;5.766.405,51;1,00;490,00
2025;Municipal;31;MG;314830;Paula Cândido;5.056.094,43;4.911.236,40;144.858,03;0,00;0,00;144.858,03;0,00;4.615.578,73;1.153.894,68;488.030,51;318.629,15;257.011,18;839.512,01;3.057.077,53;8.113.171,96;1,00;627,00
2025;Municipal;31;MG;314840;Paulistas;4.216.372,61;4.203.035,22;13.337,39;0,00;0,00;13.337,39;0,00;4.373.048,69;1.093.262,17;155.233,51;267.989,45;140.613,25;949.911,14;2.607.009,52;6.823.382,13;1,00;497,00
2025;Municipal;31;MG;314850;Pavão;5.814.770,36;4.887.524,49;927.245,87;0,00;904.443,76;22.802,11;0,00;4.460.142,21;1.115.035,55;450.462,35;259.590,86;828.535,37;1.537.010,48;4.190.634,62;10.005.404,98;1,00;522,00
2025;Municipal;31;MG;314860;Peçanha;8.877.520,88;8.701.680,55;175.840,33;0,00;0,00;175.840,33;0,00;8.938.922,50;2.234.730,63;857.100,92;447.421,76;240.528,38;1.752.023,00;5.531.804,69;14.409.325,57;1,00;958,00
2025;Municipal;31;MG;314870;Pedra Azul;19.529.732,34;18.631.696,26;898.036,08;0,00;0,00;898.036,08;0,00;10.732.749,71;2.683.187,43;1.329.539,25;1.185.191,40;807.469,31;1.281.811,59;7.287.198,98;26.816.931,32;1,00;2.155,00
2025;Municipal;31;MG;314875;Pedra Bonita;7.929.630,68;7.892.359,00;37.271,68;0,00;37.271,68;0,00;0,00;4.713.932,02;1.178.483,01;317.507,69;453.709,23;262.301,80;1.090.077,11;3.302.078,84;11.231.709,52;1,00;918,00
2025;Municipal;31;MG;314880;Pedra do Anta;2.227.284,94;2.227.284,94;0,00;0,00;0,00;0,00;0,00;4.205.908,16;1.051.477,04;352.605,12;147.605,82;99.872,39;330.667,61;1.982.227,98;4.209.512,92;1,00;284,00
2025;Municipal;31;MG;314890;Pedra do Indaiá;4.478.024,28;4.374.173,03;103.851,25;0,00;0,00;103.851,25;0,00;4.820.972,06;1.205.243,02;684.970,29;239.883,65;103.918,70;358.586,32;2.592.601,97;7.070.626,25;1,00;451,00
2025;Municipal;31;MG;314900;Pedra Dourada;3.748.970,81;3.748.970,81;0,00;0,00;0,00;0,00;0,00;7.838.636,18;1.959.659,05;149.915,76;230.899,56;145.779,10;191.736,95;2.677.990,41;6.426.961,22;1,00;417,00
2025;Municipal;31;MG;314910;Pedralva;5.534.575,21;5.534.575,21;0,00;0,00;0,00;0,00;0,00;6.675.494,01;1.668.873,50;588.568,68;388.271,34;216.854,87;874.191,48;3.736.759,87;9.271.335,08;1,00;727,00
2025;Municipal;31;MG;314915;Pedras de Maria da Cruz;10.193.554,25;9.355.028,13;838.526,12;0,00;798.289,15;40.236,97;0,00;5.664.425,95;1.416.106,49;461.183,90;545.253,99;270.525,34;1.166.676,37;3.859.746,09;14.053.300,34;1,00;1.107,00
2025;Municipal;31;MG;314920;Pedrinópolis;3.380.984,22;3.197.113,95;183.870,27;0,00;0,00;183.870,27;0,00;5.913.412,39;1.478.353,10;508.375,97;189.811,96;93.775,00;84.605,02;2.354.921,04;5.735.905,26;1,00;385,00
2025;Municipal;31;MG;314930;Pedro Leopoldo;49.982.440,16;49.853.764,17;128.675,99;0,00;0,00;128.675,99;0,00;24.145.521,09;6.036.380,27;16.272.656,58;3.130.595,02;918.950,58;751.537,12;27.110.119,57;77.092.559,73;1,00;5.953,00
2025;Municipal;31;MG;314940;Pedro Teixeira;1.554.049,25;1.554.049,25;0,00;0,00;0,00;0,00;0,00;4.455.527,55;1.113.881,89;142.594,58;116.799,86;36.430,02;91.695,22;1.501.401,57;3.055.450,82;1,00;202,00
2025;Municipal;31;MG;314950;Pequeri;5.634.872,73;5.376.354,85;258.517,88;0,00;0,00;258.517,88;0,00;4.402.021,04;1.100.505,26;314.768,25;275.490,83;272.872,89;7.044,64;1.970.681,87;7.605.554,60;1,00;571,00
2025;Municipal;31;MG;314960;Pequi;3.633.469,08;3.633.469,08;0,00;0,00;0,00;0,00;4.736.172,98;4.928.450,37;1.232.112,59;399.913,54;239.343,57;183.886,89;233.012,55;2.288.269,15;5.921.738,23;1,00;463,00
2025;Municipal;31;MG;314970;Perdigão;17.666.257,79;14.488.152,53;3.178.105,26;0,00;2.771.523,05;406.582,21;0,00;6.503.191,44;1.625.797,86;2.523.818,23;826.207,51;1.159.267,21;452.006,99;6.587.097,80;24.253.355,59;1,00;1.858,00
2025;Municipal;31;MG;314980;Perdizes;19.042.746,38;19.042.746,38;0,00;0,00;0,00;0,00;0,00;23.805.824,05;5.951.456,01;4.493.020,53;1.124.192,91;1.982.020,73;1.546.247,04;15.096.937,22;34.139.683,60;1,00;2.397,00
2025;Municipal;31;MG;314990;Perdões;14.145.952,20;14.145.952,20;0,00;0,00;0,00;0,00;0,00;10.917.123,05;2.729.280,76;2.485.001,86;875.858,35;1.165.740,19;615.630,41;7.871.511,57;22.017.463,77;1,00;1.676,00
2025;Municipal;31;MG;314995;Periquito;11.500.875,00;11.143.168,59;357.706,41;0,00;357.706,41;0,00;0,00;4.731.254,11;1.182.813,53;442.848,58;668.365,51;493.685,35;363.314,61;3.151.027,57;14.651.902,57;1,00;1.343,00
2025;Municipal;31;MG;315000;Pescador;2.327.199,52;2.327.199,52;0,00;0,00;0,00;0,00;0,00;4.153.154,46;1.038.288,62;238.145,18;160.832,97;54.246,48;413.618,49;1.905.131,74;4.232.331,26;1,00;325,00
2025;Municipal;31;MG;315010;Piau;1.763.776,69;1.763.776,69;0,00;0,00;0,00;0,00;0,00;4.236.709,81;1.059.177,45;203.738,34;106.746,27;35.446,54;137.873,22;1.542.981,83;3.306.758,52;1,00;225,00
2025;Municipal;31;MG;315015;Piedade de Caratinga;8.393.995,90;8.286.732,41;107.263,49;0,00;93.223,27;14.040,22;0,00;4.645.956,61;1.161.489,15;564.847,53;507.438,29;361.949,43;1.004.633,06;3.600.357,46;11.994.353,36;1,00;1.044,00
2025;Municipal;31;MG;315020;Piedade de Ponte Nova;5.007.854,14;4.715.233,73;292.620,41;0,00;162.221,73;130.398,68;0,00;4.529.268,58;1.132.317,15;412.564,27;283.608,07;142.710,57;131.271,53;2.102.471,59;7.110.325,73;1,00;597,00
2025;Municipal;31;MG;315030;Piedade do Rio Grande;3.166.283,90;3.157.900,72;8.383,18;0,00;0,00;8.383,18;0,00;4.518.282,09;1.129.570,52;330.643,61;206.941,99;74.001,62;339.971,08;2.081.128,83;5.247.412,73;1,00;425,00
2025;Municipal;31;MG;315040;Piedade dos Gerais;3.082.935,03;3.077.215,27;5.719,76;0,00;0,00;5.719,76;0,00;4.579.611,69;1.144.902,92;351.610,98;195.626,03;739.426,52;811.650,03;3.243.216,48;6.326.151,51;1,00;343,00
2025;Municipal;31;MG;315050;Pimenta;5.560.643,22;5.560.643,22;0,00;0,00;0,00;0,00;0,00;6.048.796,88;1.512.199,22;1.237.058,76;316.307,74;326.344,23;492.036,59;3.883.946,54;9.444.589,76;1,00;665,00
2025;Municipal;31;MG;315053;Pingo-dÁgua;4.494.231,64;4.494.231,64;0,00;0,00;0,00;0,00;0,00;4.329.182,26;1.082.295,57;236.327,28;295.011,76;174.812,12;129.645,64;1.918.092,36;6.412.324,00;1,00;546,00
2025;Municipal;31;MG;315057;Pintópolis;8.858.257,92;7.330.401,50;1.527.856,42;0,00;1.500.287,55;27.568,87;0,00;4.180.645,03;1.045.161,26;268.377,40;378.438,68;360.433,95;3.439.186,64;5.491.597,93;14.349.855,85;1,00;854,00
2025;Municipal;31;MG;315060;Piracema;4.962.220,45;4.938.834,60;23.385,85;0,00;0,00;23.385,85;0,00;5.768.570,97;1.442.142,74;573.551,09;286.665,91;648.662,58;861.197,13;3.812.219,45;8.774.439,90;1,00;553,00
2025;Municipal;31;MG;315070;Pirajuba;6.948.193,72;6.935.805,02;12.388,70;0,00;0,00;12.388,70;0,00;7.192.535,49;1.798.133,87;1.646.561,61;418.028,84;255.603,01;109.428,53;4.227.755,87;11.175.949,59;1,00;797,00
2025;Municipal;31;MG;315080;Piranga;9.268.359,63;8.789.487,28;478.872,35;0,00;0,00;478.872,35;0,00;9.069.831,30;2.267.457,83;1.076.994,47;465.724,51;382.659,45;3.819.638,15;8.012.474,41;17.280.834,04;1,00;987,00
2025;Municipal;31;MG;315090;Piranguçu;4.088.691,62;4.088.691,62;0,00;0,00;0,00;0,00;0,00;4.360.880,32;1.090.220,08;517.168,33;264.286,44;151.893,40;464.678,49;2.488.246,74;6.576.938,36;1,00;512,00
2025;Municipal;31;MG;315100;Piranguinho;7.297.446,27;7.297.446,27;0,00;0,00;0,00;0,00;0,00;4.654.912,32;1.163.728,08;916.068,21;451.482,45;166.312,18;463.845,40;3.161.436,32;10.458.882,59;1,00;889,00
2025;Municipal;31;MG;315110;Pirapetinga;11.104.212,10;10.542.059,93;562.152,17;0,00;0,00;562.152,17;0,00;7.725.262,14;1.931.315,54;1.314.092,26;680.162,10;1.003.468,72;185.350,90;5.114.389,52;16.218.601,62;1,00;1.260,00
2025;Municipal;31;MG;315120;Pirapora;39.158.930,04;39.158.930,04;0,00;0,00;0,00;0,00;0,00;26.940.063,32;6.735.015,83;10.481.305,37;2.446.648,90;453.191,39;94.115,72;20.210.277,21;59.369.207,25;1,00;4.816,00
2025;Municipal;31;MG;315130;Piraúba;8.243.402,16;8.008.970,07;234.432,09;0,00;0,00;234.432,09;0,00;6.036.466,52;1.509.116,63;1.056.426,70;526.230,43;249.442,80;187.508,84;3.528.725,40;11.772.127,56;1,00;990,00
2025;Municipal;31;MG;315140;Pitangui;18.643.510,04;17.253.800,03;1.389.710,01;0,00;415.421,65;974.288,36;0,00;12.939.316,31;3.234.829,08;3.951.656,52;996.669,71;977.724,61;276.608,00;9.437.487,91;28.080.997,95;1,00;2.014,00
2025;Municipal;31;MG;315150;Piumhi;27.023.693,03;26.950.359,33;73.333,70;0,00;0,00;73.333,70;0,00;16.507.064,66;4.126.766,17;7.409.570,93;1.559.165,87;599.876,55;898.874,00;14.594.253,52;41.617.946,55;1,00;2.999,00
2025;Municipal;31;MG;315160;Planura;10.375.339,47;10.375.339,47;0,00;0,00;0,00;0,00;0,00;10.106.408,60;2.526.602,15;2.410.564,33;659.234,42;293.071,87;11.662,06;5.901.134,83;16.276.474,30;1,00;1.344,00
2025;Municipal;31;MG;315170;Poço Fundo;11.714.840,85;9.967.556,71;1.747.284,14;0,00;1.466.665,43;280.618,71;0,00;8.471.091,87;2.117.772,97;1.710.549,00;619.738,49;345.854,15;1.485.299,33;6.279.213,94;17.994.054,79;1,00;1.237,00
2025;Municipal;31;MG;315180;Poços de Caldas;160.137.355,60;160.137.355,60;0,00;0,00;0,00;0,00;0,00;72.572.151,54;18.143.037,89;62.354.272,13;9.232.218,20;3.825.667,28;152.401,06;93.707.596,55;253.844.952,10;1,00;17.254,00
2025;Municipal;31;MG;315190;Pocrane;3.255.812,24;3.165.921,01;89.891,23;0,00;0,00;89.891,23;0,00;4.963.067,70;1.240.766,93;642.113,14;187.136,36;242.058,79;0,00;2.312.075,21;5.567.887,45;1,00;364,00
2025;Municipal;31;MG;315200;Pompéu;25.492.428,22;25.427.537,30;64.890,92;0,00;0,00;64.890,92;0,00;16.131.915,87;4.032.978,97;5.127.485,51;1.572.640,52;553.709,46;821.952,23;12.108.766,69;37.601.194,91;1,00;3.014,00
2025;Municipal;31;MG;315210;Ponte Nova;44.929.127,46;44.929.127,46;0,00;0,00;0,00;0,00;0,00;22.445.253,38;5.611.313,35;11.984.395,71;2.739.875,94;1.106.426,28;0,00;21.442.011,28;66.371.138,74;1,00;5.212,00
2025;Municipal;31;MG;315213;Ponto Chique;4.356.610,26;4.226.432,29;130.177,97;0,00;0,00;130.177,97;0,00;4.192.028,20;1.048.007,05;208.536,91;268.922,24;213.475,70;545.617,22;2.284.559,12;6.641.169,38;1,00;511,00
2025;Municipal;31;MG;315217;Ponto dos Volantes;14.864.498,98;14.169.359,88;695.139,10;0,00;662.772,60;32.366,50;0,00;5.863.426,38;1.465.856,60;471.727,09;899.139,13;508.232,59;1.903.015,42;5.247.970,83;20.112.469,81;1,00;1.368,00
2025;Municipal;31;MG;315220;Porteirinha;28.671.917,81;25.603.138,93;3.068.778,88;0,00;2.966.260,35;102.518,53;0,00;14.955.074,51;3.738.768,63;2.633.369,03;1.359.219,84;1.599.929,44;3.143.825,16;12.475.112,10;41.147.029,91;1,00;2.547,00
2025;Municipal;31;MG;315230;Porto Firme;3.325.050,32;3.325.050,32;0,00;0,00;0,00;0,00;0,00;5.835.211,77;1.458.802,94;478.435,28;177.370,68;188.921,50;1.352.750,06;3.656.280,46;6.981.330,78;1,00;402,00
2025;Municipal;31;MG;315240;Poté;11.400.829,90;10.826.156,61;574.673,29;0,00;574.673,29;0,00;0,00;7.253.447,23;1.813.361,81;716.915,81;650.376,67;422.050,30;3.127.728,07;6.730.432,66;18.131.262,56;1,00;1.305,00
2025;Municipal;31;MG;315250;Pouso Alegre;129.828.618,10;129.828.618,10;0,00;0,00;0,00;0,00;0,00;105.753.269,50;26.438.317,37;45.381.729,47;7.330.269,26;3.619.187,57;325.588,88;83.095.092,55;212.923.710,60;1,00;13.761,00
2025;Municipal;31;MG;315260;Pouso Alto;4.957.765,15;4.957.765,15;0,00;0,00;0,00;0,00;0,00;5.223.787,26;1.305.946,82;805.354,47;270.808,84;222.965,29;524.327,37;3.129.402,78;8.087.167,93;1,00;520,00
2025;Municipal;31;MG;315270;Prados;6.065.785,11;5.875.276,61;190.508,50;0,00;0,00;190.508,50;0,00;5.407.013,52;1.351.753,38;573.164,57;394.482,34;147.718,50;449.607,05;2.916.725,84;8.982.510,95;1,00;741,00
2025;Municipal;31;MG;315280;Prata;22.993.566,87;22.993.566,87;0,00;0,00;0,00;0,00;0,00;18.598.372,21;4.649.593,05;7.395.124,04;1.397.656,26;677.044,23;2.528.237,58;16.647.655,17;39.641.222,04;1,00;2.957,00
2025;Municipal;31;MG;315290;Pratápolis;4.349.229,86;4.349.229,86;0,00;0,00;0,00;0,00;0,00;5.413.470,30;1.353.367,58;1.209.039,73;314.665,38;217.251,73;0,00;3.094.324,42;7.443.554,28;1,00;595,00
2025;Municipal;31;MG;315300;Pratinha;3.619.513,40;3.429.470,70;190.042,70;0,00;0,00;190.042,70;0,00;4.819.217,01;1.204.804,25;1.570.428,95;198.799,58;150.035,33;331.451,03;3.455.519,14;7.075.032,54;1,00;424,00
2025;Municipal;31;MG;315310;Presidente Bernardes;3.680.968,54;3.283.475,91;397.492,63;0,00;306.752,25;90.740,38;0,00;4.393.461,23;1.098.365,31;212.641,51;123.280,14;149.021,84;1.012.766,54;2.596.075,34;6.277.043,88;1,00;376,00
2025;Municipal;31;MG;315320;Presidente Juscelino;2.877.559,62;2.734.130,50;143.429,12;0,00;0,00;143.429,12;0,00;4.457.640,36;1.114.410,09;500.180,29;171.777,26;121.766,43;1.009.356,68;2.917.490,75;5.795.050,37;1,00;282,00
2025;Municipal;31;MG;315330;Presidente Kubitschek;3.940.286,78;3.940.286,78;0,00;0,00;0,00;0,00;0,00;4.073.345,71;1.018.336,43;165.805,82;215.652,60;162.124,86;1.088.702,49;2.650.622,19;6.590.908,97;1,00;403,00
2025;Municipal;31;MG;315340;Presidente Olegário;19.268.416,23;18.705.834,11;562.582,12;0,00;0,00;562.582,12;0,00;14.841.719,63;3.710.429,91;2.226.691,79;1.147.144,11;605.490,59;1.276.959,93;8.966.716,33;28.235.132,56;1,00;2.248,00
2025;Municipal;31;MG;315350;Alto Jequitibá;7.067.576,96;6.039.839,76;1.027.737,20;0,00;1.027.737,20;0,00;0,00;4.536.443,35;1.134.110,84;550.655,76;327.869,01;159.627,80;655.372,82;2.827.636,23;9.895.213,19;1,00;733,00
2025;Municipal;31;MG;315360;Prudente de Morais;10.387.785,01;9.809.174,53;578.610,48;0,00;562.848,63;15.761,85;513.201,81;6.635.540,49;1.658.885,12;887.921,57;594.308,70;171.890,00;115.571,74;3.428.577,13;13.816.362,14;1,00;1.311,00
2025;Municipal;31;MG;315370;Quartel Geral;4.004.326,02;4.004.326,02;0,00;0,00;0,00;0,00;0,00;4.793.543,42;1.198.385,86;389.531,11;260.218,71;139.446,82;75.369,44;2.062.951,93;6.067.277,95;1,00;411,00
2025;Municipal;31;MG;315380;Queluzito;1.529.988,66;1.487.864,29;42.124,37;0,00;0,00;42.124,37;2.034.405,51;4.179.795,92;1.044.948,98;330.986,21;67.804,77;46.239,18;104.624,37;1.594.603,51;3.124.592,17;1,00;173,00
2025;Municipal;31;MG;315390;Raposos;11.344.981,36;11.323.503,13;21.478,23;0,00;0,00;21.478,23;0,00;7.723.883,26;1.930.970,82;1.211.374,97;734.336,58;815.469,43;4.232,47;4.696.384,27;16.041.365,63;1,00;1.323,00
2025;Municipal;31;MG;315400;Raul Soares;14.147.026,18;14.147.026,18;0,00;0,00;0,00;0,00;0,00;10.802.790,66;2.700.697,67;2.023.372,23;853.352,59;589.298,10;2.645.689,40;8.812.409,98;22.959.436,16;1,00;1.620,00
2025;Municipal;31;MG;315410;Recreio;7.836.289,17;7.802.268,19;34.020,98;0,00;0,00;34.020,98;0,00;6.201.012,94;1.550.253,24;391.031,77;476.902,24;183.105,92;86.912,45;2.688.205,61;10.524.494,78;1,00;924,00
2025;Municipal;31;MG;315415;Reduto;7.159.515,33;6.623.924,88;535.590,45;0,00;535.590,45;0,00;0,00;4.375.335,48;1.093.833,87;369.700,17;426.476,40;280.014,61;1.124.721,74;3.294.746,79;10.454.262,12;1,00;842,00
2025;Municipal;31;MG;315420;Resende Costa;8.593.862,89;8.593.862,89;0,00;0,00;0,00;0,00;0,00;6.784.201,92;1.696.050,48;1.102.902,88;556.668,21;253.548,60;0,00;3.609.170,17;12.203.033,06;1,00;1.154,00
2025;Municipal;31;MG;315430;Resplendor;17.657.244,83;16.552.232,04;1.105.012,79;0,00;1.105.012,79;0,00;0,00;9.207.791,32;2.301.947,83;1.996.994,27;970.590,59;1.488.078,64;1.752.654,22;8.510.265,55;26.167.510,38;1,00;1.903,00
2025;Municipal;31;MG;315440;Ressaquinha;5.112.076,75;5.102.578,50;9.498,25;0,00;0,00;9.498,25;2.034.403,57;5.346.460,01;1.336.615,00;623.606,61;343.466,77;146.152,81;349.305,34;2.799.146,53;7.911.223,28;1,00;631,00
2025;Municipal;31;MG;315445;Riachinho;6.450.213,88;6.267.238,40;182.975,48;0,00;182.975,48;0,00;0,00;5.028.823,50;1.257.205,88;402.136,40;349.080,98;283.754,21;1.451.456,67;3.743.634,13;10.193.848,01;1,00;741,00
2025;Municipal;31;MG;315450;Riacho dos Machados;10.838.513,02;10.543.198,57;295.314,45;0,00;0,00;295.314,45;0,00;4.899.017,03;1.224.754,26;1.203.580,43;670.364,66;404.534,95;1.284.510,33;4.787.744,63;15.626.257,65;1,00;1.276,00
2025;Municipal;31;MG;315460;Ribeirão das Neves;286.131.960,50;247.789.106,40;38.342.854,04;0,00;23.792.328,16;14.550.525,88;0,00;70.999.117,35;17.749.779,34;34.470.756,97;16.592.945,75;6.661.008,91;0,00;75.474.490,97;361.606.451,40;1,00;32.270,00
2025;Municipal;31;MG;315470;Ribeirão Vermelho;3.423.189,83;3.223.611,99;199.577,84;0,00;0,00;199.577,84;0,00;4.135.968,09;1.033.992,02;414.032,53;232.060,18;81.681,20;88.722,44;1.850.488,37;5.273.678,20;1,00;437,00
2025;Municipal;31;MG;315480;Rio Acima;10.582.463,54;10.582.463,54;0,00;0,00;0,00;0,00;0,00;14.184.439,00;3.546.109,75;2.811.028,37;737.313,74;286.494,98;169.775,20;7.550.722,04;18.133.185,58;1,00;1.390,00
2025;Municipal;31;MG;315490;Rio Casca;15.742.520,44;15.652.880,39;89.640,05;0,00;89.640,05;0,00;0,00;7.594.016,35;1.898.504,09;1.457.543,10;999.296,30;632.916,36;289.158,85;5.277.418,70;21.019.939,14;1,00;1.860,00
2025;Municipal;31;MG;315500;Rio Doce;2.723.047,54;2.723.047,54;0,00;0,00;0,00;0,00;0,00;4.162.817,55;1.040.704,39;1.324.504,83;142.549,22;256.478,39;247.803,32;3.012.040,15;5.735.087,69;1,00;282,00
2025;Municipal;31;MG;315510;Rio do Prado;6.013.912,90;4.887.626,42;1.126.286,48;0,00;903.381,55;222.904,93;0,00;4.419.095,80;1.104.773,95;231.169,40;208.786,48;557.926,93;1.145.707,10;3.248.363,86;9.262.276,76;1,00;560,00
2025;Municipal;31;MG;315520;Rio Espera;1.576.708,97;1.536.803,57;39.905,40;0,00;0,00;39.905,40;0,00;4.347.089,47;1.086.772,37;190.241,93;76.052,42;110.384,00;768.888,23;2.232.338,95;3.809.047,92;1,00;173,00
2025;Municipal;31;MG;315530;Rio Manso;3.583.585,05;3.399.496,17;184.088,88;0,00;0,00;184.088,88;0,00;4.536.242,41;1.134.060,60;551.536,88;196.635,93;542.728,59;443.596,10;2.868.558,10;6.452.143,15;1,00;424,00
2025;Municipal;31;MG;315540;Rio Novo;6.826.724,60;6.474.254,82;352.469,78;0,00;205.516,91;146.952,87;0,00;4.672.666,26;1.168.166,57;701.906,79;383.453,19;223.990,94;298.274,77;2.775.792,25;9.602.516,85;1,00;758,00
2025;Municipal;31;MG;315550;Rio Paranaíba;17.741.317,13;17.450.261,04;291.056,09;0,00;291.056,09;0,00;0,00;15.954.750,68;3.988.687,67;3.117.268,58;1.026.044,37;519.996,16;285.129,41;8.937.126,19;26.678.443,32;1,00;2.159,00
2025;Municipal;31;MG;315560;Rio Pardo de Minas;26.644.479,47;24.035.285,05;2.609.194,42;0,00;2.609.194,42;0,00;0,00;12.262.420,64;3.065.605,16;1.562.842,16;1.414.565,38;1.056.067,18;6.088.329,41;13.187.409,29;39.831.888,76;1,00;2.875,00
2025;Municipal;31;MG;315570;Rio Piracicaba;15.183.467,22;14.813.575,87;369.891,35;0,00;0,00;369.891,35;2.038.147,74;9.355.992,42;2.338.998,11;4.463.407,71;826.814,29;427.177,46;554.495,14;8.610.892,70;23.794.359,92;1,00;1.612,00
2025;Municipal;31;MG;315580;Rio Pomba;11.286.095,55;10.936.241,97;349.853,58;0,00;0,00;349.853,58;0,00;9.288.763,25;2.322.190,81;1.994.854,98;695.086,59;344.092,89;379.579,96;5.735.805,24;17.021.900,79;1,00;1.347,00
2025;Municipal;31;MG;315590;Rio Preto;4.383.443,42;4.383.443,42;0,00;0,00;0,00;0,00;0,00;4.630.456,70;1.157.614,18;309.435,80;251.939,56;76.634,57;239.908,22;2.035.532,33;6.418.975,75;1,00;543,00
2025;Municipal;31;MG;315600;Rio Vermelho;9.184.532,59;8.702.096,75;482.435,84;0,00;106.727,22;375.708,62;0,00;5.957.815,08;1.489.453,77;666.287,37;448.568,43;918.943,64;2.846.248,42;6.369.501,63;15.554.034,22;1,00;961,00
2025;Municipal;31;MG;315610;Ritápolis;3.204.019,34;3.100.177,05;103.842,29;0,00;0,00;103.842,29;0,00;4.470.152,97;1.117.538,24;372.002,68;188.426,83;61.162,75;141.754,20;1.880.884,71;5.084.904,05;1,00;390,00
2025;Municipal;31;MG;315620;Rochedo de Minas;3.777.669,38;3.771.444,05;6.225,33;0,00;0,00;6.225,33;0,00;4.444.014,34;1.111.003,59;180.038,01;197.172,47;147.180,23;18.535,09;1.653.929,39;5.431.598,77;1,00;421,00
2025;Municipal;31;MG;315630;Rodeiro;7.403.385,01;7.369.881,37;33.503,64;0,00;0,00;33.503,64;0,00;5.698.848,68;1.424.712,17;869.288,12;473.840,85;216.731,63;43.056,92;3.027.629,69;10.431.014,70;1,00;966,00
2025;Municipal;31;MG;315640;Romaria;2.948.986,10;2.786.214,12;162.771,98;0,00;0,00;162.771,98;0,00;6.004.341,99;1.501.085,50;851.491,84;182.184,99;40.829,62;221.798,07;2.797.390,02;5.746.376,12;1,00;353,00
2025;Municipal;31;MG;315645;Rosário da Limeira;7.096.649,84;6.643.999,54;452.650,30;0,00;275.601,59;177.048,71;0,00;4.685.091,20;1.171.272,80;233.067,04;349.302,03;261.619,43;480.104,42;2.495.365,72;9.592.015,56;1,00;757,00
2025;Municipal;31;MG;315650;Rubelita;4.589.833,32;4.469.701,45;120.131,87;0,00;0,00;120.131,87;0,00;4.429.420,32;1.107.355,08;333.980,58;287.896,79;715.207,77;1.574.542,00;4.018.982,22;8.608.815,54;1,00;496,00
2025;Municipal;31;MG;315660;Rubim;11.689.080,58;11.095.765,82;593.314,76;0,00;11.181,40;582.133,36;0,00;5.885.884,23;1.471.471,06;325.107,84;681.452,78;374.407,57;470.473,85;3.322.913,09;15.011.993,67;1,00;1.193,00
2025;Municipal;31;MG;315670;Sabará;106.400.364,50;106.400.364,50;0,00;0,00;0,00;0,00;0,00;37.009.280,60;9.252.320,15;18.770.086,32;6.967.070,65;3.484.453,25;429.506,00;38.903.436,37;145.303.800,90;1,00;13.024,00
2025;Municipal;31;MG;315680;Sabinópolis;7.627.154,50;7.627.154,50;0,00;0,00;0,00;0,00;0,00;7.503.619,99;1.875.905,00;1.302.825,30;355.014,30;264.283,37;2.513.637,54;6.311.665,51;13.938.820,01;1,00;658,00
2025;Municipal;31;MG;315690;Sacramento;27.253.589,07;25.911.575,73;1.342.013,34;0,00;0,00;1.342.013,34;0,00;15.640.421,58;3.910.105,40;7.551.474,48;1.337.043,64;2.259.976,57;650.016,61;15.708.616,69;42.962.205,76;1,00;2.678,00
2025;Municipal;31;MG;315700;Salinas;32.979.965,32;29.436.917,18;3.543.048,14;0,00;3.486.057,78;56.990,36;0,00;15.595.808,74;3.898.952,19;4.379.366,49;1.757.078,31;1.016.241,73;2.552.077,87;13.603.716,58;46.583.681,90;1,00;3.479,00
2025;Municipal;31;MG;315710;Salto da Divisa;6.176.102,30;6.165.301,38;10.800,92;0,00;0,00;10.800,92;0,00;4.941.313,49;1.235.328,37;668.473,39;349.694,65;224.002,70;280.502,68;2.758.001,79;8.934.104,09;1,00;634,00
2025;Municipal;31;MG;315720;Santa Bárbara;27.600.201,26;27.600.201,26;0,00;0,00;0,00;0,00;0,00;19.934.901,14;4.983.725,29;7.959.374,97;1.872.661,49;436.768,82;146.524,92;15.399.055,49;42.999.256,75;1,00;3.416,00
2025;Municipal;31;MG;315725;Santa Bárbara do Leste;8.157.087,42;7.915.439,78;241.647,64;0,00;223.473,84;18.173,80;0,00;4.866.885,82;1.216.721,46;675.281,07;496.868,88;204.291,36;588.698,68;3.181.861,45;11.338.948,87;1,00;946,00
2025;Municipal;31;MG;315727;Santa Bárbara do Monte Verde;4.033.357,18;3.945.592,83;87.764,35;0,00;87.764,35;0,00;0,00;4.393.181,66;1.098.295,42;217.059,75;295.891,80;149.688,75;197.667,41;1.958.603,13;5.991.960,31;1,00;499,00
2025;Municipal;31;MG;315730;Santa Bárbara do Tugúrio;7.928.936,51;6.689.603,17;1.239.333,34;0,00;1.229.536,32;9.797,02;0,00;4.546.261,43;1.136.565,36;201.512,82;340.843,72;293.617,45;183.057,29;2.155.596,64;10.084.533,15;1,00;687,00
2025;Municipal;31;MG;315733;Santa Cruz de Minas;5.540.044,81;5.540.044,81;0,00;0,00;0,00;0,00;0,00;4.933.602,01;1.233.400,50;500.498,61;345.114,92;84.834,00;0,00;2.163.848,03;7.703.892,84;1,00;752,00
2025;Municipal;31;MG;315737;Santa Cruz de Salinas;3.167.497,50;3.078.623,24;88.874,26;0,00;0,00;88.874,26;0,00;4.249.756,20;1.062.439,05;156.972,66;189.682,28;526.564,95;1.004.025,86;2.939.684,80;6.107.182,30;1,00;388,00
2025;Municipal;31;MG;315740;Santa Cruz do Escalvado;3.508.726,89;3.419.289,35;89.437,54;0,00;0,00;89.437,54;0,00;4.783.116,95;1.195.779,24;1.030.327,49;192.366,92;87.052,46;468.508,82;2.974.034,93;6.482.761,82;1,00;356,00
2025;Municipal;31;MG;315750;Santa Efigênia de Minas;3.315.256,76;3.315.256,76;0,00;0,00;0,00;0,00;0,00;4.086.207,17;1.021.551,79;191.933,33;216.778,17;140.365,67;200.020,52;1.770.649,49;5.085.906,25;1,00;408,00
2025;Municipal;31;MG;315760;Santa Fé de Minas;2.661.634,38;2.656.210,06;5.424,32;0,00;0,00;5.424,32;0,00;4.530.574,50;1.132.643,63;299.806,15;195.980,17;25.658,94;2.119.068,14;3.773.157,02;6.434.791,40;1,00;338,00
2025;Municipal;31;MG;315765;Santa Helena de Minas;3.723.187,96;3.581.004,52;142.183,44;0,00;38.380,17;103.803,27;0,00;4.478.848,05;1.119.712,01;214.109,70;201.447,00;142.884,23;303.192,50;1.981.345,44;5.704.533,40;1,00;422,00
2025;Municipal;31;MG;315770;Santa Juliana;14.407.101,15;13.932.583,72;474.517,43;0,00;0,00;474.517,43;0,00;13.424.377,17;3.356.094,29;2.667.481,63;852.237,43;227.422,74;339.993,21;7.443.229,30;21.850.330,45;1,00;1.763,00
2025;Municipal;31;MG;315780;Santa Luzia;178.364.134,90;178.364.134,90;0,00;0,00;0,00;0,00;2.018.982,44;58.344.670,47;14.586.167,62;27.678.806,91;10.536.078,99;3.035.254,00;49.879,08;55.886.186,60;234.250.321,40;1,00;19.740,00
2025;Municipal;31;MG;315790;Santa Margarida;21.559.224,73;18.274.270,00;3.284.954,73;0,00;3.253.319,33;31.635,40;0,00;7.894.940,87;1.973.735,22;1.072.983,74;1.085.693,34;1.119.043,85;1.308.437,16;6.559.893,30;28.119.118,03;1,00;2.174,00
2025;Municipal;31;MG;315800;Santa Maria de Itabira;7.902.872,49;7.888.299,55;14.572,94;0,00;0,00;14.572,94;0,00;6.312.022,72;1.578.005,68;975.663,17;513.297,82;327.176,50;1.357.734,28;4.751.877,45;12.654.749,94;1,00;1.018,00
2025;Municipal;31;MG;315810;Santa Maria do Salto;3.736.072,79;3.615.421,94;120.650,85;0,00;0,00;120.650,85;0,00;4.277.357,94;1.069.339,49;206.828,63;212.875,28;92.762,16;562.981,83;2.144.787,39;5.880.860,18;1,00;577,00
2025;Municipal;31;MG;315820;Santa Maria do Suaçuí;8.126.715,85;7.711.565,41;415.150,44;0,00;0,00;415.150,44;0,00;7.577.077,93;1.894.269,48;527.967,29;486.594,63;199.822,76;1.528.641,84;4.637.296,01;12.764.011,86;1,00;951,00
2025;Municipal;31;MG;315830;Santana da Vargem;3.877.127,83;3.877.127,83;0,00;0,00;0,00;0,00;0,00;5.240.918,87;1.310.229,72;775.866,79;241.545,77;137.562,49;374.791,58;2.839.996,35;6.717.124,18;1,00;493,00
2025;Municipal;31;MG;315840;Santana de Cataguases;3.804.269,36;3.804.269,36;0,00;0,00;0,00;0,00;0,00;4.510.707,01;1.127.676,75;245.081,05;227.476,31;165.890,76;26.471,26;1.792.596,13;5.596.865,49;1,00;455,00
2025;Municipal;31;MG;315850;Santana de Pirapama;4.512.372,25;4.512.372,25;0,00;0,00;0,00;0,00;0,00;5.010.529,93;1.252.632,48;326.947,96;283.239,97;157.118,52;1.300.454,91;3.320.393,84;7.832.766,09;1,00;578,00
2025;Municipal;31;MG;315860;Santana do Deserto;5.289.518,42;5.196.679,63;92.838,79;0,00;0,00;92.838,79;0,00;4.410.678,27;1.102.669,57;248.727,45;321.364,33;297.376,21;70.644,04;2.040.781,60;7.330.300,02;1,00;555,00
2025;Municipal;31;MG;315870;Santana do Garambéu;2.438.225,84;2.376.398,16;61.827,68;0,00;0,00;61.827,68;0,00;4.415.526,64;1.103.881,66;200.035,29;151.393,01;47.929,86;73.179,23;1.576.419,05;4.014.644,89;1,00;293,00
2025;Municipal;31;MG;315880;Santana do Jacaré;3.419.175,29;3.311.362,19;107.813,10;0,00;0,00;107.813,10;0,00;4.417.999,75;1.104.499,94;278.136,80;209.642,16;75.646,37;141.440,23;1.809.365,50;5.228.540,79;1,00;389,00
2025;Municipal;31;MG;315890;Santana do Manhuaçu;9.773.024,01;8.263.634,45;1.509.389,56;0,00;1.286.058,84;223.330,72;0,00;4.999.553,80;1.249.888,45;559.595,47;492.075,43;330.095,02;605.868,94;3.237.523,31;13.010.547,32;1,00;1.050,00
2025;Municipal;31;MG;315895;Santana do Paraíso;26.835.165,67;25.819.793,38;1.015.372,29;0,00;298.375,99;716.996,30;2.034.718,77;16.870.206,65;4.217.551,66;6.437.278,60;1.587.527,83;789.392,32;351.232,20;13.382.982,62;40.218.148,29;1,00;3.446,00
2025;Municipal;31;MG;315900;Santana do Riacho;6.096.317,98;5.622.568,80;473.749,18;0,00;462.218,68;11.530,50;0,00;4.732.789,03;1.183.197,26;989.461,99;343.441,98;152.860,35;605.879,68;3.274.841,25;9.371.159,23;1,00;741,00
2025;Municipal;31;MG;315910;Santana dos Montes;3.805.256,06;3.716.936,55;88.319,51;0,00;0,00;88.319,51;0,00;4.496.114,88;1.124.028,72;233.220,63;227.705,68;137.902,65;160.628,87;1.883.486,55;5.688.742,61;1,00;443,00
2025;Municipal;31;MG;315920;Santa Rita de Caldas;4.312.378,65;4.060.332,21;252.046,44;0,00;0,00;252.046,44;0,00;5.494.021,47;1.373.505,37;996.887,71;267.519,61;160.962,42;871.149,23;3.670.024,34;7.982.402,99;1,00;505,00
2025;Municipal;31;MG;315930;Santa Rita de Jacutinga;5.937.639,67;5.926.341,38;11.298,29;0,00;0,00;11.298,29;0,00;4.612.825,95;1.153.206,49;287.877,82;376.492,46;106.686,09;97.357,72;2.021.620,57;7.959.260,24;1,00;699,00
2025;Municipal;31;MG;315935;Santa Rita de Minas;5.944.345,16;5.932.248,67;12.096,49;0,00;0,00;12.096,49;0,00;4.472.139,57;1.118.034,89;609.357,18;358.636,61;330.015,90;439.507,40;2.855.551,99;8.799.897,15;1,00;723,00
2025;Municipal;31;MG;315940;Santa Rita de Ibitipoca;2.564.585,69;2.488.897,70;75.687,99;0,00;0,00;75.687,99;0,00;4.633.428,53;1.158.357,13;282.302,20;162.435,49;69.742,21;456.623,77;2.129.460,80;4.694.046,49;1,00;290,00
2025;Municipal;31;MG;315950;Santa Rita do Itueto;7.680.468,32;6.745.984,89;934.483,43;0,00;934.483,43;0,00;0,00;5.269.715,23;1.317.428,81;293.254,10;390.403,31;209.284,01;986.936,79;3.197.307,01;10.877.775,33;1,00;781,00
2025;Municipal;31;MG;315960;Santa Rita do Sapucaí;33.677.177,81;33.677.177,81;0,00;0,00;0,00;0,00;0,00;19.334.285,52;4.833.571,38;7.586.687,09;2.229.351,66;955.927,71;1.625.636,41;17.231.174,25;50.908.352,06;1,00;4.026,00
2025;Municipal;31;MG;315970;Santa Rosa da Serra;4.727.119,99;4.620.504,65;106.615,34;0,00;106.615,34;0,00;0,00;4.674.094,52;1.168.523,63;339.873,46;234.648,18;78.605,17;181.456,99;2.003.107,43;6.730.227,42;1,00;488,00
2025;Municipal;31;MG;315980;Santa Vitória;18.236.101,17;18.151.161,23;84.939,94;0,00;0,00;84.939,94;0,00;25.650.178,78;6.412.544,70;5.767.458,93;1.092.934,42;415.494,33;790.694,72;14.479.127,10;32.715.228,27;1,00;2.196,00
2025;Municipal;31;MG;315990;Santo Antônio do Amparo;15.073.332,05;14.092.453,02;980.879,03;0,00;947.099,74;33.779,29;0,00;9.818.170,86;2.454.542,72;2.148.641,08;766.075,30;875.563,26;721.778,19;6.966.600,55;22.039.932,60;1,00;1.600,00
2025;Municipal;31;MG;316000;Santo Antônio do Aventureiro;3.406.920,15;3.406.920,15;0,00;0,00;0,00;0,00;0,00;4.483.159,52;1.120.789,88;226.905,77;196.597,39;138.117,78;196.721,17;1.879.131,99;5.286.052,14;1,00;395,00
2025;Municipal;31;MG;316010;Santo Antônio do Grama;4.227.489,80;4.227.489,80;0,00;0,00;0,00;0,00;0,00;4.405.119,02;1.101.279,76;813.525,32;266.425,51;521.564,89;100.286,50;2.803.081,97;7.030.571,77;1,00;531,00
2025;Municipal;31;MG;316020;Santo Antônio do Itambé;2.663.322,55;2.657.818,95;5.503,60;0,00;0,00;5.503,60;0,00;4.278.093,76;1.069.523,44;222.652,81;174.351,12;538.320,86;1.242.824,32;3.247.672,55;5.910.995,10;1,00;329,00
2025;Municipal;31;MG;316030;Santo Antônio do Jacinto;9.381.050,58;8.920.110,51;460.940,07;0,00;0,00;460.940,07;0,00;5.743.326,96;1.435.831,74;387.092,91;576.705,25;972.142,01;1.667.523,46;5.039.295,37;14.420.345,95;1,00;1.054,00
2025;Municipal;31;MG;316040;Santo Antônio do Monte;22.352.905,28;21.742.682,06;610.223,22;0,00;0,00;610.223,22;0,00;12.892.105,53;3.223.026,38;3.976.978,62;1.254.223,50;617.481,51;585.292,24;9.657.002,25;32.009.907,53;1,00;2.579,00
2025;Municipal;31;MG;316045;Santo Antônio do Retiro;9.175.822,06;8.497.602,95;678.219,11;0,00;267.363,31;410.855,80;0,00;4.618.238,74;1.154.559,69;140.163,15;510.054,24;569.839,64;939.324,08;3.313.940,80;12.489.762,86;1,00;973,00
2025;Municipal;31;MG;316050;Santo Antônio do Rio Abaixo;1.325.044,71;1.254.544,80;70.499,91;0,00;0,00;70.499,91;0,00;5.113.557,49;1.278.389,37;195.578,55;82.855,38;59.004,66;160.855,88;1.776.683,85;3.101.728,56;1,00;152,00
2025;Municipal;31;MG;316060;Santo Hipólito;1.479.008,67;1.479.008,67;0,00;0,00;0,00;0,00;0,00;4.233.396,57;1.058.349,14;336.652,01;109.737,43;92.066,87;376.606,46;1.973.411,92;3.452.420,59;1,00;212,00
2025;Municipal;31;MG;316070;Santos Dumont;29.010.680,70;29.010.680,70;0,00;0,00;0,00;0,00;1.188.096,01;16.542.332,89;4.135.583,22;4.781.887,52;1.735.129,93;813.744,10;688.074,30;12.154.419,08;41.165.099,78;1,00;3.164,00
2025;Municipal;31;MG;316080;São Bento Abade;5.842.560,88;5.501.820,45;340.740,43;0,00;340.740,43;0,00;0,00;4.495.911,83;1.123.977,96;611.789,04;306.867,80;121.448,67;136.057,83;2.300.141,30;8.142.702,18;1,00;638,00
2025;Municipal;31;MG;316090;São Brás do Suaçuí;5.241.999,05;5.230.927,13;11.071,92;0,00;0,00;11.071,92;2.462.489,78;4.485.780,53;1.121.445,13;1.178.675,54;346.941,94;110.896,92;61.812,32;2.819.771,85;8.061.770,90;1,00;669,00
2025;Municipal;31;MG;316095;São Domingos das Dores;7.087.690,73;7.087.690,73;0,00;0,00;0,00;0,00;0,00;4.749.189,08;1.187.297,27;212.494,97;437.494,45;218.306,68;649.999,75;2.705.593,12;9.793.283,85;1,00;892,00
2025;Municipal;31;MG;316100;São Domingos do Prata;13.226.956,43;12.663.068,97;563.887,46;0,00;563.887,46;0,00;0,00;9.075.839,38;2.268.959,85;1.474.765,17;737.029,67;417.765,13;2.192.164,05;7.090.683,87;20.317.640,30;1,00;1.397,00
2025;Municipal;31;MG;316105;São Félix de Minas;3.318.375,52;3.142.850,71;175.524,81;0,00;0,00;175.524,81;0,00;4.205.542,43;1.051.385,61;201.314,63;208.467,37;81.193,11;284.980,76;1.827.341,48;5.145.717,00;1,00;393,00
2025;Municipal;31;MG;316110;São Francisco;47.379.679,37;42.699.247,01;4.680.432,36;0,00;4.680.432,36;0,00;0,00;18.772.725,90;4.693.181,48;3.718.527,86;2.559.991,12;1.706.745,09;8.519.417,94;21.197.863,48;68.577.542,85;1,00;4.881,00
2025;Municipal;31;MG;316120;São Francisco de Paula;6.384.050,41;5.954.578,15;429.472,26;0,00;420.658,36;8.813,90;0,00;4.800.803,11;1.200.200,78;461.667,03;305.163,54;224.941,67;459.896,22;2.651.869,24;9.035.919,65;1,00;611,00
2025;Municipal;31;MG;316130;São Francisco de Sales;7.860.275,78;7.635.509,15;224.766,63;0,00;0,00;224.766,63;0,00;6.452.101,75;1.613.025,44;1.027.857,48;527.257,84;158.708,96;94.197,08;3.421.046,80;11.281.322,58;1,00;965,00
2025;Municipal;31;MG;316140;São Francisco do Glória;4.460.371,32;4.248.534,50;211.836,82;0,00;0,00;211.836,82;0,00;4.391.356,75;1.097.839,19;741.367,75;326.478,19;692.752,45;212.997,75;3.071.435,33;7.531.806,65;1,00;474,00
2025;Municipal;31;MG;316150;São Geraldo;6.530.772,33;6.507.520,08;23.252,25;0,00;0,00;23.252,25;0,00;6.304.744,64;1.576.186,16;637.059,73;371.818,12;679.515,92;127.171,40;3.391.751,33;9.922.523,66;1,00;806,00
2025;Municipal;31;MG;316160;São Geraldo da Piedade;2.952.590,10;2.816.901,85;135.688,25;0,00;0,00;135.688,25;0,00;4.247.314,57;1.061.828,64;79.640,98;179.898,61;120.725,10;640.129,25;2.082.222,58;5.034.812,68;1,00;341,00
2025;Municipal;31;MG;316165;São Geraldo do Baixio;2.984.719,21;2.984.719,21;0,00;0,00;0,00;0,00;0,00;4.159.261,07;1.039.815,27;231.678,17;158.209,93;105.771,22;489.794,58;2.025.269,16;5.009.988,37;1,00;363,00
2025;Municipal;31;MG;316170;São Gonçalo do Abaeté;7.154.162,25;6.945.769,76;208.392,49;0,00;0,00;208.392,49;0,00;7.376.730,08;1.844.182,52;2.197.062,03;354.810,84;189.175,08;123.698,87;4.708.929,34;11.863.091,59;1,00;807,00
2025;Municipal;31;MG;316180;São Gonçalo do Pará;11.479.084,62;10.602.978,54;876.106,08;0,00;876.106,08;0,00;0,00;6.919.045,14;1.729.761,29;1.039.064,40;594.007,07;286.144,48;583.777,46;4.232.754,70;15.711.839,32;1,00;1.163,00
2025;Municipal;31;MG;316190;São Gonçalo do Rio Abaixo;23.484.419,53;22.376.386,26;1.108.033,27;0,00;0,00;1.108.033,27;0,00;40.568.664,06;10.142.166,02;18.797.948,02;1.065.274,08;528.204,95;403.382,48;30.936.975,55;54.421.395,08;1,00;2.419,00
2025;Municipal;31;MG;316200;São Gonçalo do Sapucaí;21.021.026,81;20.927.929,38;93.097,43;0,00;0,00;93.097,43;0,00;13.194.008,81;3.298.502,20;2.821.455,60;1.216.740,87;706.535,10;430.231,33;8.473.465,10;29.494.491,91;1,00;2.380,00
2025;Municipal;31;MG;316210;São Gotardo;38.923.956,43;36.396.218,69;2.527.737,74;0,00;2.527.737,74;0,00;0,00;20.640.165,72;5.160.041,43;6.485.549,45;2.103.655,48;1.357.761,61;1.051.564,34;16.158.572,31;55.082.528,74;1,00;4.267,00
2025;Municipal;31;MG;316220;São João Batista do Glória;6.067.806,55;5.752.354,01;315.452,54;0,00;0,00;315.452,54;0,00;8.369.825,53;2.092.456,38;1.070.548,97;384.883,94;120.127,07;340.155,11;4.008.171,47;10.075.978,02;1,00;781,00
2025;Municipal;31;MG;316225;São João da Lagoa;4.779.171,35;4.684.894,38;94.276,97;0,00;72.657,33;21.619,64;0,00;4.430.607,23;1.107.651,81;174.820,35;289.432,60;572.507,48;800.038,15;2.944.450,39;7.723.621,74;1,00;546,00
2025;Municipal;31;MG;316230;São João da Mata;2.439.311,87;2.439.311,87;0,00;0,00;0,00;0,00;0,00;4.133.187,33;1.033.296,83;264.239,21;148.889,93;130.897,40;269.459,72;1.846.783,09;4.286.094,96;1,00;317,00
2025;Municipal;31;MG;316240;São João da Ponte;45.308.834,27;32.197.671,40;13.111.162,87;0,00;13.111.162,87;0,00;0,00;10.634.856,85;2.658.714,21;918.173,33;1.743.243,37;2.244.989,34;3.476.048,71;11.041.168,96;56.350.003,23;1,00;3.551,00
2025;Municipal;31;MG;316245;São João das Missões;8.727.210,87;8.727.210,87;0,00;0,00;0,00;0,00;0,00;6.079.288,76;1.519.822,19;325.734,94;586.776,40;503.247,38;1.202.278,56;4.137.859,47;12.865.070,34;1,00;853,00
2025;Municipal;31;MG;316250;São João del Rei;37.103.892,51;37.103.892,51;0,00;0,00;0,00;0,00;0,00;30.655.014,74;7.663.753,69;15.596.692,78;2.151.720,92;709.904,83;670.278,72;26.792.350,93;63.896.243,44;1,00;4.182,00
2025;Municipal;31;MG;316255;São João do Manhuaçu;19.614.994,97;16.522.039,69;3.092.955,28;0,00;3.062.067,57;30.887,71;0,00;6.111.972,66;1.527.993,17;858.347,78;977.575,96;598.315,75;909.022,36;4.871.255,01;24.486.249,98;1,00;1.942,00
2025;Municipal;31;MG;316257;São João do Manteninha;4.469.937,96;4.457.823,21;12.114,75;0,00;0,00;12.114,75;0,00;4.382.735,67;1.095.683,92;271.046,37;277.425,85;85.355,41;437.896,13;2.167.407,68;6.637.345,64;1,00;563,00
2025;Municipal;31;MG;316260;São João do Oriente;6.698.421,70;6.106.467,81;591.953,89;0,00;441.631,34;150.322,55;0,00;4.457.745,70;1.114.436,43;421.015,03;395.002,60;244.058,20;349.084,66;2.523.596,92;9.222.018,62;1,00;799,00
2025;Municipal;31;MG;316265;São João do Pacuí;2.899.516,56;2.899.516,56;0,00;0,00;0,00;0,00;0,00;4.063.970,08;1.015.992,52;147.563,44;200.069,02;190.865,61;1.201.775,01;2.756.265,60;5.655.782,16;1,00;343,00
2025;Municipal;31;MG;316270;São João do Paraíso;22.109.908,81;16.263.966,71;5.845.942,10;0,00;5.816.064,57;29.877,53;0,00;10.729.478,01;2.682.369,50;1.243.901,09;899.376,75;590.602,34;5.167.126,93;10.583.376,61;32.693.285,42;1,00;2.007,00
2025;Municipal;31;MG;316280;São João Evangelista;17.297.470,69;14.655.843,46;2.641.627,23;0,00;2.641.627,23;0,00;0,00;7.686.144,34;1.921.536,09;1.291.757,97;720.909,55;506.973,40;2.246.952,93;6.688.129,94;23.985.600,63;1,00;1.471,00
2025;Municipal;31;MG;316290;São João Nepomuceno;33.719.287,19;29.735.646,42;3.983.640,77;0,00;3.865.180,32;118.460,45;0,00;11.326.118,77;2.831.529,69;2.560.510,03;1.686.608,57;786.287,77;182.532,75;8.047.468,81;41.766.756,00;1,00;3.353,00
2025;Municipal;31;MG;316292;São Joaquim de Bicas;58.390.749,70;45.336.636,26;13.054.113,44;0,00;12.959.580,91;94.532,53;0,00;15.108.125,86;3.777.031,47;6.232.519,23;2.843.158,95;770.016,96;69.923,02;13.692.649,62;72.083.399,32;1,00;6.004,00
2025;Municipal;31;MG;316294;São José da Barra;6.279.123,27;6.096.242,91;182.880,36;0,00;0,00;182.880,36;0,00;8.356.699,23;2.089.174,81;1.258.516,03;354.237,51;135.877,45;579.572,00;4.417.377,79;10.696.501,06;1,00;753,00
2025;Municipal;31;MG;316295;São José da Lapa;36.337.286,30;33.377.407,66;2.959.878,64;0,00;1.237.143,36;1.722.735,28;2.034.268,07;13.031.363,80;3.257.840,95;4.252.491,44;2.038.175,90;1.573.818,37;18.679,98;11.141.006,64;47.478.292,94;1,00;3.954,00
2025;Municipal;31;MG;316300;São José da Safira;3.446.918,36;3.346.847,35;100.071,01;0,00;0,00;100.071,01;0,00;4.244.216,91;1.061.054,23;124.932,25;175.851,56;78.052,95;271.464,90;1.711.355,88;5.158.274,24;1,00;431,00
2025;Municipal;31;MG;316310;São José da Varginha;3.260.638,46;3.260.638,46;0,00;0,00;0,00;0,00;0,00;5.663.314,17;1.415.828,54;355.220,79;227.045,65;87.863,98;375.218,78;2.461.177,74;5.721.816,20;1,00;449,00
2025;Municipal;31;MG;316320;São José do Alegre;3.730.355,07;3.730.355,07;0,00;0,00;0,00;0,00;0,00;4.189.162,97;1.047.290,74;281.055,25;216.992,07;94.004,90;134.460,84;1.773.803,80;5.504.158,87;1,00;456,00
2025;Municipal;31;MG;316330;São José do Divino;2.843.658,53;2.838.561,70;5.096,83;0,00;0,00;5.096,83;0,00;3.382.171,94;845.542,99;65.177,51;147.230,59;132.365,65;667.231,77;1.857.548,51;4.701.207,04;1,00;315,00
2025;Municipal;31;MG;316340;São José do Goiabal;3.733.929,43;3.733.929,43;0,00;0,00;0,00;0,00;0,00;4.151.096,53;1.037.774,13;410.624,33;249.905,57;173.798,78;614.514,44;2.486.617,25;6.220.546,68;1,00;470,00
2025;Municipal;31;MG;316350;São José do Jacuri;5.943.928,38;5.764.648,35;179.280,03;0,00;155.330,17;23.949,86;0,00;4.398.679,37;1.099.669,84;164.787,76;332.666,32;823.247,35;1.592.726,63;4.013.097,90;9.957.026,28;1,00;657,00
2025;Municipal;31;MG;316360;São José do Mantimento;2.994.316,18;2.827.789,15;166.527,03;0,00;0,00;166.527,03;0,00;4.167.582,46;1.041.895,62;159.013,66;178.892,26;89.217,08;486.570,59;1.955.589,21;4.949.905,39;1,00;372,00
2025;Municipal;31;MG;316370;São Lourenço;35.096.204,73;35.096.204,73;0,00;0,00;0,00;0,00;0,00;18.263.307,20;4.565.826,80;13.656.079,85;2.019.044,11;869.899,94;37.089,84;21.147.940,54;56.244.145,27;1,00;3.981,00
2025;Municipal;31;MG;316380;São Miguel do Anta;4.986.872,48;4.870.071,40;116.801,08;0,00;0,00;116.801,08;0,00;4.351.946,29;1.087.986,57;419.832,98;291.803,20;203.349,00;366.667,21;2.369.638,97;7.356.511,45;1,00;542,00
2025;Municipal;31;MG;316390;São Pedro da União;4.389.049,44;4.389.049,44;0,00;0,00;0,00;0,00;0,00;5.091.669,32;1.272.917,33;525.400,16;235.563,26;227.076,25;526.303,14;2.787.260,14;7.176.309,58;1,00;534,00
2025;Municipal;31;MG;316400;São Pedro dos Ferros;4.743.608,33;4.734.683,82;8.924,51;0,00;0,00;8.924,51;0,00;3.916.177,56;979.044,39;346.873,81;286.939,40;191.953,07;480.822,08;2.285.632,75;7.029.241,08;1,00;539,00
2025;Municipal;31;MG;316410;São Pedro do Suaçuí;3.639.758,36;3.445.839,99;193.918,37;0,00;0,00;193.918,37;0,00;4.282.018,96;1.070.504,74;217.818,87;209.347,63;200.114,97;1.172.100,25;2.869.886,46;6.509.644,82;1,00;419,00
2025;Municipal;31;MG;316420;São Romão;6.707.131,13;6.494.853,72;212.277,41;0,00;0,00;212.277,41;0,00;7.790.302,35;1.947.575,59;833.065,23;423.467,75;125.533,86;2.602.813,87;5.932.456,29;12.639.587,42;1,00;800,00
2025;Municipal;31;MG;316430;São Roque de Minas;5.615.728,77;5.302.925,45;312.803,32;0,00;0,00;312.803,32;0,00;6.576.165,74;1.644.041,44;1.193.212,88;305.700,07;183.554,51;858.143,93;4.184.652,82;9.800.381,59;1,00;665,00
2025;Municipal;31;MG;316440;São Sebastião da Bela Vista;7.686.143,68;6.991.321,33;694.822,35;0,00;331.114,72;363.707,63;0,00;5.340.624,42;1.335.156,11;904.064,26;408.567,82;254.442,13;366.730,01;3.268.960,33;10.955.104,01;1,00;817,00
2025;Municipal;31;MG;316443;São Sebastião da Vargem Alegre;5.080.471,78;5.080.471,78;0,00;0,00;0,00;0,00;0,00;4.820.122,00;1.205.030,50;260.546,77;296.263,67;204.544,69;177.328,25;2.143.713,88;7.224.185,66;1,00;518,00
2025;Municipal;31;MG;316447;São Sebastião do Anta;10.698.026,51;9.195.605,88;1.502.420,63;0,00;1.502.420,63;0,00;0,00;4.541.502,66;1.135.375,67;233.801,44;532.247,75;291.716,41;410.588,29;2.603.729,56;13.301.756,07;1,00;1.088,00
2025;Municipal;31;MG;316450;São Sebastião do Maranhão;4.404.666,63;4.291.766,00;112.900,63;0,00;0,00;112.900,63;0,00;5.502.454,38;1.375.613,60;313.331,06;227.599,70;550.078,95;2.728.597,62;5.195.220,93;9.599.887,56;1,00;447,00
2025;Municipal;31;MG;316460;São Sebastião do Oeste;14.668.003,72;13.628.427,90;1.039.575,82;0,00;1.039.575,82;0,00;0,00;7.017.828,12;1.754.457,03;1.548.418,83;802.639,31;256.205,46;237.062,25;4.598.782,88;19.266.786,60;1,00;1.838,00
2025;Municipal;31;MG;316470;São Sebastião do Paraíso;56.705.670,07;56.705.670,07;0,00;0,00;0,00;0,00;0,00;28.133.612,16;7.033.403,04;15.703.241,68;3.518.809,72;1.679.869,00;681.125,63;28.616.449,07;85.322.119,14;1,00;6.869,00
2025;Municipal;31;MG;316480;São Sebastião do Rio Preto;971.404,30;971.404,30;0,00;0,00;0,00;0,00;0,00;3.909.176,67;977.294,17;121.853,86;65.329,08;33.107,63;92.175,62;1.289.760,35;2.261.164,65;1,00;120,00
2025;Municipal;31;MG;316490;São Sebastião do Rio Verde;2.934.329,29;2.934.329,29;0,00;0,00;0,00;0,00;0,00;4.358.487,21;1.089.621,80;209.365,62;189.892,60;85.084,31;57.016,31;1.630.980,64;4.565.309,93;1,00;395,00
2025;Municipal;31;MG;316500;São Tiago;6.944.236,34;6.929.372,14;14.864,20;0,00;0,00;14.864,20;0,00;6.378.706,84;1.594.676,71;1.141.706,34;421.041,06;207.084,91;529.550,69;3.894.059,71;10.838.296,05;1,00;898,00
2025;Municipal;31;MG;316510;São Tomás de Aquino;6.082.733,53;6.082.733,53;0,00;0,00;0,00;0,00;0,00;5.558.654,97;1.389.663,74;698.008,00;373.504,83;235.575,92;672.155,56;3.368.908,05;9.451.641,58;1,00;719,00
2025;Municipal;31;MG;316520;São Thomé das Letras;6.173.990,70;6.023.640,15;150.350,55;0,00;150.350,55;0,00;0,00;4.676.697,35;1.169.174,34;587.883,41;323.664,71;193.961,73;722.401,23;2.997.085,42;9.171.076,12;1,00;654,00
2025;Municipal;31;MG;316530;São Vicente de Minas;5.092.632,21;5.092.632,21;0,00;0,00;0,00;0,00;0,00;5.229.636,79;1.307.409,20;625.564,64;318.737,77;175.734,79;221.447,61;2.648.894,01;7.741.526,22;1,00;645,00
2025;Municipal;31;MG;316540;Sapucaí-Mirim;6.467.963,29;6.456.340,30;11.622,99;0,00;0,00;11.622,99;0,00;4.759.449,35;1.189.862,34;1.343.023,64;338.645,08;614.850,89;286.359,37;3.772.741,32;10.240.704,61;1,00;679,00
2025;Municipal;31;MG;316550;Sardoá;12.025.401,51;8.589.891,05;3.435.510,46;0,00;3.057.774,76;377.735,70;0,00;4.620.317,68;1.155.079,42;209.863,48;321.322,27;404.666,17;307.560,36;2.398.491,70;14.423.893,21;1,00;623,00
2025;Municipal;31;MG;316553;Sarzedo;35.594.110,09;34.464.964,85;1.129.145,24;0,00;0,00;1.129.145,24;0,00;21.685.161,93;5.421.290,48;9.495.086,91;2.179.301,22;957.650,13;103.107,20;18.156.435,94;53.750.546,03;1,00;4.446,00
2025;Municipal;31;MG;316555;Setubinha;5.169.189,97;5.157.955,41;11.234,56;0,00;0,00;11.234,56;0,00;5.568.990,14;1.392.247,54;350.920,34;315.788,71;357.128,26;4.549.887,23;6.965.972,08;12.135.162,05;1,00;607,00
2025;Municipal;31;MG;316556;Sem-Peixe;1.559.754,75;1.559.754,75;0,00;0,00;0,00;0,00;0,00;4.118.312,96;1.029.578,24;197.655,72;98.754,53;67.333,48;259.537,63;1.652.859,60;3.212.614,35;1,00;221,00
2025;Municipal;31;MG;316557;Senador Amaral;8.378.601,13;6.921.389,71;1.457.211,42;0,00;1.457.211,42;0,00;0,00;5.640.180,89;1.410.045,22;392.778,84;381.549,08;216.012,16;649.780,65;3.050.165,95;11.428.767,08;1,00;835,00
2025;Municipal;31;MG;316560;Senador Cortes;4.011.369,78;4.011.369,78;0,00;0,00;0,00;0,00;0,00;4.356.570,44;1.089.142,61;168.706,68;221.361,43;162.506,87;121.298,91;1.763.016,50;5.774.386,28;1,00;411,00
2025;Municipal;31;MG;316570;Senador Firmino;6.699.549,57;6.305.186,79;394.362,78;0,00;0,00;394.362,78;0,00;4.659.318,10;1.164.829,53;397.877,87;388.741,38;314.830,10;540.521,62;2.806.800,49;9.506.350,06;1,00;742,00
2025;Municipal;31;MG;316580;Senador José Bento;1.801.124,50;1.801.124,50;0,00;0,00;0,00;0,00;0,00;4.376.142,13;1.094.035,53;166.336,35;102.303,29;42.553,35;61.453,82;1.466.682,34;3.267.806,84;1,00;166,00
2025;Municipal;31;MG;316590;Senador Modestino Gonçalves;3.001.542,31;2.922.698,48;78.843,83;0,00;0,00;78.843,83;0,00;4.432.735,38;1.108.183,85;198.519,14;180.638,58;275.436,26;1.561.074,73;3.323.852,55;6.325.394,86;1,00;346,00
2025;Municipal;31;MG;316600;Senhora de Oliveira;3.544.573,85;3.544.573,85;0,00;0,00;0,00;0,00;0,00;4.464.132,52;1.116.033,13;190.974,37;249.870,55;194.969,46;438.224,05;2.190.071,56;5.734.645,41;1,00;457,00
2025;Municipal;31;MG;316610;Senhora do Porto;2.379.226,33;2.243.635,10;135.591,23;0,00;0,00;135.591,23;0,00;4.086.476,77;1.021.619,19;154.944,19;126.355,50;151.280,86;910.372,41;2.364.572,15;4.743.798,48;1,00;252,00
2025;Municipal;31;MG;316620;Senhora dos Remédios;3.933.669,89;3.728.877,64;204.792,25;0,00;0,00;204.792,25;0,00;5.791.425,71;1.447.856,43;408.192,93;201.643,38;236.967,00;1.091.822,55;3.386.482,29;7.320.152,18;1,00;490,00
2025;Municipal;31;MG;316630;Sericita;7.009.059,36;6.673.855,23;335.204,13;0,00;111.985,28;223.218,85;0,00;4.448.299,67;1.112.074,92;326.797,41;406.299,16;806.999,09;694.886,74;3.347.057,32;10.356.116,68;1,00;869,00
2025;Municipal;31;MG;316640;Seritinga;2.169.059,54;2.165.039,83;4.019,71;0,00;0,00;4.019,71;0,00;4.383.564,53;1.095.891,13;153.483,74;139.414,24;42.805,91;39.250,76;1.470.845,79;3.639.905,33;1,00;280,00
2025;Municipal;31;MG;316650;Serra Azul de Minas;2.893.901,17;2.739.093,45;154.807,72;0,00;0,00;154.807,72;0,00;4.121.622,70;1.030.405,68;151.158,05;162.533,66;116.638,06;1.744.341,21;3.205.076,65;6.098.977,82;1,00;274,00
2025;Municipal;31;MG;316660;Serra da Saudade;743.812,95;743.812,95;0,00;0,00;0,00;0,00;0,00;4.290.836,58;1.072.709,15;206.973,05;43.272,66;10.874,13;0,00;1.333.828,98;2.077.641,93;1,00;101,00
2025;Municipal;31;MG;316670;Serra dos Aimorés;7.307.843,25;6.226.554,84;1.081.288,41;0,00;755.810,71;325.477,70;0,00;4.369.066,81;1.092.266,70;484.311,64;376.181,18;424.544,43;257.744,70;2.635.048,65;9.942.891,90;1,00;729,00
2025;Municipal;31;MG;316680;Serra do Salitre;13.358.913,27;13.358.913,27;0,00;0,00;0,00;0,00;0,00;13.220.690,48;3.305.172,62;9.613.175,79;872.607,52;269.798,85;0,00;14.060.754,78;27.419.668,05;1,00;1.664,00
2025;Municipal;31;MG;316690;Serrania;6.458.044,20;6.116.628,61;341.415,59;0,00;0,00;341.415,59;0,00;4.750.629,31;1.187.657,33;558.883,28;384.007,23;217.688,77;216.502,33;2.564.738,94;9.022.783,14;1,00;735,00
2025;Municipal;31;MG;316695;Serranópolis de Minas;4.809.995,54;4.677.467,50;132.528,04;0,00;0,00;132.528,04;0,00;4.749.178,45;1.187.294,61;281.220,45;269.756,84;198.035,61;748.436,90;2.684.744,41;7.494.739,95;1,00;510,00
2025;Municipal;31;MG;316700;Serranos;2.054.248,64;2.050.657,69;3.590,95;0,00;0,00;3.590,95;0,00;4.402.829,56;1.100.707,39;246.039,39;128.273,59;56.018,77;75.898,27;1.606.937,41;3.661.186,05;1,00;275,00
2025;Municipal;31;MG;316710;Serro;8.940.776,64;8.720.460,55;220.316,09;0,00;0,00;220.316,09;0,00;9.461.094,01;2.365.273,50;1.766.353,65;530.859,12;357.117,43;4.660.980,42;9.680.584,12;18.621.360,76;1,00;941,00
2025;Municipal;31;MG;316720;Sete Lagoas;111.509.295,50;111.509.295,50;0,00;0,00;0,00;0,00;0,00;92.697.632,06;23.174.408,02;62.252.184,32;7.189.154,14;2.714.351,98;277.094,51;95.607.192,97;207.116.488,40;1,00;14.357,00
2025;Municipal;31;MG;316730;Silveirânia;2.123.082,89;2.003.186,53;119.896,36;0,00;0,00;119.896,36;0,00;4.131.350,76;1.032.837,69;166.922,72;101.111,00;197.529,77;225.068,94;1.723.470,12;3.846.553,01;1,00;253,00
2025;Municipal;31;MG;316740;Silvianópolis;4.912.697,83;4.638.199,54;274.498,29;0,00;124.914,27;149.584,02;0,00;4.745.664,35;1.186.416,09;525.315,47;270.899,93;297.818,57;522.409,19;2.802.859,25;7.715.557,08;1,00;536,00
2025;Municipal;31;MG;316750;Simão Pereira;3.538.868,55;3.526.302,68;12.565,87;0,00;0,00;12.565,87;0,00;4.679.109,66;1.169.777,42;1.186.568,72;200.601,97;115.292,95;66.196,77;2.738.437,83;6.277.306,38;1,00;380,00
2025;Municipal;31;MG;316760;Simonésia;28.603.037,46;20.434.540,41;8.168.497,05;0,00;7.194.800,46;973.696,59;0,00;9.506.506,34;2.376.626,59;667.763,30;1.077.262,87;854.646,54;2.372.680,50;7.348.979,80;35.952.017,26;1,00;2.481,00
2025;Municipal;31;MG;316770;Sobrália;4.593.016,12;4.593.016,12;0,00;0,00;0,00;0,00;0,00;3.542.857,27;885.714,32;270.368,34;246.400,70;101.949,19;476.723,91;1.981.156,46;6.574.172,58;1,00;551,00
2025;Municipal;31;MG;316780;Soledade de Minas;3.759.582,84;3.759.582,84;0,00;0,00;0,00;0,00;0,00;4.278.610,74;1.069.652,69;687.577,62;251.634,39;201.561,20;0,00;2.210.425,89;5.970.008,73;1,00;472,00
2025;Municipal;31;MG;316790;Tabuleiro;2.949.384,75;2.949.384,75;0,00;0,00;0,00;0,00;0,00;4.211.447,48;1.052.861,87;306.678,14;186.463,09;506.361,07;146.390,82;2.198.754,99;5.148.139,74;1,00;376,00
2025;Municipal;31;MG;316800;Taiobeiras;39.704.192,66;32.059.429,26;7.644.763,40;0,00;7.644.763,40;0,00;0,00;14.004.013,56;3.501.003,39;3.086.644,72;1.820.797,60;1.211.739,63;1.099.520,86;10.719.706,20;50.423.898,86;1,00;3.599,00
2025;Municipal;31;MG;316805;Taparuba;2.887.120,76;2.809.909,80;77.210,96;0,00;0,00;77.210,96;0,00;4.382.999,73;1.095.749,93;377.679,72;175.462,83;114.827,59;481.477,13;2.245.197,21;5.132.317,97;1,00;377,00
2025;Municipal;31;MG;316810;Tapira;7.270.013,42;7.256.697,38;13.316,04;0,00;0,00;13.316,04;0,00;9.341.286,60;2.335.321,65;2.679.919,95;469.050,82;180.837,24;226.888,20;5.892.017,86;13.162.031,28;1,00;917,00
2025;Municipal;31;MG;316820;Tapiraí;1.806.967,06;1.806.967,06;0,00;0,00;0,00;0,00;0,00;4.478.282,56;1.119.570,64;174.518,74;117.329,31;45.306,83;242.650,83;1.699.376,35;3.506.343,41;1,00;231,00
2025;Municipal;31;MG;316830;Taquaraçu de Minas;6.241.995,21;6.241.995,21;0,00;0,00;0,00;0,00;0,00;4.541.333,88;1.135.333,47;787.090,65;362.287,08;228.784,17;236.938,42;2.750.433,79;8.992.429,00;1,00;691,00
2025;Municipal;31;MG;316840;Tarumirim;5.173.556,33;5.173.556,33;0,00;0,00;0,00;0,00;0,00;7.566.052,42;1.891.513,11;943.766,17;309.329,47;171.869,07;1.521.944,42;4.838.422,23;10.011.978,56;1,00;612,00
2025;Municipal;31;MG;316850;Teixeiras;8.266.903,30;7.829.458,66;437.444,64;0,00;0,00;437.444,64;0,00;6.223.931,90;1.555.982,98;701.866,72;492.047,51;316.809,38;747.478,13;3.814.184,72;12.081.088,02;1,00;967,00
2025;Municipal;31;MG;316860;Teófilo Otoni;101.783.609,10;92.676.880,84;9.106.728,28;0,00;8.768.858,01;337.870,27;0,00;39.575.600,73;9.893.900,18;17.345.863,54;4.836.657,55;2.780.735,77;13.552.437,96;48.409.595,00;150.193.204,10;1,00;9.246,00
2025;Municipal;31;MG;316870;Timóteo;55.235.932,83;55.235.932,83;0,00;0,00;0,00;0,00;0,00;41.546.042,14;10.386.510,54;21.913.601,48;2.871.309,12;1.705.005,79;28.695,00;36.905.121,92;92.141.054,75;1,00;5.284,00
2025;Municipal;31;MG;316880;Tiradentes;6.038.280,33;5.859.214,61;179.065,72;0,00;0,00;179.065,72;0,00;5.012.396,31;1.253.099,08;2.306.117,66;369.794,75;187.808,10;64.326,00;4.181.145,58;10.219.425,91;1,00;752,00
2025;Municipal;31;MG;316890;Tiros;6.462.516,10;6.273.748,45;188.767,65;0,00;0,00;188.767,65;0,00;7.314.404,07;1.828.601,02;1.219.852,12;371.727,04;221.287,21;443.499,53;4.084.966,92;10.547.483,02;1,00;733,00
2025;Municipal;31;MG;316900;Tocantins;12.157.677,67;11.600.498,23;557.179,44;0,00;557.179,44;0,00;0,00;8.070.714,29;2.017.678,57;1.927.107,08;703.516,23;376.040,39;774.188,33;5.798.530,61;17.956.208,28;1,00;1.377,00
2025;Municipal;31;MG;316905;Tocos do Moji;3.857.966,41;3.840.874,45;17.091,96;0,00;0,00;17.091,96;0,00;4.651.970,55;1.162.992,64;247.551,96;221.101,92;181.611,72;301.448,41;2.114.706,65;5.972.673,06;1,00;423,00
2025;Municipal;31;MG;316910;Toledo;10.015.086,38;8.610.787,81;1.404.298,57;0,00;1.404.298,57;0,00;0,00;4.536.631,34;1.134.157,84;555.208,12;477.133,62;1.091.821,41;547.871,85;3.806.192,83;13.821.279,21;1,00;1.020,00
2025;Municipal;31;MG;316920;Tombos;6.559.925,13;6.201.483,39;358.441,74;0,00;0,00;358.441,74;0,00;4.589.593,89;1.147.398,47;820.686,71;389.547,83;510.497,88;151.848,96;3.019.979,86;9.579.904,99;1,00;707,00
2025;Municipal;31;MG;316930;Três Corações;51.476.853,80;51.338.155,32;138.698,48;0,00;0,00;138.698,48;0,00;29.441.927,53;7.360.481,88;13.988.659,47;3.032.695,52;1.373.646,80;551.496,81;26.306.980,48;77.783.834,28;1,00;5.657,00
2025;Municipal;31;MG;316935;Três Marias;32.186.102,62;32.186.102,62;0,00;0,00;0,00;0,00;0,00;21.357.002,48;5.339.250,62;7.818.812,47;1.978.352,17;790.144,56;636.811,20;16.563.371,02;48.749.473,64;1,00;3.821,00
2025;Municipal;31;MG;316940;Três Pontas;44.768.047,32;43.514.075,16;1.253.972,16;0,00;1.174.259,25;79.712,91;0,00;23.459.121,94;5.864.780,49;9.774.571,88;2.590.734,48;881.815,59;878.246,43;19.990.148,87;64.758.196,19;1,00;5.074,00
2025;Municipal;31;MG;316950;Tumiritinga;6.207.603,16;5.914.761,20;292.841,96;0,00;0,00;292.841,96;0,00;4.311.781,07;1.077.945,27;295.774,59;346.998,02;281.699,86;810.131,42;2.812.549,16;9.020.152,32;1,00;664,00
2025;Municipal;31;MG;316960;Tupaciguara;24.619.177,11;23.731.808,75;887.368,36;0,00;887.368,36;0,00;0,00;17.341.396,62;4.335.349,16;5.036.419,91;1.091.822,51;2.190.929,06;460.000,00;13.114.520,63;37.733.697,74;1,00;2.651,00
2025;Municipal;31;MG;316970;Turmalina;14.213.950,73;13.465.354,01;748.596,72;0,00;342.089,33;406.507,39;0,00;9.829.864,60;2.457.466,15;2.109.068,92;813.716,81;750.875,71;2.014.314,21;8.145.441,80;22.359.392,53;1,00;1.664,00
2025;Municipal;31;MG;316980;Turvolândia;5.749.137,57;5.593.583,24;155.554,33;0,00;155.554,33;0,00;0,00;4.753.741,20;1.188.435,30;454.346,68;326.473,50;232.054,62;351.981,95;2.553.292,05;8.302.429,62;1,00;671,00
2025;Municipal;31;MG;316990;Ubá;76.775.025,97;76.775.025,97;0,00;0,00;0,00;0,00;0,00;34.786.123,61;8.696.530,90;20.553.449,63;4.399.511,44;2.318.622,02;0,00;35.968.113,99;112.743.140,00;1,00;8.316,00
2025;Municipal;31;MG;317000;Ubaí;9.938.105,27;8.788.636,65;1.149.468,62;0,00;1.130.865,49;18.603,13;0,00;5.602.574,41;1.400.643,60;564.623,74;417.608,58;136.648,00;208.541,31;2.728.065,24;12.666.170,51;1,00;1.026,00
2025;Municipal;31;MG;317005;Ubaporanga;8.676.086,16;8.476.528,98;199.557,18;0,00;0,00;199.557,18;0,00;6.222.578,59;1.555.644,65;882.796,24;528.036,39;729.824,58;1.435.538,84;5.131.840,70;13.807.926,86;1,00;1.066,00
2025;Municipal;31;MG;317010;Uberaba;258.979.199,60;258.140.628,10;838.571,51;0,00;0,00;838.571,51;0,00;148.283.750,60;37.070.937,64;96.195.531,74;14.694.154,50;9.570.326,94;0,00;157.530.950,80;416.510.150,40;1,00;28.396,00
2025;Municipal;31;MG;317020;Uberlândia;579.257.142,80;579.257.142,80;0,00;0,00;0,00;0,00;0,00;247.046.189,50;61.761.547,37;256.092.271,60;31.399.093,03;12.435.592,60;677.350,54;362.365.855,20;941.622.998,00;1,00;60.179,00
2025;Municipal;31;MG;317030;Umburatiba;2.492.667,62;2.492.667,62;0,00;0,00;0,00;0,00;0,00;4.325.789,53;1.081.447,38;329.119,93;165.528,35;44.818,24;272.263,35;1.893.177,25;4.385.844,87;1,00;278,00
2025;Municipal;31;MG;317040;Unaí;60.411.895,97;57.552.117,50;2.859.778,47;0,00;0,00;2.859.778,47;0,00;48.920.941,80;12.230.235,45;18.567.342,37;3.616.719,22;1.382.672,62;3.401.916,11;39.198.885,77;99.610.781,74;1,00;6.930,00
2025;Municipal;31;MG;317043;União de Minas;2.589.372,12;2.444.376,40;144.995,72;0,00;0,00;144.995,72;0,00;6.153.996,51;1.538.499,13;685.236,93;185.235,79;82.648,18;291.359,18;2.782.979,21;5.372.351,33;1,00;317,00
2025;Municipal;31;MG;317047;Uruana de Minas;6.273.304,78;6.273.304,78;0,00;0,00;0,00;0,00;0,00;4.815.547,97;1.203.886,99;282.821,26;320.375,48;291.649,47;260.507,49;2.359.240,69;8.632.545,47;1,00;593,00
2025;Municipal;31;MG;317050;Urucânia;7.657.646,39;7.641.518,14;16.128,25;0,00;0,00;16.128,25;0,00;7.494.351,10;1.873.587,78;459.911,51;458.695,59;189.756,08;444.428,82;3.426.379,77;11.084.026,16;1,00;988,00
2025;Municipal;31;MG;317052;Urucuia;18.827.905,65;16.895.610,67;1.932.294,98;0,00;1.673.694,13;258.600,85;0,00;8.605.682,47;2.151.420,62;793.122,20;795.838,51;502.938,96;614.688,36;4.858.008,64;23.685.914,29;1,00;1.587,00
2025;Municipal;31;MG;317057;Vargem Alegre;4.217.407,68;4.096.342,76;121.064,92;0,00;0,00;121.064,92;0,00;4.182.716,35;1.045.679,09;343.679,53;281.490,08;146.033,90;147.867,20;1.964.749,80;6.182.157,48;1,00;525,00
2025;Municipal;31;MG;317060;Vargem Bonita;2.046.187,41;2.046.187,41;0,00;0,00;0,00;0,00;0,00;4.533.055,96;1.133.263,99;387.508,27;126.432,63;84.821,04;225.835,10;1.957.861,03;4.004.048,44;1,00;215,00
2025;Municipal;31;MG;317065;Vargem Grande do Rio Pardo;4.890.275,59;4.678.957,83;211.317,76;0,00;68.100,46;143.217,30;0,00;4.330.948,88;1.082.737,22;180.142,43;281.707,51;337.943,96;800.105,46;2.682.636,58;7.572.912,17;1,00;582,00
2025;Municipal;31;MG;317070;Varginha;96.267.903,91;96.267.903,91;0,00;0,00;0,00;0,00;0,00;77.839.384,78;19.459.846,20;56.159.606,52;5.795.722,17;3.018.866,54;594.206,21;85.028.247,64;181.296.151,50;1,00;12.364,00
2025;Municipal;31;MG;317075;Varjão de Minas;10.969.019,05;9.308.880,23;1.660.138,82;0,00;1.637.862,49;22.276,33;0,00;6.288.561,14;1.572.140,29;782.122,16;546.172,59;181.125,38;301.937,62;3.383.498,04;14.352.517,09;1,00;980,00
2025;Municipal;31;MG;317080;Várzea da Palma;25.973.698,67;25.973.698,67;0,00;0,00;0,00;0,00;0,00;16.980.687,87;4.245.171,97;3.472.166,64;1.571.916,28;815.624,98;1.188.419,20;11.293.299,06;37.266.997,73;1,00;3.196,00
2025;Municipal;31;MG;317090;Varzelândia;21.644.336,99;16.800.424,77;4.843.912,22;0,00;4.485.696,67;358.215,55;0,00;8.907.369,67;2.226.842,42;572.135,24;894.327,89;643.768,84;1.764.747,09;6.101.821,48;27.746.158,47;1,00;1.741,00
2025;Municipal;31;MG;317100;Vazante;14.086.890,76;14.086.890,76;0,00;0,00;0,00;0,00;0,00;13.718.102,22;3.429.525,56;3.744.554,53;883.201,40;435.044,69;719.307,04;9.211.633,21;23.298.523,97;1,00;1.599,00
2025;Municipal;31;MG;317103;Verdelândia;8.130.126,22;7.285.551,24;844.574,98;0,00;650.589,24;193.985,74;0,00;5.003.643,16;1.250.910,79;478.562,71;609.871,13;171.163,52;2.147.934,62;4.658.442,77;12.788.568,99;1,00;778,00
2025;Municipal;31;MG;317107;Veredinha;5.231.830,77;5.231.830,77;0,00;0,00;0,00;0,00;0,00;4.553.168,01;1.138.292,00;407.763,95;316.819,65;732.887,01;496.628,32;3.092.390,93;8.324.221,70;1,00;562,00
2025;Municipal;31;MG;317110;Veríssimo;2.597.071,74;2.597.071,74;0,00;0,00;0,00;0,00;0,00;5.259.086,55;1.314.771,64;772.517,43;138.926,89;40.478,93;379.288,89;2.645.983,78;5.243.055,52;1,00;276,00
2025;Municipal;31;MG;317115;Vermelho Novo;4.910.104,74;4.622.388,27;287.716,47;0,00;170.383,80;117.332,67;0,00;4.301.548,63;1.075.387,16;258.558,21;257.224,00;275.093,41;0,00;1.866.262,77;6.776.367,51;1,00;520,00
2025;Municipal;31;MG;317120;Vespasiano;130.730.657,80;130.730.657,80;0,00;0,00;0,00;0,00;1.528.230,43;36.380.165,71;9.095.041,43;26.744.422,14;8.307.027,49;3.500.221,76;0,00;47.646.712,82;178.377.370,60;1,00;16.455,00
2025;Municipal;31;MG;317130;Viçosa;54.594.613,46;54.594.613,46;0,00;0,00;0,00;0,00;0,00;26.149.796,55;6.537.449,14;15.212.422,06;2.520.797,24;1.400.477,97;570.882,83;26.242.029,23;80.836.642,69;1,00;4.736,00
2025;Municipal;31;MG;317140;Vieiras;4.454.457,70;4.323.129,08;131.328,62;0,00;0,00;131.328,62;0,00;4.644.128,27;1.161.032,07;210.828,22;372.065,99;111.226,32;196.923,54;2.052.076,13;6.506.533,83;1,00;552,00
2025;Municipal;31;MG;317150;Mathias Lobato;7.698.960,72;5.719.683,18;1.979.277,54;0,00;1.970.218,53;9.059,01;0,00;4.105.412,82;1.026.353,21;317.075,27;313.263,65;172.048,26;289.727,76;2.118.468,15;9.817.428,87;1,00;564,00
2025;Municipal;31;MG;317160;Virgem da Lapa;15.579.299,49;10.923.753,26;4.655.546,23;0,00;4.655.546,23;0,00;0,00;6.883.444,30;1.720.861,08;706.919,02;660.489,07;209.156,72;2.271.334,51;5.568.760,39;21.148.059,88;1,00;1.326,00
2025;Municipal;31;MG;317170;Virgínia;6.732.391,21;6.381.059,56;351.331,65;0,00;0,00;351.331,65;0,00;4.759.024,36;1.189.756,09;1.552.369,40;373.999,28;192.695,26;475.728,18;3.784.548,21;10.516.939,42;1,00;754,00
2025;Municipal;31;MG;317180;Virginópolis;12.900.110,13;11.525.269,20;1.374.840,93;0,00;1.094.455,49;280.385,44;0,00;6.039.964,92;1.509.991,23;399.179,33;488.866,82;360.796,26;934.080,74;3.692.914,38;16.593.024,51;1,00;947,00
2025;Municipal;31;MG;317190;Virgolândia;2.696.528,20;2.696.528,20;0,00;0,00;0,00;0,00;0,00;4.109.616,99;1.027.404,25;211.230,28;183.692,88;79.645,74;648.258,50;2.150.231,65;4.846.759,85;1,00;340,00
2025;Municipal;31;MG;317200;Visconde do Rio Branco;28.237.908,45;28.237.908,45;0,00;0,00;0,00;0,00;0,00;16.654.682,72;4.163.670,68;4.817.988,75;2.040.504,17;1.021.115,61;1.099.644,83;13.142.924,04;41.380.832,49;1,00;3.529,00
2025;Municipal;31;MG;317210;Volta Grande;5.317.797,23;5.317.797,23;0,00;0,00;0,00;0,00;0,00;5.070.318,57;1.267.579,64;435.790,59;364.282,30;172.412,18;51.093,82;2.291.158,54;7.608.955,77;1,00;662,00
2025;Municipal;31;MG;317220;Wenceslau Braz;1.851.636,72;1.851.636,72;0,00;0,00;0,00;0,00;0,00;4.034.489,76;1.008.622,44;223.449,25;113.819,13;331.979,36;222.343,19;1.900.213,37;3.751.850,09;1,00;226,00
